     7    -20     14     14    -13    -23    -15    -20    -17      1     33     48      7    -21     -1    -17 
   -28     -8     22     -2      0     -5     -8    -43     -8     -2     -3     -5     -3      5      2    -29 
    -5     -2      5     -5    -11     -2     38     -7    -57    -51     -4    -26      3     23    -28    -23 
    21     -1    -13     22      7     10     10     37      9      8      4     14    -13    -65      7    -18 
   -40    -29     -1     17    -13    -19     16    -56     11     -7    -21      8    -21      5     12    -47 
    14      4    -51    -42     20     26     10     32     49     35     -8    -26    -49     29     -2    -18 
    35     60     31     -4    -12     -1    -21    -84    -16    -18    -38     10     18     41      8      2 
     2     -5      4     13     11     -6    -68    -47     11      7     -6     17      7    -10      4    -13 
   -28    -12     23      0    -21    -32    -21     11    -55     10     -1    -55      0      6    -36      8 
    12     -5     41     26    -48    -33     14    -26     11      1    -60    -39     31    -36    -24     37 
   -25     -3     23    -12    -12      1     -1    -15    -58    -67    -50    -16    -13    -31      2     35 
    -5     21     12    -14      3    -56     22      5    -27     10    -19    -43    -18     19    -18     17 
    28     -4    -35     -2    -23     -1      5    -68    -18      7      1      9    -54     -2     -7    -15 
     8     31    -15     16    -18    -19     46    -15    -19    -20    -11    -27      8    -15      0     15 
    25     34     48    -16      5      0    -29     12     21     -9      1    -49    -19     15     21     25 
     8     38     26     -3     26     -6     -4    -10    -17    -29     -2    -17      1     52     16    -29 
     6    -11     -1      3    -11    -14    -58    -40      0      3     -5     13     22     12    -24      2 
    11      3     23     -6     48      5    -16    -23    -87    -58     12      4    -19     23     50     35 
    29     -8      5    -27    -63     49      5    -68     12    -36     41    -20    -49   -114    -76    -95 
  -105    -77     36     12     -3     24      3     25    -17    -35    -12     13     -6      7      1     25 
    14      6    -12     -5    -44    -32    -12    -11     -2     -3      3     19      3    -20     32     -2 
   -25     -7    -17    -25      5    -22     37     -9     26     20     26     11    -30    -13    -14     -4 
   -23    -15     16    -10     -2     10      0      6     26     -1     -8    -27     -9     55    -23    -38 
    -6     -8    -46     -8    -16    -33    -24    -23     -3     20    -20    -10      2    -42    -27    -20 
   -29    -39    -30     34    -18     45     -6    -42    -21    -38    -35     -2     10    -23      0     -7 
    15     -1     45     -6     -7     -5    -61     -3    -13    -13     -9     -3     26     -4     20     16 
    20     12      3    -14      7     -7      3     -6     18      6     12     10      4     19    -24     -5 
    -9     15     -1    -19     33     14    -23    -35    -45    -37     42     74      0    -29     26    -24 
   -35    -10    -15     -6    -38     15     26     -7      1     -4     11    -19     -1    -51     15    -14 
   -18     40     53     26    -23     -8    -15    -16    -20      6      8      0      5    -19    -22    -25 
   -12     -5    -15      5      0     24    -14    -39     -1    -13    -20     18     25     19     35    -28 
     9     -5    -25    -34    -16     -1     -6      3     -6     -1     -3    -14     13     29    -10     -4 
     0     15     39     34    -52     -2    -18      6    -21    -17     -6     23     -2    -45    -62    -14 
   -75    -66    -19     31     98    107    -31    -31      7    -53   -108    -60    -26      3    -10    -23 
   -57    -29    -37    -37    -20     30      7     -3    -20     14      9     10    -11      7    -12     -3 
    10      6    -65    -35     11    -10    -20    -26    -17    -26     -2     37     15    -14    -17    -10 
   -15     -1    -31      4     15     -3    -22     21     31     32     -2     21     24    -26     33    -17 
   -11     10      4     29     40      4     -5      4     -1     -4    -13     -8     14     15     10      0 
   -14      8     13    -13     35      2    -69    -47    -36    -77    -25      8     24    -15     38    -22 
   -21    -29    -40     -7     16     24     26     17     41     15     27      0    -14     33     -8      1 
   102     80     47    107     71      8     48     37     13     12     -6     14     -8     -2     -6      4 
    -4    -36     18    -34     11     15    -24      4     17      1     -9     -3    -15      6     -8    -24 
    13     15    -19     24    -35    -26    -29    -40     14    -41     -5      0    -16     58     -9     19 
    65     -5    -22    -38    -35      3     55    -48      3     37      9     -8     -5     24     -5      7 
   -14    -35     20    -32    -42      5    -12    -28    -15      4      2     -1     41    -11      5     -6 
   -38     30    -23     -2     10     15    -37     10     15    -15    -39    -31    -12     -7      9    -23 
   -12    -20     -4     26    -18    -23     -6      4    -57    -18     -2    -10     31     29     -2      7 
    18    -56    -37    -62      1      9    -16    -19      9     36      8     -2     42     11     15    -25 
     4    -13     21    -17     -2      6    -13   -104    -51    -51    -83    -27    -26    -60     18      8 
    17      6    -15     30    -20    -12      0     21    -30    -90    -40    -16    -19     -5     -4     -9 
   -22     -5     18      6      6     18     30     -5     -7     28    -13      7     11     11     11      5 
   -11      6    -11     19     19    -35      1     15    -18    -10     19      1     -2     22     46    -26 
    -6     14      8     14     42      8     21    -20    -17     16     30      7     28     13      3    -18 
     2    -16     -2     27    -31      5     -7     -8    -37    -34    -11     31     16     49     75     31 
   -25    -19    -31    -14     -3     32      0    -13      7     -4     -4     -8    -25    -24    -33    -12 
    13      3    -15     30     52     -2     -3      7      1     14     28     -1    -65    -32    -10    -42 
     2    -14    -22     -7    -15    -11    -22    -25    -13     -1    -38    -12     11      3     13    -16 
    -8     22      5     -5      2    -21     -7     40     -4      7     17     26      6     -2    -11     14 
     5    -13     -5     -8     13     21      1     28     11    -34      6      5    -40    -10    -24    -46 
    16    -31    -50    -41    -20     11     17     -6     40      5    -20      3     28      1    -17      6 
    -1     -2     29      2     47     17    -10     -5     14    -37    -24      2     47     94     62     45 
    34    -30     -8    -72      3      2     28     39      4     25      6     27     56     35      0     37 
   -18     15     33     15     11     35      3     -3     15    -58     10     10    -28    -22     -7    -11 
    13     19      2     11      4     13     20     19      8      9     14     -6     -1      8    -16      4 
    41     45    -22    -32     17      4    -10     -2    -14     -6    -15    -24     -5      8     35    -14 
    -6     19     -5     -8    -12    -37    -24    -16    -54    -64    -22    -21    -39    -17   -135    -57 
     5    -40     16     -2    -52     26    -67    -35    -17     -7     -7      9     -7    -18    -13      7 
    12     10    -13    -18    -16      1     -2    -11      1    -51     -5     15    -32    -11     23     35 
    50    -24    -70     -7    -18    -63     -9     14    -37      1    -15     22      4    -47    -30     20 
   -41     25     28    -13    -33     12    -39    -60    -40    -27     28     22    -18      9      8    -13 
   -51    -29      5     -5     22     -7      4     35    -19     20     44     53     -2     -9     -4    -50 
    21    -13    -41    -45    -29    -15     29     -9      8    -27     -2    -16      4    -13     -8     16 
   -11     -7     33     27    -32    -11     -1     87      4    -27    -13      1     50     -2     13     -6 
   -31     25      3    -16     24     -4     20     49     10    -11     -6    -32    -28    -16      6     21 
   -10      9    -22    -13    -31    -48     62    -88   -163    -69    -27    -46     53     24     23     65 
   -70    -85     -7    -40    -40     16     -1     10     21     21     -7     29    -12    -30     13      9 
    14    -17     62    105     16    -19     46    -15     41     -9     -2     25     15     -2     -4     76 
    14    -23      7     12     51      3     32     -4    -56    -17     -1    -35    -11     26    -13     -8 
    -7    -14     10     14     14      4    -38    -40    -55    -26     14    -11     -5     -7    -31    -25 
    34     -4     -9    -13    -34    -12     68     29      8     62     42    -10   -171    -95    -53   -189 
   -89     13    -28     13    119    174     64     16     38    -32     -3    -21     -9    -47    -22     11 
   -34   -187    -86    -49   -159      7     56     85    -16     15    -18     39      5    -53     -2    -29 
   -35     -2    -39     -6     15    -85    -43      0      3      4     15    -46   -110    -80     33    160 
    29     65    166      8     21     -7     13     52      6    -12    -11     18      8    -17      8    -24 
    14     41      4     -6    -32     -2     61    167     15    -14     14    -21   -113   -207    -35      8 
    14     -2     14     11    -21    -17     -4     10    -34    -50      3    -46    -59      2     35      7 
    11     19     14     14    -55      0      9     29     27     -4    -32     -4    -11     22     33      6 
    -2     -7     -5      0      9      5     50     11    -18    -24    -86      0    -20      5     10     -3 
     0     -6      8      0     15      4    -52      5     12     -5    -20     26     57     27    -33     72 
     7     -2     44     -9     -3    -31    -23      2      3    -50     15     23    -23     13    -43      4 
   -31    -19     -2    -25     25     38     55      5      3     10    -34      6    -54    -18     -4      1 
    78      0     43    -14      1      9     27     16    -43    -21     17    -28    -48    -18    -27    -32 
   -34     25    -26    -49     25     23    -21     -4    -34    -58    -14    -61    -59    -10     44     -9 
   -17      7    -14     -4     -7     12     30     28     15    -23    -10     -1    -43    -10    -26     -8 
   -10      1     -4      3    -17     20      6    -50    -29     37     16    -64    -92    -26     52     65 
    15    -20    -39    -43    -14    -12    -32    -14     16      6     -4    -10      3     27    -46    -10 
    11     37    -11     14     10     11     -5    -54    -25     -2    -33    -59    -50     -1    -30     19 
   -18     -6      3     12    -31     25    222     46     40    104     21    -82   -217    -10     11    -19 
   -13     -6     44     33    -30    -12     11      6    -19    -18    -11     16     18      2     15     20 
   -21    -13     11    -13    -37     -4     47     94     46     25     -4    -13     12     17     -5     12 
    12     30    -19    -16    -12      2     17     -8     -5    -64    -23    -29     -3    -13     26      7 
   -11    -17    -10     -2    -41     -7    -10     26     41      7    -34      7     -4     34    161     30 
   -13   -134     -3     34   -251    -47    -17     -9      9     48     45     23     -1     30     10      2 
   -15     14     14    -16     10      4     28     -7     34     18      5     -6      1    -16     -4     -9 
   -14    -13     64      9    -22     -6    -36     36     34     24     14     -6    -20    -29     38    -17 
   -67     18     16    -41      0    -66    -77    -63    -25     31    -30    -15    -22     38     10      6 
   -19    -21     19      1     -1    -12     -3     -4     -8     14    -13     41      4    -27     18     61 
    12      1    -26     -7     25      5    -32      6     39     17     -8     -1     23     -6     -3    -10 
    27     -1    -24     12     27    -22     40     35     10      9      1     20     20     -3     -9     15 
   -38     -7     -8    -36    -18      7    -31      5     -3    -31     -1     -5    -21    -29    -21    -68 
   -55    -10    -16    -21    -14     20     -7     58     84     65     27     55     34    -26    -21    -11 
    -3     -2     -8      2     -5     -6      5    -17     20     25    -48    -13     13     -4     16    -11 
    -8    -12      2    -33    -26     -9    -18    -18    -14     -2      9      1     30      4     16     21 
    12     53     50     23     35     13     16     33     19     28      4     -5      6      9     11      9 
    -6     -5      6    -13      4     18      1     12     -5     33      9     -5      4    -40    -11     16 
     5     17     -1      9     18     27    -10      0     -7    -40    -16     32    -53    -48    -11     50 
   -18     31    119     79     -8     64     24    -21    -16    -34     -6     19    -11      0     40     -7 
    10     -1     -3    -15     -4     -7     17     25     -3    -53    -36    -47     -7    -21    -27    -21 
    14    -16     -7    -16    -24     -7     10     10     26     44      5     -6    -34    -40    -12    -25 
   -14    -33     -8     24     12      7      1     -5    -18    -31     29     16     -9    -18     21     32 
   -23     26     54    -28      2     34     11    -38     11    -42    -83      0    -27    -46    -16    -23 
    12     17    -16     36     18    -29     17      2    -24     -2    -15    -13     13     -9     -9     -2 
     1      8     12    -19     -4     50      2    -15     26     -7      2     -9     11     -7    -17     12 
   -29      1    -31      7     -5    -10    -38    -58    -19    -54    -78    -27      3     21    -20      0 
    36     -5    -16      8      4    -41    -21     -6     -5     12    -14      8     41      4     35      7 
    -4     18      7    -20     -8    -25    -23     -1      6     11     10     -6    -19     10     12     12 
    13      9     41     -1     -1     24     13      3      7    -15     32    -17      1     46     -3     14 
    25     10    -14     16     43    -30     -8     20     -7     -2     26      9     -4     -4      0     53 
    25     -6     63     23      6    -19     -2     22     10     20    -22    -18    -10    -11    -10    -15 
    33     26     12      3     -2     -2    -12      2    -12    -18      3     16     20     17     12    -16 
    55     26      8     40     16    -12    -38    -18    -35    -12    -23      8    -23    -19      3     16 
   -21     10    -16      9      5    -34      1      4     -6      8     27     27     18     10     24      2 
   -12    -18    -17    -28    -18     16    -12     -2     14      6    -16      3    -16     27     37      1 
    -8     24      4    -17    -19     14    -82      6     22    -68      0    -18   -122    -21     15     16 
     4    -41    -53      0      4    -16     10     -6      1     -1    -19      6    -12      8     -5      2 
   -93     -2    -76    -47     74    -14    -99     -6    -87     -8      9     22      0     40     10      0 
    16     10     34    -35     10      6   -114     12    -30    -48    -19     -2     19     -9     16     35 
    26    -16      1     -2    -28    -12    -22    -10     -3     -1     -5      6      9    -17    -31      5 
    21    -12      2      0      3    -23     23     46      6      2     10     13     14     13     30     21 
    31     23    -14      0     -7     -7    -28    -10      0    -30      7      1    -21     -2     11     78 
    36     33     17     38     -2    -17     18      3    -70    -15     21     -1     23     18     10     23 
   -24    -12      4      7    -20     27    -16    -45     -5    -18     11     24     18    -55     -1      9 
    -5     16     17     26     21    -10    -25    -10      2    -22     -1    -17    -26     22     28     28 
   -15     22     20    -31      4     10     -7      9     -3     10     -3     36     12    -17      4     -2 
   -85    136     78    -66    -93    164    -13   -136    129     29     87      7      1    139    -23    -59 
   146    130     45    -32     47    -13    -77     21      5    -59      4      5    -32     27     10     -2 
   -26     23      3    -31     73    -58     88     94     -7    -70     13     77     12    -37     14    -69 
    71    -22    -78     14    -48    -16   -117    145     14    -67    104    -29     19     60     13    -36 
   -36    -51     12     42     15    -47    -36    -69     15    -60    -50     -7   -100     -4   -143   -165 
    47    -74   -104     55    -36     -8     12     24     10    -73    -26    -57    -38     77    -14    -43 
     8     16    -99     97     78    -25     61      9     -9    -25    -35     -4    -56     -7     72     24 
   -51     24     23    -75     23    -45    -88      4     56     78     26    -14     96      7    -96   -137 
    26    129   -118    -89     63    -58     13     47    -41     33    -16   -106      3      8    -40    -14 
    58     35    -21      2    -67    -39     66     -5    -22    -69    -70     15     14     16    -19    -82 
    49     -5    -11   -151     73    116   -172    -38    -83   -132     52     76    -59    -58      9     23 
    10     35     87    -38   -115    -67     66    -12    -66     71     22    -68     86    -52     87    -44 
    23     82     61    -36    -10    -29     67    -72    -30     69    -41    -44      1    -67    -28    -10 
    45    104     10     24     15    -23     28      5    159   -149    -50    121    114   -100   -125    155 
   -38    -70     22     75     16    -44     30     37    -17    105     55    -68    -60    119     25    -31 
     8    -42    -76    -75      4    117    -60    -78     78    -95    -69     70     18      9     30    -50 
    80     65     -2     33      1   -107   -101    -20     68    -59     18     62    -86     -1    -74      2 
   -40     65     58    -54      2     -6    -58    119     38    -73    -65    -17    -79     -8     60    -17 
   -42    179     78    -17     10     66     -2    151    193    -24    -22     37     33    -77     -2    -38 
   -41     -3    -16    -48      4    -19    -14     -8     30     29     27    107     72    -72      9     38 
   -23     59     65    -39    153     88    -65    112    -16   -175     68    -65   -226     17     67     79 
    17     93     67    -47     37    -42    115    -90     -3     80    -35     -9    -71     38     86     60 
    -4    -19    -23     42    -60    -25     53    -34     20    -76     50    -80    -83     -2     40    -42 
   -24     -4     43    -40    -34     14    -76     66     38    -97     34     16    -21    -32     18     -9 
   -52    -19     62     18    -77   -126    -85    -76    -65    -62     -6    -26    -49   -106   -150     48 
   -11      1     26    -29     89     21    -30    -29    -48      4    -30     39    124     19     -7     10 
    80     18    -50     32    -20    -63      5     20     30     31     24    -74    -24     51     43     58 
    27     34     62     63     -8     69     24     12     58    -71     69      6    -41     60     94     -5 
    -1     37    -11   -143     21     49    -78    -25     -2   -108     21      5    -47    -62     56     -6 
   -68     28     37   -122      1     18    -41   -113    -34     51    -50    -30     29     74     38     -8 
  -127    102    -25     25     68    -36    -55    -73    -29     -6    -73     60     16      6     47    -15 
    60     -6    -40     30     72      1      5      3    -49      9     -7   -150    -48    -26    -74     11 
   -40     70    117     34   -177     44    -10    -13    -41     59      4    -40    -62    -47      5      2 
    21    -56    -79     17    -36    -81     -9   -147     -2     21   -107     30      6     61    -27    -55 
    -9     23    -38     -6     35     42    -21    -86     18     60    -57    -81    -46   -125    -47    116 
    96     16    -80      1     16    -41     37     47     21   -107    -23     91    -45     46    148   -114 
   -69     59    -34     43     66    -55     -3     13    -75      2     38    -51     13    -10     59     20 
   -33     41    -52    -52    -22     79     68     82    -25     10     10    -11    -58    -16    -19    -54 
    13      0     28     48     45    -48    -12    -30   -112    -50    -31    -53     42    -82    -15     24 
    81    138     34     24     -1     11     -2    -37     54    -36     43     69     52     21      0    -10 
   -24      4   -102    -70     82      1    -16     -4     25    -13     13     -5    -24    -27    -13    -29 
   -38     -5     57     30     10     12     -1     87     75     82    -53    -55    -38     37     15     52 
    27     32     73     94     60    146      2    -34     71    -24    -13     -8      0    126     -5   -117 
   -84   -108    -54     27    -54     30    -34    -86      2    -31      1     61     57     22    -33    -72 
    20      7     -4     96     14    -85     10   -109   -124    -95    -41     -1    -12     36     40     26 
   -20    -74     -5    -38    -10     -3     39    -23     30     -3    -30    -19    -62    -96    -77     35 
    93     27    -12    -34     29     85    112     95    -34    -67    -53    -12     -3    -20    -47    -17 
     3     15    -42    -39    -36     48    -15    -55    -62    -60     22      2     10      6     12    -16 
    47    -35    -45      5    -36    -46     -4    -21    -47     95    -18    -20    -37    -22    -14     14 
   -36    -37    -36    -47     32     -4      9     15    -26   -139    -63     94     66    -11     -4     87 
   109    -15    -16     54      9    -84    -62     25    -45    -41    -23    -87    -28     63     94     79 
    23      4     31    -18     84     14    -12     24     12    -45     50    -42    -64     49    -24     17 
   -62     22    -19     -7    -35    -68    -43   -104     77     89    -22     62      4    -37    -36    -47 
   -26     21     61     21      4    -44    -20      0    -34    -45    -23    -48    -21     45     98     87 
    -2    -17    -81    -19    -21     71    -10    -13     54     10     98    -15    -73    -85   -123    -21 
   -35    -40    -45      7     -8     10    -14     33    -20     -3     76     66    -33     57     84    108 
    64     61    116     52    -82    -17     17     74    115    193    107    128    206    110    211     16 
   -41    -33   -148    -22     27   -108     38    -67    -24     83     91     64     10     11     27     57 
   -68     58    110     53     73     -8     50    -12     -1    -91    -21     46     26     24    -36     -1 
     5    -21    -12     20    -19     11     23     19     20     28     99     37     69      4     77     24 
   -18    -16    -29     49   -128     41     47     50    -29    -74    -67    -41    -18   -158     84      1 
    22    142     85     51    -15    -34    -62    -24      9    -82     13     81      4     54    -46    -79 
   -44     -8      0    -20     80     92     39    -33    -61    -67     40    -18    -11     34     27     -8 
    22    -30    -37     28    -58     39     -5    -89     36    -51     -1     27     21   -104    -31     38 
   -49    -21    -52    -68    -22    -18    132      0    -54    -58    -51    -54    -56    -33     10     -9 
    52     15    -13     45     -2     -9    -40     16    134     45     10     38     36    -48    -51      3 
   -53    -56    -38    -37     -7     69    -21    -43     50     26    -22    -76     19     64     16    -11 
    95     15      5     16      2    -14    -41    -15     85     39    101     16     95     45     24     73 
    56    155     80     75    -12     72     -6    -95    -46    -56    105    -67      6     79     15    -75 
   -86    -46    -57     35     36      3     -4     23    -74     35     22    -48     82     56     72     -4 
    45      6    -16    -23    -47   -131   -102    -38     -6     12     28     -1     47     44    -43     -9 
   118    -69    -28     46    -34    -12      4     -6    -36    -22      9    -21    -34     -1    -23    -16 
   -82      8     24    -33    -38    -64    -28      0    -16      9      2     -1    -58    -57     40    -27 
   -53     53    -25    -50      5     21     22     28     14     -3     -2     19    -24     -7    -14      4 
    -5     -7    -12     10     37     24     40     35     32    -39     13    -44    -29    -54    -71     -1 
   -16     34     38     29    -21    -14    -69    -37    -25    -82    -33     28    -41      7     57    -28 
    -9    -36     12     15    -32    -23     15     43     -2    -45     -3    -30    -19    -32    -24     13 
   -16     31     42     13    -21     13    -23    -15      4    -39     24     -1    -21      9     -8    -13 
   -16    -16    -24    -25     -9     29     -9    -21     33     15      7     23    -25    -12     43     18 
    31     21      0     43    -57     -5      6    -26      4     -3    -56    -17    -57    -92     20    -36 
     3     11     16     15     -4     -2    -16      0     16      3      8     29     19    -15      2    -16 
   -24    -12     30    -21    -25     32    -57     -9      3     36      0     -8    -29    -30    -67    -20 
   -18    -11     44    -27     -5     70     22     40     12    -25     27     26     21    -19     18    -25 
   -26    -10    -22     21    -20    -30    -14    -19    -67    -53     25      4      9    -58    -13    -32 
   -48    -50    -54      7     13      1     50     30     -6      4    -24    -92     -7     -3    -70    -17 
    24    -77    -44    -21    -83    -36     -7   -104     59     62    -12     10     -6    -26     18     -9 
   -21     -3    -20     52      9    -56     60      2    -60     42     14     15    -12     27     25    -44 
    13      7    -33     -4     11     -1    -26    -33      9    -10    -47      5     -6    -13      3    -26 
   -74      8      9      8     20     -2    -22    -20    -32      0    -34     -2      4    -18    -29    -19 
   -36     -8      4    -37     12     23    -31     -8    -22    -46    -41    -23    -50    -17    -22    -19 
   -10      4     19    -38    -63      8     -9      3     35    -21      7     72    -22     -8     41     21 
    14     46      6      3      5    -28    -14      8      2     -2     41      7     28      0    -23     -4 
    -1    -41     17      1     27      2     24     11    -27    -15     15     -5     27    -15    -14    -29 
     8     14     59      2      8     38      0      1     -6      5     14     -7    -15      0     47    -13 
   -69    -20     -9     52      1     -2     18     -5    -20     12     -6    -24     13     36      6    -32 
     1     12    -19     29     11     40     11     21     19     38    -13      4    -13    -22     12      1 
    16      7     32     -5    -21    -75     35     40    -14     27     23     61      0      0    -11     13 
    -5    -39    -10    -19     54      0    -11    -32     -4    -35    -19      6    -76     -3      7     40 
    21     -7     41     -8    -23    -15    -16     16     -8     -7     -8    -12     26    -26    -44     10 
    38     30    -28     22     13      3    -18    -11    -30    -31    -24    -24    -79   -102     42    -16 
   -19     25     20    -10      0     48     29      4      5      7    -11     16     -1    -28      3    -12 
   -30     -6     -3    -33      0     24      6     10     21     24      1    -16    -10    -19    -10     -4 
    -8    -44      0     -4    -38    -10     -5      4     43    -18    -60     -9    -13    -27     -2    -19 
   -23     -2    -23    -16     30     22     37     34    -22    -22      3    -29    -23      0    -51     44 
    36      2    -29      9    -20    -22     59     19     23     56    -39    -37    -25    -13     22     12 
    50     98      6    -62    -50    -35    -17    -12     74    -14    -30    -15    -11     17     -1    -22 
    -3     37     17     21     20     35     24     18     64     56    -22    -11     -4     -7    -38    -58 
   -44    -18    -36     20     -1     21    -10    -10     12    -38    -16    -19    -53     -4    -16    -30 
    25     -9    -77     15    -22      8     68     20    -42    -29    -30     27     67      9     62     67 
   -30     42     30     45     29     77     75     63      8     -9    -20    -21     19    -30      4     51 
   -13    -45    -37    -64     -8    -19    -51      1    -16    -20    -13     17     18    -17      9     39 
    26     56     19    -29    -19    -32    -10     37     -3     42     73     -1     11     20     37    -15 
    30    -47     -2      5    -60     -5    -17      2    -29    -52    -39    -27   -110    -92    -10    -73 
   -49     11     33      4     12      0     -6    -12     16     -9     -3     37     -7     -7     75     28 
   -37      7    -40    -47   -109    -70    -47   -135    -96    -36    -49    -71      2    -19    -18      1 
    14     -5     -1     57     21      3     16     30    -10    -55    -14     -8      2      5    -17    -23 
    -6     -2     28    -26    -11     22     -6      1     11    -16     10    -28     14      1      2    -29 
    35     16      3    -18      6      0     28     -3     15     33     57     21     19     40      3      7 
    13    -15    -10     27    -21    -32    -33    -41   -101   -103   -104      8    -19     26     -2     13 
   -25     55     36     35     25    -11      5      7    -39      4     31    -49     40     -3     13     -1 
   -20     -3     -7     -7    -13     52     -2     20    -67    -23     -5    -50    -10     -6    -34    -19 
    -8     -6    -31     -9     24    -28    -18      5     10    -10     -9    -20     33    -46    -48    -32 
     9     -7     37    -32     -3     -2    -25     -1      9    -39     29     75     29     32    117     38 
    18     75     21     10     11     29     17    -28     15     22     14     21     43      7      2     40 
   -28    -11     50     -2     16    -27     30     -4    -21     -2    -26      6      8     -8    -12    -42 
   -12     -6     30    -11    -21     12     -9    -12    -28    -16    -32    -60    -53    -19    -42    -71 
    43      3     -8     -3    -27     34     12     -9     26    -61   -213    -74    -73   -218    -87     -8 
   -87     -9     15     11     24      0     32     10    -19    -22     13    -17    -67    -52    -17    -55 
   -48     16    -40      2    -26    -36      1      8     -7     25      1    -30    -16     52     35    -17 
   -39    -21    -65     75     17      3    -84     -7    -43    -79    -66    -18    -39    -42    -45      1 
   -49    -13     20     27     10     -5    -14    -18     22    -10      2     -6     74    -32     18     52 
    -8    -26     -5      0     -4    -39    -20     -8    -62    -16     -3    -32    -24    -32   -107    -37 
    14    -46      3    -36      1      8    -20      9     -4     -2    -31     -2     -5    -25    -35      8 
   -19    -90    -29    -41    -66    -38     35     -1      5     46     21    -13     34     -6    -42    -37 
   -25    -51    -62    -42    -31     68    -43     -6    -42    -31      4      2    -47     52     15    -58 
    18     -1     17     12     45     31     -5     -8     -4      7     -2     33     19    -46     -4     53 
     1     24     27     78     15     15    166     19     11     33     -5     18     19     -3     12     58 
    28     -4     10     -8      9      9    -19    -18     57     21    -23    -30    -19     49     23     19 
    12    -19     -9     19    -29     42      9     59      5     16    -22     -7     -6    -16    -17     -1 
   -96    -34    -71   -278   -133    -33   -145   -107    -18     62     27      5    -33     -6    -14     -9 
     2    -78   -155    -47    -52   -192    -26      4   -112    -54     29    -42     64    -96   -213     -8 
    28    -70     54    -29    -34    -73     43     30    -28     25     48     11     -1   -129    -45    -15 
  -251    -65     39    -81    -11    -48    -76     24    -43    -42     53    -47    -69     49     60     -1 
   -44     28     -6    -89      8    -25    -37    -33     59    -26    -72     65    -41    -28     64    -15 
    82     72    -54    107     80    -45     39    108     30     88    -21      4    137    -90    -42     80 
   -58      1     45     42     57    -50    -45     58     46    -70    -31    -16    -14      8    -72     -9 
    14    -31    -58    -83    -17     10    -17    -22    -18     56     41    -14     21     -9     22    111 
   -43    -59      9     28     30     -1     82    -76     16     86    -42     28     32     36     38     30 
    -7      0     13     44     47      9      0    -33     -1     90     47    -61    118    158    -34    167 
    97    -51     87     28    -15     65    -21     71    -52    -36    -97    -28     73    -32    -57     55 
   -41    -43     15    -69    -54      2     14    -89      1     54    -56     -7    -13    -34     15      8 
    42    -85     21      4    -16    -44     52    -61     62     89      2     47     81     -9     15     52 
    49    -92      2     39    -23      4     56    -52    -54     32    -50    -85     -8     48   -176    -23 
   -13      0     19     44    -76    -18     57    -28     36    -80     83     67    -32    -34     23    -60 
   -61     34    -16    -22    -27   -170     48    183   -134   -176    109   -100     -1     -1     -8   -137 
    -2    -41    -82     55     34     26    -27     76    156    -32     48    147     10     46   -115     -8 
    88     19    -56     -3      9     11    -68    117     11   -149     23    -61   -109     18    -54     48 
    26    -28     43     95    -32    -41    125     83    -69     51     39    -22      9     17     18   -124 
    23      9     82     29      9     47      4    -55    -37    -14    -81     29     52    -89    -57     14 
    17    -77     43     38     46    -10     41     81     -2     52     78     41      8     22     40    -41 
    17     57    -72    -12      0    -81     78     27   -156      1     13    -53     51     16     21      3 
    -5     67     30     70     50    -28     32     -6    -23   -110      2     13     39    -23   -105    -90 
    66    125    -19      1     14    -44     82    163    -59     77   -177     83     99    -39     21    110 
   -20    -26      0    -26     24     55    -39    -27    -12    -24    -11    -34    -36    -91     -2    -34 
    40     -4    -44    -18     46     53    -10     -6     13    -32     14     -3    -15   -106    -44    -12 
     9     40      4    -40     52    -55    -70    -78     49     -3   -117    -11     85   -178    -28    -38 
   -96      6     15   -118    -49     29    -83    -10     -2    172    -22     -2    -75    117     43     -4 
    38    -68   -118      4    -15    -97    -29     68   -190   -119     79   -101    -17     76   -142    -31 
    53      1     48   -107      0    -45   -111    -83    -56    -83   -117    -54    -57    -45    -47     61 
    39      5     -6    -27   -123    -14     21     73    -59    -43     46     -4    -80     26    -70     74 
   -16     92     50     33    154    -64    104     75     45     22     -9    -82     11     40    -41   -102 
   -49    -75    -48    -25      6      2    -20    -39    -74     -4    -55     16     97     63    -40     -7 
    35     16     34     38     46     21   -125     28     30     -2     16    -64     15    121    -72    -59 
    89    -81    -30     92    -33     46    155     -6   -152     58     61     -4      8     19    -31      9 
    -1    -58     98    -50    -63     73    -52     38     89     49     12     -1     20     12     72     31 
   -44     -3    -39    -19     44     46    -30      8    125    -99     28     53    -31    -15     24      3 
    45    -32   -156    -80    -24   -116     52     29    -23     39    -35      6     59    150    -62     27 
   -24    160     62     23     27   -163     -6     55    -52    -78     -8    -35     51   -162     24     69 
   -82     28     27     43      8   -112      6    -17    -46     11     82    -22    -99     71     54    -21 
   -53    -23     52    -53    -26    115     92     11     30    -28     34     10     21      3    -32     -1 
   -26   -161      2   -171   -270    -61    -50   -123     23    -42    -13     18    -97   -174   -147    -22 
  -119    -61    -17    134      6    -10    129     14    -48    107    -19    -40     30     -1    -33      0 
   -35    -35     28    -11    -72     51      6    -48    -16    -48      1    -54    -10     29     31     50 
     9    -20     -4     28    -30     10     61    -83     15     96      1    -73    -18    -79    -18     -3 
   -65     19      8    -56     13    -35   -102    -10     65    -33     28     51    -10    -17     -2     19 
   -19     21    -52      6     45    -14     28      7      5    -40     -6     50    -23     15     45    -21 
   -44     -3    -43    -37    -39     22    -11    -57     27    -29     24     -1    -34     27    -45      1 
    57     35    -25    104     16    -37     24    -46    -21     45     -7     36     18     19    -19    -35 
   -25    -71      7    -20   -100    -39     10     18    -17     29     15    -11     42    -11     28      9 
   -15    -60    -29    -28    -11    -77    -26    -15    -20     -3     36     -7      1     70     20     -2 
    47    -36     32    -48     12     69    -47     83    -13    -20    -55    -25     21     39      6    127 
    14    -20     -4    -43     69     -7     29     46     14     -3     39     28     33     70   -125    -39 
   -56   -212    -21     17   -124    -67    -41     16    -22    -23    -41     26    -40    -64    -18    -57 
  -220    -25    -41   -282    -50      9   -121     64     25    -64    -19    -42     66    -53    -34    -52 
     2    -20   -190     -1    -76   -384    -14     14   -231      2      2     20    -20     37     66     29 
   -15     13     18    -55    -72    -22      4    -64     21     32    -54      5      6   -249     25    -79 
  -407    -11     31   -172      0      9    -11      5     -6    -56     17     -9    -10     -5    -14    -58 
   -49    -54    -90    -31      6    -46    -57   -128    -39    -74    -24     40    -37    -28     34    -36 
   -37     12     86    -20    -28     14    -39    -80    -13     68     31     40     22      1     -2     10 
    38     39    -33    -46     -4     -2   -103    -86    -77    -60     18     20    113      8    -38     51 
   -63    -62    -14    -65    -96    -61    -83    -61     11    -41     10     89     33    -30     13     37 
    13     31     47      6     26     22      5     21      4    -45    -13      1    -20     20     -8    -53 
   -34    -11    -37    -48    -59     12     70      9     23    -73     36    -21     16      3      0    -10 
   -30     40     36      8    -36     35    -74    -53     88    -48    -78     27     -6    -11     21     50 
    19    -12     31    -52    -38     21    -58    -47    -80     31     56     15    -10    -16    -40     -5 
   -15    -77     16     -1    -76    -15     50     -1      2     85      6    -44     47    -37     21      5 
    21     46     38     13    -18     -1     -6    -78     -6      8    -70      5    -12   -107     46    -18 
   -10    -19     15     27     81     68      8     34     38     -3   -139     17    -23   -361    -58      8 
  -108     26      4     12      7      4    163     -3     10      2     -9    -11     -5     -2     -3    -15 
   -32    -16     13     13     66     -4     70     14    -56     28     42    -20     42     26    -22    -53 
    31    140     13    -59     15     10     42    -59    -54    -18    -58     11     -3    -47      6     21 
    34     23     41    -76     16     78    -72     -7    -31     33    -16    -34     26    -30    -16     58 
   -49      8     48     30    -13    -16     16     22     46    -12     51      6     31    -24    -11    -39 
     9    -20     36     -2     78     17    -55     -7    -15    -29    -41    -32    -35     64    -13     14 
    32     -5     -3      7     -4     10     14      7      1     22     -1     12     14    -35    -51     25 
   -12    -85     16    -16      3     32     35    -12     48    -19     21     90     11    -57    -14    -68 
  -127    -70     10     48     90    -53     40    -21    -21     33    -48     31     -8    -65    -28     19 
   -53    -66    -40     39     48   -197     13    104    -73      9     -6     12     10     -9    -14    -12 
    -3    -25     -6     -2    -49     51     85   -141     46    123     80     56     58    -39      0    -18 
   -35     43     18     -3     -8    -27     18    -97    -95     94   -140    -27    161    -92    -53      8 
    36    -25     50     -2    -47    -55      8     10     24      0    -12      5      9     54    -55    -20 
    76    -61    -20     22    -16     -2     26     -2      6    -42    -17     -1     19    -65     18     60 
   -31     65     31     15     19    -20    -29     -2      1    -55     14     -8      6     38     42    -49 
    79     16     -7     77    -46   -101   -114    -65     73    122     11     82     40    -45    -13     23 
    27   -150     69     46    -46     95     13     20      9     17     -2     32    -16    -72     30     15 
   -23    -14    -82     42    106    -83    113     22    -31      0     33     40    -88     37      9    -21 
    54      3     10     -5      3   -206    118    145   -109     56     87    -37     47     40    -32     16 
   -16     16    -13     39    -30    -28    -16     13     26    -23    -52    -26     15     44    -70    -21 
   126     16     18    125    -22     44   -118      7     53   -110     58     59    -46     18    -22     41 
    39     19     16    -14     -1     42     42    -10    -74     38     53   -115     67     18    -53     58 
    21    -25    -96     33     41    -61     -5    100     12     -7      0     23     -1    -20     60    -29 
   -30     26      0    -38    -36    -29     16    -53    -33     -5    -36    -30      1    -20      5    136 
     7     13     10    -49      7    -39     13     19    -50     80     28    -75     46     42    -12    -37 
   -25     59     18    -13     72      5     14     -6      8     26    -34    -69    -21    -15     -8    -29 
  -114    -77     -5    -95    -13      6    -54      8     11     41     40      5      0     30    -13      0 
    30     10      1    -22    -32     -8    -17     18     20    -19    -55     -5     14    -19      3     -8 
   -45     -8     55      5      9      9    -19    -81    -54    -41    -92    -49    -59    -53      5    -25 
    46      3    -24     12      5     26    -35     33    -41     35     58    -28     38    -13    -55     24 
    -3    -65     86     42    -45    -58    -17    -21    -12    -27     13     -3    -14    -60    -31     -4 
   -18     30     16     19   -128     20     24   -101    114     22      3    -31    -20     -1     31    -44 
     2      1     19     66     10    -80    226     96    -78     35    -70     19     99     39    -56     85 
   168    -68     93     22    -50   -113     31     -4     32      7      6     25    -14    -31     -3     19 
    28      7    -14      0     19    -22      7    -54     66     50    -75     36     39    -57      6     30 
    46     11     64     68     58     42     45     16     36    -26     33     14     92     31    -23     40 
   -45    -51    -12    -13     13    -84     26     23    -20      3      5    -61     39    -19    -62      3 
    29    -41     49     55    -52     81     15    -71     78    -13     -1     32    -11    -49    -40    -41 
   -33    -22     23     21    -11      1    -50    -66    -78     57    108    -48    -15     55    -52      6 
    12    -35     21    -15     16    -22     35     27    -26     44    -70    -75     17    -46    -64     -2 
   -37     32    -39    -41     69    -45    -47     30    -37     20     38    -32      8    102    -60     10 
  -134    -22     33    -32     42     35     12    -64      7    -27    -96      7     -3     30    -38     45 
    15     14     11    -13      5    -92    -32      9    -12     86     54     78    -16      7   -124     -6 
   -17   -147    -75    -67     -9     99     37    -52    -17    -20     34     32     16     11      2    -26 
   -17      5     17    -22    -31    -33    -24      5      9      0     -1     10    -34    -30     11     11 
   -22      0    -15     21    -26    -83    -39    -81     27     30     24    -10     -1      5    -21    -36 
   -21     -6      3     -5     33     17     -5      9     32     10     13     29     20    -11    -26    -42 
   -26     -8     -7    -38     -3     -1    -20      3      2     -9    -35      8      6    -25     11    -41 
   -40    -37    -32    -52    -15    -45    -23     -9    -16    -53    -31    -18     11     -9    -30      6 
     8    -54     10    -78    -43    -31    -31    -20     -9      2      2    -14     -3      9     -1     19 
    -3    -21     11     13      9      8      1     -6     10    -11     -4      5     56     32     43    -56 
  -138    -38    -40   -115    -68      9    -10      4     27     -1     24      3     31     29    -18      4 
    21     -2     55     12     31     30     -3      3    -36      1      1     -7     -1    -16     23      1 
    30    -31      1     17     28    -15     31     27      5    -17     -9    -32    -42     10    -29    -14 
     7    -34      4     25      6    -16     21      0      1     16    -15    -10    -47    -48    -21    -30 
   -40     25     20     -7      6     14      9     31    -38     11     14     46     15    -12    -17     -6 
     5    -42     12      5      6     27    -46    -14     -7    -66    -64    -17    -16    -25    -38    -12 
     1     -3    -42     -2     15     -5     -3     -9    -27      3     11    -13     45     29     -7     11 
    -2    -12    -22     -2      3    -30    -39      3     -5    -37     16    -14     13     -5     32     12 
    17      8      4    -32    -19    -33     16     -8      4     -9    -28    -13    -18    -38    -16     48 
   -49    -25    -24     -5    -12     22    -42    -50      2     30     -1    -23     10    -11    -40    -22 
   -30    -47    -27     -9    -29     -2      8     19     42     10    -16     31     35      2      3     18 
   -20     -3     -4    -10    -19     20      9     15    -18     16     62     -6      0      4      2    -11 
   -30     20      3    -26    -44     29    -11    -27      8     16    -34    -12     13      7     -2     61 
    16     17     32      7    -17    -10      5    -17     -2     -2    -23    -12    -13     -2    -19    -28 
    16     -6      9      8     -4      1    -35    -12    -10      7     17      1    -14    -12      2     -6 
    -1    -11     -3    -11      5    -17    -26      3      6    -45     12     24     18    -15     -1      0 
    18     24     -4     20     12    -10     12     13    -21     -1    -21     64     10    -18     50     11 
   -18    -27    -22     12    -11    -38     26     35    -30     -5     -4      7     58     38     -1     62 
    46    -33      7    -25     -5     -8    -54     -7     11    -28     24    -17    -72    -15     11     13 
    31      3     14     10      0     15    -22      0    -28     -2    -25    -10     13    -14    -32     -5 
    17     -2     50      7     52     55      0     24     19    -13     -9     10      7    -58      5      0 
   -22    -11      0    -10     -3    -23     22    -24     -9    -21     -6      1     15     17      3      1 
    12    -12     -2    -13    -55    -28    -13      6     14      2     10     -3    -30      1     -3    -11 
   -19      5      4     -2      5     19    -30    -50     -7     56     59      7     23     42     17     15 
    20     15      2    -22    -19      6      5     10    -17    -59    -35     -4     48      9    -10     68 
     1    -20     -4    -11     18    -24    -15     29     19      9      0    -16     13     33     19    -22 
   -18      0    -25     10     45     48    -16      2     -3    -18      2     33    -23     -9      6     10 
    -8     26      6     18     21     -2      1     19      0     37     -4    -11    -18     13    -22      1 
   -10    -25     10     -7      3     11    -23    -11    -68    -27     -5    -54    -10     -6    -16    -16 
   -89    -81   -130   -106    194     18   -117   -145    -47    -60     56    -46    103   -108     25    -45 
    61     36    -78   -168     85   -127   -132    134     43    -46    -91     32     28    -68    -70    -59 
   -43    -36     10     60    -24    130      3   -106   -169      6    -16    -56      1   -100    -87     96 
  -144    -16     47     99      3    -44    -62    -55    -36    -71    -45    119     60      2     -6    -11 
    -7     37     -6   -106    -10     29     -7      3    124    -18     69     85   -145     36     72    -50 
   -10     90    -19     -4     24    -76     16     16     13    -18      3    -46    -59    -45     -5    -30 
   -22    -94     42    -83   -107     58     42   -156     -4     59    -24      7    135     25     -6      1 
    80    153      9     89     63    186     48   -171    -16     42    -39    -69    135    107     37      5 
    -1   -148   -199     69    -18     37    -27    -67      7    -42   -106     50     -1    -32     26     -2 
    -2      7     18   -126    -52     42    -72    -89    -27    131    -26    -77      2   -142     43     57 
   -42      6     17    -13    -67   -173      3    189     56    -60     51     24   -190    -48     30    -23 
   -47     50     79    -28     76    -20      2     51    -13    -12     46     80     28     13    -76     88 
    90    162    -23    -20     78     31   -147     33   -139    -53    -35     53     71     -3     25     93 
    55    -83     36    -37     18     74     60    -35    -63   -125    -12    -13    -43    -26     45    116 
   155     17    -77    -19    197     74    -51   -203    -22     65     34    -20    -13    -74    -16    -45 
    57     26    -68      1     31     37     43   -141    -81     22     13     30      2    -64     29     53 
    99    -49    -68     38     39     22     17    -14      3    -72    -40     13    -42     43     -4    -66 
     4    -58    141     57    -35     -2     50     79    -46    -56     41   -213   -139      3     11      5 
   -47   -147    -94    -12    -26    -40     33    -55     23   -105    136     40    -46     30    -23     45 
   -14     26   -103    -51    -36     37    -58     62    -10     47    104    -16     39     36    -12    -34 
  -122      3    -64    -55     22     34      8    -20     22      7    -31    -41     20   -149     40    139 
    28    107     72    -14    -29     30     16     20    -53   -105    114    -19      2    -36    -27     26 
   -62      7    -71     70     71    -14     64    -23   -159     69    -12   -106    380    -30    -10    147 
     9    -43    -94     17    -16   -128     56     49   -101     91     -3    -14     31    -15     -1     40 
    49      7    -13    -31     53     92   -147    224    129      8    -27    -35     -8     31     43     -6 
    75     -6    -70    -58    -18    -88   -201     82      6    -95     16    -14    195    -53    -55    -34 
     6     -9     31     18    -50    -13      5      8    -31    -53    -13     77     50    -55     72      8 
   -27     21    -75    -32    -66    -81    -25    -40    -53    -11    -23     18     18     27    -61    -13 
   109    -49    -10      7     -6    -83     53    -54      8     20      0     27     -7    -57     21     -5 
   -14    -23    -76     -2   -108    -62    -21    -91     95    197    -10    -72     66   -122   -209     32 
   -38    -48    -16     33    227    111     -6   -182     22     25     93    -47   -110     36     51    -69 
    51    -42    -22    -30     85     -8    -64      6     49    -62      5     10   -102   -102      5    -23 
   -27    -89    -10     78    -14    -46     78    -40    -18     39    -17      3     -6     31    212    -63 
   -35     27     -3   -107     30     21    -81     45   -171    -27      7     27   -151      6     54    -51 
    29     47    -19    -30     42    -65    -79    -61    -52    109     28    -68     40     31     26    -83 
    46    -25     38    144     28     35     18      8    -52    -51    -21    -43    -52     -3     31     15 
    49    -32      9     77    -29    -48     67    -22    -31    -13     -1    -77    -36     11      6    -37 
   -26    -22    -38     42     50   -108     56    104    -72     22     21     18     -5    -15     19     40 
     6    -19     17     13    -89      3     22    -44     -1     75     14      1     67    -32     35     75 
   -41     14     35    -33    -10    -14     39    -78    -36     -2    -46      3     19   -108    -41    -33 
    -6     11      8     -1     19    -15    -10     13     -2    -32     -3    -13    -12     -1    -24    -18 
     6     10     18     11     36     31     -2    -13    -17    -59      8      6     15      5     11    -11 
   -15      0     11      2     37     -9      2     42     28      2     14     -9    -30    -17     26    -51 
    -8     47    -89    -45      3      1     22     -8      7    -11      6     36    -29    -51    -43     18 
    50   -114    -45     60    -15      8     88     10     16      4      9     25     21    -18     -1     -8 
    52     50     -8    -12    -10     -8    -38    -40    -15    -56     23     49    -25     16     18     -6 
   -28    -29    -96     26     55   -201     18    132   -172     28    115     22     17     14     22    -22 
    -1    -53    -48    -54    -10    -25      4    -13    -33    -15    -12    -23     -5     32    -48      4 
    14    -46    -19     21    -63    -61    -26     43     21     62     60     -5    -51     10    -26    -27 
   -47    -36    -31    -81    -33    -35    -35    -45    -38    -21    -12    -19     -2     -6    -22    -12 
    21     12    -30      0     22    -28      0      1    -38     28      8      4      5     36     32     -9 
   -27     25     -5    -19     -2     38     15     13     -3     -1     -5    -32      6    -41     -6     11 
   -49    -48     -8    -18    -39     19     -2    -33     -8     14    -31    -27     43     11     21    -33 
   -29      9    -30     37      0    -18     16     41      3    -21     27      7    -28     -5     13    -10 
   -20     -7     -4    -41    -27     17    -19    -22     11    -38     -3     34    -13    -21     13     17 
   -11    -11    -19    -42    -51      7    -54    -68     21    -53    -42    -14      9    -16     -2      1 
   -16      1     70     64     -8     41     14    -52      7      6   -114    -34    -37    -36     10     23 
    14     14    -12    -27      3     -2    -25     27    -54     -6     19     -9    -15    -37    -18     14 
    64     34     23     23     24    -18    -22    -29    -18    -25      4    -32      2      4    -11    -21 
    23     30     -5    -18      5     25      2     16     27    -21     -6     41     23     -8     12      2 
    20     -2      9    -20     24     14    -38    -17     17      2     -7      3     23     44     27      1 
   -27     31    -38    -18     20    -14     -8    -28     -4    -17    -63     -5    -23   -106     -4    -19 
   -11     13     21    -12      9     19    -10     28     46      9      7     33      1     -1     24      7 
   -30     -8     -4    -34     36     23     -2     33     42     37    -33    -32     11    -47    -28     13 
   -29     -6    -22     24     17     -6     14    -12    -12     28     25     -6      3      0     18     13 
    15    -14    -12     11     15     21     23    -21    -17     47     -5      3     25    -13     -7      0 
    30     30    -33     -3      3     -7     73     75    -22     32     86    -29    -13    -35    -59    -18 
     2      6    -20      4     25     12      7    -16    -24    -25    -20     -5    -39    -60     -1     26 
    25     35    -15    -19     -5     57     10    -21     14     28     17      5    -24      9     64    -28 
   -27     25      3     35    -16    -17    -44    -31    -16     -6      3    -19     -6     -3     22     -7 
     5     23     42     10     -2    -16     -2     13    -32    -33    -24     -2     12      2    -21    -11 
     7     -4      7     26      9     59     44     43      0    -29      5    -27    -24     13    -11    -27 
   -71   -147    -24    -82    -85     29    -35     43     71    -13     53     13    -96    -34    -38    -84 
    17    -36     16    -19     28    -58    -23     64     24    -13     36    -18     -5    -37     -4    -59 
     4    -19     -1     26    -28    -31    -46    -32    -25    -15    -54    -26     14    -31     41     80 
    50     46     30    -45    -37      3      7    -59    -54   -107    -29    -42    -61     74     -6    -96 
   -57    -49     -1    -15    -54     -7     27     13      2     38    -23    -15    -83    -48    -48    -24 
    42    -12     12     -1     -4    -15    -28     -2    -22    -20     43     42    -15     26      2      1 
   -20    -45    -32     55    -77    -16    -78    -50     61     21    -63     17     -1     -8     23      3 
    40     15    -37     12     67    -22    -34    -88    -12     81    -74    -45     45    -57    -25    150 
    34    104    166     53     36    -40    -63    -13     -1     15    -26     23     50     20     36      0 
   -29     98     14    -66    109      3     30     76     -1    -41     15    -36     11    -11    -12      5 
   -22     41     72     57     17    -15    -56     25    -55    -40     46    -24    117      4      6    120 
    16     54     51     25     -7   -138     58   -113    -25    133    -45    180     70    -16    -99     52 
   -33    -23     81    -27     63     10     44    -41      8     61   -122    -41     34    -99    104     25 
    38     30     77     14    -56    -68    -18    -25    -37    -94    -63    -55    -61    -11    -75    -63 
    24     21    -31     37     13    -33     43    -27     11     46     80     36    -31     82    -49    -56 
   -41    -66     21    -14    -37    -10    -30    -40      6     -5     58     27     -4    -24     22    -45 
    60     10    -47     37    -11    -16     93     43    122     64      9     28     19    -47     30     32 
    12     -3     -5    -10     59     58     -8    -51      8     12    -15     33    -70    100    -42    -92 
   -13    -61     57    -90     38     10      5    178     20    -35    -44     20    -50    -28     59     58 
    13    -36    -51     -7    -45    -68    -30    -25     -1    -52    -47    -21    -26     30     34     21 
    19      4     42     62    -53    -64    -18    -12    -40      8    -39    -31     14    -87    -24    -23 
     3     12    -19    -25     25    -40     39     24    -13     33    -35    -30    -57    -44     -3    -30 
     4     19    -27     73     13     -9    -28     -6     34     74     -5     48     68     -5     -1    -17 
   -40    -84      1     51     29     77     49     15    -37     -7    -21     -9     32    -88    -75     28 
   -10     -1     27    -40      6     30     37     71    105     35     22      4     30     94      6     76 
    65      3    -43      2    102    -32    -58    -36     26      6    -15    135     59     41     11    -61 
     0    106   -103    -14     79   -120     57     45      8     19     28    -24     87     46     41    -21 
   -25     37     31     19     -2    -23    -33    -43      2    -45    -13     36    -63    -27      4     -6 
    75     17     -7     13     -4     34    -47     -1    -38    -97     31      2    -24    -52      7    -11 
   -40    -35    -10     -6    -13    -43    -51    -41     17     57    -83    -67     16     -9    -67     10 
   -73    -16      8    -30      6     30      7     90     45     47     93    -13     71     -3    -68      7 
   -16    -17    -15    -17      5     41      6      7     14     40     10      7      3      7     -4    -20 
     9    -51      8     14   -157     19     84    -23     64     51     -5     50     15    -22    104     47 
    72    117     41     22   -112     52    -83    -94     64      2     26    -46    -67    -59    -17    -57 
     6     71    -18     17    -10    -20    -15    -49   -116   -180    -94      0   -119    -77     -9   -119 
   -31    -31   -100     16    -18    -54    -46     47     56    -54     53     37    -43     30    -35    -74 
    50    -22     50     27    -42    -13     57     18     26     72    -49    109    -14     16     86     52 
   -23     -7    -31     -9    -29     57     41     13     15    -54    -19    -22     26     -1    -27     21 
   -13    -16    -25    -20     -3    -46     51     -1     26     64    -48    -12     71    -34    -29    -12 
    41     23      9    -10    -10    -26     10     72     96     79     22     35     38     15    -18     17 
   -24   -119     -7     59     24    -47     -6    -13      2    -37    -24     14     -4    -13     70     35 
    19     -6     35     18     -1    -23     11     39     64     72    -35    -32    -24     11     78     32 
   -17     12     -7    -10    -13     40    -38    -34    -45     32     30    -22    -49    -29    -74    -49 
    28    -54      4     17      4     19   -191    -81      7    122     55    -18     76     31      2     10 
    14     22    -24    -26     18    -54    -56    -37     21    -36      1     32    -22     32     16     20 
     1     47    -79      9      7      8    -37    -17      3    -81    -88    -13    -29     30     25     40 
    55     76    -12     64     41    -40     -2    -17     -7    -58     -2     32     42    -37      1    -10 
   -13     10     28     69     25     24    -28     -6     34     14     37     79     56     28    -61    -66 
    39    -34     22    -37     -5      0   -126      8     56     14     89    -34     -1     14    -20      7 
   -66     10     -4     29     12     11     12     -2    -77     -1     37    -30     25    -10     22    -21 
    12      4    -51      3    -12     -7     16     -3     -8    -29     -6      7    -25    -21      7    -20 
     9    -12      5     36    -34     46    -17     29    -24    -45    -20    -61     36    -76    -22     17 
   -38     22    -43     -3     14   -124   -112   -107     49     58     42     17     57     20     63      6 
     3     50      0     14     14     16      2    -21     23    109     12    118     78    -27    -10    -59 
   -26    -66     86    -16    -15     62     37     34    -50    -16     67    -42    -22    -11    -51     18 
   -27    -26     49      0     78      0     10     54    -50    -15      4    -35    -61      1    -54    -66 
   -56      8    -47    -23   -131   -127   -108     12     31     12     59     92      8     26    -22     56 
   -33    -16    -19    -72    -22    -55     -6     57      7     54     54    -51    -34    -59    -11     36 
    37     17    -22     34    -19    -33    -73    -18    -44    -21      5    -46    -59    -30     13    -17 
    -7    -29    -34    -21    -23    -54    -26     10    -74    -45    -28     62    -27    -25   -111    -55 
    13    -21     16    -10     63    -22   -121    -98    -66    -66    -67    -51    133    166     41      6 
     1    -53     -2    -46      1    -51   -265    -74     29     74     35     57    207     82     -6      2 
   -31      7     11     10     31     -5     51    -44    -28     19     -7     71     24     78      5    -46 
    -8     34     27    -10     10     35      1     46      1     46    -15     20     41    -31    -13      2 
   -43    -22    -65     13    -27     -2    115    -10    -30     12     -1   -119    -57    -75     11     80 
    32     29     48     24    -46    -20     12     -1    -19    -20    -18    -18    -12    -63    -42     23 
    43     86     -1     27     -1     55     62    113    -74     38    116     -5    -64    -57     30     56 
    62     32      2    -91      5     13   -102    -13    -43    120    -22    -23    -18    -85     26    -57 
     5    115    149     40    -28   -105    -65     52    -19    -21    105     88    -34    -83   -101    -71 
   -82    -53     -7    -24    123    -55    -57   -107    -44    -60    -68    -43    -41    149    -18     14 
   -35    -16      3      4    -23    -20    -50    -17     16     29     50    -37     -1     54   -118     44 
    34    -16      5    -82     16    -19    -66      8    -46    -17    -17     52      8     21     32      2 
     6     12      1    -29     14    -12    -22    -27      3    -16     20      5    -14     19     32      9 
    27     18      7      5    -14     28    -12      3      2    -11      4     -5     41     12     -4     66 
    39     -5     28     13    -28     -6    -41    -21     40      0    -14     60      0     -7     26     16 
    12     26     11      2     -1    -15     10     -3      0     26     -8      1     51     -7     -2    -31 
    38     -3    -22     52     17     -9     24     10      9      3      5     22     13     17     10     18 
    13     46     38     33     18    -10      1     -9    -33    -47      0     25      6     -9     20     12 
   -25      4    -12      8     -9     -2     -3    -40     11      2     -5     12    -22     -2    -47    -23 
   -12    -32     27     43      1      3     29     25     -3     30     12      3    -30    -48    -38     24 
     0    -24     58     11     -5     24    -13    -35     -3    -39    -13     16     -7      8     30     14 
    -1     65     32     -9     83     15    -22      7    -34      8     -6     -2    -27     49     33    -29 
    35     -5    -32     25    -27     -8     72     30     37     17     28      4     37     28     16     24 
    26    -27    -16    -10     24      1     14      7     18    -16      7    -15      1     38     10      2 
    55     23    -42     21     -2     19    -23      2    -25    -22     13     -9     44     29     23    -10 
   -15      5     18     15    -26     11     26      0    -20     49     17     -6     43     14    -22     48 
   -18      9      1     10    -36     36     35      2     46     49     13     37     18     23     15     32 
     0      3     10      2    -11    -18     25     40     -4     28     30     40    -12     13     23    -22 
    43     27    -11     44     18      8     60      3     27     86     -5    -33     36      1     17     16 
    21     25     50     35     -3     16     28     38    -12     25     16      2     22    -37    -46    -28 
   -11    -21     -3     -7     24     -8      9     32      7      3     12      9      3      9     -6     11 
    21     -3     35     10     -5     62     23      6     14     -3    -27    -19    -50    -36    -25    -99 
   -53    -16    -72    -39     79     48    106     -4    -31     48    -67    -79     -6     24     20      4 
   -21    -52    -13    -63    -70    -60    -28     -1      2    -17      1     27      8      3      7     -6 
   -18    -25    -16     19     -3    -15     11    -10     39     11    -13     29     83     16    -31     15 
    16     22     41     10    -31     44    -20    -49     36    -11     29     -7     17     14      2     -6 
    -3      9     -7    -39     14     -5    -26     47     43      2     12     12    -18     19    -39    -25 
    28      5    -39    -23     12     -3    -11     17     24     -7      7     -1     19     -2      0      2 
     4     17     -5      4    -12    -10     -3    -14     -2    -12    -16      3      5    -32     -2      7 
   -65    -66    -37     10    -68    -16     51     15     47     -9     16     33    -16     37     68    -15 
    14     25     -7     27     -5     15     44     36    -25     -8     -3      5     16     11    -14     10 
     3    -18     -9     -1      0     11      9     21     29     27    -12     -1      0      7     22      8 
     5     53     31    -21     18     -2     19     15     11    -20     47    -14    -45    -21    -38    -14 
   -16    -19     -8     37      5     -3    100      3     11     35      7    -24    -12    -24     -1    -59 
   -31     33     45     22      0     -2     -9    -37    -53    -18     36      9     17     34      4     -8 
   -39      4    -19     -2     58     20     13     59     35    -19    -13    -13    -13    -13      5     11 
     0      2     -7    -18      4    -27    -17     -8      5     -6     -5     26    -20      3     -3     -2 
    40    -30      9      5     -3     16     -6     -4     -6     -9     27     44     31      4    -23     -6 
     0    124   -132   -116    124   -169      9     39    -90     -1   -196    -45     78   -187     41     80 
  -119    -19    -46    -90    -45     12    -73     26     15    -67     19     -9    -27     -6    -10   -141 
  -112     50    -77    -48    -50     -7      9    106     -1    -93     57      6    -31     67    -56     20 
   135   -171    -61     46    -87     51     75     -6    163     17    109    155    -18    110     24    -21 
   -60     20    -62   -242     97     68   -179    -28     71    -11    -43     90    -48    -29    143     28 
    46     51    -11    -34     60     46     10    -64    -24    -40    -35   -101      8     46   -114     -3 
    29     -7     43    -12     -8     36     19    -70     18    -34    -24    -74    -78     -3    -19   -137 
   300    130      2     92     -8     79   -113    -13     25    -92      1     28    -23      0    -22    -69 
    55    -60   -267     28     77    -74    -50     15    -30    -38     23    -51    -14     -1     18      1 
    19    -57      5     58   -132    -51    139    -40     26     21   -127    -48     36   -101    -59    237 
   -64    -44     22    -24    -34    -50   -150   -106     19    116     97    -60    -16    -76    -35    -36 
    -8     34     50    -73     14    -64    -62     58   -126   -140     29     60    -45     20    -24    -30 
   -44    143     64      4     34     45    -22    -60    -70    -11     98     -1    -34     24    -34     20 
   -13    -55     65    -21    -73     18    -66    -57    -92    -65     -7      9    -44    -92     36    -10 
   -84     40    -45     59    -27     27     15     45     62     18    -48     30    -16    -51    -14     50 
   -44    -25     -1    -19     -1     21      3    -18    -35    -58    -25     36    -59    -35     19     82 
   108    -33    -31    -13     12    -17     63     -1    -45     24    -45     -4    -54    -39    -27     67 
    12   -155     58    -15      3    -81      8     52    -50    -45     17    -37    -25    -62   -111    -36 
    18    -63     44     14      7    101     11    -68    -46      4     41     45     49    -14     28    -55 
    14      9      5    -86      7     39     -6      6    -43     39    -37     -4    -39    -61    -38     12 
    93    -12    -44    -36     92      6    102      8    -73     22     -2    -84     21   -143     -2    -14 
   -65     42     43     -4     16     22    -92     43    -32    -55     35    -38    -21    -58      0    -79 
   -90     26    -61   -227   -117    -48    -50     -6     34     41     53    -14     55      3      9   -136 
   -26     32   -106    -49    -73     37     95    -43    -96     53    -12     60    -21    -47     24     23 
    13    -59    -19    -59     98     -6     10    -15    -33     15    121      5     34    -69    -27     60 
  -144    -80     98     15    -43     16    -46    -40    -35    -28    -44    -48    -32    -17    -26     27 
    -5   -101     12    -19   -124    137    -60    -25      4      5      4    -13     11     -3    -52     33 
  -108     -5    -30    -45    -36     27     37    -76    -17      5    -32     24     55     46     37    -49 
   -28     28     -8    -13    -10    -65    -72      5     43      2    -13    -56    -24      5     11    -45 
     3     47     -8     29    -19     -4     13   -117     12     -3    122    -47    -16    -70    -23     28 
     7     12     13    -79    -49    -42    -52     39    -65    -92     86    -45     10     29     50    -55 
    69     29      3     19     52    -71     59    -18    -28    -45     19     11   -163    -91    -15    -77 
   -24      8    -22     98    -29    -15    101    -60    -18      2     25      0    -10    115    -26     79 
   -30      7    -18    -20     72   -100    -42     -5   -148     10    -90   -151    -37     16     35     27 
   -66    -24    -21    -54    -36     10     18     20    -27      3    -18    -63    107    -39    -13    -56 
   101     13     17    -84     79     12      4     -3    -21    -57      7     -9     -3      9    -41    -65 
    30    -28    -19     30    -18     -8     36     27     14     -2     28     30    -67    -39    -73    -50 
   -61    -54     17     -7     37     14      8     57      9     36     31     21     23      9    -37    -11 
    42      6     10     36    -96    -11    -75     19     76    -17      7     10    -35     -8    -44      0 
   -58    -68    -29     58     32     30    -15    -11    -38     16    -41    -16     80    -75     18    -36 
    -8    -26    -14     25      2    -38      6      2     19     18      4     -3     26     21    -37      0 
   -40     27      3     -9     -8    -19      2    -23      6     18     17     57     -8    -11      8      1 
   -69      1      2    -18    -43    -42      4    -44    -29     30      7     16    -15     11     17      1 
   -35    -40    -79    -32    -26    -22     34    -47    -69      0    -22     -3    -29     14    -16     38 
   -61    -35    100     10    -12     43     -4      0    -23     18      8    -30     19     25     43     29 
    35     -1     59    -50    -47    -10    -55    -77    -13    -14      9    -20     24     52      9      7 
    34     28     25      4     12     -3      7     71    -29    -32     21     -2    -28     28    -54    -71 
   -57     -4    -65    -64     11     10     28     -3     17     13     -3    -34     -7     40    -33    -32 
    84      3    -23    101     34     49     45     14      9     52     33     42      4     66     16      4 
     5      1      4    -22    -39     83     54    -14    100     -1      1     68    113     52    -40     72 
    34     30     26      7     44     84     -1     14     12     54     -6    -36     -8     -2    -11     26 
   -19    -39      1     -8     20    -10     -7    -27    -29    -14    -30    -12     10     35    -37    -14 
    -5     -3     59     31     29      9    -63      5    -10    -19     44    -73    -28    -44     22      4 
   -20    -18     24     -3      2      1    -19    -36     -6    -22      8     72     35     -3     63     31 
     9    -41    -74     17    -49    -10    -28    -47     -4      6    -19     44     36    -86    -14     17 
     2     32      5     29    -30    -21      9      0     17      3     29    -25    -44     -7    -34    -37 
   -16    -10    -16      1      7     14     20    -15     -6     -8    -74    -91   -108    -22      8    -15 
    10     23      6    -26     22     14     51     16     42      4      5     30    -15    -14     14    -13 
   -51    -11    -46    -60     52     31    -31     32    -51    -18    -55     25   -112    -53     23     40 
   -48    -16    -73    -82     75    -21    -12     35     48     87     -1    -20     15     11    -19    -18 
    35     18    -21    -53    -96     14   -103   -130     -4     68     -2     21    -33     47     28    -12 
   -28     10      2    -73    -15     67     37      9      3      1     25    -30    -68     17     27     25 
    36    -34     25     26    -63     -7     13     39     15      8     55     27     19    -55   -103    -24 
    33     30      1     -9     71     21     -9     11     -3    -26     27     20      3    -49     -9     79 
    43     11     12     18     35    -33     32      7    -52    -27      8     25     17    -27    -28    -14 
    10    -79    -32     12     45     19     -1     40     38     20     -5     22     24      0    -36    -32 
    21    -36    -22     22     39     14    -13     65    -28    -51     94      5    -52     -7    -20    -50 
   -13     16      9    -16     36     10      9      4     11    -25     46     36     -1     19     10     32 
   -14    -76    -58    -23     -4     33     -8     32      8    -40    -93      8     32    -66     15     23 
   116     29     29    -81   -118     66    -83   -183    -39      5    -41     -1    -27    -46     26     37 
   -51      0     54     -3     14     66     17     -2     51    126     28    -25      2     51     23    -63 
   -13     73    -20      0    -18     50     30     -9      0     13     -9      4    -15      6     11      2 
    74     69     66      0    -91    -26     35     71    -30    -15     76    -13     13    161    -65     -9 
  -129    -30      6    -38    -67     46    -78    -21    -17    -74    -11     -9    -88    -65    -19      0 
   -43    -18    -35     13     46      2    -27     30   -172    -69    -37     41    112     11     -5   -100 
    50   -124    -20     77    -53     86    -31    141    -19    -27    -15    -45    -32   -143     40     21 
    23    -22     22    -32    101     22    -45     71     18    -53     85     11     78     50     64    100 
  -111    -13    -39    -84      9    -58    -48      9    -80    -12    -32    -63    -71    -58    -61     29 
   -33     15    125     -5    -72    -37     48    -25    -71     38    -36    -26     35     91     22     43 
   -62    -79     14    -11     99      3    -97    163    -36   -118    -50    -81      3      1    -17    -31 
   -56    -30    -54     95     31    -72    -26     14     26    -21     37     41    -41      8    -16    -43 
    27     18    -32     49     24     -8     51    109     43    -66    -76    -19    -27   -133     39    -24 
   -23    100    -38    -80     -4      3    -41    113    177    110    -86    -22     -1    -35    -22     -6 
   -19    -51     -5    117    -15    -22    111    103     56     81     63     18    -33     -2     10    -13 
   -41    -13    -17     27      9    -72     39   -113    -17      5   -149     41     14     27    109    -25 
    57     99    -47    139     51     63    -11     -7      0    -42     45    -81   -209     -1     61    -34 
    84    -38    -27    -30    -32    -21    -10     -5     50    -31     -9    -99    -59    -38    -94      1 
    -6     27     80    -50    -67     38     19     61     63      1     -2    -39    -40      9     12    -56 
   -15    -14    -38     66      3    -94    -40     21     21    132     52     22    123    -50     67     60 
    -2      8     44     72    -43     31    -28    -23     67    -55     31     31      3     46    -48    -58 
    -4    116     95     42     54   -112     41     99   -115     77     58    -71     63    -13    -56    -15 
   -38    -89      3     34    -22      5    -73    -79    -25   -112    -28    -14    -26    -12    -17      5 
   -40     -6    -22     14     10    -40    -69     11    -42    -42     16    -13     12    -47      7    -38 
    28     74    -85    -21     14      8     63    -26     -2    143    -84    -56      3    -72    -79     17 
    17    -74     85     87    -21     11    -47     61     71    -41     19     -9   -120     39      4     21 
    33    -66     11    -74     65     11    -84     35   -117      8     12     37    -84     17    -68    -64 
    22    -12     39      2    -34    -20    -50     -6     30    -45     51    -15      8    -37     -4    -51 
   -43     58    -26     72    -82     28     12    -27    -19    -47    -38     18     -3     70    108    -11 
    61     29    -84     26     -9    -47     83    -20     12     29    -19    201     56     46    127   -121 
   -40     32    -79    -39     75    -23    -84    -19    -82      7     64     71     -3     32     -4    -13 
   -92    -95     23    -36    -22      1    -82     32    -21     34     90    -47    -41      2   -100   -101 
    19     22     29    170     25    -55    -32    -41   -120     12     37     -2     67      3     51     10 
    14    -84    -90    -23    -56     26    115    -23    -74     81    -96     28    -53    -73     93     16 
    -5    -36     11     83    -26    -28     67    -82      6     51    -46    -14     44    -21      7    -13 
    -7     40    -47    -28    102     93    -65     55     -3    -87     16      0     26     97      1    105 
     5     58    112     51     21     13      2    -34    -64    -22     22   -160     32     21    -97     25 
   -19    -54    -16    -33     -6    -33    -66     -5     88    -14     80    -78   -173    136    -41     64 
   -30    -56    -46   -101     17     42     74    -44     -9     -7    -87    -92     47      1    -40      8 
    91    191    -67    -30    101     95    -15    -83    -29     19      1    -80     70    207    -28     64 
   303    -47     81    -75    144     80   -108     13     69    -38     18      1   -126    -72    -28     23 
   -28    -33     19    -38     21   -117     91     19    -47     75    -44     21    -31    -12    -90     -9 
     5     18    -72    -53    -12    -82     24    147    -29    -58    113    -95      2    125     37    -35 
   -18    -26      4    -89     45     94    -58    -25     15      2     -9      4      2    -76    114     18 
   -60     43    -61    -62    -45     -1     54   -140    -69     62     -5    -18      8     27    -39     10 
   -22    -42    -54    -30     -6     20    -19     62     30    -14    -47    -17     74    -58    -69     19 
   -57    -15     34     32     -9     11     -5    -59    -46    -43     29     12     22     51     -3    -83 
     2     76   -289    -11     61   -213     34      1     -2     14      9    -40     -3     15      0     79 
   102    -43     16      2   -108    -33     28    -32     54     14    -92    -21     27    -74     43     37 
    42      8    -69    -50     -5      0   -152   -106     91    -21    -77     22    -12     39     25      9 
    16     -9     -4     36    123    -46   -180     55    121   -137     62     53    -94    -23    102    -21 
   -64    124    -19     30    118     68    -60   -127    -64     11    -35     41    -80     15    -36     45 
     8     -4     33      3    -10     18    -43     -8    -50    145     -6    -38      0    209     32    -81 
     6     38     44    -35    -29     78      3     -8     73    -53   -103    -31     70    -24    -67     59 
   -24   -103     62     70    -30    -59     53     -8    -57     49    -37    -49     -3     70    -82   -109 
   -17     19     28     33    -14     45    -74    -81     32    -92      5     72   -148    -63    -30    -66 
    43    -21   -154    -65     -1   -171    -18    -69    -63     -4    -39    -36     40    -67   -172    -28 
   -32    -71    -75     84     32    -68     71   -123   -173     37    -43    -81     71     17    -30     12 
   -24     -6     19     34     16    -18     78     19    -31     34     29     10     31     14     -7     12 
    42    -56      8    102     76    126    -73    -62     54   -114    -69     64   -117   -108      2      8 
   -94     36     18    -20     52     14      6     49     87    -44    -39     31     42    -44    -10    -75 
   -22     44    -35    -35     10    -40    -24    -67    -50     23    -79    -27     -7     19     -1    -64 
     7     11     91    -43    -60    -10     44    -27    -66     24     -4    -99    -51     19    -11    -65 
    31     22    -47      8     -7     92    -44      3    -65     40      5    -13    -24   -127    224    -52 
  -197     36     22    -20     98    -44    -68    -85      6      7     70     42    -24      3     29    -55 
   -37    -17    -80     47    -18     78     48   -124    -94      5    -69   -152     46   -126   -144    -11 
    61    -78    112     84   -113     61     73    -50     25     74    115    -23    -18     97     26    -43 
    28     22     36   -156     48     67   -211    -55     57    -45    -68    -28    -77      0    -16    -36 
     1     40    -22    -36    -17     -8     21      4    -99     56     66     16    -22    -24     65     52 
   -21     38    -36     65      6     77    -66     73     20     71      1    -61     17    -16    -93    -17 
   -41     -6     -6     38      8    -24     23     44      3    -49     98      3    -14    -50    -31    -25 
    20      3    -44     -4     80     82    -82    -12    116     18     30     68    -49     81    -41   -110 
    19    -44      3    -23     15     -6    -23    -36   -125    -51   -124   -169      0    -66    -85     24 
    88      4     26     -8     10     98     56     28     60     33    -12    -58    103     12    -77    -89 
    49     -5    -46     15     30    -83    -35    -70     21    100    -35     11     85   -128    -87    128 
    18     25    -28     35      5     11     -6    -11    -25    -36    -59    -17    -18    -21    -39    -10 
    15     -4     31   -107    -67    -54    -13      5    -50     41     58      6    -73     30     29     35 
   -67     -2      7    -31    -71    -20     34     16     82    -14     15     26    -59    -85   -108    144 
   -33    -14    109      2      2    -62    -39   -136    -24    -30    -32    -21     74    -16    -37     41 
   -94    -25    -32   -236     55    -10    -16     94    -17    -11      6      6    -57      3      2     -1 
    31     22     -8     39     19    -78    -10     29     -9     47    -15    -37     12     19    -24    -45 
     7     27    -37     11    -21    -27     31     -9    -31    -18     33     -5     61    103     81    -25 
  -148     70    -39    -75     80     45   -135    -27    -28   -116     52     20    -48     51    141    105 
    10     83    -11   -232     44      3    -99    -17     -9     -6     67     50    -15    -12      9    -36 
   -64    -18     21     58     24     20     40     56      2    -33    -11     29     -2     27    -52     60 
     3    -83     -5    -62     24     30   -164    -56    -27     32     81    -22     56     38     32    -34 
   -66    -24    -32    -19     -3    -10     32     19    -21     12      7     33    -33     16      0      2 
    26     15    -19    -17     12      8    -83    -93     28     43     29      7    -59      8    -10      3 
     2    -32     15    -11    -44     56    -30     49     18     59     -4     71    203     30      0     -1 
  -121     37     59      0    -18      7      2      0     66    -52    -27     -5    -16    -30     42    -41 
    22     15    -44     24     32     55    -29    -32     12    -35     28     12     15    -11      0     27 
     5    -33    -30     30      1    -58    -93     41    -10    -64     34     34     -8     43    -62    -94 
     8    -34    -85     18    -25     28     45    -99    -55    -16    -17     98     58     17    100    112 
   116     50    -65      9    -96     56     54    -23      2    -16     41    -44     18     20    -45     22 
    20    -18    -64    -70    -13     20     77    -40    -17     10    -18     85    -17      0    -28    -90 
    19     -2    -17     37    -31     -3     28    -67    -73    -12    -53    -41     -7     12      3     42 
   -23      9     31      9     27     46    -32    -35     28     18    -15      3     21     11     -4     19 
    -3    -24    101    260    -64    -47      3    -14     44    127     -7    154    273    -89    -11    -74 
  -187    -26    -49    -46    -65     23    -17      9     41      6     25    -51    -17    -25    -14     21 
   -13     -7      7     91    -32    -17     28    -61    -12    -28      2     40     12    -18      3     11 
   -57    -37     -7    -19     35    153    -93    -37     41   -127    -96    -21     -1     40      3    -16 
     8     21     43    -28    -34     -4      6    -37     -6    -19     39     46    -24    -60     18     11 
    70     64     -4    -45    -43     12     10    -78    -32    -22    -13     -6     41     64     14     25 
    15    -63     -6    -51    -38     -6     32    -30    -18    -11    -16    -43    -16     23     12     -7 
   -14     14     20    -34    175     68   -185     69     66   -357     31    -10    -39   -229   -272    -41 
     5    212    100    -35    137     61   -145      9    -18     57     75   -119     16     42    -57    -19 
    43    -15     11     11      5     -9     13    -54    -18    -64      6     26    -40    -16     22    -29 
    -5     59     -4    -14    -53     97    -53      7     44    -79    -14    -29    -24      2     10    -37 
    66    -26     -5    -12   -112    -89     -9   -119      6      8    -39    -26     14      1    -34     -4 
    -9     -3     -9     33     -8    -72    -57     62    -13    -43    -63    -45     37    -43    -61     -7 
   -30    -12     62     54     29     24    -27    -17    -45    -22    -12     -5     12    -23    -12     32 
    -7    -33     24     37    -30    -25     24     48     31      7     24     26    -54    -22     69     67 
    -3     19     -8     16     -3      3     -4     -2      8     -4     -6    -27     -5    -17    -10     29 
    -4     -3     -5     16    -46    -10     16      9     55     57    -46    -42    -33     -4    -12    -14 
    -8    -16    -11      1      0    -34    -29    -64     19    -64    -44      7    -35    -46     -7      3 
    13    -53     44     62     19     -3      1    -28      1     14      1    -52    -52    -60    -25    -24 
   -47    -63     32    -49      9     19     10     26     -7      8    -16     51      7     24     74     20 
   -22    -17    -20     21     55     46    -17      1    -71    -10     19    -32    -24     24    -27    -39 
    -3    -62    -71    -20    -61    -11    -74    -63     46     71     53     67     82     87     29      7 
   -25     35    -30      6     -8    -45    -33      2     28     -6     39     24     -1    -11    -21     18 
   -37    -53    -52     48    -97    -34     43     -5    -13    -16    -19      2      9    -13     25     -9 
   -63    -27     67     19     74     60     32     19     16     -8    -19    -17    -22    -27     13    -60 
   -10     17     -1     42    -70    -54    -18   -110    -89    -84     13     60    -11     25   -100    -33 
    15    -44    -29    -34     10     -7      0     33     29    -12     44     34    -16      2     -4     64 
   -37     16     33     38     78     14     32     49     19      6    -16    -26     65     93     -5    -19 
    12     13    -38     39     90     14     -5     57     19    -18     17     36     21     66    100     37 
    36     10    -17    -30     -2    -15    -28    -37    -57    -20     -8    -40     22      8     30     16 
   -34      0    -13     21     -1     15    -11    -30     40     -7    -54      2     28    -30     28     36 
    24    -70     -2     94     -3     41     32    -36    -20     11    -39    -24     10      6    -77     -8 
     2    -91     14     14    -32     21     18     -2    -14     42     72     33      6     38      3    -12 
    31      7     82     18     34     74    -19     -7     62     74     48     44    -22     20    -16    -46 
   -24    -17      1     -4   -115   -114    -48    -39    -33     18     37     35     72      8    -16    -27 
    30     33     31      1    -17     -7     32     45      1     24     43     -4    -48    -47    -35     21 
     8      5     27     -6    -11      4    -22    -16    -29     -6      5     10    -17      8     10     43 
   -14    -11    -12    -26     49    107     49     13     27      9     37     19     40     11     -1      8 
    17      5    -17     80     89     25     -6    -44    -37    -12     26      8     87    112     59     84 
    23    -58     54      1      1    -36    -82    -40    -18    -41      5     25      9     61     -4     25 
   -13     -1    -26    -13    -16    -15     -9     54     60     23     23    -34    -16      9    -58     20 
     6      3      7    -35    -44    -17    -25     10     -5     16    -63     46    -28    -95     15     47 
    35     17    -53     23    -30     15     68    -15     27      4     -7    -43      8    -46     37     61 
    25    -13     -4      7    -12     40     35     -4     10     28    -21    -11     19    -51    -33     -9 
   -14    -86     40     48    -27    -31    -40    -64    -34      6     -4    -22      0     24     31     11 
    32     23     50     47     43     18     76      9    -41     -3    -43    -43    -18    -30     -5    -32 
   -17     60     85     63    -70    -54      5     58     63     -9     23    -21     19    -15    -61      2 
    27     15     10      3    -76    -35     -5   -133   -106     36      3     18      4     23     40     32 
     2    -20     19     21      4     -4     92     33   -111   -106     -9    -36    -42    -12    -58    -81 
    21     57     14      3      4    -14      9     23     70     26     45     42     43     34     -5     44 
   -22    -10     39     19     18     76      4     -2    -10    -44     -1      1      0     12    -18    -61 
    34     49     74     -6    -21     81     -5    -51     10     17    -49     -7      0    -37      0    -23 
   -11     -3    -15    -20    -62   -114    -33     35     99     85      7    148    152      1     37    -11 
    25     61    -10    -29      8    -42    -49     51    -16    -20     -4     -2    -26    -74      1     63 
   135     55      2    -49    -76    -17   -120    -74      8    -13     45    -15     58     51     -9     32 
     8    -20     21     -5    -21     24      9    -33    -47    -13      2    -26    -10    -21      0    -15 
    25     31    -16      0    -11     18      8      8    -14     -9    -39    -24     -5    -20    -12     36 
   -30      1     -5    -15      7     63    157     54    -10     84     34    -24    -94    -56     10   -191 
   -38    -93   -277   -123     42     16     56    -14     23      7     28     -6    -28     31     -6    -26 
   -21    -31    -52    -51    -30      7      5    133     38     20    -53     10    -27    -66      2      9 
    25     -3     58    -22    -77     38    -62   -125     43     41    -23     64      8    -76     17   -217 
   -11      4    -77     72     15    -12     12      3     10     33     12      6    -30     14     33    -32 
   -19     13     11     -4    -34      9     23     72     33     51     81     43    -46    -57   -106     -3 
    -8     26     -9    -34    -29     -2      3     74   -175    -54    -15    -60     62      4     -1    123 
    87     37    -22     18      1    -51     12     41     34     15     25     35    -15     -6     14     -3 
    27    -53    -33     -3     38      9    -13     34     37    -35   -108    -35     -6      9      7    -40 
   -30     10    -11     -3     16    -13    -53     18     15      1     21     60     62    -14    -24      2 
    58     20     -7     -5      4      5    -11    -35     49     12    -19     46     42    -12      9    -80 
   -17    -14    -13      3     34     25     15      9     29     35    -44      5    -19      7    -35      3 
    52     -1     42     31    -17    -17      3    -34    -40    -24     16    -12    -33     32    -21    -18 
    23    -18      6    -14    -64     21    -31    -83     13    -64    -70     49    -21     21    -19      0 
   -25    -24     26     11    -47     34     28     14     -3     43    -57    -13    -16    -12    -17    -38 
     2     16    -19     -6    -68    -86    -13     -9   -212    -95      9     -8    105     23      9     78 
    -8      3      0    -33     14     -2     27     13     35    -23     27    -20     17    -13     -2      6 
     2     25      2     40    -66    -17    -45    -30     23    -54     -9     14      0     -6    -36    -12 
   -25    -32     -5     11     23     82    264     55    -12      0     24    -48   -308    -92    -10     -4 
    -3     18     -7      9    -36    -53     13    -15     19    -45     -3     37    -35    -33     22     29 
    11     41      2    -10     36     -6     55     83     14    -11     29    -19    -20     -4     13     -4 
    16     -2    -19      4    -20    -14     13     18    -13    -59     -7      0     -2     11     -4     19 
   -10     35     -6    -34     26   -147     47    -22   -242    -14     31    -66     38    -58    -64    -21 
    47    237     54     17    112     13    -97   -117    -13   -101    -80     88    -49   -107      7      5 
   -16     23     -6    -23     30      8      6     -5     32     27    -36      0     -5    -48    -21     32 
    -5     18     60     14    -21     69    -31     21      6    -20      7    -13    -21     59     16    -40 
     3    -77     49    -55     -9    -44     -7    -55    -92    -21    -50    -21      2     52    -36    -31 
   -13    -17      1      0     19     -1    -30    -18     -1     64     -4      2     12    -47    -21     74 
   -25     26      1    -53     14    -46    -17     44     25    -19     -6    -36      2    -28    -25    -19 
    -3    -58    -24    -31   -100     72    -50    -10     24    -46      9      9    -73     84     60      4 
    87     78      2     -7     30    -22   -204    -20    -75    -29     86    -64    104    -24    -29     40 
   -44    -42    -78   -143    -55    -34    -88    -24     29    -15     -1      3    -26    149     23    -83 
     7   -216      7     16    -32     30    -38    -78      6    -92     41    -37   -125    205     27    -59 
   -25     -3     21     52    -35     37    -31    -25    -28    117     53    139    128    -60     57     44 
   -33     49     96    -29      9     26    -32    -35    -17      7    151     72     -6     92    -62    -94 
   -26    -64   -127      1    -78     -1    -59   -134     92    -17      4      0    -77     -7    -25    -25 
   130      3     13   -101     80      2      9     65    -35     22   -110     -2     44    -35    -23     49 
    45     76    -72    -24    -19    -45      4     29    -81    -50     20   -118    -69    -69    -61     31 
   -47     80     46    172   -153     16    -28    -88     93     18    123    -21     32     24    -36     24 
   -34   -136      4      1     15    239     70    -78     81   -161     -4     10    101     23     85    -99 
   -46     53    -92    -22    -55     26     84    -43    113     89     33    133     39     -2     62    -11 
   -25    -25    -31    -71     60     33     70     96     71    107     -6   -145    -31   -116    -16    -35 
   125    -15     -5     14    -93    -24     -6    -88    174     40    -20    128    -79    -56     18   -119 
   -64     10    -68     28     -4     78     36    158    105     65    149    -25    -33    110   -148    -87 
    37   -115     44    -78     26    -21     13     10     54     41    -27     74    -47    -18     23   -104 
    54     34     86     96     78     19    102     77     37   -112    -33     61    -95     19    -32    -13 
  -111    -67    -76     21    -81    -53    -26   -145     20    -62    -11    173    -21   -122    -27    -44 
    64    -96    -90     14    -73    -55     20   -117   -174     19    -87    110   -104     -1    146     22 
    26     93    -17    -48     52    -65     46     86    -11     77     65    -40    -18      8     13    -41 
  -116      8    -58    -21    -16     54   -191     30     97   -119    -57     75   -156    -84    -89     27 
     4     31    104     16      7      4    -23   -126    106    -61   -187     96   -121     58    150    -15 
   -68      2    -73    -95     22      3    -32      9     69     -1    -10     -8    -23     20     20     -9 
     6     -5    -74   -132    -61     11    -78    -74    -56    -66     56   -104     10    -73    -99    124 
    53    -16     24     -2    -72    -38    -63   -231     55    121     87    141    -44    -40    -20     49 
    53     46     18    -75     -2     69    -13     42     77    -12     13     22   -107    -40     72    -34 
   -12    -28     37     97    -48     97     22    -45    -27    -19     74     22     27     16      3      4 
   -32     15    -47    -23    -62     -5   -101     22     74    -44     -7     35    -44     29     40     57 
   174     65     26     76     23     89    -89     13     32    -76     82    189     98      8    109    -91 
  -133     92    -70   -190     59     17    -76     51    -60    -67     36    -37    -35     19    -18   -106 
    23    -73    -47     64    -70      5    -21    -63      2      2    -48     12      6     67     51    -35 
   -34     48     12    -10     25    -29    -38     -7    -16    -53     20    -62    -46    104     12    -52 
    80   -176   -115    -22   -119    -30     57    -38     38    -76    -15    -56     23   -263    224    119 
    74    135     20   -100   -171     27   -125   -151    107    -27     48     10     -4   -189     68    -18 
   -43     97     39     13     50     19    112     82    -65    -60    -72    -57    144    -31     34   -119 
  -134    107   -107     44     33    -54    -76    -42     87     56     30     40    -21    -45    -13    -24 
     5     77    -72      3    -43    113     31    -56    -15    -15    -46    -54    -63      5   -235     -5 
   144    110    -31    -30     68     16    -42   -100     18     32      8     23    -24     39    -23    -49 
    21    -36    -39    -38    -11     26    -61   -100     49     43    -67    106     17    -79    -48     60 
   -56     -9     -9    -28     12    -25    -47    -99     -8   -114     82    -85     50      9   -120     35 
    70    168    -32   -304   -131      0     76   -105     24    -47    101     16    -82    -23    -70    -13 
   -70     -8    -20     54    -14    -52     -5    -46   -109    -34     -5     10     89    -76   -120    -26 
     4     -6    -60     68     45   -117     33     85      9    -41    -87    -31     36      3     39    -70 
   -22    195      3    -16    -44     25    -37    119     50   -123     18     19    -87    -65    -57     -4 
   -35     21    -47   -112    -24     39    -24    -58    -16     58    -51    -69      6    -12    -18     25 
    -4    -57      7    -40    -46     19    -58    -59    -39     18     37    209    -65    -44     52    -66 
   -33   -123    -26     67    125     98   -195    -26    -13     -1    -15    -66    -22     25      8    -30 
    20    -67    -50    -44     27     94    -21    -82    -85     55     15   -101     60    -66     -5    -95 
   -91    -46      6    -38    -17    -10    -61    103    -30    -29    -58     13    -27      3    -76    -11 
    15    -63    -37     40    141    -17     -2     44    -89     19     -1     48   -146     -6    -24     12 
   -74     -7     68    -42    -49     10    -68     -9     58     -1    -68    -55     56     48     -8   -100 
    14      8    -13     37    124    -59     27    -24    134      3    -33     72    -91     46    -67    -17 
    19     48    -61    -34    -15     -8     68    125    -84   -145    -45     11     -2    -42    -62    -16 
    30    -12      3    -19      5    -16      7     15   -110      9     41    -60     -3     29     20    -33 
    57    151   -133      1      3    -21     47     21    -36     44     90    -83    -21     15     17     12 
     8     12    -39    -53    -23    -36     27   -123     42    -21    -13     48     10    -32    144    100 
  -112     57     17    -79    -45     18     10      3    -28    -42     53     11    -49     28     -8     12 
    68    -20     67     37    -34     60    -81    -64     12     95    -54    -40     39     62     37     67 
   -87    -17     27     14   -112      9      0     -1    -96    -93     87     77    -18    -48     37     50 
   -34    -29     38     28    -29    -12    -41    -38    -10    -56    111      9    -76     69    136    -35 
    -7    -64    -24    -62   -167      8    169     17      0     43    -57     24   -136    -43    -30     -9 
   -30    -42    -54    -76      3     50     57     68      9    -77    -24    -34    -92    -41    -46    -59 
     3     -2    -38    -36     -6    -27     -6      7     20     61    -44    -63    -72      8    -50    -66 
    66    -89    -12    130     54   -102    -56    -27     49    -48    -66   -138    -46    113     61    -15 
     2     14     18     -7     81     18    -64    -27      7     -9    -59    -16    -44     67    -46    -59 
    18    -44     -3    -48    -61   -102     -1     22     65    -77    -16    -33     21     20   -158    137 
     6     36   -150    -11     66    -31    -24      5    -55     -8     -7     36      8     24     21     50 
     4    -28     51     29      0     23    -27    -30     17   -113     17     59    203   -139     12     80 
   -98     56   -107    -26     38    134    -48    -61    -27    -11     35   -155     -1    136     36    -10 
    -3   -144     14     18    -44   -232     10    -86     -6     60    -57     59    121     90   -124    -10 
    49     -7      5    -20      3    -39     21    150      0     25    -66    -35     -1    -52    134    110 
   -61     21    126    135     69     23     50    -27     -9     87    -20    -44      7     -2     10      2 
    24    -35    -34      1     28     -8    -15    -30     -6     10    -17      0    -27    -15     37    -12 
   -30     -2    -54    -23     20    -51    108     96      6      3     16     -1     16     12      2     17 
    26    -11     28      5     31     -6     21      7    -21    -21     20    -70     11   -136     52    227 
  -244     21    175    -12     -3     17    -35    -65     33     35    -36     31     28    -30     -8    -87 
    34     96   -249      8    255   -119    -29     65    -24     51    -52    -18     42    -18    -15      0 
   -18     -8     23     24     16     13     18      1      7      0    -21     45     -9    -33     46    -27 
   -20     -2    -34    -23    -57    -13    -22     37     14     10    -30      1    -44    -44    -12     52 
   157     66     -3     44      6    -73    -64      1    -68    -59    -16    -37    -51     18     55     39 
   -15    -10     17    -14     24    -58    -64    -35    -12    -15     20    -74     36    -10      3    -10 
   -15     14     50    -91    -52    182   -185   -170      5     -6     41    -16     18      2    -14     24 
   -32     31    -60     35     11    -51     32     20     -7     35     19     -1     61     -1     27     41 
   -61     66    -45    -58    -22     58    -24    -13      7    -33     -6     19    -15    -23    -37     41 
    84      2     19     13    -25    -21     96     19    -83    135     70   -136     16     14    -90     10 
   -39    -42    -17    -67    -13     12      6    -26     76    -19     42     48    -80     43      1   -103 
     4    -29    -44    -10     60    -26    -62     26      1    -12    -26     12     37    -41     20     -1 
     7     49     29    -28     52    -32    -36      6    -62    -21     -8    -52     24    -27    -51     27 
    16     43    -16    -57     -5     17     40     28      9    -11     -6    -26    -18     49     39     28 
    16    114    106    -11     17    -45    -51     13    -33      8     -7    -86    -30     52     22    133 
    14    -32    -72     17     12     45    -48    -55      4    -10     -2    -29     12     61     45    -13 
    -3      4    -29    -34      2     22     -4     49    -12    -29     60     21     37     16     -2    -24 
    15      4    -28    -10     51     31     10     30     10    -31    -74    -89   -142    -10     -2     -8 
     4      9      2    -12     22     11      3      1      3     -2      4     -4    -24    -11    -12    -27 
    20    -16    -20    -29      5    -12    -19    -17     43    -32     23     46   -166   -129    -13    -80 
   -12     10     -8     -3     37      9     18      4     -5     16     23      0     12    -52     52     -8 
   -33     37    -15     33     32    -84    -21    -69    -29     -9     -8      2     11     -8    -36     14 
   -21     -3     56     15      4     18     11    -21     -4      6    -31     23     79     34    -17    -10 
   -11    -17     -2     25    -15      9    -10     77     -1    -30    -23    -35     31     28    -10     26 
    19      4     12     -9    -13     -2    -22    -18    -10    -30    -38      5     36    -35    -18      1 
     5     20     16     19     34    -25     45    -29     -7     27     -4      8     29     -1      1     36 
    -3    -25    -11    -30    226     25   -112    156    102   -209     -6     28   -100     -3     -5     -4 
   -62    -25     66    -44      4    114     52     -1    -76     82    -24   -152    113    -21    -95      0 
    54     -5    -24     15    -24     17      2     11    -17     -3    -28      4      4    -54     10    -38 
   -41    -13    -24     30      8     -8     11    -62     16    -26     36     20    -34     39     25     -8 
    16     48     18    -32    -48    -15    -30      1     19    -64    -23    -69      2    -11    -11      0 
    40     -1      5    -18      1    -69     23     40     69     -4    -23      3     -5      5    -28    -20 
    62     -1     30      0     -5     19    -36    -24     11      8    -18      6     -2     -2      6     16 
    48    -41    -30    137     44     -3    110    -11    -21    -12    -64    -69     45     12     18     24 
   -20      2     83     46     11     28     23    -34    -11      3    -57     26     -6     35    -10    -34 
   -26     42     -1      6    -91     58     22    -86     72     32   -107     37     49    -63     -2    -21 
    35     45      2     35     16     -3    -49    -13    -12      8     -5     19     16      3     20    -46 
    21     59    -38    -15      0    -10     -1     -2     38    -15     30      1      6     20     -8     23 
    -5     64     25     27    -23    -52    -37      4    -24    -13    -21     26      9      9     -1    -13 
    19     -1      5     24     21     -5      1     -7     -8    -14     -5      9     63    -19     48     70 
   -62    -38     48    -45    -21     -4     24      2    -14    -10     -9     40     28     31    -39     33 
     5    -10     86     20    -24     12     -2    -26    -51    -12     37     -3     35     45    -14     14 
    10    -59    -95     -1     15    -24     13     19     24     36     34      7    -17     41     -3    -42 
    20     -1    -66     -4    -12    -66     35     53    -42    -12     13      6     44     66    -41     22 
   -15    -75     14     17    -39    -10    -22    -22    -13     21      3     23     68    -30     10     14 
    11     -5    -15     -3    -13     27     19     33     20    -36     22      3    -56      7    -16    -32 
    39     32    -45    -17      8    -64     14     -1    -96      6     16    -35     62     28      6     22 
    -7    186    -41    -42    208    -28    -22    153    -36    -25     59     29     52      7    -11    -11 
    31    -21    -22    -29    -27     -9    -73    -48    -28    -51    -22      8     54     35     -2     53 
     8    -10    -14    -45    -10     23    -25    -38    -16    -17    -28      3     50     21   -114     13 
    16    -19     18      1    -73     -7     -4    -71    -13    -40     -3     43     37    -12     42     36 
    17      0     22     -8    -33     16     28    -11     27     85     43     52     10     -9    -20      2 
    -3    -10     54     31    -12      7    -24    -18     -3     -9    -15     18     17      1     -1      1 
   -16    -11     -1    -46    166     97    137    -52   -149   -124    -46   -139   -115     85     25    -10 
    42      9     -2     27     -2    -19     34     11     13     36     42    -40      8    -18     -3    -39 
   -30    -27    -53      5    -30    -18    -21      7     91      7    -17     54    -12      3     -8    -42 
     2    -86    -18     24    -51     34     23    -48     58     29     26      2    -18     -2    -27    -15 
     6      6     -2     14     49    -32    -60     42    -33    -88    -13    -24    -82     43     12    -22 
    50    -15    -16     17    -20     66     26      5     24     -1    -15     43    -20    -18    -27    -33 
   -25    -25    -31     -1     52     -8      2    -11    -29     22     18     26     31     -7     -6     25 
   127    -31    -15     96    -13      1     61    -45    -35     66     -3    -12     37    -49     -1     26 
    -1    -11    -13     20      6    -21     -1      3     -6      6     11    -18      9     -2     -3    -14 
   -24     34    -17    -28    -66    -15      6     24     22     33     16      8    -15    -37     31     -3 
   -25     51     -7    -37     17     36     -1     -8    -63     67     23    -37     23      6    -17    -27 
    -8     -5     27      8     42      7     10      8     70     23     31      3    -40    -71     -1    -19 
   -27     37     36      7    -24      2    -10     11      8     38    131    143    159    -30     14     14 
   -38     -3    -12    -36    -64    -44    -78   -126    -74    -93   -102    -42    -12     26    -23    -15 
   -14    -25     10     -3     10    -45     -5     21     10    -31    -11     15    -39      5    -67    -44 
   -56     -4     -9    -24      4      6      6    -14    -10     28    -18      8      1     -3    -34    -16 
    31     25      5    -13     82    -44    -34    -15     19     33     49      5      9    -39     16    -51 
    -1    -16    -21      6    -12    -61    -18     27    -35      8     -6    -21    -30     -7    -54     38 
   -29     14      8      2    -25    -18    -57    -49    -90     51     80    -52      0    -28    -34     16 
  -125    -10     27     39     52     -8     46     45     25    -21    -38    -22   -104    -56    -18    -23 
    -1    -26     28      4     21    -24    -66    -44     65      1     36     29    -14     38      4     82 
    29    -29    -45    -10     37    -44    -10    -30    -28      4    -34      2     -7    -52    -37      5 
   -11    -23     14    -27    -13     24    -24    -51     17    -20    -43    -41     34     48     11     14 
   -13     30     -3     24    -52      7     19      4      8     84    -50    -45    -95    -99     27      8 
     3   -114    -80     20    -30    107      7    -19     75    -38     -9     37    -17    -46     20      1 
    33     55      3   -112     21     28   -166     18     21     25     -8    -46    -80     -3     -3    -46 
   -98      9     12    -17     -4    -95   -111     46    139    184     72    -16     47    -26     -3     12 
   -43   -118   -105     41     95    -16     24     93    -92     31     17     -1     40     38     13      3 
    55    101     48    -11    -48    -49      1    -24    -15     39    -35     39     37    -61    -12     -9 
     0      8    -36    -55    -36    -11     13     30    -71    -43    -20    -32    -78    -18     92     41 
    36     15      3    -27     10     60     18    -16    -29    -19    -23     24    -25    -75     -7     14 
    19     -4      4      0    -43    -12     85     -1    -14     26    -10    -34     -9     53    -41     42 
    31    -54    -19    -28     11     12     -3     -2   -114    -37    -27     27     78     -3    -23     35 
    15    -24     84     35    -44     33     19    -25    -18    -10    -33    -55    -18      7    -59    -27 
   -29    -40     -1     36      6    -28    -28      6    -58     -9     47     23    -27     31     25    -43 
   -37    -48     25     40     10     81    -10    -12    -92    -18     -3    -23     26    106    -56     20 
    43    -32      1    -52    -34   -106    -47     69    -47     47    239    116    215     63    -12     60 
    84     84     43    -20     28    -37      3     15     13    -91     90     -7    -45     80     15     11 
    74    -10     -7    121     46     39    -47     53      1      9    -51     24    -68    -35     72     22 
    11    -19    -13    -48    -21     21      8    -19    -57     -3    -23     12     25    -61    -32    -30 
    -2     -9     40    -48     50     38   -147     36     89     51     33     34    -19      6     77    -36 
   -17     27     -2    -24    134      4      8     40      1    -40     13    -69    -92    -10     41     62 
    27    -19    134     33    -90    -87    -63     -6     27      5   -147     -6    -48    -74    -22    -19 
    -5    -28    -13      6    -46    -27     10    -23    -15     46     11     23     62     63     13    -14 
   -11    -22    -34    -32     10    -44     14      6    -23     -7    -23    -22      9      1    -53    -13 
   -35     31    -16     13    -79     14     -4     22     17    -17      5      2     -5     -3    -22    -32 
    25     12    -26     16    -43    -30      3     28    -26    -30    165     24    -98    -73     -2     -5 
   -34    -19     11     15      4    -78     96    -57      5     41    -12    -19      8     35     -5    -16 
    14    -38     24     23    103    -24     28     54     19     41    -23     22     39     10     36     45 
  -107    -24     54     -1     53     18    -24    -19     -8    -87     39     51    -29     37     12    -45 
    -3     29    -37     25      6    -41    -69     -2     51     -2    -82     15     68     16     -8     22 
   -30     -6     11     40     27     20     40      5     57     26     12    -29    -20     10    -42    -44 
    76    -16      1    -28    -54    -37    -39     97     56     15     31     79    -98     19     55     31 
   113    -60     19     47     -4     -1     10    -22     -2    136     -4     14    -57    -38    -39    -40 
   -50    -54     -7    -43    -15     86    -10     -5     -4    -52    -42     -2    -31     -4     95    -11 
   -76    -79    -72    -15     17     45    109    -27    -15    -35    -78    -87    -72     36    -45    -20 
   -16     13    -77   -116     -4     85    -32     -3    -28    -64     -3    -43    -30    -19     29     -3 
    32    -68     64    -53    -66      5    -42    -32     44    -16    -35    -40    -59    -42     -3    -19 
    16     21    -11    -85     62    -97     -7     67    -76    -45    -57    -12     21    -19     29    -14 
    93    -11    -38    -70      5     44   -160   -126     36    -50    -29      3    112    114    -19     95 
     8    -86      0      9    -25   -110    -29      4     49    -14     -8    121    -59    -51     30    -58 
    27     13     -7     45      4    -68    -43    -95    -40    -74     71    -60    -68    -52    -38     28 
    48     42    -11     45    -22    -51      1    -25     -1    -40    -53    -36    -87    -68     53      9 
  -101     34     53     75    -30   -121    -47     33    -94    108    116    143    109      9    -12     20 
   -53    -28    -20    -62    -31    -50    -12     -7    -57     26    -75    -59    -12    -41     88     27 
    19     19    -20    -29    -16    -36     54    111    -30     23    -71    -45    -38    -21      7    -32 
    26    -21      4     13     34     -9     -4     19     33    -54    -87    -30    -84    -39    -20    -53 
   -13    -11    -31    114    -54    111    -19    -65    -13      4    134    -27     49    -94    -15     43 
    -9    -18    -42     24     -1    -68     24    -50   -118    -62      9    -17    -20      4     17     10 
   -13    -74    -50      5    -11     78     43    -17     56     49     33    -84    -10    -39    -59    -38 
    -3     13     29     -9     16     45     23     -8     31    -14    -79    -13     58    -48     10    -33 
   -61    -41    -19    -61    -15     86     40    -12     21     60    -15     -7    -16     -1    -15     72 
     1    -16    -25     -4    -80     37      7     -1     89     59    -19     22    -14     -7   -152   -113 
    35    -87    -11      4    -55     -6     35     56    -14     15      7    -15   -117   -130    -31     -2 
   -51      3    -10    -36    -31      1    -28    -22    -56     29     11    -85     33     66     29     49 
   -38     50     39      1     58    -44    -24    -83   -125   -103     32     53     29    -52    -47    -43 
   -60   -103    -28     63     69     -8    -11      5    -19     13     12     28     -8     21     33    -47 
   -19    -29    -53    -22    -84    -27    -65     26    -57    -11    -13      3     51     16    -57    -50 
    11    113    131     36    152    187     61      4    -19     21     30     49    107     -6   -105    -92 
    17    112     42    -47     62      6    -10     10    -28     35     11     29    -23     11    -13      6 
    43     19     -5     15    -39    -19    -71    -56     73    -44     67     22     12     -5    -39    -75 
   -53     42     51     28      2     52    -16    -67    -46    -28     57     36     -9    -48    -60    -53 
   -75    -84     24     15     14     49     21     16    -18    -20   -203     34     14    -58    -19    -23 
   -33     -8      9     60     26     12     39     34    -17     -8    -17     21    -60     -2    -11    -24 
     4    -33    -50    -58      3    107    -13    -60    126    -55     19     27      0    -15     -9     59 
    47     60     82     -8   -108     39     72    102     67    -91    -85    -47   -100   -114    -70     41 
   -12    -20     32      7      7     47     -2     14     65    -56      9    -73   -104     37    -35    -77 
   -24    -18    -95    -37    -17    -43    -21    -15    -10    -10    -34   -135     12     46      5     45 
   -27     -9      6     31     -1    -14     17     11    -21     20    -23    -16     42     18     58    -39 
   -65     17    -35    -58     25    -26     16     24      4    -49     25      7    -45     15      5    -32 
   -17    -29    -69     -9    -26      5     51   -107   -191   -158     30   -106    -85     99     24    -66 
    -9     24     12    -21     16    -15    -27    -38    -17    -28    -36     29    -39   -105      4     -1 
    27     41     21    146     75      6     89    -32    -30    -46    -68    -21      7     -6     -7     91 
    -5    -83   -120    -57    -21     50      4    -83    -53    -87    -15     12    -14     -9    -19     -6 
   -35     -6    -13     20     56      6     17      2     15    -21     31    -11    -14     14     10     65 
   159    107      9    102     49    -20    -92    -62    -70    -27    -67    -26     22    -57     -5   -119 
    -1    -97   -174    -91     -6    -48      7      7     43    -12     -2     22      1     35    -26      5 
    54    119     72    122    -58     18     65    -34    100     19     44     15      0      2     -7     16 
   -35      9    -32      5     25    -88    -36    -15    -19    -48     -8    -38   -151   -146    -77   -150 
  -112    -77   -181    -73     -7    -13    -10    -14    -16     12    -17    -45     -6      1    -16    -30 
    13     -4     11    -14      3     29     -1     22    -47     87    141     29     -5     80    -12     39 
     4      9     49     22      9     41     -7    -21      8    -17     17     16    -29     -2     34    -45 
    -6     -8     -3      7     19     23     49    -19    -21     67    -66    -56    -53      3     -1     -2 
    -9      4     -7    -15    -61     23     37    120    -18     -7     83     -7     -6    -23     -5    -41 
   -57     30      4      6      3     -2    -69     13     -3    -46    -15    -28    -54     27    -18    -34 
    -1    -62    -45      1    -22    -38    -56    -84   -128    -96     17     31     24    -37    -17    -14 
   -25     29     -9    -57    -10     33    -17    -51     11     -3    -46      2     17    -63      2     60 
    40     27    -26     -2    -18      4     -9    -18   -135    -61    -16      8     -1    -13     34     46 
    54      8     25     26    -90    106     17   -101    125     22   -155     57    -55    -53     10     25 
    -9     29      1    -50     50     -3     13    -28    -24    -23    -43    -48     -1    -57    -18     11 
    70     31    -53    -84    -86      4    -22    -41     75     80     15     23    -76    108    103     20 
    88    -86      6    -39    -92      5    -42    -11     -5    -17    -21    -26    -16    -40    -72    -36 
    55     64     55      9     -7     12     14    -19     27     54     76    122     -5     14    -18      7 
    28      9    -27    -25    -62     -4    145    -14     37    203     29      4    232     -3     11     50 
    -5      7     61    -65    -14     -6     74    -13     17     17    -80    -40    -28    -65      3    -70 
    39     18     47    -19    -28     50     61    -35     69     -9    -11      8     31    -13    -12     19 
     7      6    -10    -39     -4    -44      7    -62    -61    -62    -71    -25    -37    -12    -15    -35 
     5     12     48     28     -4     39     49     36     26    -20    -16      6    -53    -69   -129     18 
   -66   -160    -91     25    -94    -64     25      2    -26    -13     74     33     35     60    -15     41 
    37     19     31      2     12     25    -24    -12      3    -41     -8    -59      4     -9     -5     66 
     8     15     -3    -42     13     91     35     54     83     -1     18     60     -4    -35     42    -64 
    -1    -43    -12    -35      8    -75    -32    -14    -36    -68    -55   -105     -2     22    -31     11 
   -18    -36     60     17     44     18     55      7    -12      0     10    -26     24     -4    -62      3 
   -20    -35    -15    -41    -10     25     35    -22     18    -24    -11     52      5      7     86     15 
     3    -14      4      6    -17    -18     -5     12    -13     -1    -29      0    -31     13     39    -17 
   -48    -14    -16    -20      3    -10      7     -6     -7      3     20     17      0     11      9      9 
    -7     -7    -39     -5     17    -14     23     -6    -57    -13     -7    -49     34      3     -5      7 
    12    -14     -4     -5    -19    -11     32     17     15     14     31     13    -23     33    -31    -25 
   -16    -18      1    -22    -16     -2    -23      4    -21    -19     -9    -46    -33    -37     10     63 
   -26     -7      5    -22      9     14    -24    -10    -16    -28      7     -9      4      0    -17     11 
   -33    -51    -19    -40    -59     -7    -29     -7    -18     50     63     18    -27    -14    -37     33 
    25     21     -1    -30      3     -6     48     -4     23     55     34    -22     16     -5     -1    -29 
    31      7    -46     30     -7    -57     22     18    -17     35     24      4     52     41     68     21 
   -12    -33     26    -29      4     22    -20     -4     -5      8     -9      7    -17    -45    -42      2 
   -93    -40    -15     -1      7    -65    -41    -41    -15     33      7      3     19     24    -14      9 
   -30     23    -13     14      2    -25    -12    -13   -114     -7     -9    -26    -15     32     10     23 
   -20    -25      8    -34     11     27      3    -35      5     23    -43      6    -17    -48    -13     -5 
    14      5     -8      9     37    -37    -28      1     16    -18    -43    -30     27    -28    -21    -86 
   -41     10     23     -2     27     10    -19      4    -18    -19      1     43    -13     -7     18     -8 
   -49    -58    -50    -21     22    -16     -5     47      2     38    106     20     10    -22     17      9 
   -30    -25     -3     11    -29    -12      4    -25     14    -16    -19    -29    -30      5     13     48 
    -7    -18    -16     31    -27     10     39     41     12     -1     12    -24    -14     15    -94      9 
   -21     -8     13     23      1     12     22     38    -18     15     47    -21    -11     58    -20     22 
    48      7    -14      0     -5     29     -3     -3     25      5    -24     -3    -33    -29     -6    -29 
     1    -10     37     19    -28      0    -20      5      5    -11     27     23      1    -43    -65    -29 
   -14     -9     30     18     22     12     -1      5     -1     25     28      6    -20    -40      3      4 
   -19     27      7     -2     -2    -21    -43     -1     16    -29    -14    -33    -13    -16      5      1 
    35     26     11     23     23    -20      7     75    -53     41    -18     18      1    -14    -18     -7 
    17    -21     -8     21      3    -15    -26    -13    -15      9     34      7    -37      2    -15    -17 
   -11    -42    -49    -60    -19    -19     37    -22     -9      2    -35     -6     11    -55    -28    -18 
   -48     33     36    -32      9     15    -21     25     16     -4     -8    -30    -20    -34     18     84 
    -2     -5     27      8      5     72     41      3     51     14    -23    -24    -16    -25     27     -9 
    21      1     -1     -7      9     -7     53    -33    -11    -31    -10     18      2     -3      6      8 
     1    -39    -25    -28      1    -13    -29    -30    -26    -13      3      5    -19     31     16      7 
   -11     -2    -15     -1    -75      5    -13     -8     44      3     -2    -12     15    -41    -27    -20 
   -43    -11    -30    -55    -19      8     91    -14     10    -47     -7     -5    -54    -23      4     21 
     7      8     19     12    -34    -31     -8     22      0    -10    -28    -25     -4    -25     -1    -22 
     6     37    -12    -28    -44    -55     -1     46     -6    -12     81     -7    -15    -33     -9      9 
   -49     -1     15      8     -6     10      4    -14     -1    -44    -28     21    -45    -38     29     -5 
    12      1     25    -24    -12     -9    -19     -4     11     -3     -8     -5     -8     -9    -46    -13 
   -18    -25    -56     14    -40    -51     -1    -60      3     33     -5    -12     35    -26     22    -24 
   -50    -49    -38     32    -69     22     33    -25     41      1    -33    -21      0    -20     10     34 
    11      4      8    -10    -48     -1    -48     -9     16    -44     28    -16    -29    -36    -10    -54 
     8     34     57    -18    -32    -11     27     30      4     23     46     -3      8    -20    -16      0 
   -16    -69     49     42      9    -23     13     11      2     11     -1      7    -13     12     33     25 
    47    -28    -41    -21     -1    -17      9    -35    -32    -33     -2     -6    -21      8     10     -5 
    17     11      2     13     24     12      2    -26      7    -36    -56     11    -30     18    -18     23 
    79    -61     -9      3    -11      0    -21     35      9    -20     33    -55    -82      4     -6     35 
   -50     10     76    -53     12     49    -12     21     28     -5      0     -7    -16    -11    -10     24 
   -32    -31     -7      5     31     28    -22      8     -4      9    -10    -25     -3     -4    -35    -39 
   -15     -4     19      7    -39     46     56   -102     57     65     34     23      0      0     22     18 
   -15    -18      4    -16     12    -20     -3    -16    -40    -63     -8    -13     -5      4    -16    -26 
    24     -4    -12     23     -6     11    -23     21      8     -4     12     12      9    -53     -2     16 
   -24     33     16     -8     -5      0    -22    -42    -45    -27      8    -47    -66    -73      2    -57 
   -33    -19    -48    -42     23    -11     -5     31     28     39      4     29     25     12     23     -3 
    -6     13      5     24     -9      2     22    -11    -14     -2    -14    -45     35    -42     -7      9 
   -51    -12     -6      0     12    -30    -39     -3     31     31     13      0     -5    -16    -13    -78 
   -34      1    -54     15    -22      0     17      3    -49     37    -15     18     33    -47    -41    -39 
   -19    -80     44    -24    -72     26     -1    -56    -17    -11     41     -2     10      4     21     -8 
     0     18     15    -14    -24      6     44     17     -5    -28    -33      5     -9     -4    -36     26 
     7    -14     33     15     -7    -13     26    -10    -19    -20    -13    -11     -1     30     -3    -18 
   -24      5     20     -2     13      1     -9    -27     13    -29    -40     -4     16     -1     17    -13 
   107     10    -30     31    -13    -11     13     12    -41    -65     -3    -57   -105    -59    -20    -33 
    34    -13      8    -32    -16     16    -16    -21     24    -30    -30     53     38    -12     11     30 
   -19    -31      3     16      9      1     27     24      8      2     13     32     31    -14      0     -4 
    -8      7      8     21     65    -31    -18    -44     11      2     15    -23     -8     45    -17     19 
   -16    -31     24    -11     14    -15     13      6     12     -8     51     44      2     12      7      5 
   -15     -2     34      0     17     34     35     18      2     22    -21     -6      6    -28     -1     11 
   -21     -7    -60     18    -24    -41     17     -2    -12     14    -30     -8      9    -25     12     21 
   -16     11     22    -15    -65    -28    -88     -5    -36    -40     -4    -27     26     12      4    -41 
   -19    -38     -3    -31    -73    -33    -12    -15    -13     17     -2     -3     15     -2     40     -6 
    40     19     14      5    -15    -10      2      6    -39     20     19    -62     47     24    -54    -15 
    11      5     71     41     -2     11     28    -40    -26      3    -13     58     21    -21     72      8 
   -28     16    -18    -15     45     42      9    -40      6      4    -12    -26    -14     52      7    -14 
   -26     15    -30     -3     -3     17    -36    -28    -37      1    -11     12     14     36    -46      3 
    41     -7    -79     39     21     -5      4     -7     -5      2    -22      6    -20    -17     28     -7 
    25    -72     -4     30   -107     25     21   -117     41    -55     37     64    -23      0    -23     -2 
   -10      8     36     57     41     91     37     12      9     31    -13      4     54    -16    -27    -29 
   -60      7      5    -37    -32     17    -15     47     10    -83    -12    -64    -47     24     86     -1 
    16     87    -22     37      2    -22     20    101     39     53     23    -46     64     34    -20     -6 
    60    -39     15    140     39    -15     85    -73    -12    -10     -8     -3      0      4    -30     11 
    23     22     37     41     26     65     30     31     69    -16     17     29    -24    -29    -24    -20 
   -24    -11    -34    -66    -41     -6     16     29     47     23     42    -17    -23     40    -31     17 
   133    -48      6     77    -52      5     10     21    -20    -43    -95     -1    -55    -44    -42    -43 
   -33    -25     23    -18    -24      6     50     31      9     29      5    -28      9      8     -2     -7 
    19     25     -2      4    -43    -26    -42     18      2     -4     56    -28      6     80     -3      1 
    35     30     40     56      8     37    -12    -50    -16    -23    -31      4    -77    -54    -14     12 
    18    -58    -12    -41    -28      7    -25    -23    -31    -18    -39   -109     61    -12      1     34 
    23     21     21    -18     13     18     31     59    -30     33     57    -69      9    -72    -47      2 
    31      7      5     27     -7     20     -4      8    -25    -57     35      4    -67     -6      8    -93 
     6      4     33     17      1    -28      3    -13     11     46      8     -7      3    -21    -30    -24 
    -6    -44    -27     40     43    -37      7     24    -11      8     25    -29     -3      1     11     24 
     3     -1     15    -17     12     35     10     16    -12     -1    -24     -6    -49     -5      8      6 
     1     26     12    -21    -22    -17    -31    -46    -24    -35    -30     28      3     25    108     51 
    25    -22      9     27     -1     69     -7     21     76     -9    -62      3     20    -48     31     -9 
    -7     12    -32     -1      3    -36    -21      3    -27     -1    -10    -34      2     25      7     74 
    39     11     75     22    -98    -42   -115     20     42    -22     13     33     -8     39     52    -12 
    -1     47      4    -21     12      8      2    -52     28    -30    -41     -5     26      7     17    -26 
   -90    -49    -50   -168    -51     14    -83     18      0    -20     46    -38    -96     64     40    -27 
    74     -5      3     25    -34     25    -16     17     97    -42     -3    -28     32      7     21    -19 
    -9    -10      7    -55    -57    -26   -101    -82      6      1    -12    -33    -17    -33      7     -5 
     9     35     23      1     30     31      3     25     -8     15     -9     -2     12    -55    -18    -46 
    14    -76   -101      0     -1    -99    -33     -3     48     35     18     14     -8      1     58     20 
   -60    -55    -38    -22      6    -20    -41    -16      9      0      8     21     17      1     17     -2 
   -43     32     16     -6    -18      4    -36    -34      4    -78    -34      6     20    -23      0    -13 
   -23      6    -12    -28    -15    -20      0    -28    -55    -64     20     24     54    -69    -62    -19 
   -11    -74     24    -31    -66    -25     11    -96     51    -16    -37     58     51    -19     78     14 
     2    -14    -13      7     16     -9      5     -1     16     24     -2     10     -1     41     13    -12 
    -7     -1     10     28     40    -15     34     25    -42     36    -32    -83    -11     10     34     -7 
    23     27     26     -6    -92    -17     42    -66     14    -18    -63    -34    -14    -95     15     43 
   -31     25     17     11     18     11     18     20     27     32     25     17    -36    -10     36    -42 
   -70     34   -119   -121     35     27     19     -6     25    -10      5     51     12     41     60      2 
    31    -40     10     71     -6     26     -1      9    -38     22      4     14    -56    -40     -4    -30 
   -45     17    -46    -33     -3    -14    -48    -89    -83    -32     74    -37     47    -30      2   -108 
   -47     47    -70     21     -3     38    -21     79     88    -39    -36     26     32    -53    114     65 
   135    195    -54    -55    -99    -37      6     19    -22    -61     89    -18     -9     76     -9    -44 
   -32   -169     -1     37     25    -55    -53    -43    -29      7     22     19      5    -26    -19     -4 
     3     34      7    -18     12    -25    -16      7     12     73     23     36    -16    -13    -96    -22 
   -58    -17     31    -14    -54    -42    -71      9      0    -10     23    -15     21     30     72     33 
    85     48     66    -41     63     19    -38     63     30    -10    -60     -2    -35     31    -25    110 
    10     17    190    -38     14      3     -8     19    -25    -27     -6      7      1     11    -24    -14 
    21    -50     11     23    362     94    153    238   -127    -16     -1    -65     25    119     -3    -47 
     8    -72    -30    -19    -23     25     55    -64     41     19     22    -61      6     76   -109    151 
   -91    -74     93    -62     27    -19    -62    -48    -53     11     10     71    -40    -18    -27    -32 
   -42   -107    -38    -51    -60     -5     36   -148   -102   -100   -231    -69    -88    -88    123    -33 
    26    100    -39    -67    -84     34     19    -73    -12    -57    -43    -38    -52    -41    -25    -29 
    23     25    -21    -36      5     -9     43     -9     79     23    -22     14    -32      0    -12    -30 
    -4     -4     31     66     12    -20    -44    -76     -8     10    -33     41    -28    -36      2    -57 
    27     77    -43     10    -27    -76     39     41     28      4     11     72      8     -9    -62    -64 
    16    -57    -66     20      4     95      9    -67    100     59      2    142     27     47     72    -49 
    41    -44     61     -7     -3     88     24     33    -45      6     21    -22      7     27     41     26 
   -23    -10    -35     42     74    -33     53     15    110    -10    -17    -24     12    -19    -25    -56 
   -46    -21    -72      5     27     44    -33     30    -28    -51     22    -24    -57     90     19     15 
    78     68     77     -3     14    -25    -70    -64    -31    -26    -11      1     21    -42     23     38 
    57    -95    -30    -41    -49    -11    -71     25    -51      5    -42     14     44    -42     -6     54 
   -22     12   -112    -21      0     13    -49     24    -99     11      4    -12     19     27     11    -15 
    38     34      3     34    -12    -59     25     61    -44    -19    -30   -102     -2     -4    -24    -40 
    62    -16    -33     24    -93     97     12     40     54    -12    -27     -1    -25    -19     28     38 
    60      2    -15     34    -11    -48      7    -40     -9    -28    -67     34    -46      0    -45    -78 
   -61      1    -43     43     74    -41    -28    -38    -86     23     -3     32    -35    -16     42     -6 
    44     23    -55     47     -1      4     94    -78    -12    -47    -28    -19     31     -5     -2    -50 
   -25    -52    -11     18     57     73     20      5      1     32     10     53     69     15    -63    -44 
    37    -24    -35     29    -35     17     -6    -28    -61      0    -61     -5    -39    -72     54     25 
     6    -44     -5      0    -11     40     46     -6     12    -22    -29     25    -21    -31    -27    -65 
     2     41    -30     28     44    -85    -13     22    -39     23     12    -60    -37     -7    -95     23 
    17     -3     25      1    -35    -32     20   -145    -98     -2    -79    -23     -7     39    -78      1 
     7    -14     32      3     -8     10     26     44     53    -66     -2     83     -1      7     56    115 
   136     59    -64     31     48     18     88    -25    -52    -37    -45    -55      3    -71    -25     50 
   -21    -14     80    -17    -36    -46     21     44    -45      4     63    -16      3    -61    -73    -68 
   -59      2    -39     28    123   -112   -132     64    -85    -24     51    -28    -26     17     -3    -39 
    25     17    -26     11     51   -124    -52     19   -126    -67    104     21    -23     91   -137   -297 
   299   -125   -210    124    -54     33      3     12    -71     11    -36    -29    -36    -78     21      2 
    -4    -21    -18   -113      2    -22    -46     73     45     19     -5    -60     18    -12     -9    -28 
   -14    -11      4     12    -23    -70     29    -20    -42     29     -7    -13    -29    -19     24     -7 
   -20      3     16     11     10     29    -28     31     56    -21      3    -16      4     36     33      7 
   -78    118     -5    -74     93     -7    -43     49     49   -136     -9     23   -113     15     21    -29 
  -113    137    160     28     83     37    -97      4     -7      8    -25     -2     26      6     13     34 
   -15   -130   -245    123    231    -43     58    171      6    -12    -56    -14     28     26      3     18 
    33     15    -28      7     99    -27    -51     74     43     -2     34    -22    182    115    -24    138 
    85   -205   -173    -31     16     24      5    -13    -17      9    -29    -26     -1      8     49     11 
    -2    -43     19      6    -33     11    -16    -34    159   -225   -212     81     -3    -70     48     41 
   -15     46      0     21    -21      6    -34     16     24    -70    -54     -1     -9     25    -68      6 
     8      3     38    -30    -94     21      0     71     35      4     40    -26     -7      3    -23      6 
   -23     -9      9    -16     14     41      4    -41     19     -6    -71     -6    -12    -13     33     37 
    -3    -11     -1    -16     12     54    -65    -46     48      4    -14     18     35    -31    -37     19 
    38    -51     34     38    -38      7     -3    -27    167     21      4    130     -7   -100     32    -22 
    29    -18     12    -25     28     -1    -22     -7    -31     11     13    -43     13      8    -15      5 
     4      1     26     -5    -35    -41    -60    -46     -6    -53      2     19     10      4    -16     29 
     9    -40     -7    -20    -43     -8     22    -54    -63    -35    -31    -44    -23     -4    -45    -18 
     4    -50     16     -7    -14     37    -14     -6     34    -36      5     10     47      7    -49     11 
   -16    -30    -56    -47    -59    -33    -67    -53    -30    -47     29     52    -13    -27     27      1 
    -1     11    -33     50     57      8     39    -55      0     24      7    -26      2     -5     47      6 
   -13     -4    -34    -54     25     15     11      1    -49     34    -35    -15    -32    -21    -25      3 
    63     10    -13     32    -61     21     73    -24     -6   -138    -56    -35   -169     -3      6     39 
   -30    -18     17      6     36    -12    -23     -1    -64    -29     58    133    -50    -30     54     12 
    12    -21    -13     13     29     16     22     62     12     10      5    -70    -11     17     -6    -32 
   -20     -2    -25    -17    -31     -7     67     -7    -32    -33     18      5    -14     -4    -12     -3 
    -7    -23     -3     42    -31     25     68   -121    -18    103     -7     34     -9    -52   -120    -39 
    26   -102     29     94     86     -1     27    143    123    -56     62     93    -91    -29    -33      9 
   -46    -14     16     17    -17      7     48    -18    -32    -60     43    -27     36     66     -5    -19 
    49     10     -5    -23     21     -5     -6     71    -20      9   -107     94    -35    -34    116    -21 
   -23      8     32     -2    -12    -22    -55   -136   -109     36    -78    -48    -51     39     35     -6 
    31    -15     -2    -29     19     -7     13     -4    -14    -38    -12     56    -23    -18    -33      9 
    26      9      0    -38     33    -16      4      0    -31     38    -23    -81    -47    -42    -12    -31 
    11    -29    -36     49    102     -8    -15     -9      4    -35    -14     14     27     -4    -17      2 
    -5    -17    -24     33     99   -112    -26    120    -35     -7     11    -14      1     11    -10     -5 
     8      6     20     11    147     -4   -109    169     49   -110     82    -46   -109     27     86    -17 
   -43    -49    -42    -84    -11     17    -81     43    -33     17     -8    -30    -14    -63   -102    -64 
    73    124   -194     14    192   -113    -61      6     27     -3    -33    -51    -39     -5    -61     14 
    17     17     11     -8     -9     48    -10    -17     27    -33    -28     28    -34    -43     17      3 
     8     -5    -24     -8     -4     12     -4     22     16     -8     41      3     57     -2    -37    -24 
    34     19   -137     -7      5     64     67    -42     24     -7     10    -12    -54     26     47    -12 
  -132    138    -34   -140     97    -10    -65    -27     34     48      6      4    -20     21     -4    -30 
    -3     67    -14    116    -17   -118    -11   -107    -18     29      7      3     22    -12     40     18 
   -11     20     37    -35     26    -68    -25     35     35    -28    -11    -12    -13    -16     26      5 
    94     17    -31      9     -1    -21     67    -13      0     27     -3    -33     -1     13    -23    -17 
    18     30     13     32     -4     10   -163    -94     41   -222     83    162      1     54     43     31 
    38     -2      7    -28    -61    -16     27      8    -90   -115    -48     32    -64     27    122     27 
     2    -10    -38    -14     87     11    -80     11    -18    -33     -5     13    -26    -51    -16      2 
    20    -17     -2     47    -53     44    -74     39     31    -17     -5     37    -56     15     15     83 
    48     -3    -26    -58    -11     37     29     50    -34    -32     29     16    -46    -22     -9     13 
    31     10     -4     11     -2      1     11     74     18    -49     -9     -4     27     -6     -3    -38 
    56     31     58     25      1     22     52    -24     -2     33      1      9     13    -14     12    -29 
    15     39    -14     38      4      9     58      6    -32     10     -3    -14      4     37     -9      4 
    21    -31     -6      3     14     21   -136    -10      5   -136     31     23   -135    -13    -15     42 
   -33     30     63    -12     28      0     -7     30    -11    -88      4      0     -3     15    -13    -33 
   -35    -62    -42    -66    -34    -23     -8     44     -9     32      1    114    -89    -72     27    -10 
   -22     14     31    -24    -36      5     -9    -18     24    -38    -11    -22    -23     -5    -33     -7 
   -31     38     20     49     35     32     81     93    -13    -74    -20     34     31     79     -7    -18 
    56     -9    -21    -38    -43    -32     35     25    -64     61     84    -13     36     56    -16      1 
    36     -4     41    -25      2     40    -44    -77     -9     24    -19    -39    -13     13    -15    -49 
    45     11     17     69    -43    -75     19      5     17     -9    -15     -1     37     -8    -56     13 
     3     17    -18      2    -12    -10      8     53     10    -15    -23      9      3    -13    -13      0 
    35     -7     -5    -13   -169   -112    -19     99     47    -50    -25     55     26     22     73     33 
   -15     37     88    -26    -13    -16    -82   -221   -110    -42    -14    -16     18     66     58     16 
   -18     -4     51    -22    -39     11    -17      8     10      0     -7      2    -47    -57     15    -54 
    -8      2     16     18     91    -26    -25      6     34     11    -83     63      0    -44      0     21 
     9     15     19    -63     -2     18     -6    -33   -111    -31     10     19    -43      8     49     12 
     2    -30      3     10     12    -20     34    -21     18      5     20     -6    -36    -47     14     68 
    29    -25    -44    -27    -34     -3     45    -46    -10     28    -45      9     64    -41    -12     22 
   -15      0     50     34     -5     -2     -1     -1     29      8     14     25     -3    -47     27     47 
   -72     25     -6     34     29     60      6     25     42    -18     14     19     27     23     -8     23 
     8    -21    -17    -15    -20     -8     -6    -43     -1    -11    -27      8    -22    -42     16      8 
    -4    -14     13     10     -3    -15     10     18     11    -15    -53    101     52    -96      7      5 
    -7    -40      1     -6    -69    -69      4     15      2     11     16     -2     38      6     -9     17 
    -1    -58    -31    -36    -21     27    -55      9    -43    -29    -37    -18    -49     -8     27     -2 
    -7    -16     -6     35     97     39     -5   -100     -3    -30    -30    -21     10     45     -2    -39 
   -27    -18    -24    -36    -29    -15    -62    -30     13     14    -31     -7      3    -21    -13    -35 
   -17    -54     13     12    -35     18    -14     17    -29     18     -1    -73     -8     -2    -14      7 
    -7     38     -5      3    -36    -27    -27     -8     34     14    -49     -7    -15    -59    -19     14 
   -10      7    -19      4     -8    -19     35    -20     24    -22      2    -18     -6     21    -33    -42 
    -5    -20    -33    -37     -9     -2    -14    -54    -22    -79      0    -38    -38    -25     -7     33 
    21     -2     -5     -7     38     74    -79    -36      3    -26     44     -9     -4    -16    -79      4 
    22     18    -12     49     10     -4     10    -18    -10    -24    -45    -22      8    -67    -46    -41 
   -50     33     20      0    -40     32     13    -31     34      7    -20    -28    -32     41     82     -5 
   -24    -45    -26      6      8     34     28     -7     22     25    -14     37    -30     10     -1      0 
   -38     28     20     31    -11    -73    -94    -52    -91     19    -10    -56    -28    -10    -31     32 
    22     51     65     13     -4     19      3     -6    -40    -58     -8     86     36     24     56     11 
   -19    -48    -14    -14    -86     18      4      9     -7     -2    -43    -25    -10    -43    -42     27 
    46     25     29     14     13      3    -24     78    -15     -2     21    -14     60     47    -16     27 
    16    -12     -1     12     -7    -32     62    -37    -60     18    -12    -45     27    -14      1    -27 
    26    -23     24     43    -11     29     25    -13     18     76    116     47      2     19     20     26 
   -12      4     29     27      0     25     -9     39      1     23     38    -12    -19     23      1    -19 
    -7     12    -36      2    -17     44     -1      4     92     38     10    -37     -3     -6    -20    -12 
     7     12     -4      2     40    -30     19     56    -40    -13    -14     36    -25      4    -44      5 
    24    -33    -40    -73    -25    -13    -38     -8      8    -26     -7     27    -49     12    -22    -35 
   -35    -25    -92    -23    -19    -44    -29      5     12     -5     11     73    -20     14     35     39 
    11      4      5    -29    -22     -4    -44    -19    -10     26     23    -23     46    -35    -33      1 
     1    -37     -6    -25    -13      3    -42    -19    -36    -21    -39    -47    -23    -42      1     -8 
    -4    -17      6    -16     -2     13    -41      0     -6      4    -10     -8     -8     -8     -8    -14 
     7    -49    -32    -41    -37    -15    -25    -49     21     34     43      4      1     47    -15      7 
    22      2      0    -12      2    -30    -55    -43    -36      1      1    -36     80    -13     -7      3 
   -37     12    -10     -1      6      8    -14     68      3     20     16      3     13     29     13     25 
    14     96    -19     36     54     49    -52   -146    -89     17      6     19    -11     46    -11    -34 
   -51    -18    -12      9     -5    -20     36      2    -20     56     22    -20      7     11      6    -35 
    10     -6     -8    -11      8     49    -20    -27    -42    -13    -79    -97    -75     -4      5    -20 
   -20     33     39    -33      8     32    -10    -17      3     24      0    -16     46     23     -7     -2 
    14    -30     -3    -27     12    -13    -42     13     -9    -14      4      1     12      8      6     -9 
    -8     25     20     13     12    -17     11     21     24     17    -23    -15      0      2      9     11 
     9     -5     28     15      4     15      4    -25     -3     12    -35     10     11    -18    -10      9 
     2     24      5     40     43     -5     -3     45     16     47     27     43     18     18     22     -6 
    -3    -13      1      2    -18     27      9    -30    -34     -5      7     15      8     10     41     34 
    -4     14     10     14     39      8     -6     18      1     24     19      3     -1    -20     15     30 
    -5      3     24    -21     11     10     39     24     15     54      2    -15     32      6     14     19 
     6     10     50     27      6     21     24     16     32      5     20     46     16      9     11      6 
    13     11    -11    -15    -42     -1     20     36     22     46     69     53     41     94     47     13 
    34      6      8     10      9      8     18     14      9    -22     22     26     75     32     12     34 
    26     29     47     26     30     32      6     13     39     -1     -8      1      9      1     33     25 
     8     21      7     -1     16     -6     46     51     14     13     55     -2     24     15     22      8 
    30     -8     18     40    -17    -19      2     -4      6     25     16     27     32      4     23     20 
     1    -21      8     12    -28     18     24     11     -1    -12    -25    -40    -15    -33    -39    -20 
   -23    -19     -5     21     -6     30    -17    -33    -21     -4    -17     -4      9     49     -1      8 
    14    -21     -9      8     -7      2     20    -13      7     15    -18    -18    -39    -22     -2      7 
   -10     16      5      1     15      5     17      7     91     38     -7     96     49    -11     23    -18 
    -2     16     11     -9     20     24    -23    -10      2     18    -75     -2     33      4     30    -15 
   -36    -10    -11      9     11    -11    -19      9     22      8     -1     44     14     18     18     42 
    12     17     40     13     11     -1      8     -1     -4      4    -25    -46    -36     27     33    -12 
   -10     14    -15    -44    -19    -65     14     24      3     50     56     16      9     12     -2     21 
    33     26     25     79     54      5     34     22      8     24     -6      4     -7     33      9     19 
    29     16     32     36      6     19     20     -3      3      7    -19    -46    -34      0     10    -19 
   -14     -8    -11     -7     26    -16     21     14     -9     21     -7    -21      6      8      9     25 
    63     32      0     21     12     24     44     17    -15     -4    -19    -30      9    -28     -6     -7 
     1      5     -8     -5      3    -12      0     19     48     35     52     42     12     19     10     10 
    23    -17     12      5    -34     -4     28     -2     23      8     24    -36     30     -9    -99     16 
   -14    -32      7     14      4     28     36     30     15     37      7     -8     24    -11     14     41 
    30     -5      9      6     12     28      0      2     -3     25      6    -13     12     18     51     27 
     1     38     30     -7     41     29    -23      1     27    -13    -17    -12      1      0      4      8 
    31     21      9    -22     -8    -10   -103     -4     -2    -22     -6     -7      5      8    -10     -7 
     8    -13     -9     -2      2     22     16     22     27      0     -1     12     19     21     15     18 
    34     32     -7     -2     24     29     -3    -33     24     18     24     16     36     20     18     -9 
     3     11    -23    -20    -18     49     65     20     12     68     53     23     46     38     32     38 
    -9     24     89     43    -24     27     10     19     34      6     15     23      6     -8      1    -12 
    39     77      0    -76      9     37     13    -12     -7    -38    -37    -25    -32    -48    -15    -48 
    37     25     -2     30    -32   -238   -174    143     34    -84    -50     11    -42     -3     38    -75 
    -4     30    -23     19    -53     12    -35     40     97     70    -21    -88     24    140    -24    -83 
   131    -93    -97      4     19      3     58    -39    -28     -6    -20     10    -35     -4     17    -62 
  -135    -41    -35   -261   -171     73      0    133    -21    -10     -3    -48    -18    -36    -91     40 
    65     56     28     -9     40    -23      6     43    -12    -41     -4    -10    -22     16      5    -70 
    26     -4    -30    -10     33    -57     -4     36    -67    -16    -10     -3      0     22    -10    -85 
    -3     66     23    -32    110     55     44     44    -23   -170   -110     -5   -112   -122   -152    -13 
     5    -24    115    100    -16    119     71     17    -19     -8     21    -18     28      2      8     12 
    24     24    -41     41     21    -15    -30    -29    -83    -47     14     56     30     31    -21    -11 
   -31    -99     35     17     10    -75     -1     30    -38     20    146    -48    -86      5    -23     23 
    39     -5    103     47    -25     14     25     34     -6    -15    -17     33     24     77    -64    -26 
    39     -1     21     23     -9     11   -116    -47     22    -89   -148      6      0     -1     35     15 
   -53    -73     -5      4     54    -18     20     -8     75     78    -25     81    136    -61    -61      6 
   -85     -4     -4     55     18     16     19      1      4     33      9     18    -24     12      8    -46 
     7    -17     -4    -52     43     31    -32    -60      3     21    -25     72    -14     33      0     16 
    -2     12     29      4    -27     -8     -7     27    -42    -84    -76     21      3      9    -13     20 
   -58    -27    182     62    -16     14     50    168     89     23     61    -14    -73     -8     -6   -101 
  -156      7      1    -43    -73    -28     53    -31    -47      1    -25     -8     18     38     10     14 
    -1     30     47    -68     -8      5     -6     20    -12     -5     36      2     -7     -1     26     25 
   -19     -5     17    -68    -34    -75    -20    -40    -57     23    -41    -23     81    -36    -11    -27 
   -11    -10    -29    -10     15     16    -10    -35     -5     21    -14     -2    -14     -9     -4     13 
    -7    -56     21      7     -9     -2    -46    -23    104     44      5     92    167   -105     -2    -49 
  -125     48    -41      7    -34     28     40    -17      2     14     19    -33     15    -13     11     19 
   -24    -32     13    -17    -25     12     16    -27     -3    -13    -38    -32      1     33     -5      8 
     1     -2    -43     -9      6    -57     14    -17    -39    -44     55     39     17     75     44     -7 
     8     10     17    -11    -42     -1     44     26    -22    -15    -36     -5     38    -71     -1     29 
   -57      4    -14      0     -7     18    -18    -12     10      5    -15     26     43    -11      7      0 
   -18     -3     -9    -13    -36    -16     27    -34     11    -29    -33    -32     11    -22      3     10 
   -33     72    -12    -40   -213     53     18   -142    102    197      9    -14    -13    175    228     -1 
   -41     33     14     27   -302   -278      5    148     38     19    186     -6     -2     41   -132    -31 
    17      8     -7     39    -37      7     44     10      0    -38     14     40     13     -1     20      6 
   -25     57    -11    -15     50    -43    -15      7     57      8    138      7      6    118    -40     45 
    61    -19     40    -24    -46    -15   -143   -137    -22     17    -50     20      6      2    -31     -9 
    14      0     -8      2     10     -2     -6     -7    -10     42    -79    -63     10     -1    -24    -56 
   -62    -41    -54     51     55      2    -20      7    -11     18    -32    -85    -57     17    -26     -7 
     5      3     44     83     30    -57     23     35     14     11    -11    -34    -57     11     55     -7 
   -20      9    -67    -17    -61    -39      7    -27    -37      3    -45    -36    -44    -22    -48    -48 
   -52    -23      0    -39     -7    -27    -14    -43     17    -18     -6     15    -20    -45    -95    -80 
  -113   -103    -84    -22    -21      0    -35     -4     -5      2    -40    -17     35    -57     23     11 
   -19    -29      4    -75    -34      3    -30     21     -1    -33    -31     16      8      6      2     56 
    43      9     17      1    -13    -32    -12     -7     54     18     12     21     -2     14     35      8 
   -30     10    -25     47     28     37     12      5     20    -29    -38     10    -17     16      9    -14 
    58     -5    -30    117    -10     -7     17     39     15    -29     15    -43    -32      5      0     15 
   -13    -47      4    -20    -36      1    -36    -52    -42    -33    -24    -48    -12     -7    -23    -13 
     5    -67    -47    -32   -102    -72    -58    -87    -30    -19    -44    -10    -84    -85    -76    -61 
   -47    -59    -10     -2     10    -11     52     26     20     69      0      4    -45    -33    -48   -125 
   -55    -17    -55    -11     50     47     55     22     18     20     59     10     57      3     -7    -45 
    31    -26     -7     25    -38    -21    -40     -3     38    -24    -77      0     34      2     -5     22 
   -16    -57     -8    -39     42     29      0     19    -32    -47      3    -32     19     27    -52    -57 
   -18     -9     37     10     14     13    -19     -7     20      7      9     46    -11     28     47     11 
   -13     -4     -1    -12    -39    -19     66     12     15     48     45     43     -3     -1      3     22 
   -35     22      4    -12     -1    -21      8     -6      6     51     10    -20      1    -17    -18      6 
    14    -16    -37    -34    -11    -28    -24    -49    -17    -34     -9     43     20    -21    -15    -50 
    -8    -10      7     -1    -55      7     15    -19      4     40     47     26     29     85     20     19 
    22     16    -48      1     22    -63    -66     19     45    -45     -4    -33     -2     -6    -29    -22 
   -36     -2     42     -2     -9     59     52    -11     77     67    -67     21     16    -10      8    -42 
    53     -3     18     47    -27    -13    -28      2     11    -31    -23     -5      9    -52     19    -30 
     0    -37    -38     40    -36    -30    -19    -45    -56    -43     50   -105   -171    -95    -27    -80 
   -72    -39      5    -48    -65     43    -24    -59     22    -40     22     72      4      0     97      8 
     6     45     12     13     10    -26    -34    -32   -100     -7    -28     19    -44      0    -37     -9 
    11    -76    -27    -15    -84      7      3     -2    -47    -20    -17     -4     -9     27     40     26 
    49    -21    -41     33      4     19      4      8    -57    -50    -37    -72    -59    -42    -39      3 
    18     13     -1     23      9     22    -13     -5      8     23     31     36    -18    -23     28     -3 
   -11     -5     -4    -28     12   -102   -142    -73    -13    -28     -6     31     18     30     33     16 
    13    -43    -24    -28   -110    -87    -36    -50    -89    -91    -13    -16    -19     -5    -13     -4 
   -63   -106     -8    -31    -88    -48    -45    -48     -8     23     49     27      3     27      5      9 
    43      5     24     25      5      5     51     -8     21     36    -12      5     19    -31      5     42 
    -2      2     66    -13     14     30     25    -25    -26    -11      5     -1    -28      1     24    -43 
    29     20    -16     52     48    -13     43    -59    -12    -37    -22    -35     -6    -42     13     34 
    26     27     22     15      5    -52    -19     15     11    -31     -9    -47    -37     14    -39      9 
    10     -6    -33     31     -8    -17    -27    -15    -65    -15     -1    -34     -6    -10    -25     -5 
    25     20     16     28    -26     -2     18    -15     -4    -10     27     14    -31     -1     -7      3 
    42     17     31     12    -10    -10     -5     22    -13     -6     -8    -18     11     -5     24      9 
    20     -5    -15      2    -17     19     27     28     92     55    -27     15    -15     -8     -2    -35 
     4     23    -11    -14      7    -15     16     24    -24    -12     22     16      7     32    -16    -32 
  -106    -34    -35   -142    -82      5   -103    -32    -24    -12     21     14     -1      6     -2    -13 
     7    -15      7    -33    -24     -2    -32    -15     26     -5     -6    -14     -4    -11    -11     -7 
     0     10     -4    -25    -17     33     -1    -34    -29      1     16    -20     -7    -23    -23      4 
    66      5    -34     13     -6    -17    -27     15     13    -48     18     44      2     40    -50    -17 
    38    -85    -70    -47     -2    -23    -44     22     17    -14     31    -22     -8     -5    -12     -3 
   -32    -33      4      1     -7      0      6    -18     -4    -38    -28     31    -17     -9    -11     14 
   -13    -40      1      1     -1    -15    -20     19     23    -16    -13      3    -71    -26      2    -55 
    -3    -17    -71     11    -21     12      7     13    -13     -4     38    -40     32     -6    -25    -16 
    29     -4     -1     17    -11     12     84     98     24     81    118     56     43     12     28    -15 
    42    -34     -8     39     -3     -8     12      5     18     -6     22     15    -37     22     13    -16 
    -5      2     30     19     16     20     -7     -2     26    -13     14     -7      8      9      8      3 
   -18     -3     -3    -23     36     32    -11     10      7    -20     11      2    -39     18     -8      0 
   -15     12     -2    -21     -5    -30     -7     -4    -32     -1      0    -22    -25     -3    -15     30 
   -16     19     35    -14      6      1    -11     31      1    -25      0     15     29    -11    -33     25 
    18     49      4      3    -17      8     21    -16    -44    -10     11     13    -39     39     21    -16 
    21     -5    -15    -20    -14     18     45     19     16      7     -4     -5    -54      0    -19    -31 
     0      0    -16     16     -9    -15      8    -28    -57    -20      5    -49    -24     -5    -12     11 
    34      7     12     -8     -7      5     30     -3     -2     17    -13     -3     19      5     -2    -49 
   -31     37     -8    -13      6    -17      3     11     65     13    -23     55     76     39    -37    -28 
   -29    -13    -16    -17    -19    -10    -32     -2     14    -23      9    -26     10      4    -15     13 
    13      6      1     -8    -10     15    -47    -56     -2    -10      9     13    -18     -7      8    -20 
   -17    -10    -13    -32     32     38    -14    -17      7      3    -10     11     43     23     25     21 
     9     -4     27     16     18     11     18     33      4      8     -3    -16    -47    -25      8     -7 
    -9     28     14      2     27     17      0     24     25     -9     32    -12     -1     30     15    -20 
   -22     -6      8    -41    -25     12    -20     28      3    -13     -9     11    -11      0      3    -18 
    12      6     -9    -10    -30    -36      0      6    -17    -13     -5      6     -5     46     45    -31 
    22     78     30    -10     65    -31    -36    -41    -15     26     18    -17     -4     16      0     -7 
    -5     20    -14     -9      5     -2      9     -3     26     -4    -16      2    -23     18     -5      2 
    18    -24     -9     26     -4    -45     -8     13     -5    -15      7    -22     29     -6     -1     15 
   -16    -20    -15     13    -43     -7     -3    -44     10      3    -10     11     -7     13     14    -16 
   -39      3     28      0    -19     -6    -13     -5     26     34     25     15     -2     -1     38    -12 
   -23     39     -4    -11      7      5    -13    -20     -8    -19      6      8      3     12    -30    -12 
     1     36    -24    -81    -32    -30    -24    -28     -4     24     27    -20    -11    -67      8    -34 
   -76    -81    -19    -18     20     41     37    111    -26      9     18     -6      1      5     40     41 
    71     20     24     25    -34     -8     59      8     53     54     27     81     -3     29     19     62 
    89     43     74    -47     -2    -10    -38    -45    -11    -58    -27     11    -95    -40     -6    -14 
   -53    -48    -12      8     51     -5     -5    -27    -19     -1     17     51     15     11    -16     -7 
   -31     -2      3     14    -30     18      4     -1     26      8    -20    -19    -29    -25     13     -7 
     2     23      6    -26     -1     15     -8    -12    -10     -6     45     22     10     20     46    -55 
   -43     35    -69    -63    -24     32     -7    -72     17     -4    -19     19     39     10    -27    -31 
   -11     -4    -16    -16      6    -56     -2      6     -6    -37    -13    -11    -15     -8      7    -22 
   -43     18     -2     82     28    -73     60    -88     28     -9     -9      9     17     18     -2     39 
    48     37     35    -26     16     93     40    115      7    -71    -34     24    -36    -52     10    -97 
   -24     30    -71      2    -12     13      2    -14    -12    -52     -9     16    -24     10      4    -46 
   -18    -62    -88     16    -13    -31     -6     21    -16    -28     31    -25    -45     11    -47      6 
    31    -12     50    -20    -72     23     63     12     -9    -18    -43    -79    -76    -67    -53    -24 
     5     -8      3    -26    -59    -16    -30    -23      5    -35     -5     -8      1    -18     -6      5 
    -2     45     24    -44     -8     19    -22     -9     -7    -17     32    -10    -29    -10    -15    -25 
   -23    -36      5     20     12    -54    -22     16    115    109     57     78     -1      1    -28     -7 
   -12    -33    -25     -3     39    -19    -36     14     45      5    -10     45     51     23     52     29 
    35    -26    -69    -25    -76    -65     -7     -1    -33     35     19    -15     13    -22    -30     -8 
   -28    -14    -28    -70    -21     17    -81    -11    -15    -10     -7     26      8     23     28    -36 
    31    -19    -34      8    -41    -59   -104    -21      0    -33    -26      3    -40     43     30     60 
   -27     -1      6    -21     19     -7     21     38     20     53     77     19     28    -44    -12      1 
   -17      2    -25    -81    -21    -15    -43    -27    -29     39     58     16     74     57     56    -23 
    -2     19    -67    -45     34    -21     -4     63      4     35      5    -37     16     -2     13     35 
     6     24     29      1    -70     -6    101    -14    -45      3    -44     11     45     30     61     90 
    78     40     80    -27    -83     -1    -62    -38    -10    -19      0    -30    -25    -29     54     -6 
    13     50     -4      1     24      4     -2    -51     -2    -12     28    -57    -21    -18    -59    -14 
    -5     55     40     79     62      9     24     74     -5      4     76     18    -41    -86    -63    -63 
   -48    -16     34     23    -27    -26     -3    -12     16     66     42    -51    -25    -27    -46     10 
    -7     -8     -1    -31    -55    -23    -13   -148    -78    -76     13      8      2    -31    -79    -45 
   -62    -28    -43    -48    -28    -24      0    -46    -27    -23    -85    -94      8    -28    -20    -40 
     3     -9     56     -3     23     18     -8      1      0    -20    -39     12     21    -42      9      0 
    -9    -27    -12      7     28    -13     -7      1      3    -38     28    -10    -31     -4     38      0 
   -19     42    -14    -20    -22    -40    -42    -51   -106    -63    -15     -3    -26     31     26     -3 
   -23     11     38      9      1     10    -32    -29    -12     -6     25    -55     40     60     32    -37 
   -13     27    -27    -31     24     16     36      9    -37    -38    -55    -13    -41    -52    -23     12 
    -9    156     12     -7     50    -23    -17     59     26     72     44    -51     46     -9     -6     67 
    29     15     19     18      2     44     50     35     16      3     46    -42    -69      8      8      3 
    69    -34    -49    -19    -13   -115     22     -6   -115     39    -15     -5     27    -17     -8    -10 
    -4    -22     25     33    -23     39    104     94     13     10    -19     -4    100    107     11      8 
   -76     94    -12    -41     36      1    -20    -26     31     -7     -3     -2    -52     18     78   -178 
   -41     33   -126     15     -4     21     40     -3     70     45    -34   -115     10     16    -43     81 
   -10    -62     48      0      6     20     -3     13    -32    -20    -58     -5    -36    -58     13    -11 
   -25     -9      0    -44    -28      7     41     24    -12     15    -60    -32     66    104     64    -91 
   -19     28    -19     43    -30    -26     23    -30      7     27      8     12     10      4     -8     -6 
    -5     56     55    -43    -18      3     17    -14     21    -17    -98    -41     23     29     52    -14 
   -14    -32     24    -34     59     11    -52     37      1    -68    -62    -23     82    -12    -24     48 
   -87     66     75    -28     52     27      1     17      9      0     36    -17    -29     96     91      6 
   -29    -14    -47     69     37     22    -31    -91     13      0      5     37    -53    -51     11     22 
   -20    -14     29    -17     32     16      6     16    -37    -47    -62     19     19     37    -38      1 
    83     -6     58    -31      2     29      7     -3     26    -37    -49    -16     -3    -16     29     34 
   -67    -17    -14     16     11     -2     22     18     15     18    -58      8     45      6    -12     11 
    -5    -29     34     37     13    -23     38     19    -45     38     -5    -21   -125    -43      9     56 
    25     11    -14    -35     56      7     32     23    -11     35    -57    -55    -40     47    110     41 
   -10     29      0      6     53    -51    -48     23     43      0    -66     -4     11    -37     12    -13 
   -50    -57     47     13    -14    -39     -6     25     22     42     25      0     36     22    -14    -24 
   -38     13     -8      5     13      2    -43     46     32     10     43     38    -32     -4     73     16 
     4     63     23   -252   -197   -133    -33     20    -37     -3      7     -9     43     18     16     40 
   -18     47     46     24     37     11      9     17      1    -16     28     -6     30    -74    -28     61 
    14     -3     -7     21     21     -7      6    -10   -120    -25      3     45    -26    -14    -15    -27 
    -8    -13    -16    -35    -57     20     -5     -6    -69     38    -29     12    -51      2     76      8 
    16    -78     67    102    -74     17    105      7    -22     14    -46     38    175     54      3    -10 
    -9    -58    -15     16    -18    -39     -1    -33      2     39    -35    -30    -28    -22     29    -18 
   -51     36    -80     -9     50     -5    -66     23    -19     41     40    -24      6     -1    -44     28 
    20     21    -36    -64    -25    -14     16     45    -39    -59    -17    -49    -73     41     -9    -31 
    65    -24    -49     29      3    -79      1     33    -27      7      6    -57     36     11     -9      1 
   -13      9    -22    -41     69     98     -7     69     62    -28      2     -9      0     30     53     -8 
   -44    -16     18    -94      1      5    -43     10     11     47     -3     11     -8      3     -8     18 
    19     48     46    -29      7    -22     12    -66    -34     -2    -91    -98      7   -103    -92      3 
     2     -6     11    -39     83    -49    -31     54    -36    -19    -63    -60    -11     34      0    -23 
    -9    -40    -40      2    -48      3    -41     56    -26     -4     32     25      8      9    -59    -78 
   -78    -62    -86    -11    -28      1     11     30     63     36    -11     51    -24      4     95     23 
   -18     -2     94    -14    -35    -15     -4      9     49    -20    -37     88      2     49    149    -36 
   -70    -25     26     15    -18    -39     20     53    -38      4      7    -19      2     14     16     36 
    43     15    -14    -21     13     74    -55     42    119    -72     32     26    -41    -43     46    -69 
    -3     42      0    -10      7    -20    -33    -35    171    -11    -51     49    -39    -57     26    -19 
     2     44    -39      8     43     -4    -38    -24     14     22     24     -4    -28      7    -22    -78 
    22    -20    -58     20    -16     -4     49    -55    -17     38     -5     39      0    -15     -1    -10 
    23      5     -8     21      9    -11    -16      1    -21    -25     -5     -4     12    -62     71    -34 
    17    121    -61    -26     30    -10     37     28    -43    -27    -52     -1     13    -74     13     51 
   -20     10     84      5     22    -11    -46     43    -20     13     22     -5     28      5     -7     19 
   -56     -3    -25    -30     -3      6    -22     -4     51     16     -7    -11      4     28     29     -2 
     1     -2     20     22    -68     93     33   -106    -76      9     30      2     41     34     19     46 
   -13     40     -9    -59     -5    -36     36     10     -1    -10    -38    -11    -13     12     -6     20 
    -1    -24     42     -9      5     45    -27      8    -17     37     76    -42     27      2    -45     16 
   -61    171     12    -46    171      0    -64     63     49    110    -22     -5     10   -144     61      9 
  -157     17    -18     -9    -20    -84    -66      4      3      2     -8     31    -18      0     11    -50 
    38     44    -22    -20    -35     22    -28    -95     18     -1    -48    -22     21     -7     37     -4 
    16     31      9    -20    -23    -16    -17     26      4     -1     92     -1    -47     74     19    -11 
    16     -7     -8     86     23     -9     59     -4    -11     -1     -9     46     42     -6     37     27 
     1    -46     58      0    -33     60    -74    -32     -8     29     11     -5     46      7     27    -26 
   -17     55    -47     24     43    -17    -22      0    -21    -50    -71     42     30    -30     15     -3 
    50    -18     19    -16   -107   -107    138   -144   -119    151   -131    -70    240     24     50     -8 
    30     43      7     16     21     -2    -18     41    -26     14     62    -90    -24     15    -40    -11 
     1     30    -12     50    -74    -11      4    -11     47     71     36    -11     15   -133    -11     -8 
   -52      8     -8    -18     12     51     25      4      7      4    -25     26    -37     -8    -15    -41 
    15     32     38     66     40    -42    101    -27    -35     51    -21     17     61      8   -122    -11 
   -22    -60     30     25    -49    -31      3     44     -8      4     21      9     17    -31    -18     -2 
    13    -11     41      9    -40     -1      4      2    -30    -73    -16    -17      5    -16    -12     32 
    -3    -19    162    -18    -10    115      6    -64     32      3    -25     85    -21    -55     36     -8 
   -47      7     10     32    -12      3      4    -29      0     31    -25     -3     25      9     -6     34 
     8     -6      0     -1     47     78    -74    -18     55    -65      1     -3     22      9     72     52 
    11     30     13     13     -8   -162     -4     -7    -42     -9     14    -21    -43     -3     21    -13 
     6      2     27     -5     14     12     -3     21    -38     23     55    -57      2     -6    -19    -24 
    -1     12     18    -54     43     21    -20     -9     79     -9      4     34    -55     42      3    -94 
    31     28    -28     20    -49     -4     -6    -56    -49    -11    -22    -48    -11     19    -19      3 
     8    -18    -33    -24     -1      5     19     -6     -6    -24   -122     -6     28    -57      3     26 
    35     31     49    -75      1      6    -42     18     14     -9    -13     -8    -18    -33    -53    -19 
    39     56     12     13     47     42    -38    -20     34      9     31     60      0     59     19    -32 
    16    -79     12     -7     -8      4    -42      0    -26    -34     -4     16     23      3     26     21 
    -6     -5    -19    -49     64    130    -13    -79    -17    -32    -47    -96    -83      7    -13     24 
    29    -32      0     69    -11      5    -33    -35     80    -16     43     15     61     30    -33    -88 
   -40     -8     33    -37    -13     29     29      9     39    -30     17     38   -100     40     18    -92 
    33      4     97    -32     -6     18    -21     41     44     33     17     19     42     10    -10     14 
   -18    -47    -21    -25     30     12    -45    -49    -31     29     25     35     -9     81    -30      9 
    51    -11    -16     13     22      3   -195    -58      8     67     54     11    183    109     40    119 
    95    -12    -26      1   -102   -130    -25      6     37     -5     -2     37    -24     24     19     15 
     4     84     37     19    -28      7     -9    -97     17     39     99     44      3    -27    -22    -10 
   -67      9    -13     10    -56      9    -22    -37    -74   -117    -23     -5    -28    -22     47     72 
   -13     15     21    -27    -10     51     10      8     41     10      0    -80      6    -14     22     38 
   -15     28    -16    -22      0    -28     -3      7    -81      3     13    -25     36     19     14     16 
    23     -1    -33      9     -4    -19     24     -2     48     79     31    -35    -40    -28    -35    -81 
   -24     -4     23     35     29     44    -12     -8     36    -25     22    -15     -2     15     45     15 
   -46    -24    -19    -50   -201     15    -14    -77    -24     52    119     23      2     15     21     19 
    21     -8    -11    -18    -31     23     24     32     -6    -51     39    -51   -103     41     51     -7 
   -32    -35     35     16    -75     37     59    -65    -21     17     36     21     21      6     97      1 
    75     33     25      8      6      8    -21    -35    -47    -49     88    -25    -32     30    -49     -5 
    -9    -17    -65      0     32     33     56     -1     85     37    -64     -4     13    -13     -7     -9 
   -16      3    -36     40   -152     39      1    -92     80     33    -72     83     32      3    -86    -50 
   -12    -69    -30     38     23     15     14    -19    -16     -3     24    -31    -52    -38     -2      1 
    48     31    -38     30     -9    -69    -49    -31     49     42    -11    -98     -2     37    -72    -37 
     4    -21    -24    -28      7    -35      9     36    -29      0     10     48     20     -6     24    -18 
    19    -31     11    -20     14    -25    -24    -24    -53    -49    -35     18      0     22     48    -33 
    59     19    -41     -8    -90    -83   -397    -18     30    -11     18    100    317     65    -26    -89 
    19     24      3     10     21      6     -8    -10      3    -38     46    -47    -26      3    -65     -2 
    29    100     30    -46    -12    -15    -20    -11    -56     -8    -12    -15      6     32     -9      9 
    28    -45     12    -17     16    -12     24      6      1     17     -6     21     10     26     29    -35 
    40    -19    -21     -9    -22    -18    -17      7    -33     15    -21    -18     80     -1     21     30 
   -24    -12     48    -35      1     16     99    -63    -57     38     -9     -8      9     54     55    -22 
    38    -35    -39     39    -44      9    -15     -6      2    -17     12     -3      0      2     12      1 
   -11    -92    -32    -27    -74     21    -10    -14     -6    -20     -8     12    -12    -57    -22    -81 
   -43     27     -9      6    -70     -1    -44    -39     -8    -36    -57      3     -5    115    -15    -38 
    12    -76      3      2      8     -6    -43     10    -46    -65     35    -16    -11      9      8     57 
    32    -50     45    -39     -2     30    -31    -18      0     -9     26     11     38    -11    -15     23 
    63    -52    -45   -140    -59   -102    -43    105    -88   -104     59     -4    -38     57    -77     52 
   -46     -4    162     15     15     12    -97     -8     52     40     15     56    -35    -57     31    -31 
   -14    -25    -50     30     41      7    -18    -21   -184      2   -140     47    121     94   -221    -54 
  -211    141    118     15     -2    -88    -69    151     29   -128    126     79     38    -95    -35     21 
   -30   -107     29   -191    -20    -60    -63    -16    -15    -23      7    -12     -7     -7    -13   -115 
    14     77     -7    -73     51    -88     65     -2    -63     48     35     29    -98    -18   -111    -30 
   -88    -71    105    -51     31     49     31    138     29    -11    -64    -17    -46    189    130    185 
    28    -55    120   -127    -53    -56    100    -62     -2   -109   -110     50    -36    -17   -121    -41 
   -23     50     40     58    -73    145     29     50    -24    -67     19    -37    -18    -59    -26     32 
   -50   -112     82    -77    180    143    -22    101    -24     65     32    -64     81    -85    -73    -68 
   -12     41    121     53   -121     40   -256    -55    -84    -13     81     90   -118     19   -124     80 
    56    -63    223    -61     28     95    -37     17    -16    -79     49   -114    -16     62     50     56 
   -12     55    -17     56     98     22    197    -78    -50    -90   -277    -62   -122    -52    -53    -71 
    31    -49     -6     88    -80     -2     25     49     92    -51   -103     16    -99    -64    -73    -92 
   -63    -10     63     21   -109     42    -57     44     24    -19      9    -63    -61    -33    -37      3 
   -70     36     31    -11     86     21    126     43    -43    134   -124    -69    -31     20    -22     -5 
    56    -90     28    -27    -51     22   -131    -34    -75     79    105    -65     97    -68     23    -52 
    56    -83      6      6    -45    -32      1    -96    -96    -70     58     75     84    -24    113      2 
    73    -39   -160      0     24    -94    -81   -137     49    -65     20    -26    -38    -22    -75      1 
   -19     53    -37     -1    -27    -40     44      1    -67    -72     30    -42      8    117    -68    -79 
   151    -17   -156    -40     43    -53      7    -73    -86     72    -78    -37     79    -13    -10     49 
    87    -15     85     31    -33     90     32    -72     17    -94     75     30     42    139    -53     19 
    61     41     26    -61     60     12      0    -15    -27    -39      2    -26     38     23    -71     53 
   -72    -41     70    -29    -44    -27    -31   -132    -38     46    -38   -101     78    -52     31     33 
    41    -10      8     95    -82     88    -76     57    127    124      9    -54   -175   -281    251   -171 
    33    276    -25    296    -87     61     62     22    -13    -52     13    -86    -44    -24     13    -34 
   -38     17      9      6     -9      1    -17     89    -94    -87    -68    -45    -55   -157     35    -26 
    47    -18      4    -25      3     84    -33      3    -30    -45     20     28      5    151    -16     58 
   -15    -21     61    -24    -57    -39   -119     10    -63    -16     61     32    -24    -39    -60    -90 
   -30    -66    -22     68     24     -7    -88     -1    -78    -60    -13     -2     47    -23     57     -3 
    85      7     58    -25   -127    -13      7    -47    126      0   -110      4    -54     73     43    -69 
    -9     28     16    134    -83      0    -12    -40     43     71     17     25    -13     58     30    -82 
    54   -108     54    128     75     24     31     97   -129    -47    -31     45     34    -34     12     17 
    55    -82     61    -42    -70     56    -78     58    -76    -80    -25    -63     25    -74    121    -11 
    64      4     17      9    -18      4    -62    -13    -89   -132      1    -48     35     34    -50   -107 
   -52    -30    -99     32      2     37    -30     17    -15     -3     20    -55     24    -32     53     20 
    26     33      7      4     12     35     10    -43      5    -28      6     70     55    -16    -27      6 
   -42     77    -27    -37    -93    123      2     73     61      3     94      4      7     -9     44     60 
    53    -43    -37    -45    -39     70     22      9     15    -71     82     64    -98    -18    -14     -4 
   -49    -60    -75    -55    -43     -2     23    -37     30     13     71     48     69    -25     -6      9 
    -4    -84     45    -41    -32     79    -63      2     -9    -15    -60     -8    -42    -82    -80    -35 
   -43    -25    -22    -78    -57     63    -55    -22     45    -87    -51     -3      3     -1     52     25 
   -22     26     -3    -95     58    -39    -13     49    -10     10    -63    -43     50    -31      9     52 
    94     20    -35    -34    -71     37     58     25    -97    -60      1     34     -6     -6      1     38 
    34    -74     24     73   -120    -79      8    -33    -65    -63    -42    -76    -11    -24    -14     42 
   -50    -52    -33    -52    -34    -21    -19    -54      6    -15     65    -24    -69     14    -47    -18 
    34      4     36     39     63    -58    -38    -54   -153   -115   -132     73     64     19   -145   -122 
   -49     50    -18      8    -52    -49    -18    -12     73     31      2     50     20    -34    -57    -19 
   -22     70     41     10    -17    -14    -61   -135     53    -93    -67     52    -74     10     32      1 
    11    -40     30     24    -60     16    -36   -120      5     32     -2    -57      1    -78    -31     -8 
   -63     -7    -28     35     14     15     40    -72    -14     85     29      0     52    -10    -29    -47 
     9    197     33     53   -111     37     12    -57    -10     26    -24    -35    -47     26    -27    -10 
    -3    -27     13    -30    -36     34    -16    -44    -12     16      4    -90      9      8    -58    -10 
   -68    -24     67     -9     44     61    -78    -36    -79   -111     67      8   -110    -59     20    -39 
   -56   -100     45    -30    -19     15    -28    -22    -83    -35      1     -4     37     16     53     -5 
   -68     24     -5    -38      7    -59    -61    -23     24     71     48     29    165    185    -56    136 
   231   -150    157    130    483    179     53    505    283    205    209    -42   -246     67    230    183 
   -35    113     11    -62    101     40    -40      4      1     16    -69    -26    120   -153     82    -44 
    98     53    -49    -67    -76     -5   -103    -78     48    -31     35    -18    -45      7     17     -6 
   -48     16     49     64     -8      2     53    -32    -19      8     20     60      3     42      7     33 
    53    -20      3    -18     62     81     -7    -63    -24     44    -17    -59     16     21     -7    -84 
   -95    -70    155     62   -150     -1    135     61   -126     -2    -63    -64    126     78     37     26 
    20     33     28     18    -42      2    -42    -42    -20     -6    -14      9    -41    -42     54     -8 
    54     57     41     38     67     22    -21   -111   -114    -31    -36    -31    -40    -31     51      2 
   -44     22    -34      0    -37    -40     27    -21    -71     40    -29     11     26     13     -1     51 
    -2    -17     -2    -59    -18     84    -31    -63     27    -55    -22     21   -125     27      4      4 
   -14     21    -69     -4     19    -47    -55    101    -74    -46     64    -39    -89     65     43     -1 
   -42      5     45    -21     44     25   -123     -8     16     -8    -24     17    -65    -58    -25     -8 
   -45    -62    -95    -30     17    -75     17    -55    -38    -71    -62     -6     -6     -5     26    -40 
   117     97     67     39     97     13     38    112     -4     47     26    -38      2    -68      9      8 
   -46     -1     64    -19     19     -5    -36    -13    -49    -93    -28    -82     -8    -44    -32    -27 
    -4    -30     19    -30    -50    -23    -51    -43    -30    -38    -44     27     52     18     -5      2 
    35    -31    -20     76    -32    -48     46    -26     -6     13    -38    -13    -22   -103    -29      4 
   -99    -45     11     17    -17     64     45    -19     15     10    -32    -18     14      3    -41     13 
    18     -1     12     -2     58     33    -18     25    -29    -77     76      5    -42    -30      1     37 
     7     15     34    -12      9      7     24    -67      1     24    -52     -5      8    -90    -51     31 
     8     43    -38     20     66    -14     -3    -62    -19    -33    -10    -53     -2      6    -43      4 
    24    -20     36     71    -51     13     42    -29     15     52    -28     10     41    -44    -29     58 
   -24     20     38    -26     -7     12      6     -7     17     27     12      2     21    -10    -21     13 
    10     40    -29    -12    -22    -17    -18     19    -47    -38     21    -23    -54     -7     13     21 
   -16    -29     21    -20    -17     -8     -1      7      4      4     23      5     33     18      6      6 
   -23    -23      0     43     24     16     13     -4      6    -16      8     42    -48    -26     18    -39 
    -8     25    -36      6     29      6     35     17     46      7    -31    -54    -20    -14     -8     22 
    24     34    -11      5    -27    -23    -10    -58    -45     -7    -13      6     15     18    -44    -51 
    36    -38    -33     42    -42    -20     -6    -52    -11     -6     46     40     40    -12    -42     73 
   -17     13     50     -2     46     41    -46    -12    -23     24     29    -20      1      7      4    -11 
   -17    -35    -90    -78    -44   -133    -74    -49    -93    -72    -16     35     -3    -22     43     30 
   -14     13     -3     50     -8     10    -24    -24    -56      2     -3     -8     -2    -81    -39     45 
   -50    -19     -2    -25      7    -28    -36     28    -35     37     29    -53     27     18     -3     -6 
    23    -34     24     51      7     15     19    -18    -15    -14      6     16      1    -31      6     38 
     9    -50     40    -38    -44     26    -15    -53    -19     93    -49    -35     48    -43    -45     15 
   -25    -30     -7     -4     -9     31    -14     16     -2    -57    -28     32     20    -23     29      8 
   -27     25     56    -14     11      6      2    -18     -1     -8    -11    -21    -56    -19      6     15 
     8      2     26    -18     -6     23     10     41    -34     41     24    -13     31    -22    -32     -3 
    13      5     19      3     14    -19     12     28     59    -15     13     17     -9      3    -20    -17 
    -4    -10    -25      5     21     11     -2     23     26    -13     48     16      2     -1    -12    -29 
    11      2      3     43     13    -42     59     17    -20    -15     -5      2    -10     24     -4    -15 
     3    -38      1    -21    -35   -105     -3      7    -54     37      7    -43    -17     37     -4     23 
    -8     12     31      2     14     12    -16     -8     27     34    -27      8     -9      0     16     26 
    31    -21    -51     57    -27    -26     32    -51    -28     10    -43    -20     15    -82    -41      7 
   -50     -4     -7     14    -13     -3     42     26     -5      3    -11    -55     -2     53    -48    -35 
    56    -27      8     52     38      0    -10      4     19     15    -12     -4     25     16     28     35 
   -14    -26     19    -23    -50    -20    -13    -50    -18      9     -1     18      8     24     53      8 
   -21     10     16    -23    -40     41     26    -44     34    -24    -15     28    -33    -10    -12     -8 
    -2     25    -25    -16     12    -16    -33     16      5     19     18    -20    -14      2    -33    -15 
    14     26      1     79    -15    -82    128      9    -88     31    -26    -84     31    -13      0     31 
   -45    -18      7      2     24    -41     14     38     12    -47    -15     15    -13    -22     -6      3 
    -3    -17     26     -6    -25     14      6    -31     -1    -10    -15      2      0    -12      6      7 
   -29    -59    -18     16      3     -1     18      9    -49    -27    -21     -8    -47      7      4     22 
   -28     80    -28     64     -7    -10    140    -30    -45     21    -17    -11    -12     18    -13     47 
   -12    -12     35      1     28     14     11     11     34    -14     18    -17    -19    103      2   -197 
   224     32   -194     36     44     17    -26    -50    -64    -50    -34    -65    -28     -8     36     19 
    65    -66    142    106   -229     33     44    -88    -21      5    -22    -32     43    -15    -26    -19 
   -43     12      6     18    -19     93      2    -23     84      3     18      9    -14    -12     -3    -24 
   -28     48     -5    -47    -40    -36     35     39     19     -5     34    -39    -40    -64    -18     -2 
    81      5    -60    175    -32      3      5    -29     -4    -24    -27     -6    -28    -28    -28     -4 
    10    -42      4     27      6    -38     39     -8     27    -17     18     69    -27      3     37     -8 
    10   -110    -81     88   -114    -60    104    -42     43     -7     21    -22     -4     17    -29      3 
    78     -7     12     41    -16     14     92    -23    -31      4    -13    -80     -9     70    -24     11 
    59      3     -6     -6      1     -8     -5    -19     23    -37     -2      5     -5     38    -18    -22 
   -22    -31     15     24    -10    -30   -104     57     10   -161    144    121    -58     65     -2    -29 
   -57     -9     -8    -43     69     44     -9      5    -92    -27     36   -110    -63     30     16    -18 
    66     10    -34     -2     66    -68    -46      1    -12     77     29     19     45    -18    -24     -9 
    -6     18     11    -13    -24    -20      7    -33     21      2     21     -9    -25    -63     15     48 
     2     30     37     -6     -6     54     19    -46     59    -44    -81     29      2    -21     37      1 
     0      7    -88    -96     70     -3    -36     79    -62     41    -35   -127    -40     52    -35     41 
   -58     27     13     40     60    -21    -29    -23    -31     17    -34     14    -10     -3     11    -14 
    31    -22    -25    -19     14    -51      0      4    -30    -19     38     -8      8     17      2    -41 
   -37      0      3    -11    -19    -20    -58     51     44     21     16    -14    -21     28     36     17 
    -3    -17     23     -3      6      8    -24     -3    -12     10     58      1    -28     -8      1     -4 
    41     -5      1     57    -17    -10     58     14   -135   -108    -42   -150     46    149     26     12 
    42    -32     -2    -23     45      2    -26     -2     33    -23     23     29     34     23    -35     18 
    -8    -22    -12     12    -46    -35    141     77    -76    -25    -36     16     28    -41    -51     25 
     8    -16      1    -36     18    -53    -17    -73    -20     30    -14     13     16     34      0      7 
    26     20     13      0    -24     12    -27    -16    -20      6    -77    -83     -2    -32     37     53 
   -14    -12     -4     17    -13     12    -38    -42     26     15    -22     15      2    -69     22     31 
     0     57    -29      3    -18      3     45    -33    -30      9     -1     19    -12    -10    -25    -10 
   -23     -5      3    -10   -173     25     68   -220     36    259      1     18     42     91      4    -50 
    62    -34    -73     -7    -27     28    -28      2    111    -49    -53     61     44      6      8      6 
    -5     -2      8    -15     10     -1     25    -36     -2     11     -4     12     19      2     19      7 
   -16     12     16     11     21     14     51    -21    -54    -24     11     10    -21    -31      1      5 
   -19    -21     -4    -49    -29    -62     33    -59    -69     19     -2    -59    -49     52     -8      2 
    -9     30    -16    -32      3     21     25     -7     75    -16    -82     40     34    -21      2    -45 
     5    -20    -70     33     26     -5    -49     -3    -16      0      0     18      2      8    -16     -3 
     6    -20      3    -38    -87     18     24    -10     -8    -59     -9    -33    -47    107     77    -40 
   -21    -19   -117    -13     35   -126     10     67      4     21    -55      9    -58     22    -45     -2 
    13    -11    -27    -29    -28     70    100   -125     61     55   -104      6     38    -31    116    -22 
   -73     71      5    -99     -9     45    -65     11    -54    -86     79     91     59    -44     13     -6 
     2    -90      3    125      7    -92     12     -9     13    -27     -4     28    -44      0     24    -38 
   -24     48    -28     13     14     14     12     20      6     33     19      2    -49    -24     -9    -22 
   -10     23     29     41      9     11     18    -38     27     -6    -38     36    104     97     49    -24 
   -71     95   -123    -80     21    -79   -133     15     -4     30     45     58     30      2     13     -9 
   -80    117    144     10    -10     -3      8    -12     22     -4    -13     64     34     11    -38    -23 
     9   -138   -305    139    276    -76     82    143     10     -9     -1    -27     41     -2    -59     -7 
    22      8    -22    -28     58      2     -7     78      0    -19     29    -59   -399   -192     25    152 
   134     48    110    -28     -1    -23     -6      2     -9     12      8      2     22     43     19     22 
   -39    -58    -11     31      5      3    -63     59     63   -226   -185     -6    -22    -56     -8    -22 
    30     69     17      5    132    -15    -16    -25     23     -6    -53    -17     46     14    -69      5 
     8    -29     -4    -10     13     34    -48     -4     11     21     14    -14    -26     -4    -17    -15 
    -4     45     35     37     24    119      5   -106    -23     -5     -7     -9    -17    -12    -24    -11 
    39     19    -12     26     14    -15      5    -53     15      0    -17      8     -4     -8    -13    -67 
   -83     40     91      1     28    105      8     34    -11    -52     78    -54    -52     76     66     55 
    37    -55    -73    -23    -45     39    -20      0    -48    -12    106      7     -5     19    -19     22 
    22     45    -14    -49     32     30    -13     40     47    -18    -27     44    -43    -32     -3    -64 
   -46    -22    -54    -40    -69    -40     54    -55    -20     54    -81    -78    -12     20    -43    -13 
   106     20    -16     42      0    -18     -6    -28    -34    -18     37     -4     -9      3     -1    -43 
   -25    -31    -22    124     69    -26      3    -57    -26    -31      9    -53    -40    -18      9     52 
     4      9     12     -8     -5    -15    -70     13     20    -21    -23     11      3     25    -23    -34 
    10    -24     -7    -19      1     16    -38     71     48    -45    -88    -38    -78    -57   -111    -15 
    75    -16     39    -17    -14     58    -14     84      0    -43     56    -47    -44    -61    -30    -92 
     0     31      7     27     -3    -23     21     77   -101   -115    -17    -64    -47     16     25    -14 
   -14     24      5    -35    -10     17    -40    -35     20     12    -23    -41     -7    -28     61    -17 
    20    -22    -24    -27    -20    -14     50    -24     -6    -28    -20     13      8    -33    -11      9 
   -15      7    -12      1     50    -49    -41     81    -34    -51      5     -2     -6     71     73     -8 
    17     15     60    -41    -47      6    -23   -156     61     33   -126    -94     56    158     48    -28 
     6    -28     29     40     -7     17     14      6     20      0    -10      6     15    -35    -28    -42 
   -46     39     39    -22     42    -64    -48     36      5     13    -83      5    -26     -8     93    -45 
    26      6    -33    -76    -77    -10    -65   -104    -47    -13    -67    -24    -18     40    -18     13 
     5    -41     47    -21    -14     35     18    -18      9    -20     15    -18    -62     17      3      8 
    43    -26     26      0    -32    -10    -40      9    -15    -17    -52     -2      3    -33     15     20 
   -22    -14    -25     14     -7     -4      8     23      6     -5      5     -8    -12    -13      4    -27 
   -21      1     25     17     30     70     26      1     15    -10     20     -3      1    -20     24     53 
     3      0     17     -1    -46    -40    -72   -109   -120   -174    -62    -65   -134    -31    -84    -41 
   -45    -76    -41    -13    -36      6    -13    -56    -34      8      8     12      8    -22    -25      5 
    32     29     58     85     71     25     17      1     -1      6     12    -24    -18     -7    -35    -14 
    12     34      9    -32      0     21    -10     15     17     -6     18    -32    -16      3     -8      3 
     5    -23     18    -19    -26    -21     -3      3    -17    -21     -7     -8    -26    -24     16     15 
    31     20      9     26     21    -48    -87    -58     -6    -54    -50    -30     -6    -45     84    109 
    59     68    136     75     54     47     35     -5     -3     -6     -5     19      5    -26     -8     19 
   -54     -2      7    -23    -99    -12   -140   -160    -43     -3     -8    -13     -1    -21     -4    -18 
   -52     17     -9      6     19      2     32     12    -55    -44    -62      0    158     71     64    108 
    42     -8     40     10    -20     -3    -35     -9     17    -10     -4      9     19     -7     25    -36 
     2     -8    -12     27     13     -5    -27    -42     -4     55     60     38    -35     18    -11     -1 
     4      5     13     17     26    -10      2    -12     -7     19    -14    -28      6     16    -10    -32 
   -16      0     33    -27    -12     -8      4      7    -18     14     26     -4    -11     24    -23    -23 
     8     10      9      9    -24     -8    -19    -33     -3     31    -16     -7      4      8     11    -23 
    -7      9      5      6     -7    -26    -19     -4    -20    -20     24    -12    -20     11    -12     -9 
     6     15      5      1     12      5    -28    -32    -40    -25    -31     -8    -16    -22     -5    -52 
    -4     -5      6     12     19     17     16     -5    -16     12     -3      5    -21    -19     10     -4 
   -11    -16    -24     -2     -8    -30     30     45    -25    -15    -13    -33     -5      0    -10      0 
    -6    -12     -3     -3    -51    -52    -26    -47    -36     -9    -46    -33    -14    -16      9     24 
   -17      6     16     -4     -2     28     -6     35      8    -40    -32    -11    -19    -25    -22     15 
    -9     -9     -6      0     -7     -3    -11    -15    -29     38     -5    -44    -30     17    -14    -30 
   -17    -32    -18     10    -14    -23      1     -4    -30    -17     -3    -28    -13     32    -12      3 
     1     16      2    -19     51     80    -30    -55    -23    -18    -47      9     19     -8      5    -19 
   -20    -49    -19     12     16    -25    -95      4      8      5      0     34     73     10      9     28 
    -6     -1     -6    -17     -4      2     -1    -44    -48     32    -29    -46    -13     -9     29      2 
   -15     23      1     -8     30    -22    -13     22    -16     -4      9     11    -27    -12     13     12 
    -1      9    -10     -7    -23     12     -3    -32    -26     -1    -21    -17    -28     -9      5     -4 
     3     -8    -13     12     14     61     21     26     63     72     -8     30     12    -26   -132    -12 
   -40   -133    -39    -29   -121    -71     39    112     51     65    104     26     66    154     78     14 
   -23    -26     20     16      8      2     -2     -4     12    -63     38     34    -28    -13     29      5 
    18      4    -47    -10     28      3      4    -13     -6    -28     17    -32    -31     22     -7    -11 
    18     17    -30    -19    -38    -49    -28    -67    -63     -7    -22     -9     48      4     19     -2 
    14     29    -16     -3     -4    -16      4     14    -10     21    -18      6    -17     10     14     34 
    34     -1     37     23     14     20    -24    -31      9     -2     13     17     -4      5     12     -6 
     8     16    -18     24     34     -8    -32     14     21      2     21     41    -16     27     61     -4 
   -16    -15     27     20      8     35     29     11    -11    -20    -26      4     31      6     -7     -2 
    -8    -27    -46    -30      9    -33    -30     32      6    -34     28    -14     -8     -7      9     -8 
   -14     31     25    -36    -20     -6     21      2      3     31     19     24    -12    -37    -27      2 
    41     39     14     61     29    -29     -4    -37     -6    -16      7    -12     47     26     18     93 
    11    -30    -30    -31      1     -1    -26      4      7    -20     23      0     -8     12     -9      3 
    11     -9      9     31     52     22      9     45      9     12     24     17      2     32      1    -13 
     5    -54     18      8    -29    -10      7    -13    -11     36     -5      5     62     21    -29     -8 
    10      0     49     48     -1      7    -12     11    -12     13     20     56     24     -7     14     -8 
    -1    -30     47      0     27     31    -18     23     12    -12     -8    -33     21     97     13      5 
    29     -8     35     24      8     33     50     -5     42     48      2    -21     42     55      2     74 
    31    -12     24      6     19     11     10     10      9     21     14     -3     16     13     34     17 
     8     28     40    -48    -25    -20     65     35     -6     36     58     -3    -51     -8    -22     15 
    -2    -16      8    -14    -37      4      7    -24     14      0    -29     43     39     18     47     23 
    -9     15     34     35     -3     22     26    -11     -1     14     23      0     14     28     -3     16 
    19    -10      1    -10     20     -3     -4     20    -40      6     18      0     33      2     18     76 
   -14    -16     -6    -13     11     41     23    -22     63     41     -8     29     40     31     -6     42 
    15    -17     39     24     -8      7    -11     13    -26    -32      4     19     15     20     28     13 
    34     50      5     61     31    -20     12     15    -40     -7      6     43     10      0     38     -6 
     3     -8     17     61      2     25     43     -8     -9    -13    -58    -14      6     -7    -10    -17 
   -15      1    -13     23     -7    -53    -26     -9    -69    -37     69     13     36      6    -12     16 
    -4    -22    -13    124     85     95     25     30     -9     16     30     -4    -29    -30     -7      3 
    -4     15      1     12     -2    -12    -61    -33     14     -3      0     35     55     11     -5     11 
     4     -3      9      8     13     35     21    -23      2    -10    -12    109     24    -21     29    -23 
    -4    -17    -13      6     26    -31    -41    -17     16    -18     29     31     12      8      0     28 
    15      2    -46    -20    -19    -17     29     -4     -4     30      7     11     10      1     11     29 
    -2     -5     -2     -5     15     27     53     18    -15    -32     29    -32    -29    -14    -38    -13 
    42      1     11      1     14     12      5     -4      2     27     17      7     14     34    -11     -3 
     6    -22     14     11     -2     20     26     21     14      3     28     21    -13    -22     34    -12 
    -5     13     11     13    -21      8     10     19     30     -3      1    -13    -39     22     29    -38 
    26     79    -13      8     43     30    -36    -14     12     -6     -2     24     -8    -13     50     -7 
    19      4     -7      0     16      5    -25      9      2     17     -3      5    -21     -7     13    -49 
    17    -19     20     26    -49     15     17     11     25     26    -24    -18    -10    -32    -51    -28 
   -79    -59    -12     31     32     44     -2    -59    -22    -15    -21    -29     -8      6     17     29 
    27     10    -23      2    -21    -26    -21    -17    -21    -38    -13    -18    -23     16    -14    -11 
    17     -6    -92    -48      5    -35    -21     -8    -15    -10      6     -3      8    -10    -16     -1 
   -39    -32    -22     21    -14      1    -57    -46      7    -32    -36      3     86     34     12    -10 
   -56    -57    -32    -10      5    -57    -60    -38    -30     -8     -6     73     73     80     98    140 
   128     78     66    100     50     33     22     34     18     40    -14     36     51    -17      5    -27 
   -33    -40    -16     49     -5      0    -51    -49     29    -34    -30     33     10    -67    -19     -6 
   -20     45     18    -57    -21     38    -14    -22      1     -2     -3    -16     56     16    -57      7 
   -42     53     26     24     49     -6     13    121     43     77     -1     22     23     26     77     53 
    14     16     13    -57    -33    -66    -43     12    -68     26     36      5     40     64     29     23 
    26     -4    -11     59      9    -31    -32    -28     26     17      3     -8    -20    -33     39     44 
    44     43     13     57     50     41     24    -33    -23     -7    -71    -45    -87    -22     11    -32 
    39     12    -38     32    -66    -64     14     -7      4    -43    -27    -39    -57     -8    -64    -66 
   -51    -88      2     16      5    -45     -3    -13    -27     -1    -41     -2    -51    -53     -3    -56 
   -12     -5     10     24    -17     34     -2     22     63     36    -23    -66    -35     46      0    -48 
    66    -11     -2     60      9    -53     24    -10    -14    -20    -52    -12      0    -49     15     -4 
     6    -33    -45     56     56    -61    -69    -35    -41      4     38     55     26     16     63     47 
     7    -44    -28     10     90     71    -31    -27    -28    -69      9    -10     -4    -10     41    -20 
   -30    -44    -38    -43     -2    -15    -18      7      3    -17     29     13     -3     -1      2     16 
   -57     -7     16    -14    -12     11      4     15     45     51     49    -14     78     63    -69    -62 
    -5    -34    -73    -48      2    -25    -22    -15     14     64    -13    -11     67     18    -61     40 
    -6     -4    -57     17      8    -51      3      4    -62     -2     40    -11     -8     -2      3    -19 
   -42    -19    -15    -59      9    -58   -140     -6     37    -52    -21     -5    -46    -15    -17    -40 
   -25    -20    -30    -14   -133    -98    -73    -88    -35    -31    -23     10     24     67     61     20 
    52     26     36     28     -2     14    -58    -67     -8    -88    -91    -57    -46    -50    -66    -19 
    14    -40    -12     22    -32    -25     15    -41    -60    -33    -15    -38    -74     19    -26    -30 
   -20    -28    -20    -36    -56    -59    -81    -27     12    -25     -8    -73    -51     22    -68    -22 
    31    -11     21    -43      6      1    -30     -7    -56    -57    -12    -63      2     30     -7    -40 
   -21    -32    -36    -21     12      3    -53    -11     25    -21     20      8     -1     12    -41      5 
   -49    -21     -6    -58     19     23    -29    -14     26      3     39    105     10      5     77     49 
    14     -3     12     40     13     45      5     30     -5     30     35     31     -3    -31     39     13 
     0     30     12     46     -1     61     64     24      6     50     35    -12    -17    -26     36     67 
    79      2     22      5    -27     18     11    -13    -28    -32     15     -5     22    -27    -49     20 
    41    -31    -16     51     15     -6      6     20    -45     79     54    -25     21     25     19     -8 
    12    -23     -6    -49     -6     46     67     72     32     15     25      4    -29    -19      0     76 
    32    -12     -2    -26    -31    -74    -49     18     23      9    -45     24    -11     13     92    -30 
    40    105     -9     24     83     67    -33      3    -27    -17     42    -12     23    -12    -19      5 
   -76    -34     15     11      1     12     63     28     54    125     33     16     17    -13      6     27 
   -35    -12    144    -34     16     19      2     32    -30     34     58     44     69     36     -1     37 
    33     12      3     30     61    -13      4     12     28     22    -43    -23     12    -57    -33     -4 
   -21     35      7    -27     44     87     38    -52     46    -49    -10      5    -31      3      2    -11 
   -10    -21     22    -20    -86    -51     51     -5    -13     83     78     -2    -23    -70    -43    -45 
    43     72    -41     24      4    -29      2     -5    -43    -14    -83    -10    -80     18     52    -60 
     3      2     14     24     15     -5    -36    -16     -1      4    -26    -20      9     -4    -55    -16 
   -39      4    -38    -30     28     62    -25    -74      7    -83     17     27     48    -58    -55    -35 
   -11    -22    -24     -6    -36     20     45     22    -58     14     15    -61     39    -30     30     24 
   -32      8     13     41    -86     52    142     87    -16   -113   -134    -66   -129    -39     61     26 
    27    -74    -47     24     26     -3     34     18      4     -6    -15     13      2      8     14    -27 
    61     26     82   -108    -39     71    -58     -8    -59     10     17     11     31     56      8    -34 
   -32    -96    -29      2      7    -47    -38    -46     73     13   -113     83     88     75     -5    -87 
    -6    -67    -44     49     34     49    -11     35     46     -3    -43     15    -11     33     84     37 
   -18     26      9    -31      0     -4     25    -19    -63     -8     -5    -34     42     87    -31    -35 
    36     22     32    -18    -26     43    -37      1     33     43      4   -118   -120    -63    -14      2 
   -11     87     43    -85    -63     27      4    -86    -34      3     52     35     13    -57    -48     -8 
   -26     -8     42    -80    -44    -63     22     61      8      4    -49    -60     35     54      1    -47 
   -19    -38    -18    -14    -51     65     77     17    -22    -28    -31     21     64     -5     35     56 
    46    -68    -34    -18      5     17     39     69     94     74     -5    -45    -45    -85   -115    -15 
     4     13    -71     71    -21   -116     23      5     40    -13   -111     40     49     -4     10     58 
    23     21     16     -3    -49    -26    -17    -44     47     -5     35    -27    -38      9     19    -49 
    54    -13    -97     12    -78    -63    -20    -25      0     64    -26    -20     -4     39     34     -9 
     7     30     -8     -5     -7      6    -28    -19    -54    -45    -35    -56     72     34    -34     32 
    10     19    -23   -107     15     18     44     12     36      2     34    -34    -71    -26     25    -13 
    10    -15     14    -15     44     49    -14     44      3    -15    -33    -23     -3     20     18     36 
     2     27    -25      1     29     71     30    -20     52     67     34     62    -30     54     70   -148 
   -88     28     27     62     34     61    127     50     36     21     -1     21    -61     -2     -7     -3 
     2      6    -25    -28     43    -14    -27     21     20    -32    -19     52    -37      1     62    -18 
     4      3     17      0    -70    -27     74    -41     72     22     50    -10      3     16    -93     -8 
    -8     -4     36     34     32    -64    -67    -35     10      5     -1     25     31     72    -69    -54 
   -35    -58    -50    -15    -74    -85    -52      1     61    -16     17    -28    -40     51     85     48 
    18    -30    -39      6    -71    -14     63    103     -7   -105   -119    -24    -21   -166   -136    -42 
   -42    -14     50     53      7      2    -17    -17     23     39     32      4    -57    -10      4    -64 
   -33    -45    -65    -30    107     38     39     19     24      8     -5     12     38    -31     16     47 
    75     90     21   -103   -140    -54     60     83     46     11     25    -55    -10    -79      1     51 
    37      2     44     26     -5    -48    -14     -7    -33    -73    -78     -9    -79    -59     39    -38 
   -56     46    -76    169     -7    -24     10     45     54     43    -53    -21    -40    -43    -10     -4 
     8    -14     13     67    -43    -27     43    -30      7      5    -48     -7      2      1     35    -18 
   -71    -15    -30    -70    -69    144    122     59     -7     -7    -46    -24     18    -11    -27      7 
   -19    -20      2    -21    -47    -28     36    -69    -13     33     -4    -23    -31     -3     59    137 
   121    195     48     45     43    -25     10    -32     51     21    -59     14    -37     -9     25     -2 
    -2    -63     33    147     10    -63     52    -54     -4      9      9    -33     21     18    -28     16 
    -2     27    -18     32      1     25     -1     30    103     60    -26    -11    -16    -18      4     20 
   -14      9      5    -19     21      8     43     58     27     60     37     41    -23      4      2    -32 
    94     17     17    110      6      5    -20    -22    -22   -102    -55    -22    -28    -11     61    -60 
    -5     18     -7    -35     -7    -38     -3    -45    -24    -29     -8    -15    -26    -16     24    -33 
    25      6     73    -10     16     42    -10    -36     23     -9      4    -13     34     74     16    -26 
    10      8    -51    -43    -39    -14     58     -9     28     -1    -16    -18      7     -7     32     -7 
   -12    -12    -58    -21     15     44     31    -18     -2    -43     12      5    -22    -14     28     28 
    20     19     19    -15     23     39    -88     28    -12     51    147     28    -34     29    -65    -33 
   -33    -45    -26    -60     51    -13     -2    -49      7    -11     -4     49     80    -39    -31     68 
    48     16     20    -24     49    -18    -54     -3     -2    -23    -29      8      1    -21     30    -23 
   -41      8    -16     14     41     11    -28    -12    -57    -45      3    -56    -38     10      0     38 
   -46     -8     16     36      7    -46    -26     48    -27     48     50    -16      8    -14     28     -3 
   -32     95     90     55     13      4     21      9    -20      3      9    -23    -22     19     -6     -9 
    35     64    -75     70      9    -43    -14      4    -81     -4     14      7    -22     25     36     -2 
    39     21     -2    -22     35     63     12     93     22    -38     10    -27     -1     -6    -36    -26 
   -20    -17    -26    -38     21     11     -8     -1    -15    -10    -17    -28     -6    -15     -9    -51 
     0     -1    -21     26     26     15    -19     10      1     19     61     -3     -3     10    -18      8 
     7      5      9      4     10     -1    -47     -5     -6     10     37    -22     56      9     -4     29 
    22    -28    -13    -28    -31     -3     29    -28     12     16     27    -37     11     15    -10     20 
    -6     -3    -15    -18     36     11    -24     14      6     33     30     27      4     -6    -33    -64 
    -8    -11     52     83     45     33     -1     45     43     28     26      4    -19     -1    -49      5 
   -18     -7      4     26    -17    -16      4     10      0      6    -35     -8     79    -25    -30     55 
   -61    -27    -85    -75    -26    -90    -83    -69   -139      0     -1     -8     -4    -61    -22     12 
    53     28      0    -39    -18     36    113     67    -22     47      7      0     -8     -3     15     15 
    30    -11     -3     18     86     69     10     58    214    136    -51     36     39    -11    -22    -13 
   -12    -29    -18     26    -78    -41     26     82     29    -18     29    -15     10     19     -5    -11 
    31     10    -14      0      0     28    -20      9      7    -15    -10     13    -36    -10      5    -29 
    43     23     32      7    -42     11    -18    -13      0      2     25     64     13    -26     22      1 
    24     36     31    -26    -41    -47     51     20     48     29     48     28    -24     20     -3     -9 
    -7      9     -8     20     19     -3    -19    -20     47    -23    -36     21    -52    -34     16    -46 
   -23     19    -78    -55      7      1     -7     16    -42      7    -33    -27    -40      0      3    -15 
   -16    -53     29     39     64    -56     59     24     19     18     10     12     53      2     10     24 
    -9    -56     37     23     31     -3    -51    -34    -14     -3      0    -27     35     11     17      3 
    27     -3    -39    -19    -66    -90    -92     31     52    -48     17     58    -20     29      8     -7 
   -14    -53     11     -5    -25     11     23     -7    -20     35    -19     34     69     61    -24     17 
    12     34    -11    -21     36    -56   -236      7     12     18     32    -22    -38    -62     -9     74 
   -23    -10     52     78    -12     55     27     14      7     11      5     50     31    -24     14     22 
   -22    -64    -53     -6    -26      6    -36     15    -73    -19     51     14    -13      2    -42    -18 
    50     25    -62      1    -12     30    133     68    -26     -6     20     63    -71    -89    -13    -46 
    -5    -67    -12     50     23      1    -42     -1    -38      7      7      8      7    -14     25    -23 
    14     21     30     36     15    -13    -24    -25     29     -3     21     30    -29     20    -20    -15 
   -82    -61    -47    -43     10   -126   -116    -69    -38     28    -12      1     76     34     33      6 
    19    -35   -192    -20     -1     -1     15     10     37     19     41    -10      2     -2    -23     -8 
    27     11      6     65     54     28    -11     27    -23    -41      8     41     13    -87     -6     20 
    17     32     29     24    -18    -49    -30    -58     13     -3     14     37    -33    -35     25     -9 
   -76     14     25      3     -9     23    -16     19     39    -60      7     50    -24     -5     18     37 
   -20    -54      8     -3      8      7    -40      1    -58    -26     17     43      2     -6     -8      9 
     6     -7     40      7    -24      3    108     54    -44     47     47   -154    -95      5      1      3 
    22    -13     35     16     13     10     15     44     85     22      4      5     42    -36   -141    -11 
   -10     -5     76     -7     23     27      6     42    -99     19    -69    -28     34     22    -13     -5 
    82     -4     -9     30     13     20      5     41     16     41    -52    -44    -24    -37    -48     -5 
    -7    -10    -21     19    -21     59     12    -34     53     52    -86     -5     34    -39     23    -16 
    -1      0     -5     13     -9     27      6    -27      0     -9    -15      3      8    -19     20     15 
   -27    -36     15    -14     22     -5    -24     39    -22    -53     24     70    -56     19     -8     -8 
    11    -44    -66    -63    -58     68     -7    -63     62     42     11     25    -29    -24    -10     12 
     1     20     -1    -40    -76    -78     22    -73    -66     -6    -50      2     17    -24     -3    -10 
   -35     -5     21    -97     34     54    171      7    -12     54     30    -78   -145    -56    -29    -26 
   -34     26     51      8    -49     55    -20     -7     56     20    -49     15    -61    -87     32     12 
   -28     -4    -61     -2     22    -25      3     47    -54     16     21     -2      4     -3      0      9 
    48     -7    -33     53      5    -39     11     10      9    -59    -28    -17     30     36    -28      1 
    18    -10    -55    -42    -49    -50      3    -15     -5     -5    -49    -10     -9     -8    -30    -23 
    10    -12     27     24    101   -107     -2     24      5    -33     90      8     18     34     22    -10 
   -23      3    -46     -2    -43    -41    137     -4     18     -4    -22      3    -18     21     10    -75 
    25     10    -45    -29     14    -89    -26     48     96    -29    -26    -43    -12    -59    -72      8 
    40      8     56    -38    -81    -54    -15   -114    -69    -10     30     43     22    -65     -4     13 
   -40     -6     -4      4     28    -69    -11     49    -52     56     -9     55     32    -50     34     -2 
   -57     31    -38    -52    -11    -25    -45     -4     59      3     20     15     19     21    -65     -7 
   -18    -24    -47     16     43    -42     -7     11    -15    -22    -13     12     -2     -3     34     36 
   -17      7      7     40     34     43     40     84     31     -4     28    -29      2    -23    -14     15 
    34     22     -2      1     49     74     80     57    125     94     31     74     84      3     87      5 
    13     86     23    -21     49     -7    -34     27      7     -3     -2     35      4     15     10     -8 
    -8    -36     32     26     54      9     -3     22    -13      7     -7    -17      7    -38     17    -39 
   -37     -6     -4     30     -1      1     26     19     19      8      3    -22     10     -3      5     15 
    20    -32    -13    -36    -63    -11      5     17      9      6    -15    -15     14    -29    -77     14 
    33     14     39     32     10    -23    -40    -34     36     59     -1    -13     29     23    -47    -81 
  -111   -133   -136   -116   -138    -67    -41     -9      6      0      2     23    -11      4    -19    -38 
    15    118     60     22     77     16      3      2     22    -24    -19    -10     -6    -19    -18     11 
   -39    -23     18      7    -37      3      9    -52    -55    -46    -68      6   -107    -91    -28   -156 
   -65    -76   -191    -45    -29    -20     -5     -2     58     -4     16     44    -27      0     -5     -7 
    28     17     -9    -11     26     -7    -25     14    -26     32    109     46      9     22    -18    -20 
    -6     27      0    -12     -5     -1     -5    -11    -25     37     20    -30      4    -38     -1    -25 
   -45     28     -6    -20     22      9    -10      1     33    -40     17     11     13    -30    -31      8 
    19     19     15    -33    -23      4    -17    -39    -10    -19    -26     20     23    -11      1    -43 
   -17     -6      5     29     -3     30     15      8      4      5     19     22     22     22     25     14 
    21     21      2    -25      9     -9    -31     16     68     19    -31     -2     -5     14     19     31 
   -21    -36     18    -24     -1      5     -5      1      7      7      7      7     -2    -11    -33     -4 
    -6      6    -19    -11     -6     -5     60     62    -31     11     -5     -7    -16     -5    -16     -5 
     7     17     17     11    -74    -69    -40    -17      2     14    -25    -16    -18     -5      0     -6 
     9     18      8      2      4      2     17      7     -2     13    -34      9    -41    -35    -22    -35 
    10    -30      5     23     12      5     28     38    -33     30     -3    -22   -102    -44     -3    -76 
   -54      9     21    -15      6    -21     13      6    -14     14    -16     -1     -5      0    -17      0 
     1     23     22    -55    -30    -42    -40     11     -6    -37    -26      6    -30      5     42     -1 
     3     11    -13    -23    -10     -7    -86    -50     28     34     47     17     86     61     22    -29 
   -29      5      4     13    -40      1     -4     46     26     -9    -31     25    -25    -13     12     19 
     5     30      4     -7      6    -26    -10     -7     -6    -28    -26     33      2     -1     25      3 
    28     18    -47     12    -12    -18    -40      1    -19    -23    -38      4    -43     -6     -4     21 
    25     23    -15    -15    -58    -86    -46    -56    -82    -75    -12    -63    -22     18    162     25 
    49     68     63     10     69     30    -56   -147    -96    -71   -118    -87    -78    -98   -112    -24 
   -10    -20      6     24     11     -3    -13      2     14     51    -41     53    -12    -35      8    -15 
    23     -9    -13     11     21    -21     12     22     10      1     15    -31     41      4     20     16 
     6     27    -11    -18    -29    -29    -45    -24     15    -39     34    -12      7     -8     24     23 
    29     14    -13     22    -18     25    -43    -35    -40    -22    -25    -22     29    -45    -39     19 
    23      2     18      6    -16     -5    -58      4      7    -21    -11      6      7     -2     16     13 
     2     -3      4     20    -20    -35     21      7    -52     24     -7      4     15    -40     18      3 
   -50     20    -46    -23    -49   -109    -73   -106    -21     -7    -39     16    -33    -14     17    -29 
   -30     12     13      3     -8    -55      8     -2    -62      2      2    -35     17      1    -41    -67 
   -18    -60    -14      3      2      5      3     -9     -5     -4    -13     17     -7    -11     -3     -9 
   -50    -22     45     -4     -9     18     11    -27      9    -10     -2     36    -40     10      7    -38 
   -37    -43     -7    -36     -2      9    -12    -58    -43    -48     10     25     11      6      8     -4 
     0     12      2     29     79     50     36     15     20     14    -15     14     -2    -35    -10      7 
   -90     17    -20   -100     -8    -21     28    -29     -3     35    -26    -12     24     23      4     -1 
     5     -2    -51    -10    -18    -44     19      2    -32      0    -27    -79    -11     -8    -40    -21 
   -36     18     -6    -34     -3     -5    -17     38      3    -12    -27    -27     20     15     17    -14 
   -12    -17     27    -26    -27     -5    -58    -60     -9    -41    -31      5      1     13     27     13 
   -27    -11    -11     12     31     -4      5     30    -25    -13    -19    -58    -37     -3     -1      4 
     3    -23     -2     -2    -15    -10     -1    -54      2    -25    -36     33    -21    -50      0     19 
    50    -16     37     66    -39     20     30      3     35     11    -20      3      9    -23    -30    -51 
   -10     -8     25     28    -17     43     57      1     12     18    -29     -2     -5     -9     20      8 
   -17    -18     -9    -10    -34    -10    -11    -11    -24      3     -7     -7    -17      7      5     15 
    12     22    -16    -28     32      0     33     -8     -3     17    -17     -6    -10    -17    -16     16 
    10     19      9     33    -15    -30    -15    -23     73     10    -10    108     33     11     65     35 
     1     -9     37     18     -3     27    -15    -14    -32     38    -70      3     37    -26     14     10 
   -10      3     49      7      9     28    -25      7     22      3      9     44     28      7      9     27 
     8    -11     11      6      1      6     16      2    -13     -9    -52    -67    -49    -28    -45    -14 
    28     35     45      4      1     -2     27     32     11      9     38    -14    -21    -23     -3    -13 
   -25     -2    -51    -67    -36      6    -43    -12     17      3    -23     -1    -10      0     26      9 
   -17     -2    -28     -7     -1     13    -18     11     -2      8     26      9     20     10     31      0 
    17     32     16      3     -2     25     -3    -48      9      2      7     26    -33    -27     12     17 
    53    -28     -8    -25    -27    -20    -11      2    -27    -20    -38     -2    -18    -10      0      2 
     2     14     20     23     21     36     16     -9     -4    -13     25    -47    -31     -7    -40    -10 
    49     48     54     30     11     30     16     13     39    -11      7     44     10      6     29     13 
    10     20      6    -55    -12    -14    -81    -27     23    -41     -4     18     26     11     18     -4 
     6     -7     10     -5     -9    -27     -1     13    -77    -38     18      3    -24    -12    -19    -32 
    -9      5     14      6    -19      0    -20     -2     -2     16     36     -2    -11     37     -2     -1 
    22    -18      4     -6     -8     -3     18      8     -2     41     21    -13     76     33    -21    -23 
   -42     -6      2      6    -29     -6     23     -8     21      0     26     11     14     29     16     24 
     2      1    -10     41    -29    -13    -29   -168    -99     -9    -75    -66     23    -13    -13     36 
    18     33      5     27      7     17      3    -12    -33    -70    -12     -9    -54    -23     14     13 
     1     21     13    -10     -8      7      6    -20     34      5    -29     -9     -4    -38     27      3 
   -52    -31     29    -35    -27      2    -40    -62      4     -8     -8     66    -52    -12     51    -48 
     7     50     23      4    -32     63     16    -88     40     34    -46     -5     -1     -1      4     41 
    -5      5     37    -17     22      2    -13     61     45    -94     32      4    -62     18    -14    -24 
    42    -13    -39     63     -3     -4    -43     25     19    -66    -27     16   -128     -7     16     -4 
     8     16    -18    -13     -7      6     30      5     12     21     -2    -21    -27    -27      9     50 
    -2     56     37     13     17      7     10     11     10    -20     18      6     -8     28     26    -38 
    22      8    -55     -4     22    -37    -17      8    -39     16     18     17     47      2    -12    -11 
   -50    -11     28    -47    -32    -42     16     20    -18     -8     64    -80    -86    -23    -13    -31 
   -24    -40    -19    -31     29     15     33     -1     17      2      2      1     -4     15      8    -14 
     9     16    -20     -1    -59    -28     21     19     12     29     27    -34     26     18    -63     41 
    -8    -75     63      2    -68     93     -5   -139     75     36    -55    -23    -20    -17    -25    -69 
    26    -15    -32      3    -20      1      0      2     -5     18    -16    -25     28    -42     -4      0 
   -29    -30      0    -70    -35     11     -5      3     31     44     13     10     34    -10    -46    -34 
   -12    -16    -24    -17    -43     -5    -19      8     64     24      8     36     17      6      2    -36 
   -72    -10    -21      9    -69    -79     24    -38    -78     -9     13    -15    -11     14     17      0 
    27      5    -26    -13    -29    -26     -3     34      9    -25     38     16     29    -18     14    -57 
   -57     13    -31      0     -7      7    -34     -3     28    -14     -7     70    -18     17    -34     29 
     4    -58    -38    -16    -31    -35    -11    -12     69     76    -43     10     15      4      2      0 
   -27    -17     34    -20    -77     45     -8    -60     60     -9      0     14    -23      2     -3    -22 
   -17     10      0    -10     43     10    -19     22     15     28     25     17    -23    -31     12     48 
     9    -15     35     -1     13     13    -27     49     17    -50     47     20    -41     -4     35     36 
   -71    -15      5    -34    -16    -12      8    -13     -9      2    -50    -18      0    -22      2     -1 
    50     27      8     42     13     15     22     -6     46    -11     22     25    -34     -2     -5    -49 
    12      5     25     -7    -16     42     -1    -28     54      5    -31     24     12      9     32      5 
   -18     16     -7     -9     28     13     19    -38    -33    -14      3      1    -27      2    -60     -4 
    26    -75     16      5     -1    -17     10      7    -20    -34    -14    -38    -17    -21    -15    -15 
     8     16     24    -20     29     24    -39     -1      1      0     19    -23      0    -17      0     29 
   -24    -13    -42    -13      0     -3     24     -8    -11     -7    -15    -10    -37    -26     43    -47 
   -29     16     14     10    -12      4     11    -21     25     24    -54     16     -4    -45     38     -5 
   -20     32     -6    -24     78      3      5     63     63    -81    -13     28    -53     -3     15     23 
     4    -13    -17     -3    -32    -12     19     19     31      7     42     17     -8    -46    -29     13 
   -31    -13     18     -3      0    -12     30    -16    -39    -60    -13      2      8     16    -14     59 
    22    -31     12     24     23      5     -8    -17     51     -2     13     13    -35      9     -6    -21 
    55     -2      4    -11    -30     40    -21    -50     17      3      2     37      1    -46      6     25 
     2     11     -4      4     32     19     55      1     10     62      7     -5    -15    -27      6     32 
     7     24      4    -37     17    -23    -38    -22      1     41    -14    -22      0    -12    -12     14 
   -53    -28   -111    -34    142   -157    -80     36    -41     -8   -104   -127      3   -176    -12    -38 
  -116     66    -72     58     46    -59     11    -65     33     25      2     95    -62    -60     28    -59 
    25     33    -33      4    -10     25      1    -31   -131     24     45      4    -51    -17   -147     18 
   -45   -148    -35     74    -55      2    -72    -40    -63    -57     84    120    -70     37     94    -36 
    67   -284      9    -39   -109    104    -48     22     30    -30    -35     57    -28    -38     86   -142 
  -122     52   -107    -38     55    -53     -4    -70    -15     66    -28    -89   -108      9    -52     29 
   -36    -26     -7    -29     33    -17     21     63     79    -10     11    -43    191    -30     72     24 
  -104    -75     35    111    -73    -81    139    104    -48     51     22    -23     44     36     59    -44 
   -37      8    -17   -153    -50     18    -69    -10     -1    -18      3    -79    -92     15    -46    -12 
   -15    -64   -146   -123    -44    -66    -97    -33     24    201    -13     31     37    -85    -20     11 
   -68    -66      3     49     17    -95     11    -41     17     -3    -50      2   -137    -78     29     69 
   -12    -60    -55    -10     12   -165    -52     77    -17     20    -14    -54    -18    -63   -100      6 
   -35     28     53    -21    -28    -22    -16   -309     85      2   -204     35     14    101    -16     32 
  -120    -71    -18     37    -29    -12     25     32     -5   -124    -67      9    -58    -29    -22    -40 
   -30      6     79    -54    -45    -18    -66      5     31    -11    -57    -48      9    -51     66    -18 
   -79     78   -107     92    -54    148     24   -234     53     76   -144    128    -26    -45    -84    -44 
   -28    -21    -27    -26    -16     88    -54     35    -78    -35    -29    -76    -39    -97      3    -79 
    -8    -45     36    -18    -61     12    -36    120   -214    -78     62    -21     65    -60    -34     26 
    86      1     23    -20    -58    158     -7    -15     14    -66    103     16     67   -135     50     57 
  -120    -10    -61    -59   -117    -40    -82     87    -15    -54      6    -63   -107    -41    -44    181 
   156    -15     76    102     90    -50    103    -21    -72     -7     -7    -12     26    -49     36     12 
   -34    -19      3     15    -64     94    -37    -57    -30   -135     59    -35     35     25     37     20 
    65     41     31    199    131     65    -86   -110     59   -145    -88     -5    -95    -91    -41     53 
   -57     -1   -111   -139    -13    -17     12    -23    -27     19    -73    197     98     16      6    -45 
    26    -45    -56   -137     34    -22    -99     98    -72     46     66     21    -39    -71    -69    -35 
    69    -57     11     73    -65     25    -73      9    -80   -102    -74     44     63     54    -38      9 
   -46     31     36    -23    -10    185    -47     55   -132    -37    -61   -130    -50    -32     -6    -46 
   -39    -23     39    -63     86     25    -67    -73    -75     -5    -98    -66    -56    -75     54    -24 
    35    -17    -18    -33    -86     -9    -67    -34     16    -54    -44     18    -65    -36    -24    -74 
    -7    -40     -2      3     82    -46   -142     62    -70   -113     29    -38      3     81   -109    -93 
   -13   -100     23    -19    -58    -83     24    -24    -56    -66     85   -100    -42    -55    -21      5 
    28     -3     26      0     -1     76    -41     17    105     39     76     91    149    117     64     65 
    83      5    115     23     45   -110     51    -34    -36     48   -155    201    -64    -31     35    -25 
     8   -138    -49   -122    111    -93    -92     73   -191    -83      6   -118     -1      6     12     -9 
    18      1    -51     56     -4     34     -3    -24    -65    -63    -51    -98    -12    -33    121     55 
    39     -3   -109    -37    -27    -45     47     11   -175   -140     11    105     10      2     14    -12 
    33     -5   -134    -43    -36    -19    -17    -14     49      3    -11    -53    -41    -50    -56    -17 
    71     95      7    -23     -5     40      3     18     58     14    -75    -19    -34      8     24    -49 
   -21    -10     44     -5    -46     35     -2     19     65     45    -57     36     34    -15    -22    -11 
     3    -38    -51     60     62     41      8    -44     29    -22      3      6    -43     41     32     -8 
    42     71    -89   -102   -143     74    -10    -91    -21     18    -34     -8     27     77      3    -61 
    -6      2    -13     29     29    -40     18     19    -15     13    -53    -54     37     -6    -98    -24 
    47    -10    -59     24    -10    -54    -17     21    -28     -6    -44     -3     60     47     14    -42 
    51     70    -15     11     79   -150   -109    -11    -14    -83     -1     35     51     89    -24     -3 
    10     57     41     17     30     16      3    -33    -26    -34     -3    -11    -27    -11     -2    -10 
   -46    -33    -37    -11    -37    -51     -9    -19    -23    -29     -2     -7      1     -8      4     11 
    55     10     -8      9     24     74     64     48     27    -37     19    -13    -77     33     53     12 
     0     34     33    -31      4     23      4      8      8    -33    -26     53     -2     -1     -8      1 
    10     16    -24      0     14     12    -52    -35     -8     39    -76     22    -11    -68    -56     20 
    10    -36     37     59     -8    -38     71     46    124    -11    -74     75    120     -2   -103     73 
    78    -18     17    -20   -144     -5     30    -31     25     48    -18     22     32    -14    -37    -39 
    29     40     10    -31     11    -35    -80    -14     38     -6    -51     48     -6    -18     -6    -32 
     8      5     24     15    -18    -73    -26     57    -30   -114    -71     57    -66   -140     89     63 
    15    -41    -13    -45    -34    -25     -1     13     26    -15      9     39    -33     -6    115    -21 
    20     -4    -78    -31    -43    -52     27    -70     43      6     11     31     17     66      5     -2 
   -29    -46     50    -53    -66    -44      9    -34    -33     23     16     27    -39     -6     48    -52 
   -17      1    -10    -12    -75    -49     37    -38    -13     95     23     54    109     63     46     70 
    77      4     13     50    -47    -12    -14     -5      4     36     15     19      5    -19     10     14 
    28     76      4    -41    -61     19     28    -20    162    -43    -14      7    193    -24    -90     22 
   100    -10    -42    -22    -40    -70     15      9    -45    -71    -18    -11      3      9    -10      5 
    -7     -3     15     60     57      1    -12    -32      0    -43    -39     10    -83    -41     14      0 
   -78    -22     37     -4     73    -33    -53     39     30    -27    -26     -2    -10     19    -16     11 
    -4     11    -17    -15    -26     11    -14      3    -40    -24     17    -86     -7     81     34     -4 
   -62     36    -35    -64     14     46    -34    -11     18     -8    -64     13      6     30      9    -20 
     9     31    -17     -4    -10    -38    -62    -22     46    -23    -41    -45    -12    -12    -29    -61 
   -47     14      6    -21     44    -52     36     26     92    110    -17   -104    -59     23     92    -27 
  -114    160    -96     -2     88     59     -2     92    -51     41     53     20     32     11     -6     10 
    19    -25    -24     50     23    -24    -35     62    -22     11     64     -8     -7      6      7    -30 
   -28     90    -13     14     51     61     13    -66    -18    -16     26    -19     -8     70    -11     37 
    18    -58    -26     48     -3    -42    -29    -12     -9     -7    -61     -8     28     19     -3    -10 
    78    -20    -41      5      8    -30    -11     38    -50    -73     -4     -5    -95    -59    -18    -67 
    -6      4    -23     56     29    -12     10    -92    -75     11    -25    -89    -55      9     -4    -39 
    -2     56    132      7    -14    -25     16    -22      8     78     45    -11     20     23     29    -39 
   -60    -24    -49    -63    -40    -10    -37    -16     12     35     -3     -8    -59    -48     14      9 
    15    -20     31      7    -31    -40    -15    -14      6     32      4      5     57     -5    -17    -24 
   -23     -7     55      1     -7    -13     46    105      3      0     16      0    -50   -116     -5    -30 
   -96    -74     13      0    -29     24     60     24     -1     -6     11    -30     24      8    -21     53 
    43     23    -15     55      2    -10      7     -9    -39    -40    -14     -7     -1      7     28      2 
   -10     45      4    -12     24     34    -34    -49    -33    -38    -16    -31    -40    -77    -44     43 
   -63      6     28     69      6     38     81     74     10      9     22      0    -67    -88     10    -18 
    -9     -1     13    -19     73     18    -14      2     -4    -10    -14     21     -5      2     25      4 
    20     79     31    -13    -27     16   -113    -72     36     -5    -69    -20     21    -28     22     35 
   -11     19     -8    -38    -16    -59    -49    -25     -4     25      7     12     32     51     28      3 
     5     17    -51     33    -11     -3     -1    -22    -25    -12     21      0      8    -13     41     42 
     0     -3      8      1    -62    -27    -69    -96      1      5    -21      8     50     51     31     15 
    18      1     11     -6     24     30    -16     -1     53     16    -19      8     18      0     14    -20 
   -38      5     28     -1     23      1      2     47    -32     16    -16     -5    -24     -4     23     -3 
     5     14    -14    -36    -39     -7     -7      3     -9     -9    -22     -8     32     18     16      8 
   -53     19      1    -35     10     40    -29     26     -7    -21    -15     15     43    -10    -25     16 
    17      3      3      3     -6     -5     -8     74     97     37    -17     28    -10   -107    -39    -46 
   -24     39     -1      8      1     19     44    -15    -62    -29    -33    -27    -34    -25    -53     -6 
    25     14     37     42    -10      0      6    -11    -47    -42    -15     48     72     44     19    -20 
    -8     -6     -2    -12      2    -27    -17      5    -17    -15     -2    -10     -2    -63    -62    -47 
   -91    -65    -48     22     63     53    -16    -28      4     18     25     21     17    -19     -1     -2 
   -48    -39     19     -3     13     -2     -1     -1     20     25     -9      7    -51    -31     31    -30 
   -55     24     46     15     -6     45     12    -31     32     -2    -25     -9    -37    -22    -14    -11 
     7    -25      5    -28    -41     -9    -19    -73    -45    -24    -29     28      1     14      0     45 
    33     -6     -5    -50    -52     25     65     52      6     27      8     15    -86    -14     17      4 
    -8     21     24    -13     27      1     15     21      0      7     20     45     24     16     16    -16 
    13    -10    -13     -4      3     28     58     42     41     43     43     22      9    -29      2     -6 
   -56    -24    -25    -28      1      6     -6     -2     -3     -6    -12     -5      0     18      9    -12 
    11     13     21     14    -14    -10     33     26    -26    -46      1      2    -15     35     82     23 
    -8     53     24     23    -29    -65     14     69     78    -19     24     -1    -67    -77    -37    -25 
   -24    -22    -52    -39    -40    -21     30    -23    -32     39    -16    -13     30      5      3    -11 
     2     33     20    -11    -29    -13    -27     16     24      4   -117    -95    -77    -54    -49    -29 
   -56    -58     23     10     17     10    -14    -70    -40      8    -33    -16    -23     24      7    -10 
   -30    -25     -1    -30    -19     19      9     -2     67     43     -9     19      7     17     20    -34 
   -17     27    -29    -45     33     -4    -49     10      6     16    -29    -22    -12    -14      9    -19 
    11    -53     11    -14    -98     41     25    -45    -70    -20    -56    -49    -59     38     93    -33 
  -106      6    109     30   -140    316     46   -384     29     -3    -32      5      3     23    -44    -29 
    31      8     24    -13    -44     36      6     90     47    -15    -18     -6     74    -62     53     11 
    -6    101     93    -86     -9     -5    -43    -75    -36    -48    -40     37    -42    -91     -8     61 
    58    -66     54     12    -80     22     -7    -65      2     10     -5     62    -44    -44     11     -9 
     4     -4    -15     19     36     10    -19    -39     34     -3     11     11    -15    -32     -4    -13 
    22     26    -19    -35      2      2    -32    -16     33    -10     17     -5      2     20     33     85 
   -25   -107    101     -7   -132     22     -5    -12    -36    -35    -41    -12    -16    -31    -83     18 
    31    -19     49     46    -47    -31     33    -11     -6     36     59      8     -9    -11    -10     -3 
   -17     22    106   -131      6    142   -140    -56     36     14     -1     32      8     -5     54     30 
    17    -16    -19     23     33    192     44   -269     38     31    -17    -16     -1      4     45      3 
    12     11      5     -3     35    -17    -51     22     30    -26     37     12    -68     12    -18    -35 
   -11    -22     43     31    -19    -48     -5      0    -64    122     -2   -107     62     -9    -24     11 
  -104    -39     27      7    199     25    -81     -8    -53     14     22    -57     22     49     22      7 
    66     47     51     16    -47    -95   -119     37     82     44     -6      5     19    -30     22     32 
    13     26     14     68     -8    -25     14    -55     25     75    -11    -18    -47     -5     10    -22 
    33     55      5    -16    -40     25     20     18     12      4     26    -52      6     -2    -33    -30 
   -69    -87    -75   -131     21     62    -28    -78    -27     77   -102    -69     42    -62     10     77 
    28    -26     29     -1    -54     63     -3    -33     23      0      0     32     18    -20    -11     53 
   -27     16      3    -10     -9      4     59     35     30    -20     -9    -38     17     31    -56    -16 
    -9    -14    -28     -4    -34    -36    -69     53    -17   -112      3    -22    -83    -13     18    -31 
   -40     25    126    -36    -15     34    -12     11    -33     -7     30    -21    -21      3    -10    -91 
   -13     32    -86    -26     41    -10     -6    -13    -74    -63     16    -26     89    117      2    -15 
     7    -28    -12      0    -26     55     38   -106     11     31    -21     -2      1    -29     17    -18 
     6      7     19    -88    -32     52    -29     -9     -3     52     34      9    -27     51     14    -45 
   -34     77     29     17    -18    -26     41     -2      7     34      4    -12     62     15     -1    -31 
    16     26      5     -1     42     11    -61     -6    -46    -30      4     77     76    -59    -16     71 
    21     -9     57      8     11     83     38     -4     25     10      5      6    -42     42     75     11 
   -48    -39      1     29     25      1     28    -44      5     -9     26     15      5    -42      4     -4 
   -10      1     10    -18     20    107     85    -13     79    -31     -8     16     -5     27     -2     -5 
   -12    -43    -28      9    -21     43    -64    -18    -65    -75     -2     35    -26     31     54    -15 
    -5     -2     30     15     -8      6      2     18    -18     -9    -55    -44    -27    -40     17    -13 
   -14    -48    -41     80    -42     41     79      1     13     15    -23     -6    -11     -4     38    -30 
    52     17     -8    -35     -3      4    -71    -61   -128     -7    -22    -57     10      3    -16     17 
     6     -5      1     -7      9     74     73    -17   -107    -36    -54    -56     27    -52    -29    -50 
    67     59     20     55     11    -23    -31    -45     -4    -17     -5    -19    -15    -31    -12    -21 
