    29     48     17     69     54     23     21     26     -2     11    -21      6    -23    -23     -1     10 
     2     51     22     40     38      5     21     49     13    -18      8     35     16     19     80    113 
    99     52     76     41    -10     -8    -12    -24    -43    -36    -14    -94    -65    -30    -10     11 
   -52    -40    -55    -48    -59    -63    -11     -7    -30    -22     35      6     18     36    -33    -33 
   -20    -35    -29    -51    -14     31     32     49    -12     -2      7     56    -51    -92     55     48 
   -42    -51     40    -29     22     14     19     24     22     29     -1     17     11    -22      9     -5 
   -53    -30    -15    -39    -26    -16    -57    -61    -43    -16      2    -48    -30    -32      4     12 
   -18     23     -4     25     41     44    -21    -21     -2     10      5     22     11    -38      1     35 
    10    -16    -61     -9     -2     -3     38     24     29     25     22      2     51     10     21     17 
    25     52     31    -13    -37    -30    -66    -65    -70     30     46     49    -23    -37     31    -12 
   -37    -24    -29    -29     15     37     43      0     20    -30    -16     44     30     10     71     -4 
    -2     21    -91    -68    -18      2     23    -56    -19     29    -54    -55    -18     29     44      6 
    13     -6     -9     19    -10    -61    -28    -18     -7      0    -35    -14     13     37     26     29 
    16     33     25      4     22     14    -25     13     33     33     22    -52    -23     32     -4     41 
    47     10     49     -9     -5     -7    -32      9    -36    -47     14     32     18    -14     -6    -17 
   -46    -40    -55    -56    -18      0     -2     19     34     58     64     57     27     39     55    -79 
   -71     -8    -12    -64     -8     -8     13     12      5      4     18    -14     19      2    -36     26 
    13      5     47     28     24     62     48    108     44     26     11    -75    -43    -70    -70    -85 
    -9     23     28      6      5     -3     24     40     10     31      4      5    -28      6     -1      4 
   -11      2     -5     -3     18     -3     14     66     28     75     45     22      9     -5     40    -13 
   -24     27    -35     -1    -32    -28    -14     45     19    -30     13    -19    -19    -24    -34    -36 
    -9    -16    -18      5     -7     -6      6     25     28      8     -5     37     12    -10     29     19 
    38     16    -22     19     56     12    -32      4     -6    -25     -5      0     19    -11    -44    -13 
   -29    -21    -10    -59     34     25      4     59     43     32      7     -9    -33      5     -6     33 
    -1     -8     10     45     26     28      1    -57    -36    -13    -68    -27    -18     -7    -55      2 
    48      6     20     51     39    -86    -60    -68    -20    -36    -35    -21    -45    -23     -7      9 
   -17    -49    -55     -3    -59    -21      2     26      7     12     -3    -14    -17    -11    -19    -51 
     5    -10     -1    -32    -26     57    -51     25     63     11     23     12    -53     -8    -44    -29 
   -34    -20    -14      8      7     -3     23     41    -32     -9     12    -48      5     39     11     -2 
   -12     57     34     28     12     56     41     33      1     23     -6    -12     -2    -40    -34    -31 
    27    101     46     12     10     24     -2    -23    -61     27     21     -1     -4     -7     -2      5 
   -37     15     13    -31    -17     16    -14     -5      4    -17     29     10     -7     -8    -37    -54 
    -6     15      4    -12    -20     -4      4     25     20     51    -58    -50    -78    -17    -33    -46 
   -75    -57    -33      1      2     44    -17    -51    -30     19    -26    -40      2      7    -14    -21 
    -4    -28    -31    -33    -17      0    -23      6     47    -13     -2     16     26      2     28     34 
    20      0     54     24     23      2     41     19     -4      1     -3      9    -37     -7      5    -43 
    12    -60     67     24     -2     27     60      7     -9    -12    -20     32    -33    -42     35    -12 
   -74     15     16      0     19     -1      0      6     22    -13     41    -12     -2     -4    -12    -28 
   -50     -5    -13     -5     20     13    -44     -9     31    -33    -45     67      8    -58     34    -66 
    -2     68    -89    -37    107    -37    -17    -56     21     -2    -77     -3     20    -63     13     12 
   -22    -50     -5    -54     34     56    -50     -8     -4     60    -50     -8     73    -39     18     69 
   -72     47    -75     19     -5    -83      1     37    -74     14    -51      1    -46    -52     32     17 
   -14     35     -3      0    -10     22     11    -23     86     51    -10      3    -79    100     38     -8 
    35      6     36     25    -18    -28     -6      3     -6     -4     -9     17    -47     14      6     16 
    -1     15     15      3     30    -37    -46    -40   -158     86      9     -2     14     -6     24    -71 
    25    -50     74      5    -72     98     43    -91     63     17    -50     24    -30    -22     92    -23 
    16    105     -2     30    -56      7     37    -52    -15     19      4    -45     21    -21      6     14 
   -54     27     10     15    -26     29    -37    -30     32    -49      0    -33     17     13      1      2 
    26     36      2      5     25    -22     14    -70    -56      5   -101    -32     27     -8    -38    -11 
   -12     63     -2      1     29      9    -30    -26    -64     54     30     -1     41    -77     18     52 
   -36     50    -59     27     63     -7      9      4      2    -19     29     -3     -8     13     24     31 
   -17    -51    -19      1    -25     43     19     -6     36     11    -25     24     31     86    -43    -16 
    27     34    -79     56     35     38     -4     13     33    -40     68     11    -96    109     16      1 
   -35     10     14    -15     34      5     -5     17     47    -13     14     33    -17    -17     12      4 
    43    -42    -44     66      5      4     38    -44     16      4     46    -19     -5     25      0     31 
   -31      6     34     74    -11     36    -33    -27     35    -11      4      3    -16     12     18    -12 
    58     36      6     26      4     41    -45     -9     58    -10     20     35    -27     38    -70     27 
     9   -107     88     40    -33     25      1     82    -43     36     58    -45     10     45    -62     -9 
    20     -3    -15    -13    -12     18    -25      6     27     -7     -7     38    -36     47     16    -30 
    29     -4     -8    -30      5    -37      2     21    -33     -1     45    -16    -63    -10    -94    -58 
     9    -32    -24    -32     28     45    -31     23     28     18     24    -51      6     69    -23     12 
    21    -40      0    -61    -13     45    -31     25     41     34     -5     15     20     24    -22    -47 
    69    -83     -2     24    -17     19      9     14    -17     54    102     95     80    -50      3    -75 
   -13    -16     10    -21    -25     37    -32    -71    -13      1     -5     -2     -1     25     14     -6 
    22     12     19    -28    -41      9      5    -18    -32     42      3    -14    -40      2    -26    -19 
    33     -5    -20     26     -9    -12    -13     -4     -9    -24    -28      1    -21     -3    -24    -25 
   -14    -22     -2     21    -49    -38      9    -60     -3     25    -52    -25      3     28    -28     32 
    36     -1    -30    -50     12      7    -11      9     19     -3    -79     41      8    -32    -36     27 
   101     61    -36    -17     31    -28     38     33    -48     17     32     28     10      8     10     32 
     9     -8    -12     23     57    -40     18     23    -51     15     24    -40      5    -26    121    -34 
   -49     86      8    -63     51     60    -22    -77     13      5    -56    -58     62     52     16     53 
   -11     22      2    -30      7    -47     21     -8     39    -35     -5     72    -10    -24     45    -35 
     1    -37    -40      6      8     14     20     30     -1     41     33     23     13     17     15    -28 
     9     -1    -20     17     21     -9     34     47    -14     27     44    -31      5    -13    -30     44 
     6      3    -10     -5     12     56     56     18     26     54    -42     54     46    -10     20     -7 
    26     18     18     36     33     46     19    -27      3      5    -12    -18    -18    -19      5     30 
    20     16     -2     -5     -6     10     45     28    -18      5      7     -3      4     17    -26     -9 
    15     15     18     15      7     37     33     15     18      4     33     30     36     32     39     15 
    -3    -12    -12      3     15      9      6      1    -15     -6      1      6     33     12      9     16 
    29     27    -13    -11     10      4      4    -21      5      3     -6     -5    -15     -4    -10     30 
    49     19     39     29     50     89     19     13     36     23      9     53     24     -4     -3     20 
    28    -13      0      8    -27     -5     17     -7     48    -16     31     16      8     56     24     26 
    -4      9     41     33     -6     10     57     25     14     27     22     -1     18      2     18     59 
     8     16     46    -13     66     31    -16     43     24      5     52     49      4     25     34     38 
    26     43     33     -7     21      9     28     36     65     34     63     78      7     86     40     40 
    25     -7     62     50      6     55     71     21     11     42      2     -2     25    -22    -26    -33 
   -41     -1     -1      2     25     66     29    -19     21      9     33     10     15     63     69     10 
    13     44    -18    -49    -16    -59     11     21      7    -39     -6    -29     10     28      2     22 
    12     32     -1     -9     24     11     38     34     28     54     24     36     -1     21    -15      5 
    -7    -10     12     13     -1     14     11     39     80     43     37     35     35      2     20     25 
    57     29      7     19      9    -11     10      2     10    -27    -26    -24     10     41     33     25 
    42     21    -28     25     57      2     47     23     56     31    -19     -6      5     22     22     60 
    44     21     46     45     13     35     -8    -11     18     12      0      5      5     28     18     11 
    -3     18     21      4      2     13     -7     51      1     25     72     38      9     78     52     29 
    27     -9     77     47     -4     36     24     -3      0    -35      8    -27    -47     -7     -7    -15 
     2     13     16     -4     13     19    -17      6     24     -9      2     26     48      4     22     23 
    34    -12    -26    -12     -1    -28     14     -7    -15     39     75      0     22      9    -15     21 
    21     -8     18    -11    -41     51     48     38     28     75     38      0     36     32      7     32 
    17     16     26     -2     45     18    -55     27     43      6     22     48      8     46     87     14 
    11     20     40     10    -11     -6     35    -13     -4      2     19     -2     30     61     34      7 
    -1      3     -1     -5      4     44     72     12     19     16    -28     17     10    -17     13     12 
   -10    -43      3     16    -16      5    -22    -14     35     16    -15     -6      8     -9     -3     -5 
    -6    -33     -8     21     26      1    -11     28     23      3      3      2    -28    -23     -9      4 
    -4    -22     50     51     54     -1     -8     10     39     34     -3     29     62     15    -16    -48 
   -13     -8     10     -8    -23     -7      5     11     28      0     -2     -1    -13      8     24     12 
    31     36     21      4    -14      3     11    -16     -3     39     11     -9     -3     18     13     10 
     8     -5      7      6     -1     51     33      1     16     69     44    -45     29     62      9     29 
    14     12     33     49     13    -10     -2    -15     42     55      7     77     38      0     44     32 
    10     45    -17    -21    -15      1    -37    -58    -24    -33   -115    -18    -13      6     19      3 
    53     12     51     38     62     -9     14     75      4     99    118    -62    -72    -40    -52   -101 
   -80     -8    -85    -35     -7     21     -1    -29     -4     17     -5      3     38     -9     11     33 
   -24    -54      6     35      2     -5     28      6     19      0    -41    -21     15    -25     -4     30 
     8    -13      7     46    -11     17     35     13    -38      9     25    -31      0     39    -11    -23 
    -1    -16      3    -23    -15      4    -21     21      9     -9    -19     21     27    -63    -23    -26 
   -37     34     53     61     33     41     20     -4    -22     10    -23    -55     -2     55    -24    -26 
    -5      4      4    -11     -8    -28     15      5    -40     22     40    -32      9     60      1    -31 
   -13     18    -30      0     23     14     -7      8     73     25    -15     31    -12     29    -24     -8 
   -13    -38    -20     -1    -23      9     33     -4     47    -23      4    -19     -1     40     14     16 
    42     -6      0      1     25     23      4    -18      6     24     -2    -58    -24     12    -33     25 
    34    -21     11      4     29    -11     -7     11     12     28     30     27     20     16     55     24 
    14     59     67     -2     25      9     -1    -33     30     -1      7    -21      4      8     -7    -58 
  -118    -63    -35    -91    -74    -21    -84    -74    -18    -22      9    -30     21      9      7     12 
   -14      5     36    -13      2    -18    -45     23    -10    -22     32      8    -27     27     18     15 
    -4     -6     27      1     -2    -18      1      8     28      4      7      3     -6     -7      9      9 
     9     27    -14     32    -16     14     42     -5    -27    -31    -14     13     33     19     -9    -50 
   -38      1     16    -30     11      4    -68     12    -25    -39     -5      9    -12     -4     56     31 
    19    -13    -27     18     46     29     31     25     11     29    -32    -63      2     35      7    -58 
    30     10      6    -53      7     13    -56    -11    -18    -13     25      2    -20      7    -10      4 
    49    -23     21     35    -27    -20    -10     13     30    -17     43     21     -4    -25     13      2 
    -1      4     27    -36    -34      5      1    -20    -58     -4     -9    -35    -17      4    -14    -14 
   -88    -38     25     -8    -51      6     -8     -5     14    -10     21     47     21     -9     17    -52 
   -10     52     87     38      4     80     47      4      9      0    -25     20     46    -23    -15      2 
    -7    -17     18    -25    -16    -33    -14     10     28    -18     52    -25    -21    -33    -12     -1 
    47     50    -13      9     22     17     65     23      4    -21     -8     38     10     15    -14      4 
   -23    -49    -11     -7     -3     11     -8     -2    -20     11    -45    -50    -21    -15    -56      3 
    32    -17     -5     12      0    -13     25     -9    -44    -23      5     29    -43     20     11     11 
    21     11     11     -4     -6      7     -1    -33      5    -29    -14    -42   -120    -87    -35    -51 
   -36     -8     23     32     -2    -18     22    -25      1     49    -29     -1     11      3    -21     11 
     3     30     27    -31    -42    -11    -18     -4     20    -40    -58     41     16      6     38     -1 
   -44     19      5    -31     21    -18    -17    -10    -22    -24     27     15    -29    -23      0    -21 
   -48     32     95      3     38     93    -20      6     94    -18     35     35    -12     30     50     19 
    34     37     14     -2     -3    -44    -48     52     10     -5     31    -55    -20     -2    -12    -32 
     9      4     -9     -4     18     38     51    -22    -24     24    -81      5     -1    -63      5     11 
   -35     20    -11    -14     16    -10     52    -14     -4    -10     41      1    -56     12    -29    -58 
     6     -9    -34    -26     -9    -45     -2    -10     15    -15    -84     28    -23    -88     -8     22 
   -54     23    -32    -41    -21     13    -57    -35      4    -37    -60     12     18    -38     46     16 
    22     19     12    -37    -27    109     60    -57    -56     53     11    -89    -22    -27    -22     41 
   -75    -24     38     10    -63     14    -31    -23    -58     14     58    -17      5     14     68     13 
   -17    -18    -15      6     21     -3    -13    -13    -27     48     49    -43    -49     73     30    -24 
   -26     18     30    -29    -12      8    -56      8     -6     65     10      7     43      3    -32    -39 
    39     64     -1     62     28      7    -44     58      3    -53    -36     31     -3     -8     -1    -31 
    -7     11     10     -4    -26     -5     -3    -18    -35     -7     -8    -26     14    -18    -31    -55 
   -14     41    -33    -22     53    -27     -9     47     -9    -46    -29      3    -10     22     19    -33 
    19     15     -6      1      6      3    -10    -35    -29     27    -12     18    -11     56     -8    -13 
    26     -7     25     -7    -60     66     58    -64    -24     34    -17    -17    -60    -34     -7    -62 
    -4      6      4     95    -27    -56     19     35    -33    -11     28    106     -5     -7    -13     30 
   -39     -4     15     20    -17     -6     -2    -16    -24      5     43     -5    -10    -46    -24     12 
     3     -8     32     84     33     -5     79     19    -46    -48     16    -24      7     20     -5     32 
    37     49     54    -75    -28     31     21     -2    -51     36     12     22     18      5     -1    -22 
     3     13    -38      4      8     16    -26     -7     18     -7     18     47    -12     17     39      8 
    23     58    -17     18    -21     25      6    -16     77     23    -36    -18    -37     54      2     30 
    16      1    -31    -26     62      5     -4      2    -42    -29     15    -27    -34    -11     -8     19 
     4     -8    -28    -55    -70    -69     -6    -44    -49    -65    -17    -29     -8    -35    -43     62 
   -75    -39    -15    -33      0    -16    -60      0     26    -25    -46     -7      9    -20     13    -43 
    -1     24    -26    -32     40     62     90    -35    -17     45      1     12    -30     19    -49     15 
    25      1     14      0     -4     27    -10    -11     27     12    -41    -16     38      1    -67     11 
   -22    -26     50     42    -26     21     32     34    -23      5     89    -53      7     -5     47    -21 
   -59    -17    104    -14    -33     26     13    -14    -39     12    -50    -37    -40    -45    -60    -99 
    -9    -23    -32     19    -14    -21     -7     -5      8     -8    -23    -18    -32    -28     -5     13 
   -35    -42    -17     13     42    -44    -31     15     -4    -16     17     10     26    -42     15    -11 
    23    -29    -27     11    -31     -1     12     12    -31     38    -19    -71     12    -19    -77     30 
    28    -21    -27     26     37    -17    -71    -33     -2    -44     15     22    -67     21      1     12 
    32      7    -18     39     -5    -24     21     27     10     -4      5     13      6    -28      5      0 
   -35    -37      2     -8    -33      4     40    -46    -35     12     20    -48    -15    -12    -27      8 
   -21      2     39     17    -13     -8     15     23     15     -4    -22    -12     -5    -24    -86    -35 
   -51     12      6     15     -7      3    -57    -18    -40     31     -5    -13     13     55    -25     63 
   140     42     40    -17    -31     36    -17    -52      4    -26     32    -33    -15      7      7     20 
   -27    -39      1    -24     -5    -24     39     -3    -12     51      3     65     47    -13     33    -36 
   -54     25     -6      7     -1     33     26     -3      1     38     12    -44     -6    -14     34     46 
    17    -13     24     15    -11    -30      7    -35     27    -14     -6     37     80     28     11     -3 
    17     74     -2      7    -37    -10      4    -39      7     -8    -91      1     -8     18    -39    -47 
    21     10    -12     -4     42    -45      0     29    -17     -3     32      5    -41      9    -33    -26 
   -39    -29     20     -3     -7     -3      6     22     -2    -12    -19    -22    -41     25    -90     45 
    42    -59     67     26      2     43    -26     51    -63    -93      8    -88    -15     14    -49    -25 
   -61     13     29    -27     18    -27    -33     11     18    -37     66     -7    -26     49      3    -63 
    56    -33     24    -74    -40     16    -53    -25     50    -27      5     -9    -48     18    -31     27 
    11    -37    -17     -8     41     -7      0    -17    -23    -30      5      5     46    -23     15      2 
    59     67     -6      2     -1    -18    -25      9     17      5     -3     -2     21     -3    -14     26 
   -84     -3     52    -55     -1    -19      4      1    113    -65     25    -22    -12    -17    -90     39 
   -22     32    -28     -5     39    -23    -42      0      0      1    -27      6     18     75      1      9 
    20    -14     11    -12     69     27    -30     -3     -8    -35    -19     16    -55     37    -21      6 
    14    -10     58    -40     -1     13    -22     21    -13    -29      8    -28    -33      3     69     -5 
   -23      8      6     -7     31     -4    -38      6    -94    -14      2    -85    -45     -2    -34      7 
    -7    -28     35    -25    -20     22     11    -12     67    -43     11    -11    -29      7     25    -45 
    31      0    140    -43    -11      8    -69    -19     -4    -23     10      9     27      1     31    -13 
    22    -18    -40     -8     16     13    -13     21     -4    -31      6     -2      3      0     24     42 
    29     40     12      5     20    -27    -50      1     -5     36    -36     -1    122    -52    -41    -42 
   -36     -4    -16      5      4      5     26     -2    -90      0     44    -49     52     56    -17     18 
   -43     80    -62    -48     43    -53    -32     12    -13      8    -40     15      5     72    -18    -28 
    67    -69      7    -19    -34    -15     28    -34      4      2      8    -13     25     13     -7     21 
    26     -7     12    -17      1    -32      6    -30     -9     21     -8     -3     28    -24     35    -33 
     1     17    -95     -3      1     -8     10    -72      6      6     -5    -10    -19    -46      5     -3 
   -31    -11    -11     23    -17    -18     23     17    -17    -12     25    -16     17    -22    -26      3 
    12    -26      9      9    -29     35    -37     -5     11    -95     -1     -9    -41     27      0      6 
    52     37    -11    -38     -3     16     -3     49    -10    -52     -2    -35    -30    -29     25    -22 
    -1    -37    -34     24    -73    -17     42    -14    -24     -9    -24    -21      4     -5      1      6 
    44     -1     -1      4      6      1    -40    -45    -28    -28    -63    -49     -8    -66    -64    -51 
    13     -2     16    -10      5     -3     -2     -6    -19     -8      7    -66     15     28     34      7 
    -1     20     -7     68    -10     16      6    -33      9    -36    -12     -2    -43    -10     15     47 
    -2    -27     11     24     13    -24     19      3     -7      3     -5    -26    -14    -23    -24     -1 
   -13     19    -17    -33     -8    -16     16     11    -67    -10     -6    -21     15      7     22    -25 
   -41     31    -12    -26    -35    -38    -31     18    -32     -6      3    -19      5    -23      0     21 
   -85    -49     -5    -13     -7     71    -51     -8    -13     -8      1    -40     54     29     -2     16 
   -18    -18    -12     17    -16     18     15    -15    -26     22     -7    -41     47     98     -7      6 
    33      7    -22     19     17    -16      4    -27     -2    -45    -49     -2    -37     11    -22     -5 
     9    -23    -14      5     33      9    -15     18     17    -32     17      0    -76     19     21      3 
    -9     44      5    -40     16    -18     19     59     34     13     -3      3     38     17     25     19 
     1      4      0     53     27     -4     12     25     44     54     10    -67   -138    -24     -9   -101 
   -19    -28   -116    -41    -12     -1    -11     -3     10     33     19    -31     15     11    -12    -20 
     7    -45     -2     31     -8    -10     98    -23      8     39    -57    -36     25    -35     -7     14 
    11     18    -16    -17    -32      6     31    -24      3    -10    -19    -25    -20      3      4     34 
   -35    -19     32     27    -11     80     36    -24     -5     16     -7    -41     36    -19      5     22 
     1      7      6     35     57     -8     11     68     31      7     26     16     43     49     -7     -3 
     2      1      0      3    -16    -84    -12     19    -30      9     32    -35    -18     13     -9    -16 
     9    -16     -7     -3     39     21    -33     -4    -50      1     13     43      2    -17     48      6 
   -13    -26    -40      9     17      9     21    -26     64    -27     -9    -11    -20     -1      4    -12 
   -41     27    -12     15     39     -9    -17      7    -34    -34     -9    -13     23     -2     -5    -14 
   -13     27    -40     15     -1     30      3      6     31     20      3     36     27      2    -22    -12 
   -27      9      3     -2    -49    -59    -21     20    -22     34     27     29     36     22      9     -3 
    46     -7     -2     64     -5     19     22     19    -17     18      5     -4     19     -3    -38     32 
    -1    -46     -8      3     -9    -14     12     27     12      3    -13     61    -13    -24     35    -10 
    -9     23     -8      6    -18    -31     31     10     -3      1     -4     -8    -18    -55    -18     11 
     7      8    -16    -45    -19     29     -9     62     16    -10     19     33    -62      4    -51     25 
   -61     42    119     25    -10     66     20    -34    119     25    -49     70     15    -29     17      3 
     0     65    -47     21     28    -54     53      2    -33    -24    -21    -21    -15     43     22    -42 
    -4    -18    -68    -24    -42     17     -5    -41     92     40    -32      0     61     19     13     52 
    23     33    -13    -13     33     -9    -24     38     12    -60     21     47    -63    -33    -60     -9 
    25     17     48     26      3     41    -11    -17    -46    -27    -12    -10     18     60     37     30 
    37    -12     11     41     17     44    -16     18      1     27     53    -22    -62    -21    -39    -38 
    21     35     75     36      2     46     42      1     18     63    -18    -45    -49    -10      0    -15 
    63     39    -10    -28     19    -39     31     66    -17      7     92     34      3    -26     23     -4 
   -53     -5     32    -20    -23     -1    -51     -8      0      9     -8    -37    -64      8    -11     -4 
   -51     14     12      0     41     16    -11    -41     35     58    -54    -10     30    -46    -12     -1 
    42     15    -45      9    -10    -23     30     -1    -28      2     27    -10     13      8     -5      5 
    16      5      2     29    -12      5     29     16    -65    -34     33     83     62      3     91     64 
    30     31     27     -9     35      8     34     14      6     25     44     50     45     12    -28      8 
     1      0     -2     16     48      2     37    -15     55     18    -35     49     53     41     47    -42 
    -4    -70    -17     53    -32    -31     17    -53     25    -38      4     65      2     26    -32   -101 
    12    -15     51     73     23     51     74    -15     14     17     30      8     65      6     62     53 
    56     34     62    -41    -23    -52    -17      0    -17     -9    -23    -51     10    -28     -6     11 
   -15    -12     -9    -19     11    -34    -11    -23    -98     53     29    -47      4    109    -18    -63 
   -40      5      9      4     10     -1     27      5      5    -14    -15    -18    -23    -21     19      6 
    -8    -28    -12      9     -6    -12      2     -7    -21     43     68     -7    -51    -14    -18    -33 
   -14     -7    -14    -68    -30     31     31     -1     15     -4    -12    -17     -3    -11      0     -2 
    -2    -28    -19    -20   -113   -109    -23    -54    -14    -17    -52    -57    -77    -65    -61    -26 
   -49    -32    -52     45     20    -33     17    -28    -14    -18    -21    -13     34     19    -19     11 
    18     -7    -20      1     -6     14     -2     20    -21    -48    -44     14    -37    -51     37    -11 
   -42    -87    -26     34    -11      6     48      1    -44     42     48    -17     14     27      5     14 
    28     17     17     27     36     32     -8     10     -2     33     19      4     43     36     12     21 
    66     26     32      2      0    -20      5      9     -2     24    -27    -22     19    -58    -11    -17 
   -40     19    -35    -27     10    -15     -2    -33      8    -41     12     -9    -75     56     49    -33 
     1     26      3    -26      1     -3    -37    -19     -9     -1     92     21    -11     26     27     -5 
    11     37     -1     35     30    -22      2     55     -6      0    -11    -11    -25    -25    -13    -28 
    11    -19    -60    -12    116     89    -12      7     37     42     21     71     43    -75    -34    -35 
   -42    -57    -42     32    -22    -28      1     10     50    -16    -14     36      5    -10    -44     30 
    49    -14    -31     47     38      0    -14     20      4    -39    -76    -16      9      4     43     53 
     1    -93    -70     11    -55    -63    -44     27    -38    -37     42     57     34    -14     41     77 
   -51    -33     -6     21      9    -35      5    -17    -16    -16    -22    -10    -34    -40    -13     -6 
    -5     32     23     15     18     25     56     16      8    -10     26    -27     -2     21    -30    -70 
   -11     26     -7     -5     41     27     26     18    -26    -34     -4     22     25      2     -7     -3 
    -4    -29     32    -11    -19     38     17     -9     43     34    -37      0     37      9      0    -19 
   -19     13      6     -3     -9     32     -2    -24     -5      6    -20     -1     -3      2     15     23 
   -14    -24     -5     -1     12    -12    -48     24     -6    -67      8    -21    -31    -12     40     56 
    -2    -19     15     -7    -11    -10      2     -6    -37     13    -11     20     48    -16     10     56 
    39    -17      0     53     53    -22    -18     67     -8     29     -5    -12    -41     19      2      7 
   -15     -2      1      5     25    -16     12     26    -20     18     49      6    -21     20    -54    -70 
    25    -11     -8      0     21    -60    -21     -4     17      0    -12     45     18    -29    -29     24 
    -1     -3     18      5     39    -15      4     24     19     -1    -10      7     50     65     61     39 
   -54      4     39      3     42     86      7    -41     72     58    -76     15     -9    -42     54     10 
    23     74      8    -40     35     44    -38      8     43     -4    -43    -24      0     -4    -15      9 
    20     16    -20    -33     15    -10     28     28     -7     14     11     -9     29     38    -78    -30 
    38    -18    -22      8    -40    -10     12    -14    -27    -36     48     20    -11    -16     -6     21 
   -15    -25     26     -1     21     33    -88    -13      5    -56    -28    -24     12     21      4     27 
    51      4    -16     -6     24     32    -10    -24    -19      0    -31    -21    -10     15    -15     27 
     3    -68     42     44    -43    -10      6    -23    -46    -11     -1     20     14     22    -13     17 
    20    -15     36      7    -32     16     -5    -35     31      9     -3     38    -46     34    -40    -58 
     8    -21    -34     13     12    -50     23      4    -43     35     28     -1    -46    -50     48     -3 
    -9     24     -7    -31     30     50    -20     45    -34    -32     87    -15    -57     21     -6    -62 
     9     32     31     31    -32    -15     43     30      9     79     38    -30     20      7     -4      9 
   -15      2    -76    -61    -31    -21     36     -3    -45    -17    -27     27     61     41    -40     -5 
   -31    -33    -26    -27    -11     -6     12    -15     13      9     -3     39    -14    -10    -23    -15 
   -29    -65    -54    -20     16    -10    -21     30      2     -3    -12    -82      1    -29    -50    -12 
   -52     13     21     18     26     22     -3      3    -34    -51    -12     -5      3    -13     -1     26 
   -13    -45    -41    -29    -14     14      8     -5     17      9     97      6    -10     64    -18     32 
   -21     -8    -22     21      2    -14     -1     27     14      4     25     19     58     28    -50     -5 
   -30    -30    -34    -35    -24    -35    -13     10     41     28     22     38      1    -16     -8     36 
     5     48     22      3     60     12     28     85    109     79    -62    -63    -32    -47     -4     19 
   -15     15    -30    -21      3    -20    -32     -3    -15    -51    -42     -3     14     25    -28     24 
    18     -7    -45    -19     29     -1     26     34      7    -13    -32     -9      4      1      3      2 
    34      8     -2     -4    -14      5    -38     21     27     15    -26    -22     36     11     30     36 
   -16    -29     12     -1     -2      1     30    -14     26    -24    -50     -9      2     -6    -24    -45 
   -59    -33      0     13     15     27    -22      4     12    -39    -70    -22     -8      3    -40    -17 
     9     -1     39     40    -37    -69    -63    -27    -41    -47     10    -31     -9     30     32     30 
    24     -4     -6    -49    -18    -32     15     12     33    -10    -10     11    -70    -50    -19    -35 
   -14    -26     22      2    -12    -27    -13     13     -5     10     37     -3      7     13    -51    -17 
    -9    -16      8     -7    -19      8     -3    -30    -18    -15      8     51     28    -26    -25    -33 
   -21    -34    -37    -16      2     11    -13    -11      2      8    -44    -36      0     49     32     37 
    18     12    -54     28     23     19     24     17    -27    -39    -17    -47    -19     28     14     62 
    31     18     22     -2    -17    -32    -57    -34    -36      2     -1     11     33    -31     12     16 
     9    -16     -1     -2     24    -19    -39    -54    -42    -15     38     -6      7     26    -14      6 
   -26    -43     23     65     32     13     33      4    -70    -35     -4     -2     71      9    -48     -7 
   -39    -64      9     28    -23     14     34     17    -24     -4     51     40     -1    -29     -2      9 
   -62    -22    -30     -1      8      1     26     22    -13     69     48     26     22    -25    -24    -28 
   -14      4     26     36     -3     44     83     47    -24    -51    -23     29     -9     -3     24    -44 
   -69    -34     -3     -6    -54    -39     -6    -32    -45    -91      4      7    -30     33     36    -36 
    -8     -4    -24    -39    -25     28    -39      3     66     35     78     41     10    -11    -13    -21 
    -6      0      7     40      9      9    -41    -17     25    -11      0     42     16    -53     50     14 
    -4     31    -32    -28      9    -22     11     22     -4     25     -2      3     10    -22    -33    -38 
     6     25     14     11     13     16    -53      0    -18    -93     33    -54    -57    -15     -5    -70 
    -4    -25     35     83     20     17     46      8     11    -67      0    -26      5     -6    -18     20 
   -14    -54      2     58      3     16     18      8    -34     15      2   -100    -52     16     -9     28 
    24    -10     -8      6    -19    -36     35     52     -2     14     -8      8    -16      9     -2     45 
   -15      1      9     20      1    -47      4     -3    -19     -1     -1    -40    -20    -25    -23    -43 
   -30    -11      8      5    -71     -4      0    -36      6     46    -11     15     44    -29     -5     -5 
    19     32    105     29    -13     39     29     45    -14      8     25    -39     13     15     25     -7 
    13     63      6     76     46     -2     71     44     -5     27     63    -76    -51      6    -46     68 
     6    -16     -9    -15    -28    -79     -1    -48    -75     11    -31    -34    -11    -39      0      1 
   -59     23    -28    -23     37    -17     44      7     -6     52    -28    -50     38     -2     -1     27 
    19     -8     45     33     11     -2    -10    -27     -4      8    -67     31     14    -36      4    -26 
   -50     40     44    -68     27     72    -19     25     50    -71     37     27     18    -34    -13     30 
  -125    -52     25     27     41     -2     26     39     14      7     37      1     14    -53    -46     -1 
    12    -21    -22      1     28    -91    -41    -30     42      4    -52     37     15    -82      1    -20 
   -77    -41     -7     22    -45     14      7     41     42    110    -46      6     -1     -4     19      4 
   -65    -34    -31    -34    -98     10     26    -14     58    -42    -70    -35    -40      2    -30    -47 
   -79    -62    -11      0     10     15    -28    -17     36     22     28     47     29    -31     23     49 
   -70    -27    -21     -2    -68    -44    -15    -86    -27      0   -114    -75    -49    -47    -11     32 
    26     16    -74     -3      2     11     40      8     36    -67    -79     48    -28    -16      8     17 
     0    -73    -13     10    -23     -1     48    -34    -42    -31    -12      5     42     42      6     27 
    17    -37    -14     30    -25    -20    -99     36    -13    -48    -31      6    -34    -17    -26     -5 
   -12    -39     36     -8    -41    -26     29      7     46     -4    -12      5    -81     19    -45    -27 
     2    -84    -24     12    -16      8    -12    -38    -45    -14   -103    -59    -19    -50      4     -1 
   -39     19     14     26     19     23    -22    -53    -15    -57    -56     -9     -7    -68     -4    -11 
   -24     -8    -56     40     42     42      5      5    -44     26     16     17    -16    -21     14      6 
   -22     33      0     25     14     -5     36     71     -5      7     47     22     68     41     22     21 
   -28     11     -2     -7      8    -37    -64    -17      4     15      5    -13    -23     34     29      0 
    26     54     55     27     49     28     20     49      2     -5     64     25     -5     37    -36      6 
    41    -41     -7     12     -8    -62    -24    -19    -11     16    -64     51     66     21     -9      9 
     3     37     21     44     35      4     64     31     -5     35     24     34     20    -89      1     51 
   -42     38     50    -55    -68    -67    -35    -17      5    -71    -68     21    -33    -55    -45    -15 
    11     19    -34     -9     60     15     68     33     -1     32    -31     -2    -28    -26    -40    -75 
   -75    -77     -2      5    -47      3      6    -20    -67     49    -24    -40     71     -7    -46     41 
     2    -11    -30    -71     10     54    -19     34     27     -2      3     39    -28    -16    -16     10 
    11     28      1    -26      5    -31    -38    -16     -9    -11    -47     45     54      1     33     12 
    65     38     26     32     29      5     21     -9    -61    -18     -5    -23     -9     45     50     38 
    21    -11     22     50     -3     -7    -80    -14    -29    -71     19    -17    -44      9     41     11 
     9    -95     10     10    -30     -2     30    -22     22      5     -7     22     34    -85    -48    -90 
  -176     27     53     79     12      6     64      9     25     82    -34    -67      9     18     -6    100 
    13      2     48     21     26     70    -43    -44     51    -20     39    105    -33    -92    -67    -39 
   -41    -26    -32     11     29     16      0     79     -6     13    -27    -24    -32    -54    -22    -46 
   -34    -13     16    -52     36    111    -85     24      4     45     13    -24     46     31    -32     45 
    14      6     20     -4    -44     -2    -25      1     31     28     37     24      0    -19     11    -21 
   -26    -50     11    -27     -9     45    -17    -40     46     11    -21    -13     38      0    -28    -12 
   -20     -3     32     42     30    -47    -22     33     55      2    -10     28     52      3    -15    -20 
    74    -10    -46    -30     -8    -33     -7    -23     54     18     -5    -71     25    -20   -103     37 
   -12    -24     11     43     19    -85     14     65     13    -45    -27     -5    -21     34     -8      7 
    37    -65    -18     25      7     14      7     53      0    -85     28     52      1    -88    -41     -6 
   -48      0    -13     13     -4     36     -3    -33     36    -68    -16     48      9     82     16    -31 
    16    -17    -29     -8    -42    113     77     74     -9    -23    -47    -28    -34    -85     -1     43 
    50    -63    -10    -22    -54     28     15    -63     21     94    -63      5     -6    -15     35     36 
    45    -18     -7      8     26    -14    -21    -13    -25    -41      3      9     25      3     17     33 
   -61    -26     74     19    -10     54     21     25     13    -63    -12    -33    -68    -40     35    -35 
   -10     50     97     53     35     30    -19     -6      4    -16    -21    -19      4     -6    -35     -9 
    48      7    -22     27     98     42    -63    -21     38    -72    -22     87    -30      6     15      4 
    22     13     38    -42    -27     55     53      6      9     34    -45    -34    -23    -54    -32     12 
    -3    -10    -63     69     -8    -43     41    -18     26     33     -7    -21    -13     29     -7    -39 
    27     11    -35      9     -9      3    -18     -4     48      1    -35    -28     33    -18    -19     27 
   -26    -17    -24    -82    -16      1    -16     10    -30    -22    -37     55     33    -43    -19    -13 
   -16     -6     36     -3    -31      2      6    -22    -45    -12    -30    -19    -17     23     39     23 
     3    -59     -3     50    -58    -84      4      1     56     19    -16    -29    -23    -27    -55      7 
    31      0    -25    -49    -67    -57    -90    -79     30     98     55     12    -29     -7     21     21 
    40    -25    -35     25     26     11     -9      0     51     -9    -40      1     -6    -75    -30      4 
    19     10     57      8     12    -22     16     36      3    -29     -9     45    -52    -34     34     41 
    40     -5     41     51    -17     40      2    -52      7    -17    -35     21      9     21    -46      4 
    30     45    -16    -23     10     13    -40    -13     61      2    -35     28     62    -66    -22    -15 
    30     24     -2     22     84    -42     -4     26    -23    -76    -18     41    -22      0    -31    -43 
   -71   -141     38     72     61    -48    -29     77     -3    -25     36     15     16     27    -42     79 
   -41    -66    -67    -79    -19    -60    -91    -47    -28    -41    -39     -6    -34    -32     44     -4 
   -51    -28    -37     17    -11     -9     52     37     62      5      6     13    -43     34     45    -62 
    -7    -28    -21    -28     22    -20      4     22      6    -12    -15      7     27    -30      9     41 
    14     -7    -17     17      9     32    -46     32     24    -48    -16     -6     -9      7     -5    -10 
   -21     17     60    -37    -25     51    -82    -84     33     44      6    -54     31     -3    -24     46 
    19     -1     87     -5    -38     36    -49    -76     24     22     35     53     -9    -54     54   -113 
  -140      4    -17      8    -19     -9     16     10     40     17     -2    -10    -38     -9    -43      7 
    30     55     64    -14    -33    -25     -4     15     -3     56     73     51     31     75    -25     -8 
     3    -12     -5    -14    -47    -14    -35     41     18     31    100     15     -2     12     16      6 
   -16     14     10    -75     39     -7    -58    -10    -60    -32    -28    -45     49     -6     89    165 
    -9    -17     -5      3     41     61    -20    -14     41    -18     24    -12     45    -10    -16    -15 
    14      2     -1     42     -7    -11     41      1    -35     14    -35    -10    -37      8    -20     25 
   -20    -35    -21      6      5     28    -54     33    -20    -93     16    -12    -24     -3     34     11 
     8     -7     11     44    -49    -33     40      4    -20     19     27    -21    -55     25     56     31 
   -43     -4      8    -47     11    -13     -7      7     19     66      5    -33      6      8    -43    -63 
    -4     61   -121    -23     12    -22     28    -92     49     42    -47      9     29    -58     -3    -33 
   111     -4    -87     14    -13      2    -19    -46      4     23     49     25    -42     11     33     55 
    36      5     51     31     17    -60     29     33     13     49      7    -18     -6     14     -6     29 
   -15     42     58    -77      3    -45      4    -11   -115     13     -6    -56    -13    -47    -23    -43 
    36      2     22    -21    -19    -23      9     82     -8    -27    -18     38    -50     33     19     18 
    38    -23     29     22     30    -14    -62     -8    -56    -63    -13      7     48     -7      6     51 
   -34    -35    -55    -11    -33     52     20    -12     25     12      1    -41    -47     33    -13      5 
    29    -27    -31      8    -21     23     21    -21    -36     -5    -44    -10    -32    -10    -40      6 
    -1     42     20    -10     40    -12    -37      5    -67     38     46     64     81     32     22    -74 
   -35     29     17    -58     24    -46    -21      5      9     50     10     -7    -20    -10      6    -52 
   -46     -4    -28    -17     -6     22    -19    -27     38     -1    -32     18    -14     -5    -17    -53 
    27      4     56    -25      4     33    -40     37     21    -18    -44    -10     34     14    -12    -50 
    18      5      4     12    -11    -10    -21    -46     45    -15    -30     22     -9     24    -35    -16 
    62    -59    -28     18      3     11    -42     23    106     26     35      7     21     -4    -18     19 
   -72    -50     40     78     29     37     27    -27      1     28     26     40      8     27     14     38 
    32    -38      7    -14      4     50    -33    -30     -9    -55     42     21    -48     37    -24     23 
   -10    -46    -53      8    112      6     49     50     91     54    -44     -4    -34    -81    -48      7 
    23     36     15      2    -23     15     15     -8     53     20     81     21     10     20    -30     50 
   -38     17      1    -10      4    -62     -5     27    -26     50     54     -7     -6      5    -32    -50 
   -17     52      0    -16     -7     33      0      2     24    -60     21     -5    -12     39     16     95 
    56     -4     33    -22    -38     45     24     -4     -8     -9    -12     39    -26     -7    -36    -36 
    50    -42     28     41     13     40     10    -23     -9    -23    -65     -5    -20     -8     28     11 
   -44    -59     40    -75    -20     33     43     55    -31    -24    -44    -56     16     -4    -20     -1 
   -25    -10     16    -28    -12    -34      1     54     -4     -1     30     58     12     39    -27    -28 
    35      8     11     -4     33     22     31    -72    -46    -30    -64    -25    -45     17     -6    -11 
    -8      0      7    -66    -31    -46    -23    -26     -8    -36     64     91     -4    -31     34     56 
     9     68    -11    -15      1    -14     37    -33    -36    -41    -30     -9     -5      2     17      4 
    38     41    -24      6     14    -50    -15    -35    -10     30      9    -53     11     59    -50      6 
    25    -13     25     -7     39    -40    -10      5    -18    -16    -71     73    -31    -72     46      8 
    86     31     12     85     -4     30    -16    -12    -32    -40    -30     25     23    -72    -28     -8 
   -11    -10      0    -23    -87    -43    -23     19     50    -16     13     -1    -28     27    -38     29 
   -21     -9    -19     37     27     -4     42    -44    -10    -20     20     -7      9     59     18    -16 
    -2     -3    -24      6     15      8     -4    -20     13     65     33    -47    -36    -35    -23    -15 
   -15     37     57     37     21     25      6     42     17      0     54     17    -87     17     15      9 
    16      5     -3    -33      9     -8     12     -6    -35      4     -5     -2     22     59     39     37 
    31     14     36     40     49    -27    -84     -2     41     20      2     11     -4      6     19     21 
   -18      3      1     11      0      1     -2     -9    -58      0      9     43      8      8     25      0 
   -40    -30    -10     11     44      7      3     32     -8    -21    -66    -29     -7     31     11    -47 
    -9     22     11    -18     20     79     44      0     23    -25    -45     53     36     20     74     35 
   -29     39     37     13    -37   -107     -7    -38     -6    -23     -7     53    -19      2    -13     32 
    16     24     20     -2     -1     17     24     52      9    -18     -3    -10    -10     -2     15      9 
    10      6     -5      9     31      9     -3    -36     39    -21    -28     -8    -39    -24    -42    -49 
   -15     -3     40     32     -7     20     25    -11      2     33    -60     -3     33      7     15      6 
    24     14     14      6      4     -5     -6     30     -1    -42     21    -43    -29    -62    -94      2 
    20     -2     -1     -9     12      4      5     43    -34     -9      8     16      9     14    -29      0 
    25      5     -3    -15     -1      1     26     10     39     -2    -15    -12     14    -27    -27     -2 
    37      5     23    -58    -15     26    -32    -13     31    -14     30     40    -33    -33    -55     29 
    11    -40    -28    -12    -64     10     -1    -20    -44     13    -24    -16      4     14      8     -6 
    -4     19    -32      0      7    -47     14     14     12     -4     40    -12     -5     16     34     22 
   -17     -2     -3     -4     26     98    -39    -43      7      6      5    -17     14     35      5      1 
   -34    -18     23      1    -39     17     14     14    -27     21     51     -3    -10      1     15      0 
    14     17    -15     12     -7     -8     12      3     20     14      3    -16    -20    -13    -46    -22 
   -24     21    -10    -38    -37    -21     23     20      5     39     16      1     17    -74     -5    -12 
     5     -1    -17    -12     20     28     33     44      2     23    -15     -7      2    -12     15     20 
     6     28    -13     -9     27     22     49      2    -34    -38      5     -9    -62    -44     -5     -7 
   -54     14     39     -2     40      3     25     36     57    -58   -150     -9     20    -19    -47    -15 
    17    -12    -24     51     65    -26     -9      1     -2     -5    -41      8    -60    -37    -28    -27 
     5    -36     -4     57    -41      2     32     -3     16     24    -36    -34     12     78     31    111 
   -47     10     28    -46    -14     18    -37      3     60     23     22      7     38     12     11    -10 
   -14    -15      8     14     16    -18     18      6     19    -15    -31     26     16     31      5    -13 
    41      5    -55    -40    -16    -51    -30     22    -22     11    -19    -59    -43      5     -7     -8 
    -3     -4      3    -20    -67     -9     14      0     -5    -16    -47    -30     30     36     42     29 
    17     18    -10    -23    -13    -21     47    -43     15    -57     -1     15    -25    -62     46    183 
   -12      5     16     33     22    -16     -1    -10    -52    -11     10     20     25    -23     28     11 
    -8   -100    -29     25     22     12    -10      7     52     22    -13     27     -7     17      6      2 
    29      2    -30    -59     -5    -20    -33     29     13    -30    -32     24     17    -83     -8    -26 
     5    -13     -6     -9     24    104     42     23     -2    -25     25     16     29      3    -20     -6 
   -14    -25    -66      2     20    -45      6     66    -18    -68    -49     15     18    -19     37    -22 
   -14     34    -18     28     -6    -25      5    -15      3    -21    -15    -38   -141     81    -16    -57 
    65     18    -74     43    -43    -59    -32    -60    -12     16    -75    -68     57    -33    -21     12 
   -23    -43     30     -9     -1    -38     55    -37    -33     21     -8    -42     52      0    -67    -28 
   -63     42     14     20     35     10    -42     -3     -1     42    -43      0     24     15    -36    -26 
    -3      1     84      2    -66    -13    -36     -8     61    -34    -56    -37    -10    -37     12     31 
     0     19    -16     36     24    -14     -1      2    -20    -62    -47    -13      6     60    -18    -60 
    13     -1      2    -37     19    -27    -45     62    -26     16     90    -54     23     58    -12    -41 
    32     -7      5     -6      5     53     10    -58     25    -55     24     70     46     21    -56     21 
   -14    -41      5    -50    -64     60    -77    -62     34     21     -7    -16      4     -6      3     29 
    32    -23      1    -91     21     57    -57     14     55     -5    -26    -29      7    -44    -32     53 
   -30    -43     17    -39    -20    -21     19     44    -12     12     48     20      9     34    -74    -40 
    23     -1    -54     -5     38    -28     -6     60     27     -2    -10     -3      3     42      3      6 
   118     26    -58     80     13    -48      4     17      3      7    -30      1     -8      6     13    -26 
   -15    -57     16    -43     -7     -1    -34     10     43    -16     41     61    -31     50     44     34 
     4     39    -22    -10     -2      3      7    -10     -8      7      1     -3    -76    -33     15    -34 
    62     15     -7     45    -10     -8     33      5    -24     34     -8    -32     30    -38    -36    -79 
    -9     12      7    -22     23     81     12     15     16    -18    -17     -4     -7     35      0    -14 
    27     48    -98     30     60   -124     19     83    -88     12    -70     -4     36     38     21    -38 
    27    -14     13      5    127     13    -43     37     29    -76     41      4     39     50     34     10 
   -27     75    -20    -30     22    -61     -9     48    -64     -8     31    -39    -25     -2     -3     33 
   -27    -12     76    -21     -2     39     43   -116     58     41    -61     67     35    -63     11     56 
    -8    -28      3      4     47     -6    -58     38    -32     19      6      4     32     -4     -3     29 
   -52     29    -24    -45    -25    -16      9    -23    -89    -51    -19    -69     36    -50    -40     46 
     3    -32     15    -41    -50    -22      8     41    -50      0     35    -73    -40     22     24    -33 
     6    -16     31     41     -3     20     51    -28     16      5    -16     12     62     29    -50    -44 
   -27    -24    -29     41     -3     -4     16     -7     58     73    -29     25     27    -89    -57    -27 
   -68    -18     27    -12     15     12      6      6    -16      8     43    -14     11     77    -13     12 
    61     12    -23    -19    -18    -20    -14     -6     -8    -12      5      7    -40     28      4    -64 
   -41     11     -9    -22    -35    -46      1     -8    -34      2     49      2     64      1     30     23 
   -10     40    -22    -19     -9    -18     -9     -2     22      3    -23     64     -5     -9     61    -17 
   -36     22     -6     -1     21     11     53     23     -3     43    -22    -14     10    -12     61      8 
    27     -1    -11     33    -27    -35      7    -25     13    -21     17    -43     23     35    -21     41 
   -16    -45    -23     31    -26    -70     45    -22   -121     -3     77    -57    -26    -66    -21     -9 
    34     15      7      1     38      9     65     49    -11    -30     69     -3    -25     64    -25    -16 
    -8    -13     -3    -11     49     16     38    -50    -28     47      8      6     -3    -11     -4    -11 
   -60     33     15      6    -18     -4     56    -34    -28     27     42    -18     28     53    -53    -12 
    37    -47     21    -11    -53     -1    -13     -3    -22    -28     13     74    -25      9     40    -29 
    -9     43    -36    -23     47    -15    -75     -8     -4     21    -54    -17    -38     10    -38     36 
    84    -69     14     29    -60     24     32     50     94     64     -3    -28     10    -24    -42     84 
   -91    -32      4     30      6     11     20     -8     26     -6     88     39    -48     32     58   -122 
    53     32     13     29     11      4     26     14      2     -5    -66    -16   -106   -123     40    -30 
   -49     56    -41    -59    -28    -41    -42    -58    -62     27     33    -36    -96    -33    -32    -44 
   -54      2     -9     -2    -41    -46     36    -13    -63     19    -16    -67     15     -8    -24     30 
     2     29     32     -3     55     10    -25   -100    -24     23    -66      0     11      5     -7    -22 
    16    -41    -24     13    -39    -17      7     -7    -11     -4      4    -15    -31     15    -39    -83 
    96    -65     84    -19    -32     49      3    -44    -53    -52    -40     37    -61      7     33    -18 
    70     21    -48     35    -97    -48      7    -82     25    -16    -32     -7     -8     14    -27    -26 
     4    -32     16     16    -23     -3     22    -17    -63     44     -6    -15     44      9    -25     -9 
    33     -2     33     -1    -14     23    -30     -6   -119    130      1    -28    102    -63     29     30 
    -4    -55     -7    -11    -49    -54      4    -20    -70    -42    -22    -33     23    -14    -25     29 
   -16    -30     -8     -5    -42    -66      2     -6    -18     19     21    -32     26    -53    -69    -73 
   -21    -44    -18     69    -32     57    -96     -7      8    -41     -1    -52     55      3     41    -11 
   -41     53     20    -29     38     -5    -33    -21     11      0    -39      7    -13    -57     56     26 
    27     26     21     31     22     50      1    -50     39      0    -20    -49     21      6     24     20 
    -6     19     32     11     19     52     25     22     47      8    -15     -1     -7    -27    -70      8 
     1    -27      8    -47      2     31    -15     34     34    -16     34      6     21     35    -18    -38 
    14    -23    -62     -5     91    -17     41    -69    -64     95     -5    -34     73    -37    -41     12 
   -14     11     42    -11     -8     54     -3     23     70    -15    -31     44    -11    -22     25      1 
   -12     64    -51     55     -3    -83     74     14    -27     13     18      7     22     44     27     22 
    30    -19      8     -2    -83     28    -24     37     56    -36     -3     11    -48      2     31     -2 
    16      2    -18     27     10     -4     -5    -18     43      6     -7     31    -19    -41    -61     47 
    14    -48     78      9      8     35     24    -23    -68    -32     -5    -51    -16     10    -70    -17 
   -14     -6     40    -35     17     -9    -52     25    -19    -33    -66    -98      4     -9    -49     -6 
   -36    -19     -7    -59     54    -29     -6     -6      1    -43    -61     12    -44     -2     -9     17 
    -4    -28     56     -3    -23     43     28     20     33     26     34    -26     30     52     -8    -21 
    -8      5    -14     -7     22     -6     23     -2    -63     76     23    -65    -15    -49    -28     88 
    35     56     14    -29     29     11    -32      4     32    -96    -18      9      9     15    -66    -13 
   -58     56    -81    -15      8     22     10    -50      6    -52      2    -22      0      3     43     43 
     2     37    -16     34     22      2     46     -4      1     83      9     35    -28    127     -3    -54 
     9     12    -43     69      5     51    -37    -22    -23    -42    -53    -25    -22    -22    -12    -36 
   -35    -12      2    -26     -8     -5      6    -20    -42    -45     24     44     -7     12    -29      2 
    17     42      3     13    -14     -4     35     25      6    -58    -69    -79    -42      9     12     -6 
   -63    -11     44     35    -23     24     21    -39      1     22    -36    -27     35    -14    -67    -17 
   -61    -41     -7    -39    -67      5     25    -35      9     14    -46    -34     33    -10      4     15 
   -26    -11    -37     -7     33    -17     29     52     26    -36    -41    -32    -21    -10      1    -38 
   -39     -4    -23     -3    -10    -27    -29    -34    -30    -18      7    -21     26      6    -60    -70 
    70    -30     92     19     17     25      6     18     87     15     34     21      2     27     -2    -15 
    64      0    -63     -8    -47     -7     11    -36      3      0    -41    -37     84     93    -15      3 
    22     19     -3    -35     43     38    -54    -60     74     -4    -35      9     -6     -1    -18     11 
    32    -29    -17     16    -31     -8    -14    -22     91      1     22     -5      9     16    -50     21 
   -33    -20    -36    -24      0    -29    -49     23    -27     -1     91    -18     44     60     -2     15 
    28    -41     26      3    -13    -27      1    -34    -11      9    -31    -36    -47      7    -12    -20 
   -31    -11    -39    -13     38    -21    -51     -6    -29     -5     -1    -81    -58      4    -78    -53 
    22    -38     -9     20      8     -6    -16     45     26    -55      2      7    -11     42     30    -29 
    28     35    -38     30    112    -21     10      3     38    -62    -41    -16    -20      3      5    -40 
   -32    -52     39     30     25     -9     11      2    -31    -29    -44     23    -28    -15     54    -16 
   -40     37    -24    -17      4    -33     -6     13     -6    -28    -28    -35     -5    -39      6      9 
   -13     13    -14     13     -9     24     16     23    -19      6      8     -5     11      2    -53     -1 
   -73     24     49     37    -53    -37    -51     39     12     48     -8     27     14     12      7     23 
   -49      2     15    -31     36     66     22     17     35    -52     11     -5     -4     13      2    -37 
    -8     12     -9    -16     29    -45     -8     -8     19    -59    -55     -8    -20     -3     62    -13 
   -41     -2     10    -58     42    -55    -36    -17    -54     17     -7    -73    -33    -38      1    -64 
   -11     -3    -15     25     30      5      8    -30     47    -33     -7     -1     -8     -6      5     26 
    27    -40    -15    -37    -20     -9    -62    -18     19     73    -11      4    -28    -27    -25     75 
    -9    -10   -107    -97     53    -28     20     30    -61     35      0    -18    -10     -8    -48    -54 
   -11    -35    -36     13    -29    -35    -17     42     17      2     15      4    -24    -30     31     10 
     5    -19     33     -3    -14    -34     28     25    -13     21     -7     16    -37    -29    -22    -39 
   -49     24    -11     20     15      0     -6     -7     37    -50     14     -7    -62    -17    -34    -82 
   -29    -23     13      1    -27    -41     49      2    -48    -54     24    -30    -57      2    -46     -4 
    36     28     12    -28     -9    -16    -21    -13     -1     10     -8    -37    -13     43      6     51 
    96     36     32      0    -39     18    -53    -17     33     17    -10    -22     -8    -10     50     12 
   -13     12    -11    -24     -7    -27     22     41     13     38    -36    -32      8     16     38    -81 
   -73    -96    -14     40    -20    -25    -12      1     -5     29    -10    -17     12     18     13     -1 
    -4     52     31    -34     51     67     17     -1     25     14     38    -50     92     29     -4     55 
    33     30     28      0    -47    -36      9    -37    -21    -49    -13     39    -13     83    -33    -21 
   -30    -39     22     56     16     43    -30    -58    -24    -54    -84     16    -34    -10    -21    -72 
   -42      8    -33    -23     -3     57     27    -38     -3      9    -84    -18    -14    -56    -29     25 
   -72    -95    -60     -3     -2    -27     12     13     20     21     -2    -19     44      6    -27      6 
    10      7    -11    -20    -19     -6    -10     37      9      2     35    -33    -19     -7    -25    -24 
   -22    -11     -6     14    -34    -38      2    -23     31     -7      9     26     50    -13    -11      9 
    19    -10     27    -26    -58    -11     42      4    -26     37      9    -40      9    -33    -19     43 
    -3     20     23     -1     10    -16      9     12     36     -5    -47      0    -15     15      1    -17 
    -9     20     28     20    -25      6    -41      5     -9    -13      6    -26    -33     23     36    -48 
   -13     14     -6     -8      4     -7    -14      0    -18     14     -6     12     10     -2    -28     -3 
     1    -30    -38    -27    -24     33      4    -14     17     27     19    -34    -35      5     14     28 
   -15     11      9    -24     23     40    -15    -33     17    -36      4     25    -21     11    -22      4 
   -22    -27    -42    -26    -21    -18     -5      9     25    -16    -39      6     18     -7      2     16 
     9     34     45     22    -10     20    -24    -21     13    -37      7     33    -27    -12     -3    -13 
     4     -3     51     -9    -31     -5      9     -4    -17    -17     -3     62     19    -30    -14      2 
    -7     24    -16    -18    -32    -52     25     59     31    -32     -4     12    -21    -31    -14      6 
   -22      3     33     -6     21     42     20     -9    -22     13     30     23      9    -16      6     -3 
   -19    -28    -52    -34    -23     19     -8    -24    -13      5    -32    -43    -44     23     31    -15 
     3     46      4    -85    -42    -65      7     34      8    -42     19    -10     12    -32    -27      3 
    -9    -40    -20    -26     -8    -12    -32     -5    -14    -23    -13     28     22     11     33     24 
    25    -22      7    -10    -51    -28    -36    -20    -17    -37     16     20    -14    -21      7    -45 
    28    -32    -19    -20     12    -37    -14     13    -17    -53    -30     25    -12    -16    -29     20 
    20      8     11     -1     -4      9      9    -19    -19     -9    -22    -12    -27    -31      7     -2 
    22      4     14     43     13    -17    -17      8     -4    -22     10     19    -13      1    -20     -4 
     8     16      2      4    -27     12      0     24      5    -23    -28    -24    -20     12     -8      5 
     7      2     36     12     -5     29     26    -24      0     -7     -7    -12    -22    -26     27    -32 
    -5    -10    -17      8     -1      4     -8     14     39     10     23     30     25     10      2    -31 
    44     -1    -35     51    -92    -62    -38    -23    -34     -3    163     91     -3      5     10    -16 
     3     21      1     32    -29     -2    133     -6    -22      3    -13     -8    -34      1      0     -1 
   -25     47     13    -51     51     21    -29   -127    -84    -74    -55     -3      9    -48    -32      2 
   -69    -17     38     -6     26      9     -7    -32    -31     -1      6    -12    -14     24     12      9 
     4     12     -3      9     -2    -33     -5     -4      3    -33    -18     28     13      0     -3     11 
   -12    -15     20     -3      3    -55     -2     23     -8     18    -59    -58    -47     17     24     33 
     1     -4     -1    -37    -42    -30     13     37     23     55     -9    -16     15    -38    -22     19 
    12    -35     26    -11      2     -6    -36      0      2     25      7      2      4     -1     25     17 
    12     10      9     24      7     10      3    -49     18     20     -3     -5     14      4    -19     19 
   -10    -12     34    -21     -1     27      0     -6    -28     41     23    -28    -26    -39      0     39 
    -6    -12    -39    -32    -10    -10     39     16    -20      6     34      3    -18     25    -33    -50 
    16     -1     -3     -9     13    -74    -65    -36    -29     17    -18     -5     -4    -12     32     22 
   -13     -4     28     -6     44     26    -26     12    -12    -58    -19     19    -46     20     23    -35 
    39    -17    -29    -13     65    -27     39     83     -2    -27     44    -12    -16      0      1    -44 
    15     27    -42     44      3     -5     -6     15     24     -6    -23    -35     -9    -14    -11    -35 
    -6      6    -57    -22     24    -52     28     22      9     43     18      7     50    -27    -44    -10 
   -26    -26     -5    -10      9     21      1     24      8     -2      3     -1    -17    -13     31    -17 
   -14     -3     43    -32     -3     49     -9    -12     33      7    -21    -47     23    -46     22     42 
   -65    -21     28     -8    -41    -31     -7    -10      6    -10     42     24     11     18      2     37 
    -4    -29    -18    -33    -10     -4    -17     -6     41      8      5     11     15      7     -6      5 
   -10      0    -14    -20     32     41      4    -34      2    -19     -8     -7      0     16     41     18 
   -16    -39     -2      7    -27      8     24      7      6    -25      6    -27     34     27    -49     10 
    37    -25     33     -3    -26     51      8    -22     33    -18    -18    -14     11     22     -3     31 
    14    -32     27    -27      5      7    -23     38     -5    -23     -6    -35    -28    -21     19     11 
   -32      4      4    -19     27     16      6     61     -6      0      1    -20    -29     -5    -19     -7 
   -61    -78     56     15    -94     35     18    -27    -22     15     10    -25     11     23      7     10 
    40    -12     -8     10    -15    -14    -16     15    -17     -9    -38    -14    -18      6      1      9 
    18     31     12     -3    -30     -2     14     -4     17     29     44     44      7     26     -9    -16 
    19     14     -5     19     -3    -11    -27     -1      2    -15     34    -11    -32      6      2    -26 
   -66     50     62      3     36     20     15     -7     43     51    -16    -31     -8    -10    -12    -32 
     7      6      4    -45     20     -3     -1      2    -36    -10     -4      3      2     12      6      5 
    19    -13    -54     16     25    -27     12      2     -8     -4     20    -28    -52    -25    -70    -25 
    33    -21     -5    -31     13    -27      3     68    -21     31     33     -3     41     31      5     32 
    21     31     -1     17     31      4    -40     -6    -33      1     31      7      5     14    -27    -25 
   -27    -36     11     -8    -14     -3      7      0     44     58      6     -3      3    -41     -2    -35 
   -35     62    -31   -105     81      0   -135    -13    -11   -102      9     23    -24    -14    -13     -7 
   -12     -4     20     28     -9     79     -7    -29      1     -3      6    -66     10     27      7     16 
    30     16     10      7     -4    -14     13    -23      8     -9     13     14      6     13    -18    -46 
   -18    -39    -37    -19    -23     -4    -30      3      9    -34      8     -9    -29    -41    -65    -79 
     9     16    -15     20     38      6    -13     41    -26     28     96      1    -33     -5    -33     -2 
     7    -12     -5    -39    -48      3    -18    -21      3    -22    -14    -68    -19     22   -136      8 
    99   -121     -9     44     22     24      6     26      1    -16     13     39     21    -12     -2      2 
     2      0     28     11     19     17     -8     26     -7     -2     -8      0     21     31     41    -12 
     6    -40    -23    -35    -18    -12    -33      1      5     67      0     -3     17    -38     19     17 
   -27     28      3    -82     52     -3   -135     43     -8    -72    -24    -24     34    -10    -15     15 
    -2     56     16     19     37     -1     35     27    -23    -17     11    -10      5      8     -2      6 
   -29    -31    -16    -61    -28      5    -11    -35      5     -7    -45    -29     29    -10    -24    -32 
   -24     12    -28     -7     23    -20     13    -15    -38     20      1      6     63     19     -2     33 
    16      4     -9     -2     17     -7     39     10     -2    -23   -100    -48    -10    -13    -26     62 
    -2     10     25     23      2     26    -20     -8     22     -6      5     32     10      2    -10     26 
   -37     17     25    -33      9     65     22    -43    -20     19    -58    -62     -1     -1     40     28 
   -40     13     58     36     22     44    -24    -29    -18      5     59    -21    -42      0    -43    -34 
   -52    -27      3     17    -19      7     34     -9     -7     20     36    -11    -14     58     -1    -21 
    18     46    -56    -17     96    -26    -48     61     19     29    -44    -42     -2     -1    -31    -32 
    -5     28     -9    -40    -27     -5     31     24    -26     27     27    -12    -12    -44     10     21 
   -11      1     11     87     -5    -47    -13     -2    -11      9     28      3    -11     19     -7     -5 
   -50     25     25    -52     36     11     -3     83     26     51     19     31    -19    -31      0    -34 
    27    -38     14     36    -13     -7     12      3    -16     21      5     28      7    -42     45      0 
   -11      3    -18     76     86      4      7     19    -30    -68    -62    -11    -41    -18     10     45 
    -2     22     35      5    -52     22     -4    -61    -12    -10    -42    -16      1    -38     34      8 
   -62     10     -6     -2     -4    -12     50    -15     27     65     21    -49      0     32     13    -10 
   -17    -13     -5    -10     -1      8     16     15    -47    -50     33    -20     -5      2     13     27 
   -18     51     18    -38    -10     23     13    -53    -42    -56      7     18     -5    -39    -12    -20 
    34     32     14    -23     -1    -11     -9     -4     21    -45    -49    -54     15     71     84    -47 
   -52      4     -4     29     19     19      2     16      1    -15    -31      1    -36    -25     18     37 
    -8     31      3    -13     50     35      1    -33    -13     21    -34    -23     17    -15      5     39 
   -14     24    -44     -9     -3    -36      9     26     -4     23     -1      0      1     16    -31      9 
    29    -16    -37    -36    -25      6     -1     26     43     33     22     16      5      2      3     -5 
    17     -3    -17     12    -33    -14     10    -28    -22    -21    -56    -10    -30     45    -27     -3 
    81     30    -77     13     19    -11      2    -25     18     41     10     -2     40     29    -28    -41 
   -26    -14    -12      4    -24     16     31    -10    -31    -48    -15     47     40    -60     13     84 
    17    -15     34     16     24    -10    -41      6    -15    -35     -5    -46    -75     65     35    -36 
    28     26     26    -29    -31     22     -8    -56     34    -14    -20     60     28     -6     23     40 
    71    -21     58     80     -9     59     83     23     -5     47     25     -1      2      9     13   -102 
    38     25      0     72    -10     11     -8    -24   -108    -95     66      9     69     -9    -67    -16 
    16    -12    -43    -66    -35    -63    -46     -8    -49     52     36     49     19     -7     66     20 
    41     11     60     91     31     24     55     26    -21     -8      2     32     -8    -21     13     -2 
   -34    -11    -40    -14     -8     16     -3    -19     21     33    -40     -7     16     29    -41    -25 
    64     24    -55     25     38     -4     59     76    -44    -70    -13    -17     -4    -22    -59    -20 
   -14    -39     20    -15    -29     38    -18    -11    -10     26     29      1    -48     45    -41    -51 
   -15    -21    -18     10      1    -13    -44     26      4     -2    -13    -44    -16     34     17    -14 
     4     11     12     31     53     30      4    -44     47     18     15     40     -6   -108     -4     15 
   -52    -15     32     -5      7     50    138     47    -19    -39     35     -9    -75    -38    -15     -9 
   -22     23    -17    -75     48    -34    -77    -27     34     36    -46     39     46     -1     -7    -37 
     4    -16     16     -2     -8     32      8     49     42     34    -19     31     37     -8     -9    -45 
   -30     -9     -6     12     14     39     49     -4     11     34    -23    -16    -22    -34     -9    -29 
   -45     -2      4    -20     12     59     29     37     14     27     10    -32    -36     23    -37     -2 
     0     26      2    -55    -66    -66    -47    -32    -72    -38     -9    -13     20     37     50     15 
   -19     34    -11    -17     -9    -26    -30    -47     -8    -12     62     -3      2     33     22     -8 
   -69      4     -3    -26     -1      2    -12    -19    -41    -27    -35     15     -6     42      4     31 
    19   -103      5      4    -21    -33     42    -12    -11     19     13    -22    -17      2      5     -3 
   -14     -8     -6     -2     -9    -10     39    -29     -7     24     16     49     30     46     -5     19 
   -36     -9    -48    -24    -15   -107    -32    -14     16    -21     -4    -16    -20     13     17    -34 
   -18    -70    -33    -26     14    -35     21     93     -9    -14      1     21     24     39     11      4 
   -17    -15    -34    -55     18    -48    -64     -5     -4     77     52    -56      2    -11    -39    -37 
   -14     -2    -89    -46      0     11    -10     21     15      3    -11    -34     32    -16     41      9 
   -16     14     22    -25    -28    -20    -32    -34    -10      3     37     -1     20     79     31     28 
     5     19      1    -19     35     28     38     14     18    -62     13     -8    -61     -3    -54      8 
     6    -20     19    -34    -14     12     -9     -2    -23    -16     -8      2     -4      2     14     22 
    52     34     25    -15      3     15     14     10      5    -11    -20    -26     32     24      9      1 
   -10     14     15    -17     13     -2    -12    -18    -47    -19    -25    -16    -74     19      8    -11 
   -15     28     27     18     -3      1     16     33     23     19      4    -21    -28    -32   -219   -111 
   -29     -2     -7    -76     -4     -1    -61    -29      1     39     18     16     22    -13    -51      4 
     6     -8    -13    -22    -27    -49      0     18    -47    -18    -15     12      6     47     -6     21 
    38      4      9    -16     -6     -2    -15    -23    -37    -11      1      8      3     -2     -6     21 
    21     39    -19      6     87    -38    -15     -3     -8    -35    -50    -67     51     84     26     12 
   -29    -27     51     18    -15     23      9    -10    -14     23     24    -56     29      5    -30     50 
    -2     36     -9      3    -31    -53     15    -57    -37     17     -4    -47    -43     64     33    -22 
    -6     16    -29    -32     66     42    -18     10     13     17    -93    -19      6     21     41     29 
     7     15     -1    -27    -17    -27    -39    -23     11    -20     14     15    -58     37     34     44 
    20     45     41    -19     43    -21     15    -24    -20     -7    -34    -27    -23    -42    -53    -50 
     2    -19     -2     29      9    -37     49      8    -26    -33    -36    -41     -7     17     39      3 
    14     33    -14    -28    -25    -14     13     16      3     25     22     30    -17     25     13    -19 
   -25     -7    -12    -47     23     18     -4    -25     14     31     13     76     36    -44    -23      8 
    -7    -53      2     18     -3     11    -28     36    -14    -24    -18    -15    -16     -7    -15      5 
    21     30    -10     18     26    -24     18     21     17     15      2     31     34     55    -32     15 
    90    -14    -25     17    -14    -12      6    -53    -61     -4     56     20     40    -20    -20    -35 
     3     42      1     10     25    -32      0     43     57    -70    -56     49     27     66      1    -32 
    15      2     14    -29      4    -31    -72    -33    -38     21    -24     -3    -17    -16     35     26 
    20     -2    -30    -14      7     78     16     10     19    -16      4     -3     -3      2      8     13 
   -45    -49    -41    -48   -102    -39    -35      4    -28    -25     38     55    -17     -8    -12      6 
     2     20     19    -26     -7     -9     33    -24     -5     33     49     26     66     39     19      1 
    11      3     -3      4     15    -56    -75     26    -53    -70     -2     58    -30    -50    -83    -65 
     0     -6     10    -30     12     -8     27    -17     23     20     -2    -19    -19     84     47     79 
   144     50    -54    -39    -15    -50    -67    -36     65     25    -47     63     69    -63    -17     -1 
    63     73     68     81     62    -59     27     -3    -74    -35   -103      1     11    -86    -44    -32 
   108     41    -62     29     51     29      8    -28     -2    -13     25    -11    -73    -19     52     -2 
   -49     20     54     72      1     52     31      7     -8    -11     -3    -19     39     -4     58    -30 
     4     11     38     18      0    -15    -35   -120    -96   -109     -6     19     -2     13     28     44 
     4     19     14    -17    -39    -59      5     40      2     11    -14     27    -39    -44      0     -9 
    -3     -9     31     43    -47     12     17     50    -27     -1      4     32     43     14     33    -29 
   -34    -46     24     14   -113     14     71    -60    -19     45    -38     27    -38    -37    -35     -6 
    29    -23    -24     19     83     45     13    -10    -19     19     31     54      9     22     25    -13 
    41     28    -25      7     29     17     33     -9    -80    -51     67    -18     27     68     84     31 
    12     -6    -41    -33     44   -134    -78     45     58     41    -50    -36     -5     -3     38     11 
     4     22     -4     15     29      8      1     33     -9     33      8      0     -7     25     16     31 
    -6     -5     -4    -39     -8    -13    -22     -9    -14      2    -35    -40     14    -41     13     53 
    23     51     -5     27     -2    -49      0    -20     23      5    -23    -50    -24     10     33     32 
    22      4     10     17     -8    -57    -33      2      3     -4     86     47    -17     34     37      1 
     8    -16    -12    -15     22     -2     14     39      7     22      5     10     50    -31     20    -52 
   -68    -31      3     38    -12     20    -44    -38     44     36     -3     29      8     -6     35     11 
   -25    -25    -50     19     59     22    -17     -1    -34     52     68     60    -10     19     12    -31 
     1      8    -32      0     37      8     38    -13     82     87     72     20     40     28    -29    -40 
   -37    -12    -27    -14      3     -1     15      8     51    -12      3     22     25    -28    -10     40 
    45     17    -62    -10    -63    -27      2    -59    -13    -79    -83    -49    -27    -14      1     -3 
    77     50     16    -41    -41     42    -19     15     84     57     80    -13     79     49    -71   -110 
     2    -49    -61     56     44     52    -17     23    -42   -108     27    -53    -23     73    -16     28 
   -35      3     71    -58      4    129     22     26    -33    -49    -15    -63      8     25    -29     26 
    59     47      0    -30    -44    -19    -27     38     38    112     70      0      3     31     -8    -41 
   -42      1     14     -8     -7    -14      3      0    -14    -46     31     74     19     36     70     49 
    10    -78    -32    -56    -56    -50    -54    -70    -77     48     22     38     77     28     15     40 
    83     45     24     -3     -7    -26    -20      6     44     27    -11    -25     71    -12    -40     44 
    65     28     -6     -5    -49    -16      1      6     27    -38     -7     35    -22     16     53     18 
   -43    -61    -34     31     22     20     46     12    -31     27    -14    -46    -25     -3     31    -73 
  -102     39     33    -32     57    -40    -40     -9     21     32      4    -64      0     66    -12     44 
    17      9     37     28    -52    -88    -57     -4     12    -40     -4     18    -62    -24     31     14 
    -3    -91     11     -3    -34    -36    -29     -5    -40    -54    -52     11      2    -54    -23     23 
    27     -6     49     46      9      4     43     10      7     20     49      8     45     38    -25    -14 
    34     26      7     -4     23     11     21    -25     37    -19     -5      9      8    -17    -35    -56 
     7    -27    -31    -52    -29     29      4    -52   -140     28    -85   -207    -13    -61    -43    -65 
    58    132    -23      6     17     39      1     13     34     96    -61    -27     30     36    -32      6 
   -19     12     66     50    -35    -12    -75     -2      3    -58     13    -30     -9     47     14     52 
    52     40    -10     31     17    -11     12     16     -9      2    -25     -8     -9    -54      3      9 
     6      0    -28     17     72     13    -30    -39    -64    -46    -60    -34    -52     -8     61    -49 
   -62     10    -41    -88     75     60     17      2     10   -108      2     31    -39     41     12    -18 
    20      7     14     -9    -17     22     -9     -1     -9    -10     13    -27      2      2     10     -2 
   -41     14    -17     25     27    -50    -36     29    -12     -8    -28    -27     20    -27    -17     16 
   -26      6      8    -30      0    -41    -21     13     -4    -51      6     -4    -22     27    -24    -16 
     0     15    -31    -36     10      1     22     71     19      5    -26      9     38    -23    -75    -10 
   -32     -7      8     25     -4     15     -8     11     19    -23     38     -8    -44     44      2     13 
    51     33    -69    -91     20     13    -73    -36    -27    -30    -10    -10    -18     21     33     17 
     7     38     -1      2     26    -16     22      8     10     11    -54    -50     34     -8     26    -40 
    19     16    -11      0      1     -9     12     42     52      8    -29     -6     14    -26      1     17 
    33     -6    -23     -2     42     33    -59      3      6    -17     -2     22     18    -44     10      4 
    32    -71    -67     10     -4    -30    -38    -24     11    -43    -68     45     19     -5     31     22 
    11     -1    -70    -69    -46     22     38     36     63     38     41     46     36     83     -2     48 
     3     48     39    -11    -38     20     -5    -36    -15     -3     17     19      4     19     43     23 
    10     -2     20    -10     10     16    -40     27    115    -39    -44     60      1    -23    -25    -43 
   -51      1     26      9    -44     51      9    -27      4     47     64     -1     25     15     18     -2 
    38     20     37    -11    -26     39      0    -35     15    -31    -42    -56     95     19    -73    -19 
    53    -22     17      1    -38    -86     -7      5     -1     48     65    -31     -8    -47    -45    -25 
    25     10    -58     44      2     29     82    -11     30     40    -20     13     10      9     -1   -148 
  -108     48    -21    -22     34     21     37      5    -59   -114     16      5    -62     40     36    -24 
    49     51    184     85     66    143     12     24     53     63     -1    -29     -8     33    -53      2 
    19     -9     33     80    -12     52     77    -71    -30    -25    -25    -53    -78     49     30    -38 
    26     30    -23    -15    -24    -42     -3      6    -21     29     -7     25      9    -33      5    126 
   -21    -31    100    -40    -37     -7     91     27    -53     85     36    -14      6    -42     42    -38 
   -36     24     73    -50    -34     12    -10     20     25     13    -19     27     -7    -80    -32     -7 
   -46    -19    -32     49    -15    -31    -32     24     15      8    -17     32    110    -15    -30     54 
    20    -36    -21     49     21     45     23     -6    -57     12    -20    -36     10     29    -16     -1 
    41    -37      6    -36      1     60     75     43    -18     -6    -63    -45    -45     -8     34    -30 
   -24    -36     34    100    -88    -46    129      7     21    -10     28     90     46     13     -7    -45 
    24      6      4     22      4     33     16     55     18     30     -8    -20     36    -19    -20     -8 
   -19    -21     11     -9     25    -17      0     19     19    -11     18      3    -38     43     -2      0 
    14      8    -23      2    -10      2    -18      3     13     -7    -11     23     34     35     -7     50 
   -11    -39     21    -25    -26    -10     13      4    -16      8     24    -12     17    -36    -14     -7 
   -54     -7      3    -35     14     32     38     35      5    -12    -46    -11    -12      5    -45    -53 
    18      0     27     -9    -14     30    -10    -22     26     18     18    -33    -31     44     58     26 
    15     17     10     21     58     -9     45     41     13     -9     35     20     18     20      4      1 
    13    -18     29     -5    -10     -6     35     26    -49     -9     -8     23      3      3    -17     -1 
   -14     -5     -7    -17     -1    -45    -33    -12     52    -29    -16     65      4    -15     56    -22 
   -14    -45     14    -18     -3     50     16     47     13     11     26     25     12     10     17     -5 
    10     20     -6    -39     13    -20    -31    -15    -17    -18     -2     -8      8    -13    -19     29 
   -27     -3     -1    -13    -40    -58      1    -53      2     -5      7      0     18     17     22      2 
   -18     60     62    -12    -32     68    -40      7    -28      0     -1     16     18    -35     35     20 
     6     21     22      3    -21     37      1      1     15     14    -31     43    -33    -61     -3    -29 
   -58     10     49     13    -56    108     43    -58     -2     15      1     21     26     17     12     11 
    14     29      8    -19     -5    -54     12     21     -4     -5      2    -13     11     15     17    -46 
    27     12    -78     11    -12      4     14      5     -7     15      8     -3     -1     11      1    -66 
    20     -8    -49      6     14      9     25     -6     55      8     -6     89     23     32     44     37 
    36      6    -29     -1     23    -30    -17     45     19     -4     -6    -21     35    -51    -24     30 
     3      3     17     10    -17     30    -41    -20    -11     -5     -7     13     17     10    -10     11 
    40     -9     38      2    -18    -20     25     10    -35    -14      4      5     -3      8    -33     22 
   -11      9     43     40     52     47    -36    -41    -24     12     26     23     -6     34     30    -22 
   -14     14     28      0      5    -10    -10    -25      3     -5    -33     -5     32    -40     14     22 
     0     -5    -55      5     -9    -26     31     -8     -3     32     -1    -34     -6     11    -39    -23 
    -5    -37    -25    -50    -74    -53    -21    -13    -27      2     42     38    -10      4      9    -14 
   -27    -64     20    -32     -4    -12     59      2     14    -29     15     40      5     39     86     38 
   -31     69     67    -60     25    -11     -7     56     -9     28      4    -67    -42      5    -20    -32 
    49     31     -8     -1    -16    -42    -13     -8     13      6     20     40     17     54     80      7 
     0     11      5     18     36     18     59      5     12    -14    -23     -3    -41    -44    -16    -59 
   -29    -12    -53    -39     51     22    -22    -17    -51    -44     -8    -29    -29    -13     -1    -14 
   -23      8    -35     -7     35    -26     15     12      3    -49      3      5    -41     -7     -3    -21 
   -47    -26    -12    -75      2     -2     -2     -1    -17    -16     33      9     11     29    -19    -18 
    12     -5    -36    -54    -50    -42    -17    -20    -13     35     27     -8     21    -27    -51      0 
    43     43     73    -53    -15    -58     31     40    -34    -14     22     -5     22     16      5    -11 
    23    -34    -11     31    -42      0    -15     41    -26     11     85    -36      3     45    -55    -50 
   -52     19      3    -18     -5    -28    -16     29    -10     -9     12     15     48      7    -21     73 
     8     56    -11     -9     18     42    -34    -64    -30     13    -59    -42     56      2    -49     -6 
   -29     -2     19    -10      4    -42    -13    -17    -20    -32     11     20      8     11     18    -18 
     7    -15    -38     -5     -2    -11    -40      3    -13     15     29    -11     -8    -13     22      9 
   -31    -40     -7      1      8     28     40     17    -44     87     37     30      1     -2    -37    -42 
   -27    -48    -26      6      4    -55     -8    -20    -15    -33      7    -46    -32      4     -1    -19 
   -36     21     46     18    -16     24      2     -3     49      2     12    -56     -6     42    -57    -26 
   -11    -14     32     18    -24      7     55      2     -7    -28    -35    -38     -5    -50    -16     31 
   -32    -31     -6     24     18     12     22      7    -14     12    -11    -11    -15    -18    -10     26 
     3     16     -6     -5    -12    -21     -9    -28    -57     -4    -12      4      6     12     27    -18 
   -30    -30    -35     43    -26    -22     -1    -32    -40     23     27     14     16    -38    -13     -6 
   -18     -3    -50     10     44    -36      6      1     47     10    -25     15     18     -6    -24     -5 
    13     15     16     49    -28    -45    -40    -14    -10    -40    -24     -8    -14    -12    -39     -7 
   -30     -8     50     -4      5     -8      3     15     27     -7     -1     22     10      9    -13     36 
     1      7     20    -10    -32    -17    -29    -31     17    -24    -26    -60    -31    -44    -54      1 
    -8     -6      5    -10    -18     17     60     10     32      4    -32     33    -10    -26     14    -12 
    12     25    -21      6    -29      9     36     -4     18     36     41     35     -8     13     34     61 
    -8     -6     39    -27     10     -9     -5     -2     14     41     -6     23     41     26    -22      9 
    19    -54    -20    -57     -2     35      4     -3      4    -29    -11     18     -7     32     35     31 
   -19    -44    -43    -11     18     61    -29    -27     -4     -8    -54    -60    -32     -4    -45    -29 
    14     14    -20     -8    -52    -27     -1     13      5     23     16    -19     -5     42    -26     -7 
    10      4    -17    -22     -9    -14      4     68    -23    -34    -20    -45    -36     -4      3      5 
    27     28      2     -5    -47    -15    -18    -20     -7    -69      7    -61    -12     20    -31     27 
     4    -19     31     20    -21     29     28     15    -16    -22     -3     12     20    -17     -3     -1 
   -35    -57    -69    -23    -29     -7     82    -18    -47     15     57    -25    -37      7     18     -1 
   -32     38     31    -11    -18     -9     18    -54    -20     11    -36     -1     40     16    -47    -21 
   -29    -17    -28     12     44     26    -71     22     13    -31     34     13     30     11     23     -1 
   -18     26    -29    -12      6     43    -21    -40    -11    -37    -52    -51    -30    -25    -52      3 
     4     39      0     43    -27    -21      8    -16      8     18     43     45      2    -25      1     23 
    37     -1     21    -12      6    -16    -13     26    -20      5    -34    -33    -12      4     -2      0 
   -24     14     -1     -5     -3      0    -31    -34     -7    -43     -8     -7    -29     -4     16     -9 
   -11     17     -7    -37    -32    -15     12     67     37    -13     50     14    -11    -15     -3    -31 
    24    -32      4     11    -56     25     51    -19    -11     -5     31      4     18    -30     43     25 
     3     -1    -35    -20    -21     14     -1    -22     15     32    -19    -62      6      9     13     57 
   -44    -59    -27    -42      4    -15    -72     21     73    -28    -12     -9    -11    -26    -15     19 
   -49    -34    -12    -32    -20    -59    -10     17     23     50     14     19     33     -7     -3      3 
   -34    -15     37     -2     -3     29     18    -29    -10      1    -28     -7     61     22     -3    -15 
    40      8     15    108     17     -5     46      9     30      7      9      1    -15      8     10     -6 
    40     53    -42    -42    -19    -16     22     14    -15     -3      3     -9     14     39    -13     -5 
    19     -7     11     28    -79    -32     -4    -55    -30     17    -92    -17     -5    -12    -13     25 
   -18    -20     16     15    -24    -27     53     10     85     39     47    144     41     46     88     60 
   -21    -27     49     -4    -31     73     10    -23      0      0      3     18     17      7    -35     -9 
    -4     14      6     18    -37    -15     -5    -30     -8     17     39     32    -11     29     44    -28 
   -38     21     14    -23    -32      5    -14    -26    -21      2    -30    -25     19     21    -15     16 
    30    -24     15     -5      4     36    -13     20     85      6     71     58    -16     65     13     17 
     4    -12    -15     16     -4      9     21    -10     -2    -27    -35      7    -35    -38     15     44 
   -28     14     36    -18    -27    -30     -4     -7     17    -11    -60     25    -29    -11     -4    -11 
    -5     24     -2    -12     20     13    -21     19     12     23     18     62      4    -28     -7    -12 
    -8     -6      4    -39     -1    -41    -20      3     -5    -21     12      2     14    -62     26     15 
   -66     11     20    -53    -38    -20     22     20     29     18     -8     -8     -9      2     -3     50 
    15      2     22     15     -5     41      1      0    -26     22     49     58    -17    -16    -26    -40 
   -25    -60      3    -29    -90     13     -4     37     -8     19     34     24    -21     16     36     28 
    38     10     25      8    -28    -13     34     17     23    -55    -65    -77    -41    -17      9    -67 
    12      8     38     10    -12      1    -27     -3    -53     -7     15    -41     28     25    -23     22 
    -9     50      4    -23    -29     10     31    -18     40     78    -29    -20     29    -74    -46    -22 
    -3    -19      2      5    -38    -22     12    -43    -25     10     14    -10     11    -20    -25     -5 
    29      2     15     52     61     18    -35     12    -38    -68    -21    -18    -23    -20    -12     -7 
    30      4     42     22    -11     25     28     19      8     17     48     43     -6     36     12     30 
    33     10      0      5    -23     -2     97     26    -28     67    -30    -34     16    -40    -27     46 
    11      1     42     41     47     14     27     59     -2     10     11      9     -3      8     32     -8 
     0    -48    -73     -4     25     30     20     -2     39      2     50    -13      9     22    -47      7 
   -27      6      9    -16    -45    -41     34     -1    -44     -3      8    -26     -5     35     -8    -18 
    -2     20     -7    -52    -43    -15     39    -49    -30     37     -2    -42     18     21     55     21 
    56     14     14    -13    -27    -31    -19    -48     -6     33    -79    -23    -10    -64    -11      8 
   -96    -51     -8   -255   -101    -27   -164    -75    -37     -2     16      8     42     35    -16     28 
    25    -14    -27      0     -6    -48     20     67    -21     10      9     58     15      9     27    -38 
   -55      8    -17     -7     -4     -5     18     37     -5    -17     43     38      6     45      8    -33 
    57    -48    -55     71    -15    -64    -69     23     19   -169    -10     57    -34     -6    -46      0 
   -15     -9    -49    -36     14     21     -1      5      2    -20     10    -33     12     86    -30     75 
    73     28      7      3     32    -12      2     28    -36      8     92     33     -2     60    -14    -57 
    35     16    -57      6    -11      3      6    -24    -37     15     -9    -29    -14     -7     -8      1 
    13     -3    -40    -22      7    -77    -36    -14    -93    -14     38    -38     31     74     -4    -25 
    17     -5    -21     -5     19    -11    -29     -9     20      1    -19    -10    -50     46     74    -34 
   -20    -34    -12     30      5     42     23      7     24     45     31      6     30     10     51     -9 
   -20     21      7     -5     16      4      2     41    -18     20     19    -19     -6     15     31     53 
    21     13     32     15    -42    -16      8      3    -45    -26    -12    -12    -47     -8     35     23 
    -3     15    -26    -42    -25    -17     -2      4     13    -33      4     35    -15     17    -14     -7 
   -33    -42      3     -6      0     -1    -30    -20     14      1     -1    -11      4      6    -51      7 
   -21     -3      1     10     -8      7     41     20     21     40      3      5     12     30     -1      8 
    53    -14      3     -7    -53    -58     -4     -1    -70     19     23    -42     -8    -16    -40      2 
    11    -38      5     11    -10     64     10     35     31     15     20      5     -7    -11    -56    -24 
   -40     40     -6    -30     44    -16     13    -17    -28    -39    -41    -23    -26    -31      5    -16 
     4     17     19     -5    -30    -29      1      2    -22     35     42     16    -27     -9     46    -52 
   -90     -2     24     23     61    -36    -19     41    -31     -9     25    -26      0      9     20     21 
    58      7      7      7     14     -9     13    -41    -33     21    -54    -42     18     39     13    -18 
    44    -60    -45     28      5     -4     -6     -6     19     -9    -22     -8     10      6     -1     -9 
    35    -15     55     71     18     -6     23     35     22     21      4     16      6     -5    -52    -35 
    15     -6    -18     34    -34    -15      8     -9      3      0     49    -25    -79    -72    -29    -33 
   -23    -35    -32     24    -22    -25     -9    -33    -24    -13    -19      0      2     -3      2    -27 
   -28     12      6    -54     13    -11    -13    -13    -18      2     37     13      3     -7    -20     18 
   -23     -8    -44    -32     50      0    -40    -22     23     49     -3     27     58    -37     -5     25 
    -6      7     17    -31    -27    -17    -38      1     22    -24     35     31    -26     31     50    -27 
    -6     26    -28    -35    -75     76     52    -33     87     28     -8     15    -34     -7   -121    -60 
   -14    -74      6     33     -4    -22    -61     33     42    -16     34     52     35     24    -20    -25 
    31     16    -11     17     30    -15    -49    -29     17    -25    -64     42     -3    -24     37     19 
     3     -4     21    -22     14      4    -40     14    -48    -24     -4    -29     26     25    -41     19 
    16     20     -2      0    -56    -38    -57    -33      4    -41     37     53     22    117     91      0 
    72     18     -4    -22    -30     -6    -25    -42     23     49    -56    -13     11     31      4     24 
    40     32      1     -8      5    -10    -38    -64     46     -6    -53     26     31      7      0    -68 
   -59     63    -32    -16     35    -39    -14     -5    -32    -11    -10    -42    -31      0    -55    -37 
   -85    -58    -20    -16     -5     18    -48    -53     29     14     32     46     88     72     91     63 
     9     -3     -8      1     18     68     57     11     19     20     12    -66    -16     35    -92    -57 
     2    -13    -46     16    -10     -3      0    -27      1     11     -7      9     16      8     -5    -47 
   -33     13      8    -19     -2    -12    -34     19      0    -42      7    -10    -79    -30      4    -58 
    14     48    -50    -28     31     -2      8    -18     24    -11    -40      0    -16    -19     10    -32 
   -38    -24     38      3     51     55     41     74    -11    -16     57     -5    -19     52    -54    -37 
    28    -34    -25    -51    -12     62     15    -12      1    -22     -2    -14    -41     38     25    -18 
    25    -34    -27    -19     -6    -24    -65    -32    -49   -109    -44     16     16    -38     46      1 
   -41    -10    -21    -13    -48     -3    -22    -73    -53    -93   -165   -108    -72   -110    -25    -30 
     1      1     37      2     31     17    -35    -12    -32    -59     32     30     44     31      7     -6 
   -38    -53     13    -62    -59    -24    -45      3   -121    -43     54    -22     28     14    -60     -6 
   -11    -68      3     15    -37    -36    -24    -33    -10    -15    -11      1     -7    -24     -5    -17 
   -18    -37    -76     10     -9     12     -6     47     57    -22     10     30      0    -12     -1     -3 
    14     40    -17    -39      7      4     -8      4     13     26      2     -4    -27     13      0    -12 
     3      7    -40      7    -10      9     -7      4      8    -17     22     19    -40    -18     58     -9 
   -14     30    -20     14     31      5     49     53     48     17     16     21     15     15    -19     41 
   119     13     -5     22     27    -37    -33     67     19     29     18    -16     16    -16      8     23 
    43     -5     86      0     30     56     14    -12     19     22     -4     36     21      7     31    -23 
     0      1     -8    -34     39      1    -30     -9      8     -8    -19     27     -5    -23    -45     24 
    35      7     20    -37    -46     44    -34    -35     27    -24    -41      4     12      5     -1     11 
     7     22      1     14    -22    -33     34    -26    -31    -10     32    -31     -1      1     -2    -31 
    48      9      2     18     12     19    -14    -58    -36    -18    -57      2    -25      6     19     27 
    57     30     24   -111    -20     43      1     -3    -26     24    -29      0     32     -3     -7    -43 
     9     -6    -30    -15      0    -20    -25     42     21    -24      6     24      7     56    110     42 
    43     62     -6     -8    -15    -33      0     -6     -1     -9      2     -6      0     15    -41     31 
    69    -17     32      2    -22    -21    -69    -22    -18      9      8    -11    -27      3    -41    -24 
    49     -1    -12    -13     18     65      5    -18      4     -1     10     34     30      7    -12    -20 
    13     10    -64     20    -26    -47     44    -24     -8    -38    -49    -64     16    -57    -21     27 
   -37    -20     19     49     51    -56    143     51    -55    -42      0     -8   -152   -112    -57   -109 
   -30    -87    -81      1      2     -4     10    -70     -3     91    -36    -62    -17     -1    -24     -3 
    -9      3     64     -3      9     17    -10     17     16    -19    -15    -16     -1     11    -57    -36 
    29     22     26    -14    -19      7     27    -15      2    -31    -15    -41    -35    -18    -20    -56 
   -24     32    -24    -29    -26    -67    -52     -3     14     -5    -24     24     87    -82     21     66 
   -68     21     15    -67    -92      9    -58     -6    -28     30     73    -33     11     10      3    -21 
   -34     -9    -47    -23      2     55    131     59     36     61      1     66     28     55     -1     44 
    10     -2     30    -48     -1    -39    -57      2     -5     39    -12    -37    -39      4    -14    -15 
   -10     -6     -1     -6      0    -51      2     -4    -48    -14    -62     38      2    -46      0     64 
   -23     19      8    147    119      2    120     59     48     16     -6    -61    -13     -2     44     97 
    23     74    100     -2     39      0     26     43     -9    -28     58     19    -27     23     18    -25 
    -1    -12      5     -2     16    -17    -33    -73     -7    -27    -98    -72     45     46     21    -33 
  -119    -14    -17    -36     -7    -14     38    -19    -17    -29     11     33      3     -2     18    -20 
   -57    -50    -36     -3    -72    -35     16    -55    -25    -25    -19     31    -53     36    112     34 
    51    128     37    -20    -45    -39     32    -16    -13      9    -26    -19    -28    -57     -6      1 
    13    -15      3     17     -8     57      6    -31     29      4      3     -3    -18     35     -3     -5 
   -54    -17     26     42    -14     33      5     38     43    -22     72     13    -55     50     23     -7 
    12    -57    -37     24      7      3     48     54     55     14     20     27     19     56     11     53 
    17      1    -22    -46      9    -43    -33     -2    -66    -80    -46      4    -10    -21    -25    -25 
   -30      5     31     23    -52    -62    -50    -39    -18    -26    -72    -83    -21    -19     16      6 
   -21     10     18    -18     17     -7     31      1     -4      8     34    -25     73     45    -17    -59 
    11      8     -9     44     -2      2     38     -5      4     -6    -36      5    -13     32     15    -32 
   -45    -19     10     69    -55      0     37    -12     31     24     64      6    -24     91     -9     20 
   -39    -35     10    -17     -8     -8     10    -34     12      8     -8     30      5      3     24     49 
    38     62    -21     20     11     38      5     -6     30     27    -30     79     44     30    -11    -37 
    14    -45     38     28    -96    -52     18     22     -9     12     14     27     10      0    -27      2 
    -1     52     36    -15     11      8     22     -5     31    -20    -36     23     -1    -18     27     51 
    65      8     -6      3     24      4      8    -47     82     73    -36     19    -11    -19      2    -42 
    14    -38    -53    -32     25     78     23     48     36      2     58     69     14      0    -10    -25 
     3    -10     -7    -59    -46     -9      2    -11     25    -22      1    -10     10     -6     -7     35 
     4      8     26     29      5     17     29     11     19     19     12     15     35      6     -9     23 
    -4     18    -50    -50    -12    -32    -11    -37    -60    -17    -55    -54    -55    -47     -8    -73 
    -4    -23      0    -39      4    -56      1     13    -42    -20     -6    -69    -11      2    -49     27 
    38     -4     17      2    -34    -16    -35    -14    -31    -21    -17    -29      6      6     27     77 
    33    -22     48     -4     20     17     -5     14     18     -9    -25    -22     41   -101    -47    -33 
    -3    -14     -2     21     25     -5     -2     16     27     -3    -15      2    -28     -7    -41    -44 
    -9    -13     -4    -37    -41      5     28      7    -39     20    -19    -49    -61    -49    -22    -18 
   -11    -19    -13     -9     -8      8    -30     40      7    -67     24    -11    -41    -11     21     26 
    26      6    -27    -17     -2     11    -31     40     34    -43     25      2     -6     10    -31    -32 
   -13     12    -36    -58    -24     24    -12      3      3    -46     -1    -18     15     18      3    -17 
    -2    -34    -56    -28      7    -29     -4     57      3     -3     41      7     -4    -11    -38     35 
    -3    -14     38     20    100     43     56     21     45     34    -35     17     94     17    -20     69 
    21    -20     69     65      4     27      3     17      8    -18     -8    -18    -70     18      1     67 
    98      8     85     69     15     60      4    -61     10     39    -80     10      9    -49     40     18 
   -18    -48     12      7    -14     60     15     -5     32     12     -7     -4     -3     26     10    -37 
   -37    -34     40     47      9     42     23     33     39     49     -3    -16    -14     35    -12     38 
    28     23     40     35     -4    -11    -11     -7    -14    -18      4     -2    -39    -32    -45      2 
   -18      0      1     -6    -17     14      8     20     31    -33     30     18     -4      9     27    -17 
    -6     24    -16    -25    -23     13     27    -16    -16    -61     43    -22     -4     -7     38    103 
   -47    -30    -14     18      2    -30     -7    -18    -13     20     14      2     15     17     17     28 
    15    -13     50     -1    -15    -14    -42    -17     10    -35     16     25      4     -4      5     53 
    22     11    -25      0     -7    -40    -40     15     15    -44    -56     47    -19    -71    -10    -43 
    -9     19      0     -9     75     43    -14    -17     -5    -57    -35      7    -12     -4    -11    -13 
   -15    -40    -46    -17    -17    -45     -1     19    -26     43     49     54     59     29     46     16 
    34     35      6     33     11     26     48     -2      3     38     28      1    -27    -38    -25     29 
   -30    -23    -42    -19     36     31     19     -6     56      8    -52     -7     30    -13    -15    -18 
   -28    -43    -40   -102    -97   -123     53    -44     -1     23    -16     17     26      1     39     78 
    43     43     17     39     -3    -52      3     -4     19     20      1     35     24      8    -28    -43 
   -42    -22    -34    -26     22     27      0    -15     -6    -19      1     20     15    -66    -17    -23 
   -77    -53    -43     -5     26    -21     -5    -33    -33    -72    -50    -29    -45    -15    -15    -70 
   -33      5    -54    -28    -34     44     15    -10     12      9    -27     41     34     -9    -18     26 
    23     15     21     52     -3     11     38     32     -6    -43      8    -20    -11     47    -29     39 
    32     13     -6    -22    -24    -17     27     36     31     -3     -7     -3     -7    -29    -35    -16 
   -27    -78     41      6     -1     52     29     31    131    111     66     18    -18    -35     12     18 
    42    -42     18     41    -32     -5    -16     22     -3     11     58    -74    -72     15      8    -43 
   -25     20    -12    -47    -57      1      6      4    -19     45     -7    -10    -50    -15    -13     14 
    12      0     -4     84     13    -17     48     15     23     18    -18    -27     19      5    -38    -15 
    -7     -6    -40     -3    -20    -34    -53     -8    -49    -56     18      3      9      5    -25     12 
    63     27     65    -26    -29      5    -21      2     -1     -9     33     23    -12      4    -15      0 
    29    -44      8    -34    -82    -46    -52    -44      3    -21    -25     13     38     -9     20     20 
    -1     -3     21    -19     10     43    -14    -31     -2     -3    -35    -72    -30      4      5     53 
     9    -15     19     57     -6      1     -4    -32    -33    -33    -26     17    -15     25     44     33 
   104    130    -48     38     88     14     91     53     14     48     15      7    -17    -17      9      9 
   -59     -9     45     15     28     47     58     -3     39     12     -9     12    -10     19     36     31 
    12      9     11    -14     52     -3     -2     27     -2     12     60    -13     -7     82    -28     15 
     3     24      5     12      8     16     64     59    -19     14    -19    -20    -10    -28      1     17 
   -13     24     27     20     19     48     29     13     50      2     18     11     10     26     54     84 
    33     57     75     29     34     44     38     48     47    -12    -85    -44    -50     -4    -46    -42 
    29     20    -26     68     45    -30    -35    -39    -22    -50    -24     24      2    -18     35     16 
   -11    -35    -18    -11    -34    -21    -31     34     34     41     19     26     27    108    101     97 
   -29     -9     32    -12    -13     30     35      6     15    -40    -43    -22      5     36     -6    -14 
    10    -32    -28    -20    -27     64    -21    -75      8    -18    -37     40     19     28     22     50 
    40      7     13    -18     -8    -36      9      6     -8     12    -52    -53    -45     41     25     57 
    42     14     72     28     19     13      2      6     -8    -41     14     10     -5     50     18    -23 
   -36    -42     66     67     15    -19     56    -29     12     18     32     -6     37    -25     10     16 
   -67     21     34      7     39     51     36    -24      5     -8     22     48     37     -6     -4     37 
     1    -24     32     11     15     53     17     -5      7      3     -9     26    -43    -50    -13    -43 
   -29     40    -40    -54     42     62     75      2     48     72    -10     27     20    -55    -14    -14 
    26      2     14     24     49     77     59      9    -24     20    -14     23     22      1    -11     20 
     4     28     57    -22     -1    -19     -9     13    -23     -2     27    -11     -8     59     29     15 
    58     16      1    -75    -26      1    -66     -9    -33    -82    -51     42     88     30     39     40 
     2     47     54     33     -7    -24    -30     34     12     26     58    -16     -5      2     32     10 
   -13     18     -9    -37    -42    -39     15     17     -8     41     40     34      2     22     12     45 
    46      2     10     55     19     19     75     20     35    -21     18     24    -47    -31     34     36 
   -22    -14    -26     25     42     40     81     35     27     45     22    -12    -11     51    -62    -29 
    -7    -52     22    -29     -7    -33     16     27    -26     17     24    -25     41    -17     -2     48 
   -34     -9    -22    -47     15     -2    -14     19      2     12      9     77     35      3     46      0 
   -24     37     20     23     -4    -10    -44     14     -2      3     11     33    -11      5     -4     -6 
   -12     14    -54     -2     58    -34    -31     46    -54    -37    -46     18    -16      8    -25    -27 
   -20    -25    -54      3    -12    -23    -15     -7    -12    -22    -27     65    -18    -26     16   -140 
   -68      2    -40    -16    -16     23     76      7      9     46    -46    -26     -9     31     24    -21 
   -27    -19     28    -12    -33     11     16    -32    -13      9     31    -17     13     30     20    -11 
    -5     -7    -23    -50    -52    -48    -39    -67    -28    -52     10    -76    -30     37    -29     46 
    54    -35     -5    -20    -24    -44    -19     19    -32    -44    -71    -46    -59    -94   -106   -100 
   -19    -29    -33    -24      9     -4     20     53     19      1     46     47    -36    -90    -34    -33 
   -58    -27     -9    -11     13    -30    -27    -19    -37    -20    -43    -66    -30    -24     19     39 
    20     11    -25      4      4     12     -1    -49    -56    -77    -57    -22    -47    -14    -55    -27 
   -28    -84    -77    -48     -5    -26    -44    -13    -58    -36     -6      9    -58      5    -20    -40 
   -20    -53    -47      4     -5     23     92     34     25     18     26    -22    -47    -71    -73    -54 
   -39    -83    -38    -47     41      1     -2     36    -15     36      2      5     15    -94    -67    -88 
   -30      5    -56    -45     -7    -48      8      6    -22    -10    -24    -23      0     14     -5    -77 
   -78    -48    -40    -29    -90    -24    -18    -86     28     78     58     25    112     59     31     55 
    32     -2     -3    -28     40     47      0    -18      9     39      9      2     20     28     33     16 
   -11    -11    -13     -1     -9    -21      5     -4      2     40     12     24     -3     14    -23    -33 
    12     14     -8     27     15      7     -7     11    -14    -40    -13    -18    -76    -25     23     19 
   -25     58     40     45     26     25     41      3    -23    -25      2    -18      2     -4    -42    -22 
    25     23     19     -1    -10     26    -14      1     14     35      7     -5    -39    -75    -37    -39 
   -54      4    -12     15     11     -9     36      5      4    -33    -14     10     21      1     35     30 
     1     58     57     36     22     23     30      8    -36     40      5    -45     21     16     34     46 
    25      4     19     45     26     27     24     31      7     -1    -26    -12    -12     -8     22     44 
    18      1      3     47      9     52     19     12      1    -25     29      1    -12      8    -25    -22 
    -2      8      9     29      9     27     25     11     43     70    -19     30    -56      8     74     -2 
   -25     64    -13     43    -38      7     28    -34     19     11     -6     42    -35    -27     -6    -30 
   -20     -8    -45    -79     11     19     39     23     -3    104     50      4     26     10      4    -27 
    -9    -31    -49    -44     21     73     -5     10    -12    -33    -47     -5     16    -30    -20     -4 
     9     11      5     20      6    -24    -15     -8    -30     39     47    -12    -40     20    -20    -13 
     6    -11    -47    -31     10    -59    -68     -1     -9   -124    -12    -30    -27    -21    -37     13 
     8      3      2     10    -74    -19    -30    -29     43     22    -57    -20     -3     -4      3     -9 
     1     -6    -22    -14     -1     -6    -22     -2    -25      3      5     45      9    -53     19     25 
   -13     -5     15     38     49    -32    -19    -23      9     -9     57     -9    -26    -20     43    -18 
   -56    -25     32      3    -25     -6    -15     21     -6     20    -31    -14      5    -42     12    -13 
   -43     -1     -2    -17     61     24    -33     55      4    -15     16    -24      8     68    -25     -8 
    12    -47    -34    -51    -29     13     31     -5    -17     21     27    -24    -14     59     -8     26 
     3    -22    -50    -10    -13    -33     -9    -69     42     47    -16      0    -11      6    -44    -31 
   -21     26    -12    -55     12    -34     17    -15     31     33     12    -45     40     12    -41    -11 
    49      8     30    -45      0     29     24     50    -13     52     69    -45    -34    -38    -48     -4 
   -11    -31    -21      1     20    -34    -12     24     -6    -27    -15     30    -20    -87    -17    -13 
  -100    -44      1    -36   -128    -99    -64    -50     35    -60      8     71    -45     14     52     93 
    45     -2     22      3    -35     27     59     28     49     28    -24     -5    -53    -46     -7    -29 
    -8    -19    -15    -16    -42     11     30    -14    -35     20      7    -14    -14     29      8     21 
   -42    -37     28     -4     39    -42    -12     20    -30    -18    -14    -41     17     -8     -9    -38 
    47    -37    -59    -17     -8     -1    -59    -43     42     44     20      7     17     35    -18     10 
    -5     -4     32    -18     62     38     28     -5      8    -35    -11     11    -44    -44      5    -67 
    11     -7     12     22     48     70     -9    -37      7     52    -13    -23      2     -7      9     -4 
   -29     45      0    -74    -13     -4    -49    -13     23    -21    -22    -34    -43     48    -12    -31 
    -9      3     19     20     -1    -42    -15    -23    -45    -46     16    -38    -37    -33     -2     17 
   -51     43     10     -3    -12     -6    -51    -35    -30    -64    -45    -11     -7     19      4     11 
   -25    -46     34     56    -25     11     43     45     48     37      0    -18     37     25     40    -36 
    -7    -42    -63      7     26     -3     10     14      0     13    -53    -13    -11    -72     18      4 
   -12      4      8     19     39      1     -5     43     23    -27     -1      0      5    -20    -14    -21 
   -16     28    -24    -51     41    -52    -58    -20      5    -66     -6      7      6    -14    -49     37 
   -47   -103    -59    -28    -72      0     10    -50     -3    -29    -68    -38    -50   -105      1    -65 
    17    -19    -88      7      6    -27      0     17     14     11    -41     10    -45    -36    -62    -48 
   -44    -44    -13     21    -17    -14    -43    -46     58     -8    -12     -1     76    -33    -55     70 
    22    -49     19     35     16     15    -27     10     51     41    -21     28     19     14     -7    -13 
    12     19    -13     27     14      0    -63    -21     19     -6    -19     17      3      8    -13      7 
    25      2    -30     29     39     23    -12      9    -33    -36     21    -17     -1      1     -1     98 
    53    -60      4     57    -21     29     54    -20      1     -4     45     14    -16      6     27      8 
   -11    -40    -58    -29     -6     21     12     -2     23      5     -5    -37     -6     35    -56     33 
    41    -57     -2      6    -46    -23    -61     -7     11     75     17    -13     70     33      4      1 
   -34     11    -26    -17     32    -47     18     -2    -46    -32     21    -99    -43      0    -25    -86 
   -26    -25    -21      3    -15    -14     72     76     45    -21     -4     -7      3    -15    -24     -7 
   -22    -21     15    -14    -53     11     26    -15      4     -6     20     47     18     33     52     80 
    72     35     56     37      1     70     63      0     68     53    -24     37      9     25     13      4 
    39     -5     19     -3     -9     -1    -29     -5    -37      7     30    -16     28     22     23     35 
    68     18      4    -16     29     -4    -35     11      5     -2      7    -17      8     46    -36    -67 
    13    -10     46     33    -46     21     -2    -49    -31    -27     19     22      4     14      5     -8 
    -7     11    -37     55     23     35     23     25     36     -9     53     -1    -15    -11    -26     12 
    17    -15      9     14    -19     53     34     14      7      1    -17     13      6     -8    -54    -32 
    31    -28     22     39    -12     14     -6     21      0    -10     -1     15     -7     -9    -40      3 
    22     75     35     21     37      9     18     10      1     -6     41    -23    -11     41     14    -20 
   -25      6      0     -5    -29      0     17     10      1     12     15    -41    -35    -42    -42     74 
    33    -42     46      6     23     12    -31     45     17    -20     54     12    -18      2    -11     -3 
   -11     62     12    -23     20    -27    -12     -2      7     41     22     41     31      2     14    -72 
   -38    -14    -50      3     -5    -19    -44    -19      0     44    -21     26      2    -30    -10    -53 
   -29    -42     13     46    -23     58     34    -57      5     19     27     22     13     -1     31     37 
     5      3     30      4      7     -1     14      8      1     13     -3     -9    -33     29     -6     38 
   110      8      3     -1      4    -47    -17    -30    -28      5    -16      5     54      6     47      0 
    20    -19    -68    -20      6    -47     11     31     74     38     49     41     61     36     -3     -2 
   -18      8     14     -9     21      3    -52    -14      9     37     -4     -5      4    -26    -33     30 
    -2      6    -53    -53    -13    -44    -38    -18    -30      4    -15    -14     -8    -26     15    -14 
   -37     12      5    -19      8     33     28     12    -33     19    -41    -41     11     16     31     -5 
    32     13      3     49     16     17    -15    -15    -20     26     21     24     11     35     22     27 
   -13    -10    -28    -25      0     -5      6     30    -45      3    -46    -20     56     -7    -22    -17 
     3     -7      0    -15    -25    -16    -27    -32    -28    -52      8     23      2     -8      4     18 
   -20      6     -7     34     34     31     25    -39     17    -13    -55     -9     14      9    -49     14 
    26      1      7      8     20    -16     -7     -9    -38     18    -37    -45    -27    -33     56     55 
     2     21     27    -16    -24    -23    -57     22     33      6    -27    -17    -25     -2      9    -10 
   -17    -17     14    -12    -27      6     19      2     64     -4      6     12     16    -27     -8      9 
   -14      6     -6    -22      5     -8     17     -3    -16     -9    -10    -23     13      7    -44    -37 
   -29    -33    -42    -31    -14      5    -27     -6     28      6     -1      0    -25     -9     26    -15 
    19     43     22      0      2     -6     15     -4     24    -12     31      0     -6      7      5    -23 
    12      6    -14    -24      0    -11      8    -13     15     40     25     11     74     -1     23     81 
    -4      2     -9    -20    -10    -43    -45    -17    -30    -30     23     58     29     20     63     17 
    26     19     -6      2     57     50     -4     67     17    -17     16     14      6     33    -12     28 
    42      4     45     66     -3    -27    -12    -45    -41      6    -61    -42    -37    -41     10     33 
    -9      6     21     10      5    -11     31    -43    -13     17    -26     22     23    -29    -13     -4 
   -44      4     33    -47     36     37     31     25     -2     15     86     27     13     64     17     -7 
    16    -49    -17    -57    -40    -40    -95      2     10    -13     11     13     35    -17     36     33 
    22     45     -3     10      1    -22     34     41    -10     22     35     -1    -29    -10     -8      0 
    25     12    -14     -8    -15     -7    -19     56     48     51     42    -61     11    -23    -38      0 
   -31    -23     -4     -7    -10    -36    -24     11     11    -31     52     21    -17     40     26      2 
     4     38    -14    -28     28     23    -46     37      1      0    -43    -24    -42    -41    -31    -11 
   -43    -42    -27      2    -14    -14    -52     11     43    -14     16     43    -25    -38     -3     49 
   -19      4     13      5      1    -18    -44    -46    -37    -74    -58     28     17    -15    -12     -5 
     5    -51    -54     14    -33     -1      3    -36    -26     57    -33     21     51     -6      6     15 
     2     15     25     -2    -45      9    -22     -1    -12    -37    -32     -9     24    -41    -10      1 
   -33    -16     -7    -79    -28      0    -70    -49     32     -2      0     16     -9     29    -29     11 
    36      7     23     -4    -60     -2    -29    -38     -8     -2     -9    -58    -32     16      3    -20 
    28     47     36     20     37     20      7     15    -21      7      0    -19     25     -3    -27     -1 
    33     10     27     93     49      9     27    -13      4     32     -7    -52    -25     -2    -38    -10 
     9    -33      7     47      0     15     20     14     13     -1    -37    -12     52     71     -8     10 
    16     -1     -3      8     20     -4     24     23    -10     47     35     47     -3     -4    -49    -33 
   -11     17      2    -17      6     -4    -14     21      7      9     30     11    -10     -9    -11      6 
     6    -37     -3      4     -4     15    -19    -16    -21     23    -18      1     33    -27    -10     -4 
    25     22     29     27     25     35     -2    -16    -25    -42     20     17     -7     54     22    -11 
   -34    -49    -44     89     21     -2     65     -6    -13    -17    -43    -28      9     74    -42     -5 
    15     39     -8    -21    -52    -23    -52    -10     48     25      1     41     11     39      0    -17 
    14      2      1     32    -21    -26    -11    -28     28    -27    -33     -4    -47     -7    -10    -13 
    -3     18    -25    -61     36     17    -35     -7     -3    -19    -30    -48    -26    -34    -17     11 
    -6    -32    -53    -59    -42    -80    -15     14    -14     41     49     67     -5     76     99     -8 
   -14    -18    -47     -6    -30     27    -10      3     -8     12    -19    -11    -38     -2    -36    -58 
   -37    -50    -46      0    -18     21     24     49     43     42    -43     38     20    -28      3     44 
    46    -17    -23    -52    -65    -73     -4     28    -57    -41     21    -52    -48     49    -35    -36 
     3     13      5     49     35      3    -10      1      1     -4    -24    -29    -33    -12      2    -39 
    -6     22      2    -32    -26   -107    -96    -23    -26     -6      8      5    -12    -11    -25    -89 
   -40    -14    -46     12     10    -23    -21     30     -9    -22      9     26      6     -1    -39     -4 
   -38    -12     39     -9      0     17      4     64    -23     92     66    -94     29     18     25     25 
   -21    -45     49    -48    -82     21    -15     17     43     23     -6    -14     11     -7     -6     19 
   -16     28     51    -15     43     72     -7     13     27    -17      8      4     10    -42      3     44 
   -22      1    -21     35     18      7     -1     -4     18    -49     -1      5    -46     -5     25    -37 
    -3     10     11    -21      0     -9     -6    -32    -22    -73    -10    -36      8     36     34     -8 
   -22    -28     14     41    -27     25     12     38     35     68     75    131    138     22      2     32 
    48     -6      6     38     91     28     20     66     34    -28    -27     60      2    -23      9    -19 
   -12     30     25    -14     -9    -14     -4    -29     11    -22    -41     44     15     44     19     79 
    16     11     54      0     64    -17      0     73     17     21     30    112      4    -66     -4    -49 
   -34     47     -5      6     68      5     39     51     33     69     30    -23     55     18     -5     -7 
     9     49     13    -38     -3     42    -33    -16     82    127     -2     59    108    -11    109    144 
    40     41    -22     28     31    -40      2     37    -24     28    -74     28    -75    -64     33     -1 
   -47     52    -35    -31     -5     -1     -7    -81    -56    -10    -50    -59    -11     28      0    -58 
   -20     16     17     61     33     -8     26     -8    -33     64     26      4     46     73     69    -24 
   -53     62     -4    -42      3    -21    -92    -56    -79    -23     38     50     46     71     96     99 
    16    -27     19    -52    -57     -8     50     47     48    -18    -21     62    -44    -59     30    -30 
   -85      9     13     65     79     24    101     -3    -38    -30    -33     48    101     54     65     32 
    25     24    -39    -70    -71     60     62    -16      4     86    -37     29     64      8    -50    -22 
    19    -17    -36    -32     -1    -13    -16    -39    -58     20     43      5     -6      5     21      9 
   -17     57    -28    -28      5    -22    -83     -9    -15     81    106     -1    116    111     76    122 
   125     49     -2    -27     81     27      4     47     62     88      5     12    -11    -48    -34    -24 
   -52    -15    -63    -11     -1     -2    -20    -14    -12     12     10     73     94     65     79    -29 
   -46     50     -5    -14    -24     -7    -82     37     -6   -142     14     12   -133    -45     36     29 
   -12     16     84     29    -16     59     29    -95      1    -61    -32    -41     -9    -58     -6    -61 
     4      2    -26    -21     -3    -84     10     -2    -24     37      6     28     20     40      9    -36 
   -83   -103     23    -20     -6    -11    -81     17      1    -19     36     28     20      8     23    -37 
   -56      5    -38    -25     47     75     22     -1     65     10      4     23     53    -19    -27    -31 
   -62    -44    -90    -22    -61    -49     25     38      8      8      1    -34     14     60      5    -50 
   -18     20    -68    -78      6      8    -26    -41     99     87     93     96    110    102    117    107 
   143      1    -22    -28      1    -22    -10     55    -63    -37     53      1     14     -8     15     60 
    30    -17     16     -5     34    -12    -24    -28    -52    -45     52    -44     18     19     47      0 
    30     40     23     21    -13     22    -24    -55     -4    -15      3     -8    -20     -6   -103     -8 
    26     -3     67     43     69     64     53   -109     38     19    -14    145     99    -46    135     76 
   -60     19     55   -101     -3     63     15    -26     74    -37      4    -37      3    -62    -31    -39 
   -30     -4     -7     -8     10    -11    -44    -13     13      3     13    -44    -54    -43    -39    -42 
   -53      6    -20    -64     17     10     67     61     11     52     30     51     29      3     30     29 
    10     19     19     -5    -17      2     11    -36    -54     91     24     53     56     50     13     -1 
   -19     23     34    -42     17      2      6      8    -26    -48    -37    -30    -13    -13     17    -25 
    23    -31    -40     -1    -38    -23    -54    -65    -69    -44     55      9     10     -8     46    -44 
   -47      5     -4     10    -16     16      9     14    -35     34     41    -49    -31    -24      9      4 
    -9     -5      0     -1     60     18    -28      4      5    -20    -50      9     35     16    -48     -6 
   -14     -9     61     57     17     25     37     20     41    -23     52     49   -109      7     56    -13 
    15      4     28    -12      3     -8    -81    -41    -83     -4     -4     51      8    -29     19     34 
   -34     13     -5     -3     11    -28    -14     -7      4    -16     -9    -29    -17    -42     -9    -39 
   -24     -7    -71      5     24     -7     30      2     16      0    -10    -14    -48    -36      3    -22 
   -60    -24    -25    -59     26     10      1    -26     25      8    -29     -9     16      0     -1    -36 
    42     18     14     35      6     21    -56      1    -31     21    -26    -26     29     -7    -75     21 
    -1     -2     -9     21    -38    -19     44     -7    -13     24     56     16      7     -1    -38      2 
   -47     -8     -4     14    -11     12     47    -10     21     13      6     31    -39    -19    -26    -37 
    35     -8    -29    -18    -31     32     47    -15    -11     -3     -6     17    -16     19     25    -44 
   -20    -27      9    -17     40     27    -34     43     -6     -1    -20      5      3    -30    -25    -15 
   -36    -40      0     -8    -17     19    -21    -50     50     20     15      2     52     -7      3     52 
   -17     20    -19     30    -23     -5     19     21     50    -15     15    -33     -2     -9    -68     25 
   -10    -22     48      2    -19    -46    -12     22    -14     -6    -21    -22      8     10    -11    -28 
   -14     48    -15    -24     37     14     11     -6     15     45    -35      1     49    -24    -37     -2 
   -15     21    -14    -37     27      2    -31    -11     -7    -24      9    -70    -26     -3    -35    -48 
     8     16    -17     26      1      2     -7    -13      2     11      7    -27    -19     23    -45    -15 
    32    -39     -5     30      2    -22     21     -6    -13     55     23     11    -42    -23    -23      5 
    26     13     15     25     -4    -31     -7      0     31     11     23     49    -14      7    -21    -15 
    -1    -30     -8      4    -28    -57      3    -16      5     13    -52     -3      3    -19     88     41 
     3     -1    -12     28     15    -10     30     29    -32    -57      2      7      5     11     40     31 
    -6     12     -2    -14    -25    -18     -6    -17    -11    -46      6      7      2      8     23    -23 
     0     19    -14    -22     -7    -21     16     -5    -36    -19     -8     -9     -2      5    -24     19 
    43     -1     37     24    -77      0    -10     -1     11     21    -11     22      6    -67     -1    -34 
   -29     24     17    -53     -8     10     -2     13    -24     11     35     -8      1     58    -24    -22 
    38     15     18    -12     -9     10    -13     -7      7    -19     16     -8     -4     -9    -61    -24 
   -23    -38     20    -21    -54    -23     22     14     14    -23    -20    -56    -30     -5    -15      8 
    24     18     -3     22    -10    -10    -26    -21     -8    -12    -15    -29     16      9     22    -40 
    -2     23    -32     -3     -1     14     11      5    -25     39    -48    -33    -19    -49    -67    -47 
    40      5    -51     38      7     -9     25    -39    -31     -1    -45    -14      6    -48    -20     -5 
   -20     -6    -39      2     -7    -12      3    -20     -5     -2    -10    -12    -24     13      7    -25 
    32     34     -1     40      7      0     -7     18    -26     -8    -23    -29     -7     22     17     20 
    16      7     11     -8    -14     -8     24    -22      5    -21    -42     -7    -15     -7     42     14 
     3     24    -15    -61      9     -3     -7      6     -8      9    -35     17     -8    -56     18     44 
    47     -3     27     20     32     -6      0     16    -40     -5    -21     58    -15     10     27    -34 
    53     40     -9    -23      3      9    -53     19     15    -54     52     -8     63     21     27     44 
    -3     29     25     24      7    -56    -10    -31     -1      1    -84     31      8    -29     -8    -63 
   -46      6      1     21      1    -28     23     -8    -21    -48     12     10    -68    -27    -33    -51 
   -14    -36      7    -27     23     22     16    -26    -33      3     41     -8     21     40      8    -13 
     1    -41     42     35     -3     26    -51     -1    -26    -12      0    -17     18     14     36     12 
    35    -18    -33    -27    -19    -36    -31    -16    -58    -77     40    -32    -60     13     10      2 
    19    -25    -29     -3    -31     43     28     50     78      9     46     17    -35     17    -27     -1 
   -47    -51    -20     -2      8    -12     20     22      6    -26     -7    -11    -50    -27     14      5 
    -1     80    -36    -10    -43    -39     70     23     -4     37    -56      2    -43     94    -11    -57 
    45    -34    -20    -16    -40    -72    -16    -17    -28     28     -1     26    -47    -20    -33     45 
    46    -10      1      8     -4     -7     49     43    -20     11      3    -20     -1    -22    -16    -21 
   -18     10    -24     10    -15    -70    -23      7    -48    -25    -37     14     40    -46     29     12 
   -21    -12     -4      7     57     14      1      9    -20    -48    -35     29     22    -11      6     -3 
   -32     21     -9    -26    -27   -108    -66    -45    -49     10     21      9     28      3     -3     11 
    51     13     14    -25    -57     30     20    -14    -14    -12    -37     15     16     53     14     12 
    40    -45      8     46      9     -2     32    -39    -28    -25     20    -15     -3     22     -3      7 
    49     11     15     48     12      2     27     15     29     79     55     68    -18    -21     -7    -38 
    50     31    -10    -24    -16    -95    -28     -4     10     -9      7     -8     -5    -18     10    -30 
   -23    -16    -24    -28     12     20    -67     -9    -39      9     39     17      4      3     -6     48 
    18     -1      3      4     26    -30    -29     -7    -30     32     54     12     16     11     40      4 
    87    -11    -19     16     16     10     52    -24     -7     -9      6    -27     -4     13    -41      8 
    43      7     25     66     34     13      8     26      1     14     21     17      0      3     28    -34 
   -44    -20     -5     18    -18    -30    -51    -13    -51    -13     12     50      0    -25    -29     16 
   -14    -29     -9    -14    -70    -50      3     14     29     37     25     39     42     15    -43    -13 
     3     18     43     35     -5     23     19    -12    -29    -26    -28    -28    -46     -6     43     -4 
    14      2     -5    -20     13    -34    -10    -24      9    -62    -10    -88    -41    -13    -14     43 
    71      4    -68    -31    -58    -91    -53      8    -16    -11     49     16    -12     58     54      4 
    27     -8    -65    -36    -55     22    -45     -5    -13     -4    -19      1     14     41     41     12 
    19     17     10     21     -5     41     12    -19     43     48    -32    -17     24     11    -36     71 
    23     56    -48    -45     37      3     20    -25     11    133   -110    -54     52    -44    -39     61 
   -51    -63    -59     37     18      5     22     -2     14      5    -11    -38      9    -28    -51      5 
    56     -6      2     29     23     45     53     -3     -3      8     -1    -18    -78    -14    -49    -43 
    -4     36     12     25    -26      8     14    -24    -20    -11    -21    -21     -8     19    -12      5 
   -26    -20     16    -37    -13     -6     10      2     14     34     54      7      6    -25     14      9 
   -23    -42    -89     -8    -10    -17      9     25     10    -53    -35    -14      7      2     -2     33 
    22     10      3    -25    -52     26     24    -41     18    -19     22     -7    -38     64     -4    -11 
    -1    -86     -8     11     -8    -12    -69    -48    -42    -71    -26    -62     -4     14     24     -7 
    16    -39     16     15     41     -4    -11    -11      7     -1    -19     31     20     12     19    -15 
   -10    -23      6     19    -23     43     20      1     12    -18     -8     11    -14    -17     13    -46 
    17   -124    -40     70     10    -63    -25     23    -33    -98    -13     73    -87   -105    -28     29 
   -13     23     -2     10    -39      4     12     -7    -22     17     -6     -2     19     14      9    -31 
    -5    -17    -36    -27     43    -91    -54      3      0     -9    -38    -33     66     18     -5      4 
   -26    -29     -3    -40    -50     60    -62      1     32     24    -17     -9     76     45    -10    -82 
     4     87    -20    -85    -44     80      2    -46    -41    -15    -92     -8     26     45    -29    -85 
    78   -100    -89     71     28    -56    -20    101      6    -43     14     34    -42   -102     -2    -37 
  -129      0     54    -86    -23     44    -25    -58    -27     53      6    -48     27     59     -8    -14 
    27    -17    -41    -50    -24    -67    -38      9     22     39    -18     22    -10     -8     45     58 
    96    -46    -94    -83     -4    -19    -66   -106    -90    -34      7     -5    -32    -10     39     -8 
   -25    -58    -12     25    -19    -33     32     21    -19     -2     52     -2    -71    -27     16    -46 
   -50    -15    -31     69    -29    -23     51    103    -18    -37    -28    -67    -33      0    -53     10 
   -33    -48      6     31     53    -22     25    -14     18     18   -110     -3     -1     -6     21     -6 
   -61     39      6     -4    -52      4    -59    -11     62    -26    -33     43    -25     43     -4    -18 
    -1     74    -16    -41     30     36    -24    -51    -17      1    -40    -52    -48    -48      8     -8 
   -39      6    -23    -31     78     -3      3     31     61     43     61     22    -13    -22    -13     56 
   -45    -37    -41     38     24    -31    -24      0    -36     28     37     37    112     47    -40      2 
    -4     13      2      0      3     23    -28     39     -2     32     -4     32     63    -56     31     22 
    34     48     -9     80      6    -18      0    -29     22     54    -70    -15     20     -9    -23     14 
   -71    -24     17    -54    -66    -71     27     38     15     -1    -56     14     -2    -61     -5    -10 
    54    -61     36     30     48    -38    -62    -13    -54    -12     -7     -2     34     32     71     10 
     5     15     75     40     66     53      4     20      5     41    -34    -15     30    -18      3     60 
     6     46      6      0     36    -24    -67    -19     82    -19    -77    -25     46    -27    -34      8 
   -21     14      3     29    -23    -23     -4    -22      9      6     31     22     -9     -5      5     28 
    -8    -55     15    -51    -12    -28      2    -19     14    -30   -118    -54    116    -18    -74    -90 
    27     35    -31     23     65   -108    -13      0    -81    -36    -76      8     15     21    -11    -75 
   -44    -45    -49     10    -28      2      8    -20    -32     84     50    -39    -35     64   -109     73 
     7   -136    -22     15    -39     13      3     29    -23     13    -20    -51    -66    -34    -84    -62 
    81     52     85      3     -7    -17     21    -37   -109    -59     33    -17    -28     -1     35      2 
   -14     21      3    -16    -38     38     13     -6     11     42     57    -97    -26     48     12     -3 
   -22     17    -45    -33     27    -40     43     13    -30    -22     21     28     -4    -56     22     31 
    57    -16    -32     24    -17    -46     16    -67    -27     15     45     49     10    -71    -23    -66 
     5     36     24    -29    -34     71      5    -51    -17     97    -58    -48     21     52    -44    -60 
    59    -51    -40     55    -12    -72     43     39      4    -17    -22    -22    -10      4    -14    -30 
    17     65     28     13    -40   -126    -49     -5     -7     -5     18     26    -51      7    -14    -76 
   -41     25    -33     -2    -23     13    -13    -64    -41     30     98    -15    -47     -9     20    -43 
    20     55    -34    -42      7      3    -47     90     11    -15    -11     60     12    -47     -1     64 
   -11    -70     -6    -36    -72    -33     21     17    -11     65      3    -63     -4    -51    -67    -48 
   -29    -19    -38    -14     -3     -3     14      3      2     20    -65    -26    -15     16    -12     -7 
    30     -2     42     32    -50      9     33     17     -4      7     51    -23    -18     -2    -47    -18 
   -16    -25    -14      1     15     -7     21    -31    -36    -62    -40    -23    -70      1     55      3 
    61     28    -19    -26    -38      6     37    -12    -11     -2     23    -26     -4    -33      9      3 
   -11    -32    -41     -6      2     30     23     14     51      6     29     13      5     20      2    -17 
    12    -30    -20     45     65     53    -31    -35      8    -84    -86    -65    -43     -3     39    -26 
   -10     13      3      4    -19     40     19    -10    -31    -45      1     52     47      3    -12     46 
    55     32     -1    -33     -8    -63    -51     27     73     43     15      7     41    -10     20     -7 
    71     75     62     -6     16      1     39     27     68    -24      5     14     -1     38     32     17 
   -34    -19    -28     41     30    -34     22     13    -11     14    -16    -21     -1    -13      5    -15 
     7     -3    -72    -30     26    -21    -50     18      1     -4     -8    -33     21    -21     24     14 
   -35    -11     21    -17    -32    -17      3    -27     44     -6     -8     11      3     -2    -10    -32 
   -20    -44    -36     -7     19    -12    -15     13     12     -7     -4      2      9     30      0      6 
     3     11     24     50     11    -28    -28     42     27      7     27      3      8    -38    -33    -21 
    -5    -30    -32     42     34     51    -31    -32    -12     12      4     -1      4    -10    -22     17 
    37    -17    -41    -66    -57    -15     19     20     14     23      7      5     63     13    -69    -76 
   -60     32     33     33     33     64     53    -19      7    -15    -13     -9    -11     40     -1     -4 
    25      6    -12     59      9    -33     37     39     10     35     -2     10     26     53     31    -30 
   -24     -9     -1     37     22     12    -30    -41    -10    -49    -19    -41    -20     38     -2     18 
   -26     19    -23    -33     -9    -20     32      4      3     20      2     44    -15     11     85     40 
     6    -22    -11      2     -3    -18    -46     19    -22     -2    -19    -14     -8     23     -6     59 
    20    -24      3     16     17    -50    -11     13    -69    -96    -19    -15      1    -13     48     68 
    45    -82     -4     40    -69     -3     21    -18    -85    -35     18      8    -17      0     -8      2 
   -21     19     19    -44      6    -56    -26      0    -19     18    -23     15    -29     -5     15      4 
    14      7    -18     -7    -17     26    -33      3     -8      7    -19    -23     16    -26     23     69 
   -35     -4    -23      0    -34    -44     31    -27     -3     15    -34    -36    -14    -56    -69    -57 
   -29     -6      7    -37    -29    -22     19      9    -24    -12      6     15     26    -13     15    -11 
   -25     -6     36     14    -28     -5    -10    -29    -27      8     31     34    -88   -102     69    -18 
   -72     71     24     -4    -70    -83    -51     14    -18      1    -10    -35    -30      4     14     24 
   -14    -36    -21     -6      1    -23      3    -67    -13     23     -8     -8     31     46     15     -2 
   -32     -7      4    -12    -26    -46     20    -57     65     82     31     20     54     38    -40    -86 
   -12   -117    -67     17    -33    -14      2     18     12     40     48    150     31      5    -25    -48 
   -22   -111    -62     32     15     25     -8    -11     13    -10    -22     13     12     25    -11     21 
     2     19     29     62     13     -5     32     15     -1     25     23     -3    -50     -4     34     94 
    24    -36      8     -5     13     28     52      8     35     82      5    -17     25      2    -32    -24 
   -41    -40    -49     32     32     18     62      5     11    -59    -38    -22    -23     22     70     32 
    -6     -6     52     36    -26     43     20    -26     -5      9     -7     -2     28    -13    -45     -7 
   -28      6      4     24     51    -30    -44     -9      9    -21      9    -27    -59     24     69     15 
   -13     32     11    -53    -10    -26     -4     24     36     11     18     49     34      3    -24    -41 
   -64    -58    -15     23    -17     -6    -14     -5    -17    -47     25     16    -21    -31     19     23 
   -36     -9     -2     38      0     57     24     -3     17     45     11    -49     -6     49     -1     47 
   -26     13     35    -23    -52    -31    -48   -107    -98     22    -18    -22     88    -59    -34     31 
     1    -13    -30     11      3      1    -13     17    122     16    -26     62     10    -33      3    -12 
   -39      7    -30     -2     55     15     18     21    -44    -16     59     -2    -15     17     24      7 
   -24    -24    -61     -6    -16    -18    -24     16    -30     43    -22     19     62      1      0    -34 
   -36     22     42     55     27     91     45     -8     63      8     -8    -19    -43    -10    -10    -43 
    36    -11     -4     18    -49     16      4     -4    -15      4      2     24     22    -30     -1     33 
     2     -8    -22      6     11     -8     41     47     18     40     20     23    -11     -3    -17    -72 
   -48    -10    -62    -53     -6    -13      5     36     10    -19    -16    -62      0     -6    -23     11 
    41     16      1     11     42     14      9      7     47    -45     69     -2    -16     37     47     45 
     4    -37     -3     -8    -31    -36    -22    -42    -42    -10    -16     10    -13     27    -18     53 
    68     14      5     16      2     16    -15    -15     53     32      9     12     14     14    -17    -26 
   -37     -5    -11      1    -27    -48    -39     10    -47     13     -4     -6     18    -20     22     -4 
    -9      6     27    -65    -37     -3    -15     -3     19     -9     34     13    -31     30     30    -38 
     6      8    -36    -50     16    -69    -97    -21    -29    -34    -13     -7    -11    -33     38    -14 
   -32     33    -12     -3     65     29    -10    -84    -31    -90    -33    -28    -13      6     15      8 
    35     26     25    -19     -1     37    -28    -29      0    -43    -23    -10     18      3    -27     63 
    21     -9    -11    -33     36    -34    -84    -35      5     42     22     14      9    -12      3     39 
    14     -2     22      2     25    -24      0     25      2     57    -51     71     92   -102      2     69 
   -43      1     27     23    -24     31      6    -18      4    -10    -42     13     26      0    -18     28 
    -4      5     24     -8     21     39     25     56      3     76     41     10      2     -3    -32    -54 
    -1    -29    -44     -5     26      7    -16    -43    -50    -20    -27    -27    -13    -31    -43    -19 
     8    -37    -23     18     25     24    -67    -18     39    -89    -99    -88    -86    -44    -76     21 
    12    -28     42     21     65     78      6     86     70     35     27     31     50     -3      1     35 
    26    -10     -4    -23     23    -21    -25     -8     23     -2     -6      9     -3     -4    -36    -12 
    -8    -39    -23     -2      1     -6     19     83     50    -74     19     13    -33     -1      3    -33 
    42    -14    -34     16    -14    -11     31    -19     -8     37     -1    -38    -37    -96     20     40 
   -45     19     23     -3    -14     28     29    -61    -73    -10    -63    -74      7    -11    -29     -1 
    10     14     35      3      6     29      8    -14     52    -20     27     56    -46    -45     18    -11 
   -33      0      0    -22     10     97     -4    -81     52    -34    -89     33    -42    -77    -35    -18 
   -36    -23    -17    -48    -22     54    -28    -67      5     -3    -62    -48     -9    -27     -8    -36 
    71      4      8      0    -25    -24     16      3     19    -85    -20    -36    -41     15      5     10 
    50      5     36     12    -30      3    -31    -18     -2    -46    -34    -94     29     29    -92      8 
    70    -21    -15     37     31    -31    -19    -17    -41      4    -48     18      0    -33    -49     -4 
    -3    -32     18      4     28     53    -53    -46     24    -84    -27     64    -21    -28     15    -71 
    31     41    -20     33     31     24     53     31     -4     23      1    -13    -24    -58     11     17 
   -31    -24    -92     61     -1     -8     68     11    -23     12     32     74     30     25     29    -33 
    -7      6    -22    -35    -67     45      2    -61      7    -15    -18     21    -26     -6    -58    -86 
   -44    -21    -52     -2    -30     49     55     -3     60     13     15      8      3     28     35    -57 
   -22     22   -100     18      1    -47    -16     80    -41    -91     21     13    -13     31     44     14 
   -44      8    -27      8     37      5    -29     -8     15     18     34      1     38     55    -32    -24 
    -2     -7    -26     75     12      7     95     42    -39    -10    -43    -11    -32     12     19   -122 
   -32     55      2    -16     26    -45     51     50     -9     45     34     11     11    -44    -67      9 
    21    -45    -58     55     10    -28    -34     -7     -7     -3     25     37    -15     15     10    -27 
     5     18     15    -32      4     25    -28     -4      9    -80     10    -29    -51     27     30     -8 
    13     55    -44     -4     10   -102    -10     45      6     52     30     -1     -2     44     22      4 
    31     18    -23     -1     24      8    -33     14     44   -104    -86    -22    -30    -34     17     42 
    64     -6     32      8     -1     13     14     19     10    -31     -8     12    -42    -21    -85      8 
    41     -4     13     19    -86    -36     39    -39     10     -3    -31    -48      1     17     -2    -67 
    35   -122     25     41    -56      2     44    -33     -7     90     -4     40     56     -3      7    122 
   -11    -34     -3    -13     28    -17     12     46    -21      8     28     50     94     30     30    -47 
   -17    -11    -41      6    -27     73     24    -21      7    -31    -15    -43      9    -40     25      2 
   -25     32    -32      5     -9    -25    -42    -52    -37    -12      8     15    -57     -8    -11    -23 
    10     28     50     14     45     66    -19     38    -30     14     54     -7     23     15     -8    -11 
     6     42     19    -18     18     23     32    -36    -19     31    -93     -5     52   -100    -23     47 
    -8     18     36     29     16    -78      4    -52    -39      9    -23      7     21    -12     -5    -31 
    15     29     58     15     18    -66    -45     60    -12     58     49    -10    -32     12    -36    -75 
    -8      9    -54     24      0     17     19     -4     17    -47    -37    -35    -65    -60    -39    -35 
     7     21     36      6    -12     53    -12    -30     -8     -4    -25    -57      5    -10    -37     40 
    -5    -34     44    -66    -19     41    -68     40     18     11     29      4      9     57    -35    -15 
    18    -27    -18     26    -28    -16      9    -36      8     31    -36     46     66    -35     49     32 
   -51     28     36    -50     30     20    -20    -30     16    -16     26     10     15     18     39     15 
    79    -10    -33     26    -30    -13     13    -24    -51      5     29    -11     47     19     48     74 
    42      0     19    -29     32     19    -35     10    -16    -49     20    -39    -20     40     -3    -19 
    40     35    -72    -37   -126     11     -9    -78      9     47   -131    -68    -30    -27    -73      5 
   -12    -16    -36     33      5    -13     26     63    -15     21     79    -40      9      6     49     15 
   -26    -32     -1     31    -51     -9     53      1      1    -28     10    -36    -60      7    -19    -41 
     4      1     25     -9    -22     -2     -8    -31    -24     -2     -4    -15     -3     16      1    -21 
   -19     -5     -2     17     -9    -13     -6      2     -7     17     12      8    -12    -22     16     -4 
   -20     28     -1    -18    -11     55     31    -33     17    -35    -17     -7     -7    -16     -7    -23 
   -17     -1    -15     25     37     17     90     18    -79     85      5   -105     31    -14    -70      5 
    17     14    -18    -12     -8     -5      9     20    -30    -23      2     11    -22     12    -16    -24 
    19     34    -19    -42     22      1    -39     29     13    -25    -45     13      1    -61     16     29 
     2     41    -42      4    -37    -17     26     12     29     21     14      0    -42      6    -24    -26 
    23     14     29     12     15    -84    -20    -23    -43      4      6    -32     -4    -38    -34    -26 
    -7      1     14     11     24     19     16     20     -7    -20      2     19     -4      3     39     -1 
    21      3    -18      5     -8     -6      6    -13     -1    -31     -8     12    -31    -12     -3    -23 
    21    -20      4    -14    -15      6    -27     -2    -11    -10     17      7     26      9     23     -9 
     5     14    -14     -7    -37      8      8    -21      4    -10      1     11    -16     30     19      5 
    15     15      6     -4     10      9     63     -4    -26     45    -23    -12     30     19     16      1 
    11      8     16     -3      7     37     25     -7    -61    -22    -25     -1    -15     18      3     17 
     1      4     31      0     -8     15    -40    -11    -13     -7    -13     20      8      5     35      8 
     3     12    -32    -63     24     28    -66     28     17    -63      9    -10    -38     10     17    -48 
    19     14    -36     40    -12      7    -13      4      4     14      9      0     28     -2      0      9 
     8     -2     15     10    -13    -15      5      1    -21      0      9     -7     11      6    -20     -3 
    29      9    -19     11      6      0     -9    -25      8      0     31      6      8     -6     10    -18 
   -20     12    -19     17      1     18      1    -13      6     -9     -4     -4      1     28     -6    -12 
     2     13      7      4     16      8     -5     25     -8     18     16    -12     -4     43     28     11 
    34      4      9      9      1    -20     15     31    -13     16     -3     -5      4    -17    -31     -2 
     0      0      2     24     38      3      8     23    -30    -17     13      0      1     27     -5     11 
    21     -5     16      1    -10    -11      7     15     -2      7     47    -13    -32     56    -21     -1 
    16    -32    -38    -57    -12      8      0     -2    -20     -8    -16    -29     -9    -40     97     14 
   -32    115      1    -33    119     33     18     -8      0     10     -9     25     14     -4    -35    -15 
   -10    -35     46     -3    -12    -10     16    -33      5     43    -63    -14     -7    -64    -27      3 
    29     -6      4     23    -23     20     32    -11     33     -1     27     13     18     39     18    -15 
     5     27     18     20     23     -2      2    -15    -16     -3     15     34     20      0     24    -10 
   -14    -10    -14     -7     14     -8      1    -10    -23     -4      6     10     -1     -1     19     10 
    -6     21     16    -11     -2      9     26      3    -18     27      8     10     27     33     25     10 
    18     -6     15     10      9     -1     -1     13     22      5     -4     26      1     -8    -29     15 
   -12     21      5    -21      1     11      0      5     -9     -2      5     -8     -1     34     18      6 
    15     17    -17     33    -11    -47     20    -27    -14     13    -32    -15    -65    -38    -23    -64 
   -37    -45     18     20     22     23      0     -1    -19      5    -20    -10     -5     -2    -14     -6 
    12     -7    -18      1     -3    -18      8    -20     25     16      0     23     -9     -2     11    -12 
    -1    -30    -15     27     31     70     57     66     48     21      1    -64    -64     -3     17    -34 
    37     34     23      8      3     24     21     24    -11     23     23     21     54     28    -49    -18 
   -40    -23     24     -5     23    -44    -24     30     14     -1     -1     46     -8     29     19     21 
    46     34     12      4    -32     -9    -25     15     70    -25      7     62    -23    -20    -25    -75 
   -71    -80    -60    -45    -39     52     41     63    -16    -37     -7      1    -19    -15     -8      6 
     0      6     34     19    -55    -40      8    -10      9    -14    -35    -31    -18     95     23      5 
    25    -40    -25    -31    -10      9    -41    -46      1     58     88     91     64      7    -71     49 
    15    -62    -27    -21      6    -15    -14     16     15     14     -8     47     40    -41     15     91 
    21     18    -76    -15     25     44     58     26     29     46      8     22     43     14     40     15 
   -26    -29    -35     15     55     24     -7     -9    -18    -14      0    -20    -17    -12    -29     21 
    23    -28     17     13     62    -81    -10     10    -48      6     23     24     43     13      7    -50 
   -18    -20    -17    -17     17      6     21      9      3     38     37    -29     -7    -21     24     85 
     9    -16     22     13     30    -19     28     28     49     -1    -20     31     17     65     59    -32 
   -27    -12     43     -1      5     11    -20     -3      4    -16    -28     26    -54    -33      8    -35 
   -17    -36    -39    -16      1     50      1    -13    -33    -59    -30     -3    -61     21     24     14 
   -44     -1     15    -21      0    -19     -5     35     10    -36     46     31    -11     -7     27    -72 
   -76    -13     11     52    -15     21     39     18      8      7     -7    -47    -52    -46    -16      1 
    -4     21      6     17      6      1     28     51     66      6     32    -49    -36      9    -37    -34 
   -40    -22      6    -89    -45    -25     29     40     49     16    -21     -9     13     11    -29     -3 
     0    -15     24     20    -16     20    -52    -61     21     10     19    -30    -60    -12    -10     -6 
     8    -28    -19     -7     33     32     -3     -8     20     22      3     37     38     13     26     26 
     7     20     -3     -4     49     15    -21      1    -33     -4      5     15    -35     23     15    -13 
    44     -1    -43     -4     50     -1    -34      6    -28     -3    -33    -14     49     24    -26     66 
     6    -74    -52     -3     22     -5    -52     64     58     28     -4     29     50    -27     31     13 
   -38    -39    -46    -22    -51     -7    -27    -32    -27     30     30     -5     26     15     22     -6 
   -69    -59     -9    -28    -15     13     50     58     -2    114     42      1     -7      4     -2     18 
   -28     16      8    -62      1    -62    -20    -39    -99   -116    105     41     17     73     35    -38 
    16     34    -14     28    -16    -30    -25    -20     27     20     42     15     43     40     31     -6 
   -18    -31     19     32     30     -4     11     38    -10     -7     -3      1    -13     -7     14      2 
   -28     -5    -35    -21    -16     26     25     29     32      4     22      9      6    -29    -15    -35 
   -33     -8     39     38     88     62     -8     68     62     73     23     10    -64    -28    -39    -15 
    25     -1    -18     -5      7    -16    -16      1     14     31     80    -60   -110     47    -19    -46 
   -58    -43    -19     13     11     31      7     15     -4    -26     -2    -51    -38    -19    -42    -53 
    10    130     63     50     38     19      4    -44    -31     -5      6     18    -19     22    -19     22 
    21    -46     -4      8    -46     18     -2      9      7     -2     21     -7    -13     29    -15    -31 
   -58    -34    -63    -38    -89    -56    -43      1    -24     10    -18     -8    -25     -6     31      0 
   -35   -117    -32     30    -18      8     -3    -31    -34    -47     14     33    -57     -2    -12    -31 
    38    -20      1     39     -5     -6     34     29    -24    -16      3    -12    -33    -10     -2    -17 
    26    -10    -19      6     14     -4     -3    -18      7      6    -49    -19    -11    -37     -2    -24 
   -17     11    -13    -19    -32    -17    -30    -52    -31     -9     13     22      2      2     19      1 
     9      3     -8    -30      2     43      4      9     42     43    -27    -31    -18     21     -8    -72 
   -11     62     44     47    -42    -31    -18     14     68     14    -59    -15     -9     99    -12    -84 
    39    -10      1    -17    -43      0    -22    -39    -43     16     43      8    -38    -22     12     69 
    32     -9     26     -7      8    -15     -8     29    -19    -15    -16      7     13     19    -30     -6 
    -2    -13     18    -10    -30     -5    -10     12    -85    -14     14    -22     13    -39    -19    -23 
    13     17     19    -12     20      0    -36    -20    -27      4    -20     31     -1    -15    -23     52 
    77    -55     28     59     -3    -48    -22     18      0     -1    -18      9     -3    -10    -30     -4 
    22    -38      4     45    -50     -1     33     -6    -12    -13     26    -30    -10     39    -34    -29 
    15     19     19    -27     18     47    -25     -8     -3     12     18     39     -8      3     19    -10 
    26     -5     30     19    -42     -9      8    -10    -40     23     60     47     -1    -32      5    -50 
   -13     29    -78    -23      8      0    -22    -20    -27     32     -2      0     -5      7    -15    -12 
    30     58     -4    -33      1    -19     -1      4    -37    -28      9    -60     44     21    -15      1 
    37     11     41     57     15      9    -25      4      4     19    -25      1     87     14     22     10 
     2    -13     10     17      1     16     16     -9    -11     -8    -25      2    -35     19     10     29 
    28    -41    -17    -16     -8     -3    -12     29     19      2     49     47    -16    -54    -63      1 
    47     23     22      6    -12    -15      2     -6    -40    -20     14     17      8    -25    -39     -8 
    24    -11    -31     -1    -16     29     24      0    -24      0     11    -34    -13      7    -59     13 
    -5     31     13    -13    -27    -16     16     33     34    -25    -27    -11    -29    -14    -20    -11 
    40     28     21    -28    -36     11     13     18     17     17     -3     -9      3    -19     50     27 
     3     20    -18    -13     28      0    -53      0      9    -14     11      7     43      5     33    -30 
   -31      2     -2      1     16     -9    -14    -10     -6    -29    -72    -44     -1     43     15      7 
    -2    -25    -45      2      5      4    -66    -32     20      9     17     20     27     12    -22     -3 
    42     33     16    -16     12    -21    -14    -99    -45    -21    -84    -23     -8    -42     -3     -3 
    -1      1     20     -7    -11    -28     25      2    -29    -11      3    -24     -4     17     16    -58 
   -70    -31    -17    -25     14     16     65     33     11    -23    -28     25     21     21    -52    -17 
   -15     -9      5     -4     26    -13     -2    -47    -49    -22     23    -11     36    -11    -38      5 
    -3    -27      2      4     20     -9     23    -19    -23    -22     28     11    -25    -36    -40    -27 
     8     -4   -121     -6    -47    -37     26    -39     32     56     -1    -59    -38      0      5     30 
   -39     15    -10    -12    -12    -16    -34    -45     -6    -24     15     51    -20     -3    -22    -18 
   -13    -34    -14     22     18     14    -35    -14    -25    -56     20     -7    -52    -94     26     -2 
    -3      8     15     39      7    -20    -23     -7    -96     -9     14      1      0     36     17     -9 
    16     -2    -10     11     32      2     50     11     -6    -53    -22    -27     -4    -21    -33     46 
   -10      6      8    -10      1      1    -35    -47     -7     25      7    -34     21     30    -11     -8 
    -8    -30     11    -16    -20     15    -25    -21     -7    -14      5      7     31     16    -20    -22 
   -16     -2    -43    -42     -4    -30     16     27     16     10     30     20    -52     11      0    -18 
    44    -12    -11     48     12     20      0     10    -29     10     -7      5     -9     -2     29    -26 
   -30      8     -1      0     -8     34     25    -25     11    -41     14      7     -6     -8     11     -6 
    -1     -8    -27    -30     -4    -14    -14     39     -1     24    -15    -15    -13    -34     17     36 
   -40     22     34    -21    -17    -21    -20    -11    -15     -5    -25    -17     13    -22    -25     25 
   -16    -19     -6    -13      2     11    -33     -9     15     -4     22    -68    -44     18     -1      6 
   -10     20      9     20     -6    -34    -18    -34     83     -9      4     10    -32    -23     -5    -34 
   -24    -13    -26      8      5     -1    -67    -50    -82    -21    -19      1    -31    -13      3    -16 
   -17     -3      0     -7     25     19    -29      7    -45    -34    -34     27      2      1     29     -2 
   -10      4    -31      5    -21      7     -3      2     -6     -9    -27    -23      5    -24     40     19 
    21      3     -3      6      0    -14     16     35     34    -23     10     41    -20      0     16     -6 
     4    -10      7    -20      6      9    -12     18     23     12    -31     10     -4     -5      4     -3 
   -12     -3     23     29      6      2     28     39      8     10    -42    -32    -40    -29    -21    -15 
   -52    -35    -58     45    -26    -44     56    -23    -33     72      0    -13     34    -13     35     30 
   -11     12     55     80     30     -6     10     11      2     10      9      7    -68    -17     13     -7 
   -10     -4     -1    -27    -33     -8    -25      0    -23    -12      7    -20    -38     22     13      1 
     6    -35     -1    -15    -17     42     30      8      7     -5    -23     -3      3    -11     19      2 
   -22     22     16     -8    -27     38     -2      3     38      9     13      5    -18    -16     -5     -5 
    -8     -1     -5     -7      6     -6    -13     14     20      6     -2     24      5      4      9     -3 
     9     -9    -11      6      1    -23    -13     22     15    -15     -8      2    -76    -73    -55    -12 
    -2      0    -17     -2      3      2     -8     28      6    -37    -24      4    -17     -5     29     49 
    11    -34    -44     18     13      4     60    -13      5     26     12     37      1    -44    -10     -2 
   -52     -3     42     55    -31     22     49     42     57    -90    -76    -81    -14    -19     10    -21 
   -21     33     24     26     23     11     79      8     -9      7     -9     13    -10      4    -18     -4 
   -12    -25      6     35    -27     17     49    -12    -62   -109      0    -35    -74     83     29    -19 
   -40      7     -9      9     13    -32      9     -2    -63     14     20     17      4     -6     12     -1 
     1     -8     -3     38      3      0      1      7     12    -23      1      2    -19    -43     13      0 
   -11     18     11      6    -22    -55    -16     10    -44     11     87     87    113     16     25      4 
     4      0     -8     20     20     -1    -10     11      8     36      2    -13     42      9     10    -11 
   -11    -13     20     -3     16     -2     -4      0     36     -6     24    -29    -33     17      8     -4 
    61    -54    -33     18    -18     -4     -1     28     26     -6     -5    -55     -7    -11      6     -1 
    -6     48    -14    -21     28     32     -7     -2     17      7    -48    -35    -38     22    -11    -12 
    13    -22     -7     12     -4    -35      4     20    -10      9     30     21     54      7      6    -24 
    34      2    -35     20     35     43     51      2    -20     32     32    -12     14     11    -19    -25 
    27     -3     14     37    -10     13     23    -13    -12    -76    -82    -81    -78    -77    -89    -91 
   -43    -79    -10     -9      9    -35    -72    -12     -7    -22     68     25     55     27     42     41 
    56     21    -10     25     29     19    -25    -15      6    -54    -73    -18    -13    -51    -36    -11 
   -74    -64    -23     14     37     68      2     23    -55     26     42     13     34     -7     -8     22 
    20      3     -1     -2    -10    -31    -12    -47     20     34     19      2     11     -5    -10    -13 
   -35    -62      2    -50    -19     44     -8    -29     25    -22      5     -4    -19     25     -8    -34 
    -5    -55    -27    103    103    108    134    112     71     90     99    112     14     32    -44     61 
    47    -63     50     11      6     24     -8      7    -47    -46    -35    -45     11     -7    -43     30 
    -8     33     12      1    -55    -41      3     24     87     46     21     91    -13    -33     16    -27 
    46     44     23     32     34     -3    -40      0    -13    -24    -26     28    -41     -3      0      0 
    11     20    -19    -41    -57     24      0    -26    -10     20      2    -13    -23      1    -26     19 
    16      1     71     29    -53    -80    -55     16    -67    -21     35    -50    -60    -11     25     28 
    33     63    -13      8     50    -32    -73    -32    -11    -61    -13    -28    -33    -35    -40     16 
    46     46    -32     -3    -12    -13    -27     -3    -17     13     28      8     43     18     -9      9 
     8     24    -10    -17    -56     27      1    -66    -62      8     15    -46    -12      1     25    -14 
    42    124     30     42     51     67     27     44     53     32     54     36    -28    -15    -28     -1 
    56     -7     15     64     58    -15    -34    -24     -5    -38    -51    -28    -12      7     26     10 
    67      4    -30     45     51     28     47     -8    -37    -16    -38    -42    -36    -40    -27    -29 
   -66    -92    -42    -41    -12      9    -53    -54    -56     43    -58    -47     42    -31     23      9 
   -83    -17     19      5      8     31     65     77     -3    111     50      8     71      7     32     36 
    16      3      5      1    -21    -18     -6      9    -77     -3    -21   -105    -36    -10      6    -35 
   -13     56    -16     -6     -3     15     -4    -35    -46    -22     21    -18    -67     -7    -41      4 
    69      1     40     48     24      2     48     37    -66   -114    -59    -43   -105    -57    -64   -118 
   -82    -79    -79   -109    -26    -20    -90    -39    -53   -129     48     -1    -23     58     44     20 
     9     34      9      2     -4     48      9     24     48      0     17     28    -14    -12    -11     37 
    25    -12     29     41     42      6      2     23     10    -15     20    -13    -52    -27     59      7 
     8     50     62    -52     -8    -56   -111     32      4    -12    -29    -60    -71     63     28     37 
    18    -26    -17     18    -55     17     46     27     25    -13     26     28     22    -44     -7     22 
   -47     12     22     72     22     11     68     20    -42    -29     -4    -49      2    -11     27     64 
    51     28     67     21     22    -22     -4     43    -11     -1     52     24     30     18      0    -38 
    19     64    -16     -9     18      5    -21    -22      5    -50    -55    -30    -37    -37    -65      5 
   -45    -51     15    -54    -59    -16    -22    -56     54     69     68     -1     51     -9     58     64 
    -6     79     79    -34     86    111     13      7     29    -24     11     65     -6     31     62     32 
    24     68     56     -7    -24      8    -57    -44    -27     -3      0    -35      8    -12    -23    -12 
   -16      4    -22    -37      0    -23    -28     47     57    105    131     -3     32     11     20      2 
    24    -19    -23    -56    -10    -16    -29    -43    -17    -11      2     22     63     -6     10     32 
     8     36     12    -27      4     -3    -30    -33    -17     40     60     19     24     10     18     36 
    38     11    -55   -107    -24     15    -54     -7    -17    -73    -53    -14   -115    -72    -42   -114 
   -55    -39   -117    -49      5     -8      5     27     15    -20     19     55     26     42      7    -17 
    20    -33     -7     10    -34     10     73     25     31      1    -57    -24     13    -20    -17    -29 
   -16     -3     15     18     12     -1     29     -7     -4    -41    -15     24     34     12     25      8 
    21     23      2    -24     13     -4    -36     -5     -2    -17    -19     13     10     -4     27     32 
    -6      0     14     15     20     40      4    -46    -14     -4     -1    -11    -17     -5     -9    -13 
    40     -6      7    -16    -17    -73    -53      2    -25     21     -2     -9     29     40    -15     46 
    19    -20    -37    -16    -46      1     25     20     41     20      6     38     15     -7      0     29 
   -28    -61      4     20    -30      6     17    -13     16    -12     15    -43     -2     25     -1     30 
    58      1      9    -37      1     11    -10    -32     20      1      8    -24     30     27     23     -5 
     3    -24      4     24     20     10     -4      0     -3      0     38     -1    -18      6    -18    -19 
    -3     15     -2    -19      4    -15     36     25    -15    -19     26    -27     -8     17      0     -8 
   -60      0     13     -5     34     34    102     29     -5    -18    -54     22     15      0     13     -8 
    -3      6     29      8     43     -1    -46      5     18     -3    -12     39     23     13     22      2 
    19     -6     -7    -15     -2     31     14     10     20     23     -2    -21     28    -32    -16     42 
    33     30     -8     27    -11      7     79     19    -22      8    -27    -14      9      1    -21    -62 
   -40    -14     19     15    -44    -24    -14    -23      4     15     16      5     -1      6     38     12 
     4     31    -22     11     37      5     15     31      8    -35     17     -2    -24     33     39    -39 
     6      6      2     20    -37     30    -51    -45    -35    -66    -12    -43      9     -9     -7     10 
   -33     14    -18      0     -4    -19    -24     10     -8    -36     38     22      5     23     36     17 
     9      0      6      7    -20    -11    -34    -10     -8    -11    -18    -20     -4    -33    -37     46 
    16     23      6    -58      8      2     23     11     10    -31     10      0     26     29     21     15 
     2    -29   -145      1     13    -22     14     37    104     40     31      3    -24    -15    -42    -55 
     1    -30      9    -26     20     14      0     42    -16     26     42    -40    -20    -23      8      3 
    -8    -11    -25     -2      9      4     53     -9      8     -7    -18     13      1     24    -19    -21 
   -18    -33    -37     -1    -39    -11     17     -3    -19     39    -57    -69     -6    -65    -95    -22 
    20     -7    -12     18     -5    -34     13      7    -36     20     16    -31     24     51    -10     -7 
    20      7     -3     18    -19     22    -20    -36     22      7     -3     20    106     75     -8     78 
    16    -51     35     -4      8     -8    -23     -4     -5    -31    -13     14     15    -14    -29      1 
    -6     18     16    -27    -16    -15     31     27      7     19     13     36     10     47     47      5 
     9     49     29     12     24    -17     -7    -30     22      1     18    -21    -22    -20     27     44 
    -4    -87    -79    -18    -28     -3     -5     16     18      0     23     41     39     17     55     74 
     4     -8      8     20    -27    -63     -3      0    -40    -25     56    -32    -24     -1      7    -17 
     2      2    -25    -18     12    -12    -36     15    -44    -60     -7    -28     -8      7     -8    -30 
     0    -18    -15      2     35    -35     19     18     24     36     -7     13     -6     18      8     -2 
   -40    -15     22     -4     26    -34     -7     -3    -32     22     40     50      7    -36      0    -28 
   -47    -63     -2     33     28    -54     -7     83      1    117     76    -20      6     14    -13     37 
    -6     19     26    -27     -7    -25      0     -1    -96    -21     -3    -40      1     27     13    -48 
    41     31    -38    -12    -24      2     44    -45    -70     13    -44    -46     -2    -26     10    -38 
    27     42     15     53     11      3    -13    -40      6    -86    -28     13    -28    -26     -4    -47 
    -4     28    -39    -26     -2      6    -11    -13    -31    -14    -43     23    -17     36     62      9 
    -1     26     12     13     -7    -29     15     28      4      9    -26    -50     -5     -4     25     38 
    66     46      3     27     40    -29     -8    -69    -54    -36    -29     -2    -18    -29     -3    -39 
    15     39     14     41    -15     70     26    -14    -39     10     30    -27    -26     23      0    -28 
   -10    -43     30     18    -12      6      9    -13    -17    -36    -29      8    -24     -3    -17     -8 
   -19     11    -39    -88    -99    -42    -56    -21     13    -18    -19     39     46     -7     24     22 
    17    -38      7      6    -36     75    -19    -14    -76    -68    -32    -29    -14      0    -18     28 
    43     76     59     12     10     -7      9    -29    -60      9     39     16     22     50    -27     34 
     0    -25     22    -26    -11    -11    -44     -3     24     85     36     77    100     14     11     -8 
     5    -34    -76    -97    -11    -46   -120     16     -4    -68    -63    -35     43    -42    -31     64 
     0     -6     38    -22     17     -8     16     40     10     -3     23    -24    -23    -67    -95     23 
   -22    -21     43     16    -18    -47    -32    -29    -29     22     46     41     18      5      3     27 
    -7    -14     18     -7     13    -36    -43     36     27      1    -12    -33     17     39     39     47 
     7     16     53     25     -5     41     -2     10    -39    -16     17     31    -59     -2     30    -14 
    50     18    -10     15     29     -7    -23     21    -37     -7    -57     19    -25     22    -22     41 
    70      5     18     13      2     27    -63    -16      3    -73    -22    -48      1     21    -46    -26 
     8     -5      2     17     -9      2     10      4     -3     32    -39    -11    -24    -28    -57    -15 
    20     32    -10     -4     31    -13    -16     32     20    -31    -82     23    -32    -49    -22    -37 
   -16    -20    -45    -28     15     -8    -28     41      8    -42     45    -13     -5      5     71     55 
   -12     42    -30    -18     68    104     -5     43     28    -68    -48    -10     -2     44     18     30 
    34     15      6      0    -14     69    -51   -125     21    -28    -39    -38    -30     10     19     87 
    40     45     73    -24     25     -9    -18    -11    -54    -21    -14    -43    -35    -14    -33    -14 
   -38     -4    -11      9     48     41     37     25     15    -12     -4    -50     17     -2    -84      1 
   -16      0     11    -30    -89    -27   -101   -137    -46    -30    -22    -40     97     83    -40     15 
   -11     17    -42    -88    -27     22     59     -9    -24    -17     40    -49    -37      5      6     15 
     4     -6    -12     -5    -33    -29      1     17     -4     36     37     15     12     -9      2     -6 
    -9     29     34    -27     16     57    -35    -19    -12     22      5    -39     -3    -35     14     -5 
   -39    -48     30     24    -28     14    -16     22     50    -31     24    -14     63     27      0     20 
   -21      3     11     28     33     32    -15    -16     78      2    -16     33     -9    -22    -20    -13 
   -17    -33      2     12    -13    -30    -85   -127     39    -34    -54      5    -36    -39    -42      2 
    91    -28    -37     -2     12    -21    -28      0     22     83     -2     32     52    -11     46     19 
   -35     21     -7      5     24    -13     -8     -8     16     38    -51    -14     21    -33    -25     -3 
    16    -25     17     22     31     -4     27      6     23     30     -2      6    -23     12     15     34 
    23      0      7     26     17     44     51     51      9    -12     63     46     -7    -10    -44    -18 
     0    -26     19    -11    -31     10     -8      2    -31     28     43    -15     31     43     19      6 
    14     19     18     -4     -8      2      6     19      0      5      6      2     57     41    -10     21 
    40     46     47    -23     51     59     -8     41     25    -59    -29    -11     54    -40    -41     -5 
   -30    -33     -6      8     20     10      2    -30    -28      5     12    -22    -17    -48    -22    -22 
   -36    -38    -13    -10    -12     16    -15    -12    -15    -17      3     24      1    -28     29     66 
   -41     20      9    -51    -23     13     13      9    -29    -38    -49     11    -11      8    -13     45 
    36    -17      8     22    -28    -57     38     12    -30     16    -33     -8     35      9    -19     17 
   -37    -50    -17     -8      8    -24      5     28    -16    -27    -15    -53    -36     -4    -13     15 
     0     23     51     20    -55    -89    -32    -11    -63     -1    -11    -41     -7    -10    -17    -21 
     9     38    -11     12     21     23     11     45    -12    -24     32    -28    -31      4    -18    -12 
   -55    -38      6    -30    -19    -19    -25    -31    -61    -97    -34      1    -61    -21    -26    -40 
    -1    -24     31    -19      2     48    -41     13     58     36     -1    -17    -25     12    -12    -45 
    -2    -12    -72    -31      0     21    -20     32     27    -24     26      0    -35    -37    -25      6 
   -11     -8      8    -26    -21     20     27     34      2     -7     -7     14     11    -58      9    -15 
    21      9     13     24     -5    -12     -4     12     29     67     22      8     54     -2      0     -5 
    37     26    -16     27     -6    -82     -5     52     16    -10     18     45    -14     12     11    -40 
    25    -47     -6     56     24     35     54     -9      9     23     31      6     14     34     -1     35 
    16     13    -18     -2     -2    -28     11    -12     23     29      9     19     35     -8      9      9 
    22     26    -23     13      7    -32    -23      0     17     17     22      1     -2      7    -14     -4 
   -43    -24    -32    -69    -28    -26     -6    -54     18     -4     16     41      0     -6     14      4 
   -29     -9     32     58    -52     10      9    -28     31     12     31     21     -8     41     16    -31 
   -51     22     -3    -69    -30    -43     13     29    -45     -7     -8    -22    -74    -32      6    -48 
   -20     -3    -42     38      7    -27    -23    -43      2     18      6     16      2     -2    -44    -96 
   -92    -34    -24    -25    -48    -49    -14     75    -10    -58     54    -19    -46     38    -29    -26 
    33      1     -5     39      5     -9      7     -8    -13    -22    -46    -30    -12    -15    -34    -12 
   -34    -21    -41    -13    -47    -30    -17    -28     -5    -43     -5     56     20      0     15     -9 
   -12     24    -31    -13      2    -11    -15     23     11    -28     45     54     41    -20     -2     -6 
     4     -8    -11     36     -4    -10    -13    -22    -36     -3     -2      5      4    -17     -8     46 
    17     58     16     -8      0      8      6    -11    -27    -10    -38      0     -1     26    -14    -25 
   -11     60     44     43     22     10    -22     33     24     -7     -6     37     29    -24     33    -16 
    -4     31     16     -1     18      5    -25    -14     -8      3     16      4     16    -73    -34      6 
   -69    -53     36    -39    -31     36     23     45     59     24     29     30     34      2     15    -25 
    14      6    -22     -7     31     51    -22    -28      7     -2    -29     30     -3    -17      5     48 
    15     27     36     -4    -28     -9     14     33     44     24     75    -22      6     10     17    -44 
   -53     15     -5    -27      6     -7     17     12     12    -34    -67     55     19     31     26    -23 
     7     37    -35     36     20    -18     23     65    -27    -98    -13     43    -21    -13    -27    -21 
    27     -6     39     -1    -27     27     29     69     32    -10      0     27    -14    -50      7    -10 
    20     14    -51    -83    -29    -24    -51    -41    -37    -68      7      1    -36    -19      3     33 
   -26    -51     13    -33     17      7      2     26    -16     31     77     -9    -13   -114     -2     15 
   -24     36    -43     16     62    -26    -19    -18    -26     -5    -31      3      8    -14     21    -14 
    21     18     13     46     17     27      7    -15    -48    -11      7    -83     15     69    -12     62 
    20    -40    -44      7     -5   -117    -14     -3     33    -54    -28    -24    -34    -41    -41     -6 
    22     52     -2     -2      6    -39     -4      5     19     45     24    -35     22     12    -11    -47 
   -59     16     -3     17    -64     48    -19    -76    -20    -14     34    -33    -21     31     -2     60 
    84     -3    -23    -47     37      6      0    -50    -18     39    -79     -1      8    -23     13     45 
   -10     28     15    -18      3     -7    -64     43     -5      0    -36    -63     53     23     36     36 
     8    -27     14     45     34    -28     11     17     -9    -68    -34    -36    -36     14     44     36 
    15    -31     53     61     -7     27     -5      4      4     40    -10     -2    -17      9     33    -15 
    11     -7    -17     35     26      8    -42      1    -11     -5     27      9     84      8    -26     76 
    -8    -24    -67    -72    -18     -4     35      5      5     -1     25      0     -8      4    -17    -18 
   -13    -44    -18     -6     44     44     60     22    -67    -50     18     15     10    -60    -31    -83 
   -27     41     64    -57     34     16    -19    -43    -47    -37      5     -4    -41     -2    -15     18 
   -40    -28    -15     47     37    -26    -18     27     -4    -26     -6     12     16     17     22     -1 
    29     29    -10    -29     23    -10     -7     25    -26    -27     16      1    -31     46     93      1 
     2     -6    -33     31    -13     47    -23     -4    -43    -20     -6    -36    -27    -22    -24    -13 
   -10     10     79     33     55     40    -16    -15    -28     28    -27     35     22      8     62    -27 
    63    -25     74     34     -9    -18    -34     -4    -43    -53    -67     46     -2    -69     21     96 
    26    -11    -19     20    -37     75    -54    -70     38    -73      1    -39    -21      3     41    -44 
    21     68     36     -7    -80    -20     26    -17     -7     20    -40      6     45     27     14     -8 
    -1    -22      2     21     42     31    -23     10    -46    -22      8    -60     25     -4    -70     -5 
    -3     48     15    -28     -8    -29     24    -14      4     25     32     -2    -15    -13    -45    -16 
     0    -28     -3     46     11     -3    -18    -71     -2     14    -25    -44     31     -6     -2    -10 
   -33     26      6    -10    -20    -36     -6     -4     -6     40     16     32     13     15     50    -25 
    -7     -2    -15     14    -25     13    -10    -26    -22     47    -22     12      4    -30     13    -34 
    55    -15      3     38    -35    -16     34    -21    -11    -43      1     68     63     23   -136   -156 
   -48    -27     59    -33    -63    -15    -36    -26     22     33     -9     45     20    -10     -4    -12 
   -44   -124    -44    -39      6     85      3     -9     25     47    -18    -92      5     22    -30    -23 
   -12      6      6      0     23     10     -1    -21     35     34    -78    -69    -41     34     -6    -10 
    -4     21     25     31     -7    -14      6     -6    -31     90    -41      7     53    -14      7    -39 
    63    -51    -52     36    -26    -31     16     28     10     47    -50    -10     17    -21     11     -3 
   -27      7    -56    -32     -5    -63     51     36    -14     38     -3     -9    -32    -30     64      1 
   -22     34      2    -25      0    110     19    -37     38     24    -55    -44     12    -46    -12     -1 
   -42     31     16    -22     27      8     21    -40    -53     44     26    -22     -5     -3    -16    -31 
   -10      7     -9     36    -10    -10     16    -20    -27    -15     -4     -6     12    -50    -19     20 
    -7      6     -4    -56    -40    -26     11      9     25    -26    129      8      2    102      8     -4 
   -67    -82     -1     56    -21    -38     56    -21    -29    -34    -43    -18     52    -52    -16     10 
   -57    -43    -36    -17     -7     85    -42     48     62    -50     46     66    -29      9     -1     37 
    32    -38     29     13    -41     -3     28    142     20    -50    -27    -12     17    -24      1     11 
   -42    -17     64    -49     10     25     12     29     30     14    -33     27     35     -7     -9      0 
   -30    -18    -34     -2     46     -5     -9     42     38     -2     -4    -30    -24    -20     -7    -23 
   -51    -16    -18    -34      4     -5     21     57     11      8     40    -57    -30      4     32      1 
    -6     36     18    -24     35      5     18    -26    -43    -53     32     32    -14     19     31     14 
   -55     -2     24    -65    -30     15    -53      2     73    -35    -34      7    -13    -12    -30    -29 
   -45     50     -3    -35     31     55     -3      9     24     30     -2    -19    -19     42     19     20 
    34     -9    -17    -20     26    -35     20     56      1    -85    -24    -47      5     36     16     92 
   -25    -39      2     33    -45     -4     -5    -15      9     29     -5     49     -8     -9    -31     -9 
    20    -32     10     21    -26     24     50      0    -45     -3     47     -6    -11     14    -14    -46 
     7      0    -84     -3     19    -50     -3      9    -36    -22    -19      2    -21      8     32    -45 
     4    -22    -70    -27     41    -38     37     -2     -1      3      4    -84    -24     -7    -47     17 
    41     11     31     13    -45     38     20    -34      1     20    -55    -23     -4    -44    -42    -17 
   -32    -25     34     26    -11      4    -33     -1    -16    -38     45     27    -43     31     -5     21 
   -12    -12     18      3    -15     11    -17    -26     -7    -30     13      1     -8     13    -11    -42 
   -17    -29     23     11    -28      3    -27     -9    -13    -59      6    -30     27    -83    -13     57 
   -17     -4     15    -28    -59    -37     31     10    -38    -20    -31    -29     34     30      3     24 
     0     -3     47     13    -46     46     17     -5    -18    -19     -4    -10    -41    -26     14    -31 
   -37    -30    -47    -20    -21    -32    -20    -17     53     18    -38     14    -14    -85      5    -64 
    89     14     52     43     -6     37     88     11     -2     41     36     13     21     64     28     16 
    -1    -11     -7     36    -27    -39     73     -5     -2     34     25     -3    -11    -28    -42     -6 
     8     25     -3    -34    -69    -12      4    -69      5     39    -35    -10     41     11    -35    -23 
    16     -5    -11     29     13    -25    -40     13     22    -39     -2     19     29    -19     26    -68 
   -16     56    -56     12     46    -45    -37     14    -12     23     -8     63      6     37     64    -81 
   -24     -5     39     -6    -16     40     29     -2     -3    -22     24    -41    -10      4      4      7 
    10     26     -7    -90    -39    -48    -50     -6    -79    -52      3    -78     90    -91    -77     88 
  -112    -37      1    -73    -37    -41     20    -24     -4     88     31     21      7     15    -35     -9 
   -22     26    -18     33     39     35     21    -36     30     -6      9     51    -15      0     33    -17 
    -8      6     30    -19    -21     35      2    -12      2     35     -3     26     16     15     16    -13 
   -13     14     -1    -10     13      8    -10      0     32     -6     13    -12    -34     18     30    -10 
    28     22    -30     20      8      7    -48    -24     -5    -25    -25    -13    -39      9     28    -17 
    41     23    -35     -1     20    -29     51    -26     11     81    -31     13     41    -29     26     -4 
     9     -6     -3      9      1      0     -8     -9     -5     15    -35      4     -4    -37     -1     10 
   -22      9    -23     34     -4    -19     31     24      4     33    -33     38     22    -52     16     12 
   -23     34      6     20    -14     11     13     11     36     22     13     21    -26     12     -8    -26 
    -1     -3    -13      5    -20    -69    -15     29    -49      6     43    -56    -25     29    -11    -26 
    11     -5      3     27     11    -28    -26     26     13     78      2     18     11    -19     18    -30 
    -7    -71    -15     38      4     26    -15    -28      0    -11      2     29    -22    -18     -5    -28 
   -20     11    -13     -4      5      9     11     15      8    -10     41     18     39     -8    -13    -37 
   -77      2      5    -17    -17     15      0      0    -17    -17    -39     -5    -19      1     -2     10 
    -7     -9     -9     -9      2    -15     55    -23     28     23    -22     57     27    -26     -6      4 
   -10     11     33     -9     -5     10     -2     20    -42     22      9    -18     -9     -9      9     -2 
   -12     -9    -21    -28     -7     -4      3    -29      4     18      4     31     16    -12     29      4 
    10     13     11   -129     39     -5   -107     45     -2   -109     14    -25    -14      9     -8    -28 
     5    -12    -41     17      7      4      4      8    -16     15     -8    -24     10     -7     10     10 
     6    -13    -12    -13    -13    -31     -2     10     13     19    -31    -25    -15    -11     11     -3 
   -12    -25    -29      7     -4     11     10     -4      6     27     23     18    -29     -1    -17    -18 
   -18    -16      2    -10    -28     -8     13      5      4      6     -5     -5     -6    -23     32     -7 
     5      1     11     -3     21     10      6     30    -23      6      2     -9     -6      9    -35     15 
    50     18     60     -4    -53     -3      7      9      7     30     22     37      1    -23     21      1 
    31     30      4     18     21      3      0     -5     -9    -21    -14     11      3     32     -1    -22 
    -7     10      6      3      6      4     33     29      4     22     -1    -37     48     34    -47     31 
    61    -11     31    -29     31    -33      5     26    -34    -21    -14    -43     -6     45   -110      2 
    31   -128     -1     11   -104     25    -34     -2    -12     -4     -6    -17     -3    -24    -31     36 
    -3     -5     10    -32     21    -29    -27    -36     57     87    -46     20      3    -76     -9    -30 
   -15    -13     -5     16    -17     27     35    -33     -3      0     23     10      5     21      8      1 
    27      9     12    -17    -20      5      2      8     -6     11      6      4     -2    -24     24     14 
     1     22      7     -3     13     -8     12      9     12      8     -3      6     11     14      9     21 
    17      9     55     18    -22     25     25    -16     35     55     10      0      0      2     -4     16 
    -6      2     15     26     32     -1     -1      3      3    -39    -19     12     -5    -40     -7      6 
     7      1     -1      1      4     18     27    -18    -11      7      1     -3      5     13    -14     22 
     8    -11     14      5      8    -48     -8      1    -41     35      9    -33    -50    -41     -1    -43 
   -35    -11     -9    -13      4     32     -5    -23     19     11      4    -10     35     20     10     27 
     0      7     -8      1     -5    -31      6    -13     30    -37     -3     27    -31    -15     15      0 
   -18     16     27     -1     60     31    -35      1    -33     82      9    -37     59     19    -22     35 
    -1    -20    -89    -22      2    -27      8      5     11      9      4     45     16     15     54     71 
    47     34     70     42    -51    -51     44     -1    -72     35     20    -27     29     -6    -10    -27 
   -44    -35    -57    -54    -37    -43     51    -29    -19      2    -19     20     32     10     35      5 
    15    -19     -9      7    -17     -2     42      6    -10    -13    -10      3      0    -31    -23    -64 
   -55    -47    -43    -12     -9    -21     10    -45     -7    -48     30     26     14    -21    -45     11 
    39    -16     19     10      6     22    -24    -75    -14      5    -31    -11      3     17      7     -8 
    45     21    -17    -15     35     30    -15    -38     30    -23    -24     17    -26    -15    -55    -57 
   -19    -55    -28     33    -32     23     -6     24     69     48    -29    -37    -33     10    -40    -33 
    26     37    -12     19      7     -3      2    -21     15    -14     -1     13     30    -20     -3      1 
    -1    -37    -21    -28    -53    -28    -15    -34     27     29     15     35      2    -10      4      0 
   -15    -18    -36    -21     -7    -65    -54     14    -77    -25     49    -30    -39    -18     -4     -4 
   -34     -8    -37    -26    -12    -10     31     11     53     70      9     51     33      3     24     15 
    -7    -67     28     19    -19     -8    -11      1    -11     -4    -32    -27     -5     -7    -62    -17 
   -14    -25    -35     38    -23     -6     -1      2    -32    -34     33     37     55     18     10     -7 
    51     62     45     -6      5     27     -8     11     35     -8     16     53    -68    -73     17    -35 
   -18    -13    -14     -3     -6    -17    -17    -22     19    -61    -20     17      1     14    -71    -41 
   -65    -58    -12    -43    -49    -27    -34    -38     -7      7     26     -3     45      7     15     23 
    -9    -22     28     33    -10     24      9    -43    -40    -26    -96    -64    -35    -27    -24    -23 
     5     24    -69    -40    -25    -30      4     13    -37    -16    -25    -29      4     17     20     25 
    13     40    -13     29    -21    -62    -72    -17     -3    -54    -16    -15    -62      8     62     10 
   -20      3     -4    -11      6      6    -39     -7    -39    -58    -20    -41    -35      1    -43     22 
   -13    -31     -2     22    -18     18      4    -10    -33     -8    -47     -1     -5     -3    -38    -31 
   -47    -35    -16     34     -7     31     13      0     23     -8     -1      0     10    -20      2     11 
    11      4     13     45    -67    -51     54    -23     22     15    -14     46     -6    -69    -68     13 
   -13      3     34     28      5    -15     36     29    -21      4    -23     14     26     -2     48    -71 
   -76     16    -48    -35     12    -60    -34     12    -35     53     -6    -58      0     82     47     58 
    14    -20    -13     41      3      9     66     20     -2     -9     -1     10     -3      2      7      1 
   -51     -4     12     24     32     18     12     15      8    -16     19    -46    -34    -99    -37    -13 
   -51    -51    -44    -65    -15    -11      6      8     10     20    -13    -10    -25     13     31     30 
   -28     -9      0    -23    -12     -7     -4    -32    -37    -20    -49    -32     -6     -2    -20    -62 
   -38    -59    -32     28    -44    -49      0    -50     -7     22     41      2     -4    -15     57     55 
     8    -78    -42    -24    -56    -56    -41    -56    -59    -67     33     45     51     30     54     65 
    24     53     72    -45    -33     23    -17    -24     37    -11    -11     54     -2    -29    -42    -32 
   -55    -30    -10    -24    -47    -57    -55    -28     -9    -49    -22      2    -33    -46     18     39 
    45    -35      2    -17    -50     -3    -33    -28    -22     19    -23     -6     46    -18    -17     28 
   -19     31     14    -26      1      9     55      9    -24     56     -3    -31     39      8     -4    -28 
   -45     -8      9    -19    -47      9    -19    -29     56      8    -13     71     35    -66    104      5 
  -122     89     41   -101    -10     43     47     27     28     67     19     -7     36    -53    -62    -29 
   -21    -12      6      6    -13     58     75     34    -16     57      3   -103     56     41    -43      4 
    13    -56    -27     31    -57     30     47    -22    -10    -53     42    -16    -24     45    -29     -7 
    28     98     -1    -93     64     22    -35     51    -40    -16    -14    -29    -13    -38    -74      2 
   -49    -33     79     27      6    -31     15     22      2     11    -20    -28     -8   -103     41      3 
   -69     48     56      1     65    -32   -101    -90   -104   -126   -101    -78   -129    -77     12     25 
   -32     34     -4    -19    -27     14     -6    -47     -5     45    -25     -9     20    -23    -21     17 
    21     10    -52     54     -3    -60      7    -65    -66     40    -21     -8     -7    -20     24      5 
   -21     56     -6     52     59     -7     22     -3     10     40      1    -29    -38      1     -6    -29 
   -27    -42     10     29      5     -4     19    -29    -48     20    -29    -50    -61    -42    -11     23 
   -12     30    -11    -38    -35    -38     21     20    -25     49     40    -31     39      3    -21     38 
     6    -25      6    -10     43    -14    -69     27     28    -44     37    -55    -31     29    -21     16 
    60    -37     -4    -13    -17     10    -20    -28     -9    -67     10     12     45     16      2     53 
    -6     13     32     32     52     37     29     13     -8     19     55     62     14     42     32      3 
   -44     31    -14    -69     68    -12     10     35    -10    -33    -19    -31     -1    -53      6     15 
   -76    -69     14     50    -26      2    -40      8     14     15      8    -26     15    -55    -60     36 
    32     38    -14     51     68     40     27     40    -16    -54    -17     -8    -68     -1     41    -54 
    -9      9    -27     21     17     42     25    -16      2     11    -37     -7     23      5     34     -6 
   -76      5    -56      2     27      5     12     23     77     74     28     21     -5      4     20    -22 
     0     37    -25    -14    -14     -5    -39     11    -16     12     23     58    -10    -32    -18      8 
     7     18      5     -4      0     26     46     -7     38    -56    -54     27     -3    -24     32     46 
   -51    -58     -8    -28    -42     13     -7    -35     63     -3    105     42    -77     80      1    -91 
    46    -23    -28    -61    -75     31    -47    -59     18     -8     17     47    -33    -71    -74     -8 
    -7    -35     18     46      4     20    -20    -71     31     93    -46    -13    -25    -62     51    -35 
    23     42    -47     11     29     41      1     56    -24     -6     25     -9     -7    -21    -85    -46 
    60      3     14     52     33     27     53    -34      6    -29      3     52    -46     -4     59    -45 
    -9     43    -27     49    -27    -36      5    -27    -76     -4    -19    -41    -24     -3    -39    -30 
    43    -23      3     75     57    -27     34     14    -43     55     23      3     38     12      6    -28 
    41     34     -7     32     -7    -20      2     22    -45     49    -30    -51     -8    -20      8      2 
   -13     44    -13     15     32    -38      6     11      3     48    -18      5     52    -11    -16     25 
    47     -8     10     63    -31    -16     48    -35    -72    -23    -34      8     38    -45     16     49 
   -10     38     49     -4      4     76    -15     22    115     -3     33     70     12     -5     40    -18 
    11     18     23    -14     50     19     34    -11     33    -24    -61      3    -64    -32     27     23 
    36     19     40      0     67     19    -75    -38      3      3    -26     16     35    -12      1      2 
     7     10    -29      0    -10      0     12     37     10    -16      2      6     -4      2     12      4 
   -16    -23    -18     44     17     -8    -14     -7    -22      6     21    -28    -14     -2    -60     21 
    15    -41     13     25    -46    -41    -86     14    -64    -74     12    -43    -89     10     11     -3 
    23     15      5     15    -10    -38    -11     -8    -18    -29    -24    -26    -56    -29    -14    -29 
   -22      5    -30     19     22      1     35     18      6     16    -46      3      0    -18     22     33 
   -30    -36    -20     51    -56    -11     85    -80    -29     79     44    -24     -4     92     12     -7 
    85     10    -47    -14      3    -21      5     21     10     -6     32     30     35     38    -19     55 
    36     -9    -16     12    -10     71     14     44     44     -9     17     32     14     48      4      9 
    -3     13    -58     33    -54    -78     44     52     15     -2     48     33    -30      2      0    -31 
     2     31    -18    -11    -14    -49     34     10    -36     10     16     22     -7     34      8     -5 
   -11    -30     20    -30    -51    -17     -7      7      1     16     98     55     70     37     45      2 
   -42      0    -31    -77     13      3    -30      9    -47    -43     42     33    -32     -2     35    -11 
     5    -25    -29      2    -14    -19     -6     11     50    -52     -6     70    -13     23     43     17 
    21     53     -9      3     34     -7    -13     -6     29     -8    -15     68     -1    -33      7    -61 
   -43     -2      8    -35      1    -17    -71    -15     27      1      0     -6     18     44    -22    -10 
    44      1     11     23    -30      5     20    -15      5     71    -21     20     15    -36    -14     93 
    -1    -46     37     34    -12     31     -5      5     12     -8     14     11      6     -1    -13     26 
    30    -11     -3     24    -17    -10     21     23     29     32     46     -8     12     50     -1    -19 
   -30    -33     -1    -11    -43    -28     10     21    -15     -8      0     -1     37    -19    -33     18 
   -38    -25     38     18    -33     -7    -28      4    -16      6     -7    -10      2     -1      5    -24 
   -26    -28      8    -12      6    -11      7     21     29    -16      1     14    -33     -8      7     31 
   -69     -1     85    -14    -19     35    -13     -4     25      3     16     50     -4     14     46     10 
    16     -5      0     -9     22     14    -23      2    -28      3     23     11     -3     28     38     12 
    -1      0     -5    -12     -3    -19    -17    -57    -44    -27      8    -16     45    -55     17    100 
   -35      3     -7     65     48    -60     28      9    -72     36     47    -71     -1     28    -17    -37 
   -14    -58    -32    -61    -57    -19    -27     34      5    -14     -1     29    -49     -8     11     34 
     5     38     61    -64     19     -3    -48     29     25    -15     39     52     10    -12     25    -51 
    24      8     44     37     32     82     17     33    105     23      5     21     24     26      9     13 
    22      2    -29    -20    -24    -39     -1    -22     27     -6    -33     -7      4     38     -5     -9 
     2     -5     14     26     -6    -25     10      3    -12     -4    -16      4    -10    -25     13     61 
    -6     14     50    -37      7     29     -3    -17     57      1     -6     75     15     21     28     23 
    12     -3     -2    -27     27    -20      6     23      7    -11     -7     31    -22    -51     58     50 
   -22    -18     -8     17    -21    -20      8    -28     -4     16     -6     -6      4     -7      9     44 
     3      3     12     -2    -11    -75    -30    -52   -112    -58    -78   -108    -25    -74    -26    -28 
   -72     -6    -16     50     -2    -45    -36     -8     13    -19     27     15     12     35     -1     13 
    18    -28    -11     67    -63    -67    108     12     30     -9      7    -39   -104     31      6    -87 
    62    -27    -12      9    -24      4    -11     14     39    -48    -25     -7     40     15     20     23 
     7      4     28     15     17     13     -9      0    -15    -10     -3     -7     31     14     12    -11 
     0      8     13      2    -19    -31    -12    -52     63     -1    -30    -37    -29    -45     39    -37 
   -96     -1    -35    -30     66    -54     65     -2     -2    109      1    -11     25    -15    -20    -11 
    26     -7     49    -19    -20      2     -9     28    -33     27      4    -55      2    -26     -6     65 
   -49     81    -27     -8     84    -50    -47     73    -60     25    -52    -18      4    -93     18     32 
   -85     52    -23     22      0    -13     27     -5     -5    -64    -18     12    -32    -23     22    -54 
    38     11     -6     54      7    -62    -21     11      8    -15     21     27    -20     18     10    -36 
     8     43    -12      1     27    -35     15     43    -88    -21     -3    -20     23    -69     54     29 
    23    -26      3     50      1     32     47    -45     -7    -11    -26      6      2    -44     24     -4 
   -56     17    -40     46     22     -6    -11    -31    -64    -87    -22    -36      9      3    -18     -6 
     5     38     -4    -36    -42      1    -15    -82     -2      7    -42     -4     17     14     11     12 
    31      9     -6     39      9    -32     12    -23     -1     44    -42      0    -37    -32     34      3 
   -25     -2     -9     22     35    -13      2     14    -82    -29      3    -82      2     -6    -28     37 
    -3     72    -43      2     49      2     -8     17    -17    -33    -28    -19     -7     -2     12     13 
   -22    -36    -30     23     14      5     16     -6     -6     20     13     -4    -43     33    -37    -64 
     3    -20     -3     -2     -2     13     10     18     66    -13     26     77    -59     11     10     -2 
    -7     44     -8     -7     46     29     46    -67    -14     -3    -75      9     19    -13      0    -46 
    47    -13     -3     53    -20     -1     -8    -36     19    -46     21     -1     53      9     -9     26 
   -39    -13    -26     -3      7     25     15    -25      1     -9     -9     11     27    -26     15     -1 
     2    -21    -15     -9    -58     -3    -36    -47     57     11    -29     52      6     41    -14     -4 
    74    -31    -16     24    -16     47    -53     46    -41      6     78     13    -28     28      7    -16 
   -22     -1    -10     16     16      2     11     -7     31     32      2     79    -38     -9     23    -32 
    11     16     17     -1     61     28     -4      8    -47    -23    -23    -44     -8    -15    -22     22 
    -4      6      3    -57    -41     25     40     15    -16    -66    -37    -27    -41     16     -9    -13 
    31      1     11      9    -41     56      9      9     -1      8     13     -1    -28      8    -29    -43 
    17    -82      2      7    -43      6    -14     24    -42      6     15    -12     50    -90    -41     -9 
    18    -15     12    -23    -60     34    -22    -29     49      2      0    -23     -7     30      0     26 
    35      7     22     -3    -24    -34     -5     11    -30    -12    -15     -5     23    -14     10     -6 
   -21    -22    -13      2     -7      2     14      2     27      7     23     39      0      9     -2     -9 
    22     -3      5     -8    -14     13     28    -14    -34    -61      8     14     -6     12    -11     -5 
    10     16     27     -1     21    -13     -1      0     -1      8    -11    -15     32     14     14    -59 
   -11      5    -18    -22     46    -17      6     31    -34     19    -28     24     40     28      2      1 
    -9    -34     -4    -26     29      9      6     25    -32     31     -6    -28     39    -19      4      9 
   -36     14    -34    -17      6     11     33    -27    -52      3    -34      0    -36     42    -33      8 
    23    -10      2      2     77    -10    -25    -26     10     -2    -18     43    -35     27     37    -29 
   -14    -39    -24     21    -10      0     36     64     27     64     33    -21     34      8    -13      4 
    22      8     -3    -12    -15     18     61      1    -19    -12    -15     11     75    -50    -53     25 
   -59    -41    -17    -24    -38      3      6     12     20     20     -3     22     -1    -20    -13      8 
    23     41     37     37     33     43      5      4     26     19     30     -3     36      2     14     21 
    43     32      3     55     42     37     86     50      3     42     12     20     67     38      5     16 
   -11    -11    102     21      6     78     33     21     80     75      0     20     25     19      8     37 
    -9    -13    -25      3     18     -9      1     27      2    -29     -6    -44     -7     13    -24    -16 
    54    -35     -2     17    -15     18     43    -28     13     38     18     84     24     19     29     60 
    46     54     57     18     19     50      7     17    -52    -13      7     10     14     -4     27     -7 
    19     42     26     55    133     38     28     95     11     16     22     29     22     23     21     16 
    15    -13     43     32     29     21     20     38     52      9     21     34      9    -29     -2     20 
     0     -1    -19     16     17     36      1      4     11     22     51     21      0      4      0     10 
    11      2     -6     10    -10     -4     34     20     29     37      9     49     51     42     38     23 
    24     18     43     73     51     -8     18      0    -18    -14    -17     15     45     23      2     29 
     6    -23     13    -15      9    -34     -2     20     37    -23     -7     20      6      8     48     34 
    11     42     32      1    -29      9      1    -72    -17      4    -13     52     -6      5     -7     13 
    69     11     27     36    -14     10    -24     24     15      3     -4    -25      9      7    -15     94 
    -2     23    157     19     34    104     -5     12     62    -25      3    102     14    -16     14    -15 
    -3     60     28     -3     28    -35    -11     47      8    -16     56     46     -1     58     19     -4 
    59     26    -40     18     11     22     82    -14     13    -23    -19     17     16    -29     19     -4 
     2     10    -23      0     42     -7     -5     16     34     -4      7     41     10      4     12      3 
     6     13      6     16     18     -6      5     24     26     47     10     16     42     44      2     20 
    17     36      8      7     37     -8      5     -4    -18     33    -17    -17     94     40    -12      9 
     4     -6     12     26     32     42     73      4      0     -6     58     18     48     46     37     74 
    31      0      8     12      7    -28     12     60    -26     -7     51    -44     18      6    -23     46 
     5      3     34    -21     -5    -29     -9     -1     54     48     30     34     31      6     -7     24 
    30     43     64     48     11     42     24      3     74    -10     65    142     34     61    110      7 
     5    -13     21      1    -18     56    -36    -32     65      1     -6      6     15     55     41      1 
    53      4     47      6      6     18     20     21     18     31      0      2      6     49     97     61 
    52     71     29     22      5     50     27     10     51     18     17     27     13     63    102     60 
    64     84     67     17     58      8    -10      2     -5     -5     34     17    -27    -16     -8      8 
    59    -20     71    113     29     -1     -3    -29     -6     25     -8     17     74     13    -14     22 
   -10     20     40     14     55     67     57     17     39     56    -10    -29      9    -14    -20     -6 
     8      0     33     -7     56      4     15     50    -19     -1     16      4     52     34     10     92 
    68     43     80     40     23     46     30     -3     42     89    -33    -20     51      1    -21    -49 
    -9      1     27     24     -6     19      1     16     20    -31    -28     21    -22     10     23    -20 
   -15     -8    -25     -5      9    -11     41     -1    -30     29     40     -7     26     36    -10      8 
    33     14    -32     48    -12     10     54    -44      7    -11    -33      3      9     54    -25     18 
    51    -11     15     -3    -35    -37     11      9    -53     -4    -39     34    -48    -24    -11     -8 
    35    -53    -66     62      9     -9     16     43     15      4     -4     30     21    -27    -27     54 
    21    -19     26      0     -2     12    -22    -18      2    -35    -52     12     -8    -89     10    -53 
   -60    -30     -1     18    -49     46     41    -22     20     -4     -1    -20    -14    -14     14    -11 
   -65    -23    -10    -19    -20    -20    -23     21     49      0      5     12      8      2    -51    -19 
     9      5    -37    -36    -26     59     -5     30     98     41    -18     38     16     -5      8     21 
    28    -21     69     53    -29    -35    -14    -58    -24     11    -19    -19     -9     18     -3    -21 
     3     45      9      1     34     10    -15     12     -4     -2     18    -34     14    -26    -37     24 
     5    -28     -7    -48    -48      1      0     -8     59     16      8    -10      3    -17    -22    -28 
   -23    -27    -27     35     15    -28     -4     -7     -5     24     24     16     41     27     34     32 
    91     -9     21     20     20      2    -61    -27     10   -100    -20     69    -48    -11      0    -23 
    36    -35    -20      1    -16    -10    -82      8     15     42    -17      9     -5     -3      6     12 
   -15    -37     16     61    -22    -11     53     -1     20     39     24    -15    -57     87    -41    -54 
    20     11    -22      2    -21    -16    -18    -10    -38    -67    -55    -53    -39      7     19    132 
    30    -41     47     42    -30    -17    -10     -7    -30     51     53     27     35      9     40     51 
    31     31     12     16    -31     16      3    -31    -30    -50     33    -13    -33     24     35      6 
    10     -9     -3     11    -10     40      8    -35    -19     28    -20    -53      3     -4     18    -38 
   -46     -1     -3      9    -45    -20     29    -21    -65    -18      2    -12     34    -20     27     -6 
   -34    -14     20     -2     25    -25    -15    -20      3     16    -28     26      0     -6     71     21 
   -69     17     18      1     -5    -41     28     15    -14     35    -10      5     21    -29    -39     63 
    38     -5     19     13      8    -14    -29    -15    -17    -10    -18    -13     -4     36     31      4 
     5     49     30     42     -2    -17     42    -21    -23    -16    -14     60     78    -92     64     93 
   -36     24     -7     10    -31    -50     30    -12    -17    -79    -63     27     37     15     -6     -2 
     4      6    -49    -11     30     25     -6     53    -27      0     14    -30    -22     -2     48     53 
   -21    -34      5     -3    -20     15     18    -67     28     40    -99    -44      7    -30     40     53 
   -30    -35    -21    -24    -11     12     -3     -1    -46    -14     16     34     22     41     82     47 
    77     37    -32    -12     60    -46     46     72     23     49     49      3     -9    -52    -18    -27 
   -27      9    -29     25    -14      3    -41    -16    -15    -52    -12     21     -9      7     20    -35 
    -5      9    -13    -25    -35    -60    -28    -55     40    -27    -42    -28     49     26    -44    -11 
   -53    -42    -25     16     26    -40     42      5     12     23     56     38    -38    -14     72     -5 
    20     46     35    -35      3    -15     23     -4    -17    -18     37     22    -34      3     28    -12 
   -17    -33    -45      4   -107    -15    -32    -90     12    -28      0      1     12     51     -2    -52 
   -18    -53     11     30    -20     -3    -45     13     78    -45     30     -6     10    -18    -16    -22 
    -3     26     -3     28     38    -10    -22     18    -35    -55     32    -75    -83     61      4      8 
   -19    -52     49     -8    -40     50     38     37     56    -24     -1    -60     -4     40     -6    -25 
   -64    -13    -11     23     64     -2    -66     60     10    -58     50    -14     10     22    -41      1 
     4      8     32     44    -24    -27     61      9    -54    118    -13     22     24    -20    -20    -86 
   -23    -41   -132    -27    -12    -57     77     12     31     20      4     13      7     -6     55     22 
   -11     10     -2     -9    -25     13     -2      9    -32    -17     12    -37    -33     31    -61    -66 
   -87     16      6     -2     -5    -42   -101     -7      4    -12     11     26     -5     -3     55     34 
    18     -5    -14     -9     24    -18    -25     41     16     12      0     21    -35    -10    -32     -9 
    36    -45     -5      3     47    -48    -32    -38    -19     22    -76    -67     38    -13    -38     12 
   -25     24     36     42    -49     23      4    -82     -8    106     40     38     39      5    -27    -25 
     2     28    -22     21     17    -80    -24    -13    -19    -26     21      6    -22      9    -11     16 
    28    -39      3     -1     34     31     32    -49     -1     44    -25    -30    -21    -20    -27    -51 
   108    -65    -60     31     28     16    -31     46     21     -5     42     -2    -30      4    -33     48 
   -20    -28     97     -6     -8      8     -2     15     11     13     44     27     43     30    -19    -12 
    22    -59     -2    -25    -24      8     28    -15     -8      6    -34     45      8     21     19      2 
   -19     -7    -33     41     -1     41     89    -16     11     43     -5     11      0     26     30     63 
    17     31     51      6     57    -16    -32      6     14    -43     -8    -25     24     23     -2      1 
    -9    -14    -33     -7     -4      1      1    -44     23     -3     -5     27      8     30      7      0 
   -21     -3      4     10     19     38     23     -5     17      9    -12     -5     43    -32    -39    -23 
    14    -81      7     13    -59    147     -1    -19     16      1    -60    -36     -9    -17     41    -20 
   -52     36     16    -44    -34    -18    -27     14    -43     -2    -23     -1    -42    -25    -10    -61 
    -2     44    -45     -5     -2      4    -14      3      9     10     -7    -20    -13    -23    -13    -29 
   -13    -26    -36    -16    -33     18     -6      8    -35     17     59      1    -18     38    -30     25 
    18    -50    -17     15    -42    -29     10     -3    -22     -8    -15     -3     35     -2    -29    -35 
   -55    -25    -41     13    -33    -66     22     14    -55     -2     16     41    -68     14     66    -10 
    23     -4     35    -64    -39    -41    -35    -38    -48     14    -45    -10     11    -42    -99    -77 
    -6     42    -26      8     62     20     28     10     11     38    -37    -10     -9    -84     29     92 
   -48     46     19    -69     55    -13    -45     17     46    116    -56    -57      3     27     32     45 
   -38     20    -38    -28     -2    -14     -5     -1    -53    -28     35     59    -11     49     43    -13 
    21     19    -20     -2     27    -40     14     -4     13      2    -53     41     46     -3    -12     19 
    -4    -20      2     -1      9     31     -4     22     17     18      2    -11      0      9    -51      3 
     1     55     32     -8      2      6    -25     62     56     55     38    -42     44     33     27     49 
     7    -48     15      9    -57    -39    -27     -4     21      7     -2     10    -20    -39      4     18 
    30      7     -1     45    -13     13      7    -68    -22    -13      3    -42    -15     11    -11    101 
    29    -52     33     65    -51     69      9    -46    114     26    -39     89    -45    -39    -26    -40 
   -62    -14     15     12    -51     -9     -3      0     44     44    -81      6     -9    -55     10    -14 
   -67     16     11    -15     53     12    -10      5    -34     49     22    -38    122     17    -12     39 
   -46    -17    -28     40     33     -7     33     11     -2    -10     -6     12    -38    -36    -66    -28 
   -19    -39      9     46    -19     -5     -1     18     21    -36     19     14     -5    -34     54     27 
    17      6     43     -7      0    -41     -4      7     -4    -19     -2    -42    -17     17     10     -9 
   -54     -9     -5    -46    -37    -18    -56    -32    -60     -2     47     15      2     14      0    -33 
   -22     -8    -15      2    -15    -12     18      9     -1     14     34     18     -1     33     24    -20 
   -21     23    -13    -17     56     13    -19     18     -4     28      8     19     -1    -23    -19    -27 
   -30    -19     18    -53    -39     -6    -27     29     33    -15     34     10     30      3     -2     16 
    24     17    -10      0    -11    -42    -57    -87    -22    -25    -65    -13    -10    -52     -1     26 
    39    -18    -35      2    -12    -22     23    -52    -41     -7      1    -19    -12    -12     12    -12 
     4    -18    -36    -25    -13     -4    -22    -29     -7     21      0     -1      1     14      7    -15 
    -2    -11     11     51    -23     45     63     62     37     52      8     -7    -18    -24      2     16 
    22     -8    -15      8    -17    -43    -54    -13     21    -45    -18     28     16     38     66    -19 
   -17     39     91      0     -2     89     37     33      1     41     41     12      1    -17     -2    -51 
   -39     14    -37    -19      6      4     33    -36     10    -13    -16    -23     -6    -21    -11     14 
   -15     -1      3    -15      1     22     31    -18    -13    -31   -110    -34     22    -87    -66    -64 
   -36    -22    -31     -9      0     10     12     29      4     17     19      3     11    -32    -16      4 
    -7     18    -20    -15      7      0    -21     -2     48     24    -25     11     15     18     -1     33 
    11     -6    -17      9    -19     -3     18     21     11      6     -7     -8    -10    -12     -4    -21 
    27     14     11     -3     19     23    -15      7     24    -11     -5      1     11     -9    -43     14 
     4    -19     -5    -16     61    -54    -66    -10    -17    -30    -32     -7     38     -1     16     39 
    22     67     13      0    -42     -8      8    -13    -64    -54     12     -9    -55     32      3      4 
     3      6     39     21    -19    -24    -38    -26    -31     -1    -41    -34     -6     -8     17   -127 
   -37     32    -74    -54    -84     20    -10    -24     12      7     19     -4     12    -44      5     14 
     9    -38    -64      2     36     -4     -2     39     14     10    -28    -53    -35     15    -28    -82 
     4     15      9     40     16    -32      7    -26      1     -5    -22     30    -35    -16    -18     -7 
   -19    -48     -6    -40    -42    -42     -9     30    -23      0     25     -5     29     12      8      4 
    17    -51     -6    -12    -28      6     -7     15    -61    -29     15    -38    -35      8    -21     -2 
    42     14      8     42     41     23    -37     -6      0     74     -4      1     60     62    105    -20 
   -48     25    -23    -46     10    -24    -80    -52     -7      4     12      9     58    -17     59     85 
    -1    -42      4      9      6     -4    -17     -3     17     30     -8    -13     -2    -19      1     14 
    11     25    -19    -19     11      3     77     44    -33     13     50      2    -15     12    -16     29 
    41    -19      9     31    -34      3     27     -5     22     25     39      4     20    102    -26      2 
    52    -40    -43     -8    -24    -66    -68    -27      1     -5    -61    -46     38    -37    -26     55 
    -5    -14     44     44     12      2     19     28     68     -1    -29     -3      4    -26      0     -1 
   -25     -2     28     25      2    -13    -11    -15    -10     54     49    -30      4     50    -24     16 
    26    -12    -10    -10      1     13     -9     46     34     40     33     60    135     28     21     58 
   -58    -53    -49    -10      2    -15     65     45     53     15     11    -29     33     28    -28    -40 
   -46    -32    -17     20     14    -41      8     36    -13     82     26    -32    -27    -21     -9     -3 
    -2    -13     29    -35    -12      1      0     -9     10      5    -19    -39    -48     14     23      1 
   -25     35    -35    -42      6     -6    -19    -20    -43     -6      3    -50     51     18    -37     34 
     7     -7     -4    -27      8    -21   -110      4     -6     18    -18     -1     -2     28    -18     26 
   -26      1      9    -19    -24     16     -7      3     28     -9    -11    -19     21     29      8    -12 
   -21    -40    -28     16     -4     17     -7     17     25     -3    -31     -6    -20    -22    -33     17 
     8    -14    -12    -10      8    -76      9     39    -34     28     54    -33      2     -1    -16     -6 
    67    -41      1      9    -22    -35    -21    -21      0    -17     -7     17     36     -9     34     68 
    44     -6     33    -28    -27     -4    -57    -66    -59    -31     -2    -11     24      5    -11     48 
     2    -21     27     16     -7     17     -1     21    -52     -9      7    -28     -5     -4     -1     20 
   -30    -23     63    -22     30    -36    -27     31    -13    -27    -36    -59    -10      0     20     17 
   -41     33     22    -52    -41     -4     11     -4     -5    -30    -25    -25      8    -37    -11     27 
    -3     -5     51     19    -27     21     71      0      6     11     -7     44     27      3    -20     18 
    21    -31    -24      0    -48    -15     -9      0    -15    -26     12     11      9     15     24     -8 
     9      6    -16    115     53    102     46    -22     34     91    -19     39    -46      9    -12    -13 
    32     -8    -22    -19    -32    -13     39      5    -13      3      0      2     13    -18    -42     10 
   -41    -26      4    -27     -8    -34    -24    -13     10    -31     -8     -3    -47    -50    -78    -78 
   -16     24     -7    -37     26    -62    -45     19     -8    -18    -11    -13     -2     24     19     13 
    43     22    -32     39     79     -5      4    -33     22     12     -4      4    -23     17     16     -8 
    31     -4     33     18     27      2      5     17    -31    -11     -7     21      4    -36    -19      3 
   -16     13    -19      2    -22    -32     10     34      2     -4     -2    -16    -36    -33    -10     53 
    -5    -17     49     -3    -33     13     65     24      3     -5     13    -28    -14    -37    -12    -53 
    -9     -9     60    -22    -46     24    -31    -35    -12    -21    -18     19     36     -9     -9    -26 
    35      8    -36    -10     77     40     10     29      8    -51   -105    -73     32     10     17     -2 
    -7    -26    -25     60     63     10      1      7      4    -12      9     -7    -16     -3     48     26 
   -24     15     31    -37     -4    -27     -5     -2      4    -10    -23    -30    -58     -8    -52    -56 
   -15    -22    -40    -26     42     -1    -60     30     67      2     18      0     10     16     -1    -23 
   -37     -8     42    -13    -57     27     29     -9     37      0    -28     47     64    -23     15     30 
   -11      0    -11    -23     -9     53    -40     25    -21    -51     74     32     56     -7    -44    -55 
     1    -15    -15      6     24     36    -22      3     24    -30     -6    -20    -17    -24    -20     29 
   -23     25     -8     12     13     12    -11      7    -26      2     29      4    -16     -7     37     82 
   -15     20     79      3      3     37    -12    -40    -19    -16     15     18      5     16    -15      5 
    -6   -104    -31     78     10    -79      7     13    -58     34     35    -41    -20     -6    -14     18 
    13     11    -36    -42    -30     35     17    -40     15     22    -21    -34      7     15     44     55 
    26    -20    -27    -27     10     70     27      2     -2    -19      5     11     49     -3     -8     13 
   -56    -46    -21    -39    -15     -5    -44    -41    -33      4     10     28    -10     -6     15     10 
     0      9     21     23      4     12    -29    -30     13    -33      0     19     47     -3     17     36 
   -26     14    -16     -4    -31    -54      6     24    -14     12     33      0     36    -73   -135    -27 
     3     10    -10     23     19     -2    -28    -14     24      7     14     -4    -29    -31      7    120 
   112    -17      1    -28    -14     11     33     23     48    -27    -22     11    -52     10     19     -5 
    15    -15      6    -16    -18    -18     -9     16     50     18     -4     18     28    -20     -2     21 
    58      0     -4      1    -26     27    -36    -39     11     -4     25     28    -33     18     17    -45 
    -7     23     -8    -30      1     45     10     30     25     -8      6    -20      7      5    -49     33 
    60     38      8     13     43     33     -1    -78   -128    -22     -7     -3     60     40     31     60 
   -25    -34     18    -46    -29      9    -21     35     43      3    -23    -13    -26     -6     21    -13 
    16     -1     56     52    -47     21      5    -69     -4    -60    -51     38     11     26     32      1 
     7     15    -16     -5     43     -4      2     15     11     26     32      6     12    -19    -36    -19 
     1     -9     21     18      9     14     37     78     -8     11     -7     -5    -18      9     20      1 
    36     16    -17     13     24      7      9     33    -57     11     13    -11     27     32     -9     -5 
    30    -92   -146    -37    -81    -97    -22      9    -25     -7     19     21     30     22     -5     14 
   -18      1    -18    -16    -38     -2     13     29     40     -9     -9    -49    -39    -30     -8     26 
    16     10     28     21     11     19     26      4      5      2     12    -27     -2    -22     32     23 
   -12     20     11     -5    -21     -2    -17     45     27     27     28      4      5     16     27     -8 
   -13    -13    -28    -42    -20    -33    -28     -2    -30     -1     88     23     16      2     -2     11 
   -20    -25     18     28     18     -6     -3    -44     -7    -24    -23     36      8      6     10    -28 
     0      4     -5    -14    -26    -30      0     -2    -20      8      5     17     18     34     37     -9 
    -8     12    -17    -27    -11     -6     24     12    -17      8    -29    -16      0    -32     30     17 
    52     22     13     14     26     21     11     18    -12    -17    -18    -14     11     -2      0     14 
    29     22    -16      9     21    -11     24     11     18     47     41     35    -36     -5      0    -21 
   -44    -17     24     68    -50     44      1    -25     17     -6     46      5      3      2     -1     18 
    38    -21    -21     34    -11    -47    -41    -30     18     22     14     19     29    -45    -36   -107 
     5    -26    -16     16    -26      5     13    -11    -17    -29     -4    -20      1    -14    -25     23 
    15    -32    -79    -41    -10    -27     36      7    -12      3     42      6      2    -24    -19     11 
     4     11    -18    -13    -25     15     -7     -7     26    -11    -10     64     24    -29      7    -14 
   -29    -17    -22     11    -34      9     19    -19      3     -8      0     15     14     42     15    -38 
    -3    -37    -16    -24    -35      2    -74    -95    -45    -30     -9    -24     28     21      5      0 
    15     -3      3    -16      1     -2    -26     11     22     46      6      1    -35    -20     38     11 
     9     28      3      2     14    -38     -2      8    -50      0     18     62     -8    -24    -18    -55 
    34     46    -13     19     10     40     16     22      1    -21      8     -6    -45    -64      2    -14 
     5      1     18     30     11    -57    -76    -46    -30    -69    -36     36    -16    -11     -9    -44 
   -10     14    -12     -1    -23    -14     32     -9    -16      9    -13      1     34     16      0      8 
     2     22    -44     27     41     21    -32    -42    -23     29     13    -11      0     22     -3     18 
    76     38    -18     33    -11    -19     41    -22     10     33    -33     34    -36     -5      4    -30 
   -10    -17    -20    -12    -26    -24     -6      9     -8      5     59     18      3      6      7      2 
   -23     -7     -3    -13     23     -6    -17    -72    -18    -51    -35     30    -12    -15      4    -26 
   -51    -44     -8     -4     -8     16     -3    -17     -5      4     18     -5     10     -6     -9      0 
   -13    -36    -10      6    -34    -10    -13    -27    -16    -53    -20      8      6     17     -7     29 
    23     -1     15    -40    -76    -45   -123   -163   -128    -43    -47    -50      9     24     10     76 
    21     11     -5     15     33     12    -35    -11     22    -35     -3     39    -24    -11     39     20 
   -27    -28    -34    -19    -19     -2      1    -28    -34    -11    -39     -3    -43     -5      9    -33 
    28     -7     20    -19    -80      1    -18    -56    -15     23      4     13     24     26    -11     50 
    25    -32    -16    -26     14    -17    -39    -36     39     10    -23     -9      1    -10     13     -1 
   -16      2     -9     17    -18    -10     -1    -41    -19     -3    -11    -31    -21     50     -5    -15 
    12      5     -6     22     61     40    -29     -1     -7      7     -4      4     20    -17    -17    -17 
   -18     -1    -17     14     -4    -29     31     43     13      7      0     18    -15    -14    -12    -13 
    24     -3     -2     11      6      4     22     44      4    -16      2     14     -9     14     42     11 
    12     58      7      1    -19      0     12    -21     -4    -24    -64    -51    -29    -15     28     10 
    15     23     20      4      4    -22    -26    -23     -3      1    -16      6     -1      9    -53     21 
   -52    -18     48    -28    -47      2    -30     13     31     11     20     12     23     23     39     42 
     7    -15    -14    -10      2     19     16     29     11     -1     16     -1    -40     24     21    -35 
    36     44      7      9     33      0    -32     24     21     -8     -2      0     13    -14     26    -10 
   -16     35      5     11      5    -54    -49     48      4   -107     22     -9      3    -10    -11     10 
   -27     -1    -17      4      2    -21     13     -7      3      2      5      3    -21    -12    -38     41 
    26      6     28      1    -13     13    -24    -11     32    -13     43     35     26     26     25     45 
     9     19      3     22      1     37     38     -9     37     35    -39    -17      5    -62      5     14 
   -46     16     42    -36    -46      1     15    -26      4      4     -8      9    -27    -10    -16     -9 
   -31      9    -13    -41     13     -3    -25     17     -9     57     50      8     53     28     31    -28 
    -9      2    -53     57     22     42     64     -6    -27    -26    -34    -76    -58    -59    -98    -49 
   -30    -43      8     25      3     39     22    -12      9    -15      5      1     49     59     47    -18 
    44      8     -1     -8     -9     19     33     -2     23     32      5      2    -10    -40     53     45 
    25     39     34    -24    -15      0    -20    -26    -47    -44     10     -4    -10    -25    -20    -35 
   -15     10    -20    -14     10     -1    -10     -8    -53    -35     -1    -31     -3    -25    -21    -13 
   -22    -12    -36    -13    -65      8     40    -63     12    -14      5      7     -7    -23     -8    -36 
   -35    -29     16      3     -5     43     30    -27     30    -10     31    -47     25    -41   -120      7 
   -38    -79      0     32    -46    -15     36    -59    -10      8    -25     -7      2     24     10     -8 
   -30      1     29     -9     32      1    -21     -7     29    -33    -25     60     18    -38     17     35 
    16    -23     13      2    -47    -18      6     16     -5    -13     -2      9     23     49      6     -6 
    -1    -40    -27     55     24    -10     67     66     53     62     -3    -24     23     25     16      5 
    22     -8    -29     43     -1    -86    -55      2    -33     -8    -42     55     84     48     21     56 
   -10     53     22      9     24     20     16      0     18     43      9      8      7     46     47     68 
     9     10     18    -40    -26     -3    -48    -47    -18    -15     16      3     12     -5     -5      0 
   -22    -30     52     77     56    -24    -21    -30     -9     -4     41    -15    -68    -35    -10    -16 
    20      2     20    -13     22    -39     32      0    -42    -30      2      2    -14    -26    -26     10 
   -19      2     17    -28     -9    -46    -99    -37    -98    -28    -25    -17     53    -10    -16     77 
    13    -22    -36    -72    -46     16    -15      4     -9    -18     43     29     -4    -33    -18    -17 
   -32    -21     -7     -5     12     12     -7    -11      0    -20    -25      9    -24    -32     -4    -31 
    18      7     44      2    -49    -17    -32    -29    -48     -1     -5      2     -8     27    -24     15 
    -8     -3     -1    -53     15     21     22     69     35     45     50     26    -21     10    -34    -38 
     2     -5    -21    -19      8     21     -6      9     -1     16     53      6     19    -16     33     17 
   -65     48     19    -22     14     27     33     24     37     31     17     61    -18     30     28    -32 
     1    -40    -13    -14    -54    -34     -1    -12     32      3      8    -60    -23      3    -20      3 
     2     -8     23      6     -9     25      3     26    -16    -10     -3      6    -12     29     40     -1 
    30     31     52     10      4     -3     -6    -12    -32     -9    -11    -13      1     62     72    -24 
   -19     18     14      6     33    -53      7    -32     23    104     16      0     30     -3    -38     28 
   -37     -4     60     26    -29     27      9    -23     28     -4     17     10     18     34     -3     29 
    11     37     45    -13     -2    -25    -45    -13    -55     -5     32      5     20     75     41     70 
   102     86      6    -14     36     13    -35     44    -13    -48    -24    -47      2     -2    -36    -29 
     1     42     27      3     11    -32    -29    -36      3    -42    -10     27      1     -4    -29    -11 
   -16    -32    -10     41     24      8     -2      6      8    -34     -4     19    -67     16     -4     -5 
    -5    -12     18     25     -2     13     17     11    -59    -28    -55    -38     10      1     -3    -55 
   -12      2     17      0      9     35    -43     -2     26    -30     -4     14     41    -17     39     44 
   -19    -38    -69     83     35     44     60     -9      6     66    -13     12      5     17    -11    -38 
   -10    -14      0      0    -10    -46    -40    -23    -48     -4     -7    -21     50     16     42     21 
     7    -20    -91    -34     -9     17     18    -18    -54    -86     15      9     -9     27     42     -9 
   -24    -55     18     81      5     64    -44    -35     44     40     60     29     37    101     15     30 
    64     47    -15     18    -28    -46     45      2     18     31     -9     15     18    -18     24     61 
    40    -39      1      8    -57    -19    -72    -22    -11    -40    -34    -24     -3      8     14     18 
     7     31      2     28     12      4     -9     65     35     25     50      2     -5      3      3     15 
   -21      5      2      4     35    -17    -15     29     12     17    -24      2    -23     19     21    -24 
    -1    -26     20     -2     34     74     18    -24    -31    -38     13    -27     -7    -95   -156    -94 
   -27    -66    -40     57     60     72     18    -27    -32      1     47     32    -29    -25     -3    -49 
    19    -19    -27      6     21     45     19    -13     10     43    -10    -63    -34     16     39     26 
    47    -59    -57    -22    -72    -69    -65    -11    -17     -6     30     23    -53     20      3    -15 
   -29    -37    -28      7     11     -7     42     34     21      5     49      5    -13     24     12     -7 
    -6     -6     47     24     16     21    -10      7     12    -40     34     -9    -10    -17     29      7 
    24     18      5     13    -32    -83    -31     26     24     25     15     23     41     37      8     42 
     1    -21      6    -10    -22     -1    -42     39     14     28    -10    -18    -19    -38    -45     -4 
   -36     12     34      8     30     16     23     19      4    -32    -18     23     -5     -9      6      2 
    13      2      1     -6      1     29    -27      7    -19    -19     78      9     -4    -18      2      6 
    -4     -4     22     -2      3    -27     10      1    -19      7      3     10     57     14    -12     -5 
   -48    -14     11     -9    -13      2     27     -9     -8      8    -33     -5      3     -2     25     10 
   -77     44     18     18     28     42      8      3     67     13    -13     11    -17     10     -2    -10 
     1    -26    -17     10    -39     25    -12    -15    -25     38     17    -26    -18     35    -12    -31 
    -9      5    -27     -5     17    -13     11     35      1    -35     -8     48    -35    -37     34      3 
   -12     19     -7     -9    -81    -36     34      5     -6      8     38     26     24      7     31      8 
     4     20    -11     -2     -7    -10     40     61      5     -4    -10     -5     15     -1      0     36 
    44     32     -4      8     12     10      0     18     31     -9     -9     14      0    -15     19    -15 
   -42    -21     63    -19    -49    -22    -15    -37    -17    -20    -18    -15    -46     31     22     30 
    -4     11     -6     70     63    122    -36    -65    -60    -25     -8    -39    -60    -31     -3    -54 
    -7      1    -14    -19     -3    -21    -12    -31    -38     -7    -32     -8     -6    -22     31     35 
    37      3    -11     -4     -1    -19    -20      0    -64    -34     20     19    -15     -4     -1    -15 
   -36      4     17    -59    -37      3     -7    -16     -5    -59    -25    -14     34     21    -19     39 
   -14    -21      2    -43    -25     -1     25     10     -1     15      8     -6     -4      1      3    -19 
    23     18    -10     22     32    -33    -24     19     20      4    -22     -5      6     13     19    -15 
   -23     -7      0      6     21    -14      3    -39     10     19    -16      2      6      7      4    -23 
    17     -6     12     25     -6      1     12    -10     -3     27     20    -23    -54     -8     -7    -11 
    -5     27    -56    -22     58      6      4     36     21      0     69     14    -28     -2    -19      0 
     4     -9     -1    -66   -190   -127     49     73     31     28     87     62     -1     -3    -22     -5 
    -5    -15     -5     26    -25     15    122     25     -4     -3     18      2      3     30     43    -16 
   -40     12    -14    -25     -4    -14    -20     15    -11     17      3    -23     36    -34    -72    -17 
   -11    -10     33    -28     -2     -1    -21     10     14     38     45     17    -21    -53    -26      5 
   -29     -3    -15     44     69    -37    -16     27      2     -9     -8     -2     12     10     -1    -18 
     1    -16    -10     -4     17    -52    -16      8     -4     -2     15     16     14     13      3     11 
    33      2     14     15    -29     10      1     53     -1    -13      6    -17    -10    -12    -54     -3 
   -19    -12      4    -13     28     18      6      8    -21      8     54     13     88     40     -6     25 
   -23    -17    -22    -23      8      7     10      8     15     -6    -37    -38    -30     16     49     14 
     8     49      0     -2     12     11     22     27     11     37     20    -12     20     -7    -25     -2 
   -41    -33    -14    -39    -27    -55     -9     69    -28    -35     36    -19      7     23   -238   -262 
  -169     48     50     65    -17     -6     -1      7     20     10      1     30    -16     12     12    -16 
