    -6    -13    -30   -100     93    -97   -100    324    802    659    -32    -18    -25     40     -1    174 
   505     -2    363    351     78    -45    -55    -16   1296    943    640    -90   -137   -187   -102   -119 
   -96    -19    -83    -86   -139   -134   -131    -40    -64   -137    -53   -101    -20      6    239    371 
   754    436    282    -37    129   -154   -185   -196   -158   -129    -12     -5    -87    -61   -129   -131 
  -138    -60   -105   -161      0    -56    -36    -24    359     50    -64    -73    -51    -70    -97    -76 
  -108   -167    -86    -44    177    248    -17    -60    -82   -108    -30   1058    557   -109    -43    -83 
   -67    -34    -49   -116    -98   -105    -85    -95   -107    -93    -74    -75    -43    -92   -110    -86 
  -107   -146   -158   -115    105    320    -12    -38     19    -35    -33    -64    -65   -120   -121   -109 
   -48    -46    -72   -113   -114   -110   -103   -123   -154   -149    -71   -116   -201   -141    -62     -7 
   -36     -2    300    495    -11    -93    -39   1269    749    547   1077    185    -88   -127    -74    124 
    -9    -15    -23    -39    141    -40    -87   -137    -86    -50   -116   -131   -176   -132    -91   -155 
  -140    554   1084    976     26    -43   -103   -198   -184    -78    291    -18    -34    -62     23    339 
   425    -40    -73    -74   -145   -130   -184   -153    -32    -64    -81      2    -13    -26    -59   -100 
   113    -28   -106   -184   -111   -127   -199   -175    -93    -78    -46    -45    -69    -63    -90   -123 
  -110   -145   -158   -187   -142    -94   -134   -138   -134   -127   -103   -118    -46    -81   -136    -99 
   -80    -79    -45    -41    -61   -122   -156   -117    -63   -108   -105   -145   -139    -68   -124   -187 
  -189   -193   -237   -115   -124   -168   -136    -77   -164   -215   -227   -189   -197    -85   -124   -162 
  -101    -36    -27   -125   -162   -160   -159    310      3   -113   -148   -165   -192   -127   -108   -159 
  -143   -138   -262   -228   -300   -328   -301   -208   -170   -217   -196   -146    -95    -85    -30    334 
   472    219    -48   -114    -78   -110   -113    -66    -44    -66   -148   -199   -177   -140   -147   -221 
  -172   -137   -147   -173   -187    -56     -8   -117    -54    -13     62    129   -118    -91    -77   -106 
    16    -68    -24   -129   -197   -163    -89    -13    -14    -43    -27    -74   -116    -83    -35    -81 
  -107   -145   -127   -174   -107    -50    -28     -5    803   1153   1052     -3    -12    -72   -104   -126 
  -163    -21    -38    -36    -40   -100    -23   1276    709    -19   -132    -90    162    315    618    226 
   297    -15    -20    111    458    -24   1327    -24    -75    -68    -97   -129   -114    -63    -56    -14 
    -5    773   1803    -29    -74    -34   -136    -96    308    128   -156    -87    -72    205    667    238 
   820    708    -21    470    -16   -118   -101    -79    -14    554    793    -87    694    -19    -40    -77 
  -165    395    395    360    -58    108    589    534    979    484    -31    384    583    -48   2311    401 
   -37    -41    -12    222    464    689    140    380     -5   -114   -255   1670    -14   1066    -55    445 
   403    -78    358    427    -30    478    859   1021    757   1077    633    631    716    393    260    169 
   373    957    725    -54   -189    676     -6    434    864   1203    367   -160    414     -1    116    524 
   -18     80    -47    -25     -9    -22      3    100     -3    -20    197    510    516    209   -139   -146 
    -3    184    750   1312    -45    -33     65    -30    756    159     -4    -51    -66    -78    -57    -22 
    -7    -26    -41    -60    -46    310   1086    818    -31    -80    -22    -41    -16     -1    -66    -22 
   222    -47     -3    -11    -17    -53    -66    -70    -81     -5    461    -16    -58    -88    -90    -74 
   -49    412    679   1274   1878   1132    350    113    -42     -5     24    -35    -69    -31    -33    -28 
   -22    -37    -44    -34    -35    -17    -54    -77    -50    -39    -23    -15    -46    -55    110    258 
   385    481    324    681    720    134     -9    491    489    745    731    458   1046    865    774    499 
   236     99    436    704    305    171     -1    -13     -8    394    708    724    347     36    145    -33 
   -17     -4    -36    -19    -17    -11    243    307    646    914    916    480    -10     68    447    694 
   879    766    468    889    787    672      0    -44    -21    -13     -7    -21    -48    -38     -7    350 
   274    230    363    525    305    116    -20     -7    328    332    310    572     -4     -2    167    208 
   -13    -18    -38    -26    609    129    -35    -42    -44    -19     -5    -49    -78   -113    -47   -111 
   -29    -69    170   -107   -159   -228   -165   -129    -50     69     41    266    682    325    147     -2 
  -114   -133    -93    -21    -48    -74    -56   -163   -173   -202   -191   -178    -35     -8   -150   -294 
  -195   -104    -66    123    253    214    977    843    372    296   -122   -210   -125    -49   -111   -143 
   -92   -191   -226   -253   -245   -123    -26    241   -140   -336   -157    -25    134    252    307     43 
   334    196    714    -12   -109   -185   -133    -67    -68   -158   -131    -86   -110   -268   -182   -114 
    -4    337   -107   -218    -82    -21    -24    -33     77    188    391     89    632   -111   -109   -133 
  -166   -155   -180   -158    -98    -32     70   -108    -69   -138    -79    124     -5    -99    -36    -60 
   -42    -67    -94    -46    136    -23    244    -63    -45   -100    -75    -16   -130   -145    -35    -81 
   -45   -105   -148   -290   -200    -25   1361    -20    -40    -48    -55   -145   -160   -117    -97    -56 
    61    -60   -116   -122   -117    -30    -27    -37    -99    -42    -20    164   -169   -250   -109    815 
  1803    578     -2    -75    -56   -157    -78    -66    -57    428     11    -37   -160   -134   -120    -61 
   -91   -208   -204   -149      0    561   -108   -137    251    -30    520   -141   -150    -96   -102   -168 
  -147   -104    -74    -37    -28    -65   -113   -120    -44    417    -31   -225   -284   -143    -39    -83 
   -91    -87     -4    -73    -47   -175   -222   -181   -156   -145   -193   -121   -100    -66    -93   -132 
  -117   -160    -65     -1    -66   -210   -192   -120   -115   -133    -90   -120   -173   -258   -200   -201 
  -273   -159   -126   -232   -208   -129   -100   -113    -71   -143   -147   -138    -53    -99   -209   -236 
  -313   -281   -339    -85    486    265    -72   -116    -54    -73   -141   -231   -209   -197   -203   -132 
  -101   -158    -84   -136    -70   -157     63    -63   -142   -197   -367   -261   -152   1585    376   -117 
   -32   1737   2438   1467    -13    -57    -39   -102   -125   -106    -90   -115   -280    584   2701   1486 
    37   1916   1214    -86    -41   1449    -40   2600   -204     -1   1903   1795   1284   1255    145    395 
  1946    883    -89   -107      1    -77    492   1535    988    972    277   3219   3505   1413   2212    294 
   -53   1542   1864   1863    576    145    -76   -179    -66   -108    -42   1410    965   -102    344    -41 
  2562   2645    790    -58   2148   2228   3344   2880   2231    571    -49    447   2860   4227   4166   2458 
   790     38   -172   -240   -151    -71    855    -14   1024   -111    862    983    -28    -14    536   1510 
  2103   1893   2229    -52   -111   -129    -33   1926   2842   2069   2419    899    -61     -2   -104    -70 
   -92     -9    929     -4    352    464    -95   -110    -91    415   1425   2257   1764    -36   -255   -179 
  -208    959   1563   1376   2726   1036     -1    -33   -112    -49    -36   1087   1837   1719    634    -44 
  -236   -336   -167     -2    943   1684   1381    391    -16    395   1134   1648    749   1343   1532     25 
   -75    -87   -176   -169   -161    830   1105    812    755    -17   -151   -163   -118    -26    731    975 
   941    311    315    444   1228   1222    306     68   -121   -259   -136   -113   -245   -226   -289     32 
   140    493    418    767     66    -27     -2    -29    -17    407    765    885   1004    694    841    745 
   188   -144   -259   -249    -43     36   -164   -196   -224    -43    -21    337    465   1641    903    711 
   184    280     96    326    601    421    495    697    755    476    -17   -201   -256   -256   -153    -56 
   -63   -101   -104     -4    479    646    318   1334   1076    728    426    363    504    494    454    387 
   472    654    548    335    441    -11    -70   -104    -69    288    622    596    185    264    822    571 
   573   1015    459    207    163    281    798    500    257    307    320    274    201    166    170    128 
   152    266    177    396   1098    649    436    142    289     -7    325    434    187     79    246    679 
   885    636    758    310    -15    -13     16    405    621    525    296    117    261    785    958    436 
     1     -3    133     -6    126     21    -18    -18    647    789    739     33     -4     40    -22      0 
    -1    430    121    -10    -25    -40      2    126     -9    -24    108    723   1048    474    -54    -46 
   -49    -61    -47    -77    -73    -50    -44    -31    -28    318    538    504     48    -44    -59    -61 
   -42    -19    -35    133    521    260     86    -25    -14    -18    792    420    590     -2     36    431 
   -15     96    516    739    627    550    687    788     96    -56     94    161     -2    -40    -79   -105 
  -104    -85    243    -19   1543   1221    740    359    724    998    194    721    -43    -44    116    167 
  1530   1048     -4    512    133    -55    -53    -64    -53    247    -63    -98     48    -14    846     64 
   -43     -9      0    585    384   1011    -34   -119    -63    -77     -2    -67    127    989    -69    -82 
    92    218    -51    245    -48    -95    169    508    -50    -67   -132   -158    -96    -64    -51    -22 
   -96   -120   -122    -94    -24    -61    861   1205    -65    305    890    829    459    661    -19    -87 
   537    451    -10    -57   -120   -121    -75   -139   -190   -145    -75   -140   -225   -107    -77   -108 
   973    182   -107    -79    -38     44     -5    -53    -81    -58    -10    -51   -137    -76    -56   -118 
   -13   -116   -162    -26    -23   -180   -138    -20   -114   -255     68    -90   -104    -67    -56    865 
   691    -73    -45    -46    -36    -33   -247   -135   -122   -169    -56   -218   -183   -107   -105   -241 
  -111   -103   -325   -207    171     -3    288    -21   -125    418    525    -60     34    -73    398    -18 
  -132   -119   -154   -105    -44   -209   -226   -115   -131   -219    -67   -130   -317    654    263     75 
   -98   -147    -97    568     34    -28    -30    -83    -46    -13    -83   -125   -209    -51     -9    -63 
  -120   -156    -19    -47    -91   -141    -58    562    901    -24    -22    331    -69    -69   -142    -94 
   -73   -107    -79    -91   -142   -121   -304   -104     -5    -44   -184    -98    387    230    -40   -121 
   -19    -49     90    -50    -28   -162   -156     -6    -66    -33    -64   -108    -61    -94   -129    -82 
  -139    -35    158    604    372    440     65   -137   -207   -184    -80    -88   -115   -195   -220   -332 
  -153    -45   -115    -63    -94   -118    -99   -177   -234    -57   -123    -27   -112    -42    -55   -305 
  -233   -200   -223    -96   -198   -285   -225   -215   -225   -232   -106    -88   -135   -139   -140   -172 
   -86   -362   -279    197    -18    -40   -177   -172   -401   -396   -115    -55    -19    -76   -303   -188 
  -150   -106   -123    -33     -1    -74    -95   -142    -98   -159    -57   -350   -114   1081    152   -126 
  -192   -223   -486   -185   -177    -59    855    639   2774   2601    193   -124   -308    -68    -16   -120 
   -83    -43    -99   -224   -134   -324   -223    798    -20    -31   -111   -126   -323   -115     56   1423 
  1578   1067   2626   1710    301   -247   -169    -82    -71   -176   -200    206    -83   -228    -66   -155 
   -37     85    -41     -3   -139   -116   -198    -54   1410   1774    -27    -13    330   -115   -253   -265 
   171    -48    -30    -94   -112    228    -31   -250    -44    -50   1011    -21   -158   -133   -212   -182 
  -141   -217    -32    -10   -199   -176   -162   -149   -201   -199    325    397    -37    -38    -47   -107 
  -168   -231    -14    -46    287    -20   -201   -168   -127    -82    -43    -99     -9    -42   -102    -88 
  -115   -192   -209   -228    -63   -143    -80    -24    -30   -119   -245   -183    483     32    -34   -169 
  -275   -249   -117    -10    -18    -88    -86    -96   -151   -129   -130   -156    -73   -154   -233   -315 
  -108    -47   -107   -208   -371   -235      0    -12    -91    -99   -151   -144   -166   -122   -112   -139 
  -101   -108   -125   -129   -177    -74    -11   -157   -290   -270    -61    -95   -185   -229   -292   -196 
   -23    -24    -78    -58    -69    -80    -94    -36     -3     -8    132    -22    -58    -16    -55    -58 
  -100   -254   -246   -142    -94   -177   -330   -285   -206   -183    -18    -28    -28     -5     95     26 
   -52    -18    -22    126    350    148    -31    -31    -59    -50    -65   -110    -66    -95    -98   -111 
  -198   -144   -156   -155    -32    -84    -97   -129    -93    -70   -117    -84   -102   -111    -68    -83 
  -102   -126   -117   -109   -128   -146   -114   -144   -101    -60   -139   -119   -169   -178     71    -17 
  -101   -113    -88    -60   -100   -121   -127   -129    -56    -61    -71    -78    -86   -100   -113   -127 
  -167   -173   -102    -56   -188   -187   -230   -182    -32    -42   -147   -153   -120   -105   -106   -105 
  -103   -107   -107   -144   -153   -140   -122   -120    -93    -98   -123   -147   -130   -151   -252   -268 
  -288   -214    -49    -43    -78    -58    -59    -81    -78    -87    -89    -56    -92   -137   -137   -125 
   -94    -68    -68    -87   -116   -113    -49    -83   -154   -141   -144   -102    -84   -126    -97    -85 
  -111   -168   -153   -125   -101    -45   -124   -193   -152   -155   -119   -182   -101    -42   -121   -142 
  -127   -132   -152   -151   -161   -126    -74    -28   -138   -116   -136   -291   -264   -224    -96    -14 
   -68   -199   -258   -203   -189   -166    -71     -9   -162   -181   -160   -120   -107    -99   -167   -179 
  -161   -100   -136   -126   -135   -264   -296   -247   -185    -73    -68   -175   -270   -212   -190   -152 
   -97     -5   -139   -121   -142   -117   -115    -90   -158   -150   -159    -46   -115   -143   -152   -237 
  -222   -138   -149    -76   -149   -160   -142   -156   -177   -129    -74    -33    -94   -122   -161   -121 
   -62    -61   -104   -105   -186   -134   -251   -202   -191   -309   -260   -168   -190   -167   -237   -130 
   -93   -215   -214   -195   -123   -195    -85   -158   -155   -136   -102   -115   -131   -132   -140   -149 
  -247   -172   -225   -283   -246   -191   -202   -147   -169    -58    -41   -157   -154    -59   -137   -226 
  -161   -188   -153   -151   -155   -186   -170   -165   -102   -131   -163   -106   -194   -248   -220   -193 
  -215   -252   -135    -37    -82   -137    -51    -29    -41   -153    -90   -180   -238   -240   -254   -208 
  -201   -176   -115   -167   -148   -163   -225   -270   -226   -204    -15   -179    -66    -43    -73   -116 
   -37    -45     -5   -124    -15   -126   -237   -172   -205   -123   -127   -112   -116   -162   -141   -117 
  -120   -129   -110   -128   1367    -45    -57    -77   -165   -101   -103   -120   -125   -191    -41   -163 
  -212   -148   -186   -170   -123   -117   -151   -169   -196   -188   -145   -176   -116   -136    527    -55 
    -9   -120   -185   -139   -198   -274   -268   -347   -176   -190   -195   -157   -195   -174   -107    -73 
  -131   -180    -77   -121    -83   -101    -24    -33    -31    832   1964    190    678    -19   -122   -156 
  -159   -195    -95    718    -17   -165   -226   -186   -140    -61    -86   -100   1921   2825   1401    -30 
   551   2123   2106   4153   4278   3522   2299   2025   2194   1428   1547   1445    485   2237   1257   -116 
  -258   -193   -201    -61     32    -63   3265   3353   1313   -127    -34   1284    845   2771   3169   2113 
  1832   3349   4670   3973   2995   1331    240   2487    -28    -27   -159   -107   -187   -128   -313   -221 
  1422   2089   -220   -253   -259   -227   -274    -37    -51    -61    -24   2152   1983   2998   2395   1015 
   -13     -2   -103    -99    -89   -175   -161    -85   -350   -254    -74     13   -212   -217   -161   -156 
  -257    -63   -159   -306   -274   -337   -170    -43    -91    -94   -140   -142    -51   -166   -125   -272 
  -237   -133   -219   -268   -182   -185   -256   -223   -147   -201   -338   -342   -231   -399   -327   -362 
  -220   -180   -279   -196   -191   -178   -129   -200   -106   -263   -273   -165   -215   -258   -197   -337 
  -245   -236   -128   -117   -249   -421   -336   -376   -402   -331   -172   -153   -189    -72   -203   -251 
  -144   -280    -18   -214   -287   -116   -187   -347   -307   -354   -208   -190   -126   -138   -145   -172 
  -202   -230   -284   -210   -195    -92   -224    -84   -264   -281   -202   -305   -112   -218   -234    -78 
  -176   -376   -287   -285   -161   -138    -80    -82    -50    -74   -112   -134   -171   -131   -121     -6 
   -78    -31   -154   -271   -251   -295   -103    -94   -102    -75   -105   -297   -176   -149   -126   -119 
  -150   -154    -94   -116   -116   -101   -127   -111    -92    -26    550    108    -67   -207   -259   -211 
   -79    -58    -86    -65    -90   -182   -120    -70   -110    -88   -132   -140   -127   -155   -153   -178 
  -179   -151   -112    -82    -66    -53    -98   -212   -193   -186   -138   -145   -170   -121   -163   -185 
  -174   -123   -134   -126   -139   -151   -144   -165   -172   -189   -179   -153   -128   -143   -133   -105 
   -90   -114   -160   -141   -137   -155   -197   -138   -202   -242   -231   -191   -202   -188   -204   -225 
  -233   -224   -206   -185   -155   -115   -136   -148   -142   -155   -146   -128   -184   -165   -149   -146 
  -180   -122   -167   -207   -166   -140   -164   -172   -181   -207   -170   -150   -162   -145   -134   -156 
  -151   -135   -136   -171   -173   -172   -160   -160   -196   -202   -228   -156   -140   -194   -137   -146 
  -164   -139   -132   -122   -105   -129   -162   -133   -130   -141   -151   -126   -104    -80   -144   -146 
  -155   -142   -124   -131   -156    -93    -62    -80    -43    -94   -103    -89    -60    -75    -95    -78 
   -62    -40    -53    -44    -49    -49    -64    -74    -82    -61    -84    -90    -73    -57    -75    -52 
   -29    -43    -45    -41    -89    -48    -22    -38    -65    -67    -85    -61    -50    -18   -115   -123 
   -37    -51    -90   -145   -150   -192   -132    -68     62    968   -142    -41    -10    -13    -95   -147 
   -32    -49    -36    -12    -87   -131   -126    -90    -80    -72    -42   -147   -157   -188   -144   -111 
   -32    -31    766   2284    -70    -46    -30     -8    -94   -167    -96    -30     -8    -48    -52    -86 
  -157   -152   -116   -109    -78   -164    -53    -10    -91    -86    381    173    522   2437    -95    -13 
    10    -55   -134   -111    -98   -105    -88   -102    -68    -26    -63    -87   -136    -92    -62    -72 
   -40    -73    -88    -35    822    498    567   2354   -102    -42     -7    -40    -84   -102    -76   -119 
  -120   -143    -28    896    -84   -146   -148    -65   -122    -84    -49    -93   -129   -110    -41    -73 
   384   2288   -152   -150    -27    -11    -68   -134    -63    -84   -142   -196    -84    290    -17    -50 
   -62    -18   -187    -83     -7    239    -85   -134   -127    -25    648   2408    -59   -112    -89   -131 
  -165   -135   -120    -76   -130   -126   -151    -29    -60    -21    879    206   -106    -15      6    273 
    -9    -46    137    444   1284   2831    -59    -83    -64    -72    -88    -87   -128    -57   -293   -218 
   -20    -56   -201    348    908    236    -67    -38    -59    -53    -42    262   1115    858   1634   2387 
   -95   -148   -113    806     51     -2    -34    -47   -143    -64    -10    -78   -151    717    506    210 
   -82    -21    -15    -86    -89   -128    527    555   1311   2420    -22    -28    -94    -75    -62    -24 
   -36    483    524    296    -74    -65    -61    -10    225    -29    -99   -152   -108   -149   -117   -118 
    -9    114    878   2152    -51    -13    409     -9    -65     -5    962   1224    593   -116   -164   -130 
  -107   -149   -215   -198    -96   -181    -20    -27   -162   -146   -128    -73    246   1794   -112   -107 
  -142    -80   -188   -171    -56   -136   -145   -220   -321   -178    -69   -284   -140   -186   -177   -205 
   -88    -60   -139   -120   -116   -129     65   1867   -166    -78   -359   -446   -289   -332   -246   -308 
  -210   -129   -394   -365    231   -153    -16    377    793   -166   -121   -160   -261   -126    -44   -101 
   428   2178    -84   1482    -77   -275   -201   -198   -190   -192    -25    129   -153   -250    -55   1013 
   852    128    468    651    238   -146   -251   -225   -147   -110    582   2730   -133    745    488   -120 
   -43    -16    -28    334    552    941   -111   -163    -67    -67   -108    -38   -103    230    -72   -153 
  -270   -118    -50    -95    976   2737   -228    -75    -84   -119   -146   -120    -73    -56   -130    -23 
  -222   -259   -164   -141   -129   -211   -174    -10    -39   -115   -160   -130    -59    -91    658   2684 
  -220   -137   -149   -164   -197   -175   -112    -71   -154    -87   -276   -240   -205   -149   -168   -250 
  -204    551      4   -135   -171   -190   -180   -164   1083   3043   -205    -57   -213   -204   -200   -248 
  -109     27    -70    -55   -136   -128    -88   -109   -190   -223    -98    -24   -153   -134   -180   -252 
  -219   -285    357   2798   -199   -105   -189   -151   -165   -167   -210    -91    -88   -145   -147   -166 
  -140   -167   -169   -184   -118    -86   -203   -120   -155   -262   -211   -170    349   2653   -193    -93 
   -58   -100   -120   -153   -155   -114   -124   -149   -166   -153    -88     35     -8    -32    -87   -124 
  -203   -161   -149   -100   -122   -179    855   3151   -268   -196    -96    -85    -84    -86   -108    -95 
   -86   -103   -129   -156   -124    -56    -67    -39   -106    -82    -48    -93    -83   -139    -73    -57 
   840   2648   -209   -151    -98    -59    -85    -92    -98    -46    -62    -91   -115   -134   -123   -111 
  -162   -167   -162   -171   -125   -161   -139   -122    -32    -10    646   2294   -182   -167   -144    -97 
  -131   -137   -145   -133   -138   -123   -142   -138   -115   -129   -163   -178   -156   -137   -122   -170 
  -173   -132    -50    -16    904   2172   -154   -172    -98    -45    -98    -96   -104    -92    -89    -78 
   -69    -71   -100   -138   -143   -112   -141   -158   -163   -144   -129   -124    -62    -47    946   2403 
  -181   -168   -100    -94   -165   -162   -153   -148   -204   -213   -210   -142   -138   -159   -140   -116 
  -138   -212   -196   -219   -206   -194    -87    -70   1131   2508    -95    -85    -52    -51    -62    -77 
   -81    -50    -69    -24    -21    -23    -49    -42     -2     -9    -14    -82    -60    -67    -73    -73 
   245    444   1782   2031    -33     -3    615   1099   1197    146    -32     12     -6    984   1264    606 
   698    479     32    -10    -28    356   1172    846    392    376    172    298    512   1555    -83    -35 
    67    464    746    -17    -86    -95    -72    -26    859    429    717    697     -2   -118   -221    267 
   888    668    159    272    324    766    206   1084    -91    116     98    530    569    -47    -22    -56 
   -19     -2    716    158    922   1090    592    -48   -138    693   1372   1221    576    667    379    458 
   -19    931   -102    -52     -8     29    240    -42     78    -57    -22    -65    -10    428    -13    257 
   515     -3    -68    446   1532   1235    152    292    472    217     84   1055    -78    -98    -15    363 
   280    -45    146    -45    -66    -81    -56    -35    -62    326    720    242    -31    105    688    754 
   258    209    208      0    -48   1124    -61    -13    -16    -40    -18    -79    -34    -20    132    -40 
    43    -23    -73    135    389    480    382    161    -13    355    -24    175    -45    -92    -46   1649 
   -70    -67    -99    163    268    -73    -29     -5    454    133    529     -8    -87    182    191    937 
  1101    634    542    338    -93    277    282    167    -28   1421   -114   -148   -165    498   1003    -72 
   -68   -110    416    456    553    431    -13    -10    353   1320   1208    357    225    953    191    281 
   269     -8    -46    958    -94    -86   -122    -10    817    -43   -128   -172    167     -2    -30   1175 
   437    433    553    841    145   -153    -63    931     -3    -14     -4    -25    -47    595    -69    -33 
   -73    -19    403    -63    -39    -88    523    119    -18    448    599    486     94    205    -23   -140 
  -103    -26    210    191    536     -7    -26    598    -95    -23    -39     -8    -13    -38     92    -57 
    20    -25    -96    -95    -34    321    718    364     19    -65   -142   -111     87    159    472    -11 
   -70    498    -71   -147   -105    -77    -73    -81   -187   -229   -218   -214   -181   -215   -206     70 
  1115    427    955    -20   -195   -115    541    -12     31    457    -62    713    -80   -236   -224   -130 
  -125   -115   -221   -281   -281   -154   -104   -156   -294   -185    -30     -1    153    596    -83    -88 
  1117     -5   -100    201     -1   1302   -114   -162   -182    872    -48    -41    -92   -146   -185   -122 
  -120   -125   -227   -257   -118    778    886    192    -51    219    169    764    -57   -103    -37   1572 
   -79   -180    -80   1510    -41    -37    -49    -38   -105   -184   -182    -26    -58   -222   -262   -111 
   -12    -47    231     14    876   1715     -7    -97    -41   1153   -143   -179    -93   1251    278    -19 
   -12    -49   -106   -127   -164      1   1327   -123   -187   -151   -161    -56    317    -17     32   1166 
    -8    -53    -17   1164   -144   -113    -60   1220    999    -19     -2    432     66    -23    883    972 
  1717    442    -79   -150   -125    -44     -3      0     18    419    -38    -25    -12   1354    -78    -65 
   -37    -40    692    209    250    721    596    374    910   1078    939    409    -71   -132    -95    507 
   632    235    -15    -40    -39    245    715   1505    -25    -34    476    262    132     -3      8    658 
  1006    571    602    391    289    423    -30    -99    -82   1308   1267     -7    -18    149    107    460 
   367   1147    -40    -52    242    800    617    708    652    700    751    282    532    368    323    738 
   175    -64    -45    937   1074    -24    -55    -60    435   1477    430    839    -66     11    268    434 
   714    756    677    643    539    528    426    504    180     21    -10    -35    -30    125    198    359 
    10    -29    102    395    -13    558    -14     64    321    476    713    659    713    472    713    882 
   816    759    507    136     -3    -53    -82    -56     45    720    411    280    -14    388     -3    277 
   434     39    337    610    782    736    750    399    360    520    740    641    341    356    515    130 
   -24     -1    348    601    438    499    267    430    124    401    259    -33    224    635    927    730 
   747    999   1034    703    758    822    604    547    516    362    217    279    145    337    700    720 
   244    301     -5    338    318    -14    205    218    598    415     44    497    442    -12    528   1070 
  1145    522    417    693    629    490    -12    157    521    820    585    546    607    870    225    459 
   758    697    756    545    591    671    765    775   1157   1589   1413   1011   1029   1314   1060    919 
   550    357    552    898    707    721    941   1590   -184    -84   -179   -272   -166   -147   -112    454 
   -43   -171   -284   -206   -168    -33    -58     28    -12    -75    -68   -128    -74    -91   -100   -132 
  -251   -259   -275   -133   -271   -311   -138   -287   -204    -35   -230   -299   -303   -213   -256   -138 
  -162   -241   -258   -148    -83   -278   -289   -290   -279   -242   -388   -454   -234   -152   -172   -223 
  -196   -248   -203   -235   -374   -298   -232   -261   -307   -236   -316   -271   -214   -115   -154   -355 
  -339   -325   -274   -235   -267   -315   -101    -76   -204   -164   -118   -182   -195   -243   -179   -104 
  -160   -246   -232   -176   -214   -356   -316   -153   -161   -233   -278   -312   -255   -123    -84   -164 
  -187   -162   -178   -136   -133   -304   -224   -170   -235    -73   -169   -312   -189   -116   -214   -341 
  -244   -120    -73   -179   -348   -255   -300   -189   -189   -254   -145   -165   -253   -183   -171   -238 
  -253   -215   -222   -168   -206   -385   -201   -174   -235   -282   -245    -68    -70   -230   -397   -185 
  -161   -231   -226   -265    -43   -175   -253   -189   -172   -132   -242   -247   -199   -223   -344   -411 
  -231   -196   -211   -181   -218   -115   -130   -177   -283   -202    215   -249   -322   -308   -127   -202 
  -227   -178   -142   -134   -265   -240   -204   -136   -352   -338   -193   -153   -240   -255   -463   -258 
  -161   -144   -183   -237    -19   -125   -232   -239   -166   -237   -240   -218   -228   -297   -239   -289 
  -146    -84   -174   -230   -126   -113   -221   -365   -309   -235   -186    -49   -239   -281   -148   -189 
  -275   -255   -148   -277   -129   -122   -276   -355   -249   -182   -175   -121   -120   -212   -197   -277 
  -288   -238   -125   -102   -119   -101   -322   -314   -240   -278   -290   -247   -208   -217   -237   -109 
  -291   -327   -309   -341   -263   -266   -221   -357   -295   -339   -315   -281   -261   -186   -129   -258 
  -321   -298   -219   -286   -262   -241   -303   -315   -388   -216   -300   -198   -330   -388   -349   -612 
  -330   -312   -136     34   -207   -259   -268   -230   -253   -184   -372   -262   -132   -274   -177   -210 
  -258   -405   -399   -187    633    -88   -150    -90   -270   -339   -189   -135   -146   -164   -219   -291 
  -274   -245   -315   -231   -216    -55   -127   -149   -128   -232   -191   -246   -464    407   1595   -222 
  -256   -228   -380   -166   -130   -330   -218   -155   -165   -432   -362   -362   -274    -65   -140    333 
   275    644    -57   -347   -314   -381   -393   -222   -270   -294   -297   -307   -420   -283    -88    -33 
  -195    -87   -209   -247   -168   -226   -143   -140   -120     65     -6   -111   -225   -471    -88   -349 
  -208   -225   -444   -308   -277   -349   -506   -210    -61   3922    268   -329   -300   -353   -322   -293 
  -114    -90    839    955   -201   -166   -191   -345     -2   -126   1274   3091    -53   -298   -188   -257 
  -499   -614   -404   -194   -295   -316   -278   -299   -304   -286   -233   -193   -206   -164   -173    715 
  -160   -354   -119   -127   1058    687    320   -182   -250   -237   -251   -315   -323   -236   -370   -326 
  -210   -214   -188   -232   -137   -167   -131   -140   -108    -63   -201   -313   -259   -338   -213   -240 
  -142   -196   -126    -94    402    383    -50    -64   -231   -183   -162   -181   -233   -517   -381   -457 
  -321   -235   -411   -417   -485   -350   -176   -190   -336   -249   -179   -243   -207   -142    -85    -36 
   -74   -129   -224   -193   -273   -325   -305   -331   -349   -476   -264   -220   -283   -262   -430   -359 
  -133   -138   -295   -188   -188   -156   -143   -128   -156   -161   -133   -141   -191   -150   -110   -245 
  -274   -318   -371   -360   -336   -371   -244   -251   -304   -353   -163   -148   -185   -151   -153   -139 
  -120    -61   -108   -175   -181   -197   -190   -200   -172   -216    -94   -106   -141   -193   -294   -207 
  -196   -258   -273   -364   -173   -157   -203   -225   -266   -241   -200   -187   -206   -264   -219   -202 
  -204   -221   -152   -175   -135   -159   -138   -163   -191   -140   -151   -155   -251   -373   -254   -191 
  -192   -192   -229   -229   -176   -208   -237   -263   -198   -185   -180   -183   -201   -226   -231   -213 
  -168   -224   -196   -167   -162   -184   -281   -348   -194   -175   -177   -140   -165   -161   -109   -134 
  -146   -139   -139   -196   -258   -220   -223   -197   -247   -223   -253   -232   -190   -192   -196   -160 
  -234   -316   -294   -365   -268   -251   -246   -222   -200   -243   -207   -174   -249   -260   -221   -157 
  -192   -156   -178   -144   -213   -251   -204   -231   -268   -198   -200   -268     11    356    -16    202 
    73    291     -5    -26     34     85    -11    480    540    457    153    -32    156    423     -5    508 
   480    609    860    945    236    -24    -31    665    593    435   1021   1129    673    570    598     49 
   -55    217    797    747   1005    -11     80   1230    -22     -9    -47    -23    -13    476    303     -5 
   -16   1161   1130   1230   1300    893    557    824    814    257    -14    458    440    121    922    -13 
   149    -28    -37    205    -23    136     56    272     77     -9     -6    418    669    605    618    208 
   159    369    108    -15    -18     -5    -45    -79    -18    -98    -16   -107   -117    232    -25    -25 
   -28    -15    -24    -10    502    712    487     38    448    276    195     23    -18    359    391     -8 
   -23    -61    -42    -66    -20    -84    -80    652     50     -4    179    164     -1     -6    178    527 
    76     -8    349    212    -16    -35    -28     -1    625    -21    -29    -45    -38    526    472     60 
   -15    857     -5    -42    -76    -54    -86    -25    749     38    -79    -65    -34    -51    -46    -74 
   -45    -26     53    -69    140    -49    -31   1156   1009    729    556    488    688    -50   -146   -131 
  -105    -32    749    214     25    153    -18    -18    -53    -47    547   -109    -55   -118    -74    -82 
   438    587    587    558    655    -20    228    -69   -151   -142    -76    -47     72    -22    284    787 
   -20     -7    -66    -40    -25   -116    -72    -97    -72    -54    -29    -78    -38    618   1388    317 
   783    754    -21    -43      0     -6    385    474    249    -21    -34    158    -41    -45    -20   -102 
  -118    -83    -15    328    464    245    473    906    240    -87    -24   1700    322    193    343     -3 
   764    710     -2    -62    305    482      0    -35    852    169    427    -14    -76    -68    -37    -40 
   703    674    286   -112    -98   1792    405    337    117    225    649   1250     -8    226    867    986 
   590   1574   1648   1139    715    -64   -122    -40   -129   -157    -62    -28    140    -64    -81    975 
   -39    -27    -77    288    218      2    104    117   3482    437    962   3191   1646      0    -71    -44 
   -72   -168   -279   -257   -192   -184   -135   -181   -134    -72    -53     -3   -110      5    -63    -18 
   -55    -31    -20   -144    -89    758    718    -22    -54    -28    -28    -75   -173   -281   -252   -201 
  -164   -197   -256    -79    -77     -5   -131    -24    -21    -86    -22     -1    -98   -138   -166   -131 
  -124    358    842    619   -159   -119   -204   -209   -212   -107     29   -157   -176    -66    -34    -66 
   -92     46     81   -128    -55    -44    -61    -88   -114    -81    -96    539    347    -28   -118   -180 
  -161   -181   -204    -52    138    -94   -128    -62    -74   -131    -95    -23    305    -60   -102    -40 
   -79    -66    -82    -93   -123   -150   -173   -199   -215   -111    -99   -181   -212   -105    -13    270 
   198    -45    -61   -187   -144    -26    519    -40   -101   -139    -73   -138    -94   -108    -79   -135 
  -196   -161   -195    -49    -39   -181   -205   -114   -170    104    -28    -52   -120   -177   -122    -11 
   706    -87   -153   -141   -130   -107   -120   -149   -144   -124   -153   -132   -143    -46    -49   -147 
  -183   -194   -184    -69    -86   -153   -247   -227    -96    -14    217   -118   -117   -115   -123    -92 
   -67    -35    -41    -25    -51    -60    -92    -33    -62   -155   -196   -232   -184   -101   -151   -143 
  -261   -258   -111    -28    384    -53    -33    -39    -47    -19    -17     -4     -9     55     68    -10 
   -27     41     -5   -116   -198   -250   -132    -94   -168   -215   -276   -161    -52     85    516    270 
    -1     -8     -2     -4    -11     83     32    150    108     -2     -9     -4     39     -8    -71    -94 
   -45    -80   -124   -113   -140    -62    -29    260    589    349    -24    -38    -41    -25    -14     -7 
    -2    -12    -46    -49    -42    -51    -32    -24    -24    -18    187     -5    -42    -64    -63    -29 
   -16    136     67     -5    -61    -92    -76    -87    -81    -81    -62    -50    -70    -51    -30    -58 
   -55    -37    -16     -5     63     60    -43    -51    -49    -21      0    123    207    126    -19    -55 
   -73    -50    -45    -54    -53    -51    -97    -89    -63    -79    -68    -62    -50    -31    -43    -45 
   -37    -55    -74    -50    -23     -9    -32    -40    -43    -65    -57    -32    -17     -6    -17    -30 
   -80    -66    -50    -61    -59    -67    -52    -23    -46    -44    -38    -55    -41    -36    -30    -12 
   -82   -117    -45    -56     41    802    -39    -98    -58    -49   -109   -106    541    675    345    -14 
   103    615    431    -17    -47    -85    -39    -37   -154    -30   -151    -24   -208   -189   -161     -7 
   -73   -178    -12    -67   -144   -122    -80   -100    -23    -62   -250   -151    -12    593    685    230 
   -61    -62   -226   -116   -246   -175   -237   -236   -148    -61   -167   -272   -139   -161   -108    -81 
   -99   -142    -58   -123   -306   -148    -32    144    -16    -97   -209   -165   -206   -106   -217   -222 
   -71   -111   -129    -34    621    229   -100    -82    -34    624    233    529    578     -7    -55    158 
   -16    -72   -113   -119   -170    -87   -117    -70    -99   -177    -65    -58    -53      0    141    259 
   -83   -143    -98     -1    -92    -58    -24     -1    -26     80     56      6    -57    -56    -72    -15 
   -87   -114   -132   -115   -146   -200   -221   -180   -125    -96    -85   -165   -213   -225   -220   -159 
   -94    -35    -87    -65    -47    860    -35   -102    -32     40    -48     67    -63    -63   -148   -161 
  -114    -70    321   1028    845    -31    -88    -97   -126    -98   -155   -106   -164   -177   -145    -62 
   434    -71    179   1005    123    -38   -115   -115   -175   -206    -68    579    550    328    150   -107 
   -11    687    964    370    492    -32    328    -69   -187   -116   1291     83    -63    648    -66    -65 
  -107    -67    -19   -106    -49    446     -2    -21    451    -65    -14     80    717    592    800     49 
  1319    -62   -250   -186    -92    -53   -176    -65   -132    -97     -4    511    234    158   1355   1241 
    18   2217   3836    760    365    -32    198    -13    -32    -71    226    -33   -148   -158    -66    -38 
  -138    -34   -123    -76    -59    246    -30    171    873    364   -146    -16    288    -21    181    465 
   -26    325    -47    -99    -77   -122   -212   -138    -25    -23   -155   -142   -157   -116   -304   -131 
  -125    -85   -217   -134    -62   -177   -231   -130    -46    -55   -221    -80    144    -22    177   -141 
  -207    -75    -37   -187   -204   -131   -150    -87   -335   -115    813   -219   -403   -361   -146   -323 
  -358   -215    745    -27   -296   -264    -80    -31    -13   -141   -165    -80    -45   -148   -199    274 
  -108    -81   -231   -192   1188    614   -202   -147   -150   -132   -223   -160   1833    952    -64   -100 
  1445   2153    908    -38     25     68    -26     72    -88    -38   -126    -52   -172   -189    923   2067 
  -111   -128    -27    503    -80    934    857    830   -145   -216   1510   1083    -53    638    243    -16 
   -16   1190    -68   -141   -110     -5   -246    -23   2046   1737   -143   -162    -81    -89    -41   1289 
   433   -100    -38   -204    -83   -122   -113    -47    -39     68   1549   2445    -53   -116   -108    119 
  -167     -2   2196    997    -17   -110    226     -8    262   2012   1820    165    561    -16    -36    -99 
   -12   1429    -61     86   3767   2482    380   -123   -199    691    -15    464   1177     57    -24   -104 
    86    407    631   1137   1016    374   1148    -11    -72   -115    -49   1632   -116    -75   2359   1535 
  -104   -123   -248   -111     -7    -25      3    869    402    884    651     20    400    924    545    156 
   167    -71    -26    -49   -131    -92    -38   -129   1109   1255   -158    -61   -209   -123    -38    -78 
   156    -18    308    243     -9    -29    -29    -10    375     70    -27    -21     -4     92    -48    -84 
   -14    -76    -91    -94   -164    -26   -141    -40    -99   -173    -53      0    -15     -7    -59   -103 
   -84    -64    -64    -55    -54    -51   -101    -38    -16    -76    -57    -49    -88   -146   -176    -91 
  -156    -12   -120   -168   -145   -103    -96   -114   -121   -144   -136    -72    -64    -77    -80    -78 
  -102   -113   -127    -98    -59    -56    234    -46   -111   -116   -170    -21    -87   -113   -151   -110 
   -66     -2    -52   -106   -110   -105    -80    -36    -86    -42    -12    -44    -37    -75   -117    -43 
   -27    -35    -51    -61   -107     -3    -55    -55    -26    498    966   1293    791    462    476    414 
   190    713    526    206    -10    -57    -71    -86    -64    -32    -56     -9    -83    -87   -119    -65 
   -92    -86    -12    352    375    331    374    140     67     -6    -24    707    973    554    -10     66 
   488    742    591    802    857    533    913    890    213    135     88    490   1362   1224   1180    944 
  1479   1424   1258   1135   1979   2645   2501   1820   1489   1810   1651   1169   1032   1367   1042    751 
   779   1020    821   1061    -32    127    -22    -13     -4    -79    552    193    184    617    138    -79 
  -106    -68     -8     -5     86     -5    516     -7    635    879    922    857    451    -70    -76    -73 
   -98    -55    -28    -89    -13    189    -24   1210    494    -78    -71    -44    150    -34    937   1772 
   141   -105    -72   -120   -118   -126    -88   -137    -97    -42    -33    185    231    -46    675   1019 
   -56    466    -36    -83    -65    -21    188   -191    -63    -25   -136   -202   -115    -86    -46    -21 
   -14   -104   -104    -30    -87    -54    -25   -107    -55    -68   -103    -49    -15    -78     -6    193 
   139   -140    -23    419    -84   -135    -83    -34    258    206    181    -76    -74     93    -68    -90 
   -81   -147    -84    -69   -116    -36    -67    -84    445   1048    184   -114    -84    -50    -84   -123 
   -71     -2    336    -36    428    -39    -39    -10    -46    299    125    -51    119    -34    -89    -36 
   -78   -118    -15    900    -33    -20    -21    -47    -29    -76    -58    934    646    256   1601    -22 
   -50    -71     91   1184    -97   -115    -64   -161    -94    -97   -120   -151    317   1063    406   1120 
   258    -23    204     -5    -59    685    497    -17    -30   -112    -34     -3    -45   1081   -132   -147 
   -70    -79    179    -51   -118   -136   -104    -38    276   1251    980     16   1397    623   -102    -28 
   -29    -93    -78   -119    -71    153    -77    499    -17    -65    -43     40    -64   -107    -79    -56 
  -124    -92     13     -9     -3    -77   1216    589   -100    -20    -65    -64    -16    -72    -71    -10 
   -92    -70   -145   -137   -109   -130   -242   -214   -152    -83    -82    -61    -10     11     -6    -97 
  -127     65    -39     -7    -39    -28    -13    -75   -101    -61    -97   -109   -170   -152   -117   -128 
  -182   -193    -93    -24    399    791    671    411    276    114    -14   1122    684    -22    -76    -75 
   -16    -15    -12    -15    352     25     30    -25    -88   1273    -16     -9    -20    -72    491    763 
    10    -16     -3     -6    -39     95    -52    -58     -9    -59    -19    -36    262    -37    -39    -68 
  -200   -103   -196     -4   -113    112    -78   -113    -25    205    142    712    919   1296    -36    618 
   198    -70    275    -37    311    -63   -175   -116    -70    -82   -241   -196   -244   -201   -217    -48 
  -107    -36    -48    -75   1160    968    750   1104    568    912    554    642    -79    -83    -15    -54 
  -176    -97    -55    -97   -201   -164   -262   -244   -222   -111    273    490    -30   -189   -248   -194 
   -81    -71    365    624   1085    336    -88   -103    -36   -124   -126     67    -11    -32    -84    -95 
  -142   -143   -163   -126    -44    420    -47   -249   -325   -289   -182   -118    -66    -37     -3     -6 
   -21    -43    -42   -165   -106    572    292    650    -13    -53    -88    -63    -95    -81    148    -52 
   -65   -163   -174   -138     46    -15     -3    360    -35    490   1307    376    259   -140   -121    103 
   750   1108   1074    924    253    -20    -42    -74    -79    -92   -167    -88    -47    -47   1641   1710 
    86     11     -7    450   1657    844   1008    -55    -80    318    892    597    253    744    209    -14 
   -34    -42    -50    -55    -80    -43     30     46   2983   4258    547    246    674   1275   2167   1112 
   671    -67   -100    -41    -97    -67    -86    -55    -80    -61    -70    -65    -96    -78    -82    -47 
   -15    312   1717   2081    516    -60    -33    979   1395   1085    352   -114    -42    396    -12    -30 
   -47    -31    -56    -37    -31    -29    -46    -26    -74    -62    -66    -47    -56    -34     59   -116 
  -131   -116    -97    -19    -56   -137   -101     -9    -43    -50    -53    -30    -54    -26     44    -19 
   -36    -29    -51    -36    -32    -23    -55    -29     93    -20    -58    -77    -51    -46    -61   -104 
   -82    155     -5    -17    -33    -24    -45    -31    -23    -18    -28    -37    -18    -25    -34    -50 
   -50    -34    -26    -48    -71    -63    -47    -45    -56   -106   -108     -5    -53    -47    -66    -56 
   -57    -28    -24    -22    -46    -71    -73    -81    -77    -68    -40    -34    -51    -60    -27    -30 
    -1     -2     14    -45   -129    -14    -28    -22    -43    -59    -65    -13     -2    164    114     -2 
   -27    -68    -45    -24     -1    -34    -36    -12    167    166    176    -16     -7    -72    -53    506 
   365    264     38    135     62    129    107    191    129    -18    -35    -39     -4    375    344    157 
    92    110    207    165    303    235    451     -7    441    172    257    -32    183    -12    -45    -19 
    60    -39    -66     -3    -47    -43    175     16     -7    -46    -67    -22    -34    -57   -108   -159 
  -120    257    -16     15     79    -87    -16    -46    -79    -38    376    -81   -163    -94   -102    -82 
    -5    103    -52   -205   -126    -94   -158   -169   -178   -197   -139    592     29    937    784     -6 
   530     -6    -50    -35    427    -95    -96    -49    -79    -98    -12    208    -76   -227   -125    -66 
   -96    -89    -81    -94    -75    717    -13    243     78    -20     56    -54    -92    -49    132    -36 
   -11    -72   -147   -198    -94    -22   -133   -268   -149    -75    -82   -123   -129   -127    -94    368 
   536    462    -24    -33    -29    -46    -77    -34    -29    776   1134    -37   -120    -87    -23      6 
   -98   -179    -95     -1     19   -102   -113   -104   -116     -9    572    722    -24    -20    131    -59 
  -118    -90    -97     55    479    -53   -120   -101    -60    -32     54    -19    190    581     78    -89 
  -119    -91    -70    211    246   1000     23    -36    209    -71   -127   -114     -9    -49    -86    -72 
  -119   -149   -145    -17    616    761     71      0    -15     -9    -92    -83    -68    369    164    218 
   -34    -19    437    -47   -118    -42    540     97   -107   -107   -169   -209   -136    -38    619     -3 
   -88   -108    -30    -18    -62    -74    -96    482    299    -28    -47    -61     95    -28    -96    -34 
   114    178   -107    -85    -67   -130    -47    -23    -32    -46   -104    -35      0    -64    -84    -65 
   -69    462    472    -18    -77   -110    -36    -23    -58   -104    -16    -28    -25    -30    -13    -84 
   -50    -45    -98    -17    -59    -68    212    236     15    -40    -57    401    413    -37    -93    -70 
   -15    -76    -42    -94     -5    -30    -79    -73    -13    -28     84    396    -65    216     -6    -92 
   -29    140    -11    -87    -80    -17    -12    -63    -89   -136    -36    -91    -85   -152    -93    -96 
  -123   -136   1134    828    -63    -84   -142    -35    -47   -100    -90    -51    -29   -116   -128    -57 
   -64   -103    -88   -284   -150   -132   -180   -176   -167   -138   -132   -108    416    -39   -101    -87 
   -47      0    -16    -72   -108    -59    -48    -74   -171    -39    -64   -104   -158   -199   -109    -72 
  -164   -149   -132    -59    -55    -48    -50   -164   -320   -335   -232    -92     -7    -36   -104    -94 
   -32    -47   -129    -19    -12    -75   -209   -135    -16    -35    -91    -88    -38    289    838   1256 
   169    -34   -218   -242   -173    -51    259    -57    -20   -113    558    -22   -129    -26    181    -71 
   -19     23     -1    -47   -115   -116    -44    187    329    669    508     -4    -74   -134    -83   1200 
  2450   1101    139    326   1040    405   -119    -74    796    -18    388    903    -34    -50    -86    -70 
   -50   -119   -149    -92   -186    -80    -41    -28    347   1196   2794   1152    -14    383   1972   1274 
  -115    -83   1114     -3     -1    365    -57    -64    -93    -28    -20    -60    -54    -16    -93    -12 
    -4    597   1112   1763   1938   1147    -21    879   2864   2909     -6    -59    607    -76    -31    584 
   -51    253    -20    -22    -23    -55    -53      0    -13    -43    -39   1411   1474    834   1817    422 
   -65    -12    890   1933    429    -30     -8    -68    241    743    312    475    348     -1    220    173 
   127    288    256    -33    -89    526   1073    486    986    -30    -44      0    148    615    -16    165 
    29    -28    302    620    466    339    151     -2     69    454    496    520   1017    577    -10    -22 
   235     -4    133    -18    -27     -2    -13    387    -17    435    572     13     80    421    108     17 
   -21     -4    101    308    264    276    486    350     51    -29    -48    -73    -88    -49     54    -28 
   -72    -47    -30    398    425    -43    -64    -44    -62    -55    -44    -30     -9    -21    -40    -51 
   -58    -55    -38    -14     17    101    220     -3    -15    -39    -76    -71    -55    255    127    -89 
  -102   -100   -100   -115    -91    -79    -60    -38    -61    -79    -96    -91    -76    -84    -78    -56 
   -31    -28     49    -24    -61    -60    -33    261    412    -73    -64    -49    -56    -49    -29    -51 
   -76    -86   -114   -116   -109    -78    -91   -124   -136   -120   -117    -73    -44    -66    -92    -75 
   -90     20    625    -32      8    167    289    385    346    417    366    279    -24    -50    -43     -2 
   231     70     90    400    336    336    618    520    139    182    -19    334    137    -67    341    669 
   -45     22    419    -92     -5    284    -22    -25    -37    -70    -27    -39    -21    594    -17    -42 
   -43    -77    -27    559    209    -68    -76   -104    -73   -109   -189   -121   -114    -24   1720   1960 
   590    -95   -156   -179   -103     68   1609   1554    -39    -73    116    545    915    490    411    -48 
   -74   -123   -204    -75   -139   -112   -106   -141   -124    -35    -94    -44      0    -51    -81   -110 
   142    -44    -56    606   1287    626     -5    -45    -89   -126    -91   -101   -103    -92   -140    -80 
  -107   -129   -172    -91    -55    -60    -29    -43    -55   -119     -7    -98   -122   -144    -97    -58 
   -64    -82   -110    -98    -24    237    -92    -73    -52    151    -18    -15    -70    -38    317    -18 
  1851    910    -47   -158   -135   -205   -156   -200   -157    -44    -90   -158    -96    -45   -112    -65 
  -105     -2    -94    -60    -74   -149   -172   -171   -105    -57   1186    315   -120    652    976    -59 
    -8    -97   -170   -124   -119   -106    162    241    -26    -15    790    437    -81    -37    -81   -177 
  -115   -121   -129   -104    607   -111   -141   2607    712     -7    -95   -136    -83    -54    -69    149 
   -14    -71    -39      0   1183    903    -70   1411   1097    -14    -21   -208    147    -66   -114   -149 
   122   -118    -99   -169    -47    -63    -78    -63    -70    624    475    -35    -96    -76    168   1791 
    68    923    798    -13   -140    231   2490   1474    -86   -133    -10   -132   -193   -102    823    -26 
  -114     -1    -49    275    -36    -71    -86    -49   -103   -139   -151   -109    -37    -88    424    842 
  1073    -30    -20    -31    -42    -80   -107   -204   -203   -166   -179   -116   -131   -123   -119   -102 
   -62    -19    653   1123    239    598    897   1205   1296    -83   -147   -175   -125    -38   -115   -236 
  -166   -189   -194    -51   -172   -127   -112   -137    -95    -67   -151    -75    -89    -85    -70   -105 
   -72    280   -121   -240   -181    900   3159    480    -77    834    310    -60    -53    -98   -189   -127 
   -68   -106    -83   -152   -153    -79   -197   -262    -88   -104    -97    -42   -207   -132   -131    -94 
    45    -74   6009   6526   4216   1812   -119    -78     -7    -65    144    -15    -17   -195   -140    -34 
  -124    -42     14    443     -9     -5    -36    -27    -44     -9    -88   1005   4812   1812   1581    -19 
  -194   -173    -90    -61    -76    582    205    -96    -18    -45   -159   -108    255   1135    670      7 
    -6    363     91    -51   -149    -47    -35    -41    -89   -251    -94   -149    -77   -120    -28    804 
   -11   -157    -41   -116   -110   -149   -118    -93    -88    -96    -51    -66    -42    -12   -170   -102 
   -58    -80   -116   -105    -29   -129    -12   -134    -95    -55    -86   -151    209   -122   -121   -123 
  -158    -93    -73   -105    -43   1068    -14    448   -101   -140    -49    -91   -105   -171    564   -158 
  -104   -125   -237    -95    -21    -72    -52    -44    -60    -88   -151   -131     30   1135   1268   1186 
   -28     -7    -54   -136   -152    -41   2955   1364    139   -143   -157    -77    -89   1941    835     69 
    49   1005    -90    -87   -102     -5    409    227    -71    -94   -110    -66    -52   -113   -164    -24 
  2646    295    -81    -35    328    -59   -116    -50    -78    -61    -18    358   -145    -87    -76   -101 
  -121    -84   -115    -95    -57    -11    -34    -28    -78   -177    -45   -149   -143    100    103    -92 
   -80   -178    -49    -85    -41    -61    -58    -46    -48    -41    -51    -56    -86    -70    -72    -61 
   -52    -15     31   -121   -173   -191    -84    -22    -78    -95    -93   -119   -101    -98    -52   -109 
  -131   -127    -94   -127   -148   -112   -103   -133   -113    -89    -76    -91    -84   -117   -125   -114 
  -141   -116    -86    -84    -70   -132   -133   -111    -82    -66   -124   -134   -133   -118   -136   -130 
  -124   -147   -133   -137    -81    -61    -96    -73    -46   -108   -155   -155   -132   -121    -99   -131 
  -126   -128   -138    -78   -122   -113    -97    -77    -84    -63    -35    -23     -6    -31    -44    -59 
   -88    -87    -82   -132   -134    -89    -19    -21    -64   -108   -100   -111    -31    356    -24     -5 
   -27    -27     -2    -57    -76    -62    -91   -122   -144   -133    -95    -83    -84    -99    -60    -91 
   -78    -73     67     -8    -72    -72    -59    -27    -39    -51    -73    -61     37     34    -63     74 
   931    931    293    325    537     68    -48    -97    -38     24    -42    -72    252    574     -6    -66 
   772    484    441    362    577   1001    702   1228    951    978   1093   1269    538    128     -4    750 
   974   1392    424    801    736   1115   1202    245    142    671    550    -23    -13    -32    -12    723 
   432    -22     -3     -5    145    731     59    -15    -21    259     -5    -14    439   1343    959    243 
    -5    -74   -104     84    -40    -72    412    571    752   1102   1263    815    357    146     86    820 
   334    190    187   1390   1235    252    886    436     -9    -35    -50    -57    -56    352    -23    -15 
   638   1032    850   1661    708   1056    880    370    225    888    522    -10    -48   1096    556    -17 
   550    380    433     -6    -35    -32    -15    569    285     -1    574    459    272    996    358    665 
   348    -22    -10    588     -2    -28    -12   1121    822    469    577    603   1181    266     56    484 
   584    778    713    261    253    192    617   1075    860   1247    860    977    711   1283    435    192 
   954    -23    -72    -49     -4    -24   1033   1082    420    650    -16     -5    470    438   1151   1328 
  1352   1419    908   1257   1101    735   1072   1304    903    598    979    -94    -95    -30     76    345 
   277    282     -9    612    -14    315    967    550    287     -7   1007    981    776    810    456   1613 
   720   1061   1219   1009    -16    -61    -66    192     90    542    665    -10    -42    -21    -21    365 
   374    698    377    -35    584   1015    996    557    485    110    -36    -54    -10     28    -59    -29 
   -48     53    -66     -3   1128    432      0     -4    -23    572    937    308    922    588    982    817 
   788    768     -3    422    -21    540   1056     71    117    302    184    831    -22   1142   1620    224 
   426     45     35    733   1057    229   1048    892    869    714   1022   1030    345   1793   2414   2570 
  2460   1930   1377   1979   1301   1785   1227    740   1501    713   1072    880    839   1509   1758   1510 
  1547   1872   2866   2931   2773   2157   2710   1531   1218    729    -40    729   1217   1840   1850   2453 
  2264    -42    959   1028   1395   1462   1152   1344   1472   1833    -18   1594   1711   3423   2493   1680 
  2529    -18    387    576   1285   1751    -64    -20    -39    120   1146   -139   -148    157    757   1334 
   772   1561   2163    680   -108   1153   3030   2421   2346   2684   2629    -41    612    437    820     -3 
  -120    -77    -34     86    -91   -270   -149   -189    494   1086     -1   1316   1044     -9   -192    -24 
    47     25    -15    169   1046    -59    -31    -53    959   1924    629    173     -3   1164    -59   -156 
  -111    -96     -6    476    406   1382    618     -7   -129    -53    298      1    -11    -15    395     95 
  -113   -118    -10   1038     -1    353   1023    605     -5    -72     -1    -14    514    709    263   1222 
   -33    -54    -86   -120    220    139    -25    -36     -3   1121    233    -42    656    137    -58    163 
   -11    -66    -71    -96    225    524    182     -1    429    774    -43    307    -91   -141    -72     52 
   -25    -84   -111    -87    -93    -89    -81    -52    -17    -27   -167   -157   -191   -100    383    -37 
  -116   -209    -30    334    439    226    -54    -15    -75    -73    -65    -54    -84    -84    -63    -85 
   -98    -94    -12    -53   -134   -132   -112    -12    536    -49    -69   -153    -44    352    589    -53 
   -55    -37    -39    -25    -17    -19    -45    -19     -1    -15    -27    -88    -36    -63   -124   -170 
   -82    130    -22    -99   -118   -119    -36    102    644    -67    -56    -47    -33    -57    -29    -53 
   -55    -65    -31    -27    -33    -60    -94    -58    -98   -120    -90    -78   -102    -60    -73    -58 
   -48    366    482    -41    -24     -4     -1    -14    -11    -50    -74    -44    -24    -23    -29    -24 
   -61    -68    -92    -85    -59    -70    -62    -63    -72    -64    -40    596   1211    448    273    419 
   489    312    339    331     66    234    233    336    145     -6    -23    -12    -29    -62    -58    -49 
   -23    -37    -48    -42    -27    799   1278      0    -16     -5     -3     -8    -23    -22    -50    -59 
   -34    -46    -49    -23    -19    -21    -27    -44    -41    -45    -61    -45    -33    -16     -4    772 
   509    -39    -73    -47    -37    -47    -44    -41    -41    -16    267    489     88     10     87    -14 
   -25    -44    -50    -42    -42    -42    -68    -30    -10    545   1134    384    157    394    408    555 
   511    215    -23    -19    184    135     71      0     27    -16    -11    102    247     13    -26    -41 
   -10    132    197    821    495     69    507    467    263    166    243    -10    -29     44    218    476 
   628    952    915    607    427    607    278    469    616    524    890   1520   1206   1021     -3    -27 
    92    -10    -51    -26    -46    -72    -30    217    293    102    213    414     -8     -5    -41    387 
     0    -27     -5    517    984   1411    295     -6    -23    -33     -1     -4    -32     -3    -85    -73 
   180    866    528      0     19    -15    -68    -52    -67     -7    -10    279    646   1185   1422   1691 
   411    -18     -5    -52     -3    -30    -61     -2    -55    -55    213   1104    774    116    -15    -14 
   -55    -69      9    462    226    116    586   1047   1217   1170    201     -2    277    -34     -2    -16 
   -48    130    249    498    705    381    557    494    441    752    -26    -71    105    659    491    -12 
   -36    550    502    391    -44    -41     88    -39    211    156    -30    271    163      1    193      9 
   160     46    484   1264    -11    -18    835    805    613    157    -82     31     -5    -60   -136    -59 
    -2    -60     30    -17    -49    -22     15    -58    102     -4    -22    -45    145    437    -43    354 
   887     75    229     17    -54    -53    174    -35    -92    -17    309    -36    -34    -56    -59    -32 
   298    190    263    -57    -22    -40     -7    -41    -12    693    241     -4    -18    -46    -30    277 
  1230   1525   1282    750    -15    -16    342    900    252     77    405    324    -32      4    591    202 
    -4    -80    -13    108      8     -3    -70    -78     -1    853   1812   1843   1446    708     -1    -34 
   256    -18    -67    -26    481    839    925   1505   1576   1010    479    324    402    817    607    -18 
   -58    -36    -40     -5    258    637    172     67    -22     -7   1311   1137    342    270     67    627 
  1190   1720   1799   1145    479    389    561    181    118     -8    -44    -24    -66    -23    -23    203 
   -27     -2    577    272    255    965    -50    -43   -116    -13    256    649     95    200    842    223 
    40      0    180    -30    -42    -90   -103    -35    -43     -9    -59    -59    -44    -55   -140   -166 
  -135    -26    -78    -63    -65   -187   -198   -153      3    -80    -13    787   1273    583    -28    -21 
  -114    -91    -29    -27    -53    -79    -68   -223   -218   -184   -121    -23    330    191    -40   -137 
   -59    -78    -58    -37     82    320    372     -5    -38    332    -11   -140    -83    123    -45    -80 
   288   -146   -198   -129     84    734    981    480    -77   -184    -84    -18    -63    -44      5    451 
  1163    567    573   1334    662    -32     -4    831    -31    -70    813   -109    -92    -50    246   1183 
  1526   1363    -18   -162    -85    219    -74     -4    702   1090    993    339   1297   1279    919    610 
   546   1671    737    -30    263    -49     -3    984    294   1047   1396   1203     -5    -84    -59    -28 
  -148    -47    519   1191    343    496   1472    330    423   1268   1212    888    771    293     -4    -44 
   692    988    687    206    818    900    387    181    178    324     59    347   1140    485    725   1109 
   811    847    298   1203    722     -9    255    575    -24    -72     43    292    531    441    773    726 
   687    611    459    690    734    903    842    -19    173    -23    -53    643    -14    630    -92    -88 
   -18    322     -8    -28    457    295    613    626    591    545    426    573    594    688    749    873 
   740     22    156    -37    -36    666    189    617    -86    -36     83    383    -22     -3    702    622 
   657    848    862    555    211    271    532    576    567    897    823    465    575    349     33    366 
   289    595    347    651     -8      0    -26     -4    635    424    568    582    681    440    152    257 
   320    265    345    582    524    507    582    618    331    274    222    295    408    732    -12    -25 
    -9    243    354     -3     93    192    187    150     -6     96     84     33     49    219    248    500 
   605    704    391    360    434    420    774   1072     -4    -31    -31    173    514    129    413    533 
   308    150    332    429    383    269    519    662    512    561    517    460    390    579    333    423 
   795   1242    304    -21    -19    507    906    571    546    773    579    220    360    343    315    501 
   809    584    320    210     -1     -6    327     62    -30     -7    362    995    204    -11    137   1016 
  1540   1202   1079   1114   1230   1066   1011    638    576    717    902    752    610    733    766    696 
   971    874    449    710    969   1143    511    141    -16    628    509    655    715    857    484    381 
   664    141    -12    450    439    797    748    812    457    -25     -7    399    -43    -53    -58    -44 
    -8    340    220   1076    893    821    712    738    269    675   1235    650    451    536    131     -8 
   160    253    -11    -99     40    716    128    306    453    328    485    699    418    606    144    503 
   143    150    222    311    798    577    456    481    272   -105    -72    -28     -5    -60    285    391 
   245    333    245    181    459    578    901   1173    458    400    379    401    317    487    780    677 
  1134    758    209    -47    -10    174     55    270    960    968    634    828    599    392    323    468 
  1042   1596   1107   1069   1103    723    575    536    398    450    772    732    516    429    956    479 
   162    580    884   1136    648    895    958    526     -5    465    687    781    214    433    628    343 
   134    360    307    -33    290    530     83    865   1148    614    606   1050    997    784     41    413 
   552    560    783   1093    415    754    -11    233    894    709    458    425    418    -46    -17    335 
   330    516    126    -39    -59    148    -18    -67     -3    578    562    311    404    242    236    819 
   276    932    950   1392   1217    814    775     -9    426    895    973   1114    768     -3    246    206 
    -1     -9    547    609   1131    830   1110    871    427    277    -35    328    646   1221   1008    785 
   424     -8    377    949   1295   1511   1125    806   1005   1067    750    460    472   1011   1192   1100 
  1508   1278    617    886    255    458   1179   1663   1536   1403   1054    555    257    122    451   1119 
  1334   1542   1506   1447    758    505    234   1006   1512   1257   1635   1378    595   1148      5    190 
   735   1086   1214    851    527    -46    -35    137    220    746    337    189    527    498     61    -62 
  -105    -24    596    380    957    852   -117    -80   -127   -176    -64    -87    -24   -108   -180   -310 
  -241    -80     70    124    -57    -35    -43     -2    -61   -118   -161    -64     -2     50    136    282 
   -24   -181   -286   -334   -128   -253   -254   -252   -271   -276   -242   -150    -94   -228   -311   -231 
   -89    -46    -52    -82    -49   -108     -7     90    -15     -7      0   -100   -251   -211   -138   -105 
  -149   -179   -155   -208   -223   -161   -149   -139   -216   -190    -67    -65    -17    -14    -33    -68 
   -74     35    159    255    278    -30   -128    -97    -76     -5    -30    -64    -79   -136   -165   -144 
  -140    -92   -156   -135    -80    -77     -7    119     70     58    -30    -22     -2    533    171     31 
    16    652    -43     56    241    -10    -18    -22    -75    -62    731    -43    -18    -20    -37    -11 
   109    122    921    792    207    -19     -4    501    362    383    784   1371    377     10    809    514 
   414    938    672    958   1938   1099    883    527     -6    528    493    -21   1305    669    -10    -22 
   158    273     -4    420   1279    466   1038    -35    -18    263    326    765    489    786    357    439 
   649    -35   -111    -71    121    -44    970    153   -123   -104    255    709    -14    613    765    459 
   701    256     -7     66     21    193    478    665    598    615    309    -59   -191   -184    -38    -32 
   587    -21   -210   -175    179    715     -8    543    574    866    677    616    591    613    545    380 
   234    188    365    624    772     66   -158   -192    -18    221    352     51   -152    -49    775    901 
    -1    249    214    824    718    571    766    674    657    682    268    198    135    179    129     88 
   -76    -70    109    478    547    290    -61    -24    529    618    -11    296     61    461    170    265 
   307    434    382    179     71    125     35    -10     -3    146    185    149    232    339    255    417 
   385    143    533    683    -19    118      7    450    210    268    343    410    292    486    497    439 
   303    182    224    147    184    172    414    164    163    670    759    637    835    722    327    366 
   415    792    703    600    771    741    329    266    436    446    331    260    332    313    219    184 
   251    -16    -16    210    147    308    617    702     22    -20    -29     36     54    110    247    285 
    81    -27    -14    -23    -27    -10     96    217     -1     53     -8    -20    -18     -6    -19     -6 
   164    484    190    -19    -38    -16    -34    -26    -35    -32    -27    -10     -3    -10    -34    -31 
    -1     76    -19    -17    -31    -38     -9    188    -25    -30     -9    192    134    625    487    955 
   479    498    450    377    533    545    403    532    383    540    342    262    138    443    807    922 
   452    166     28     -2    202    465    -34    -16    143    953    230     -2     -7    -22    -12    -19 
   382    655    581    633    276    194    -78    -64    -10    207    -17    -38    -25     -5      4    282 
   431   1153   1456   2052   1180    811    749    752   1042   1252   1645   1401    921    956    550   1072 
   -10     -9    478    788    601    666    806    957    900    750    352   1022    932   1488   1211    708 
   471    744    836    394    872   1115    334    322    440    610     -3    227    487    542    256    332 
   435    502    667    700    240    808    416   1129   1090    544    547    683    695     43    456    804 
   549    635    929    561    165    677    819    838    663    528    593    663    920   1065    460    931 
   757   1143   1401   1090    832   1012    406    161    332    578    392    548    707    422     66    510 
   169    400    672      6    382    224    693    997     60    522    460     62    872   1315    882    808 
   -29    -16    222    197    493    586    215    624    353    665    186    626    656    -17    389    585 
  1436   1438    330    671    476    148    445    606    579    426    -94    -25     87    295   1034   1648 
  1488   1988   1425   1285    337    614   1080    453   1331   1474   1797   1535    608   1054    813    582 
   656    743   1099   1094     38    604    810    670    883   1396   1733   2140   1849   1352   1198   1017 
   429     -5    911   1323   1528   1438    350    764    412    813    524    858   1239   1218     57    271 
   288    386    382    455    526    861    943    691    895    346    -48    -63    350    730   1114   1033 
   -21     87   -100    -32     -5     34    454     51    -47   -129   -139    -64    -24    -24    -10    155 
   286    -22    -54   -164   -133    -72    -14    498    743    588     52    148   -179   -127    -66    -51 
   -12    -93    -68   -193   -207   -129    -16    -48    -67    -25    197    -47   -146   -215   -191    -75 
    -6    287    664    311    444    -26   -274   -271    -98    -47     44    -88   -140   -233   -123    -58 
   960   1188   1177   1348   1031    148   -111   -162   -137    -59    -39    261    677    650    268    777 
   498    253    973    309     84    320    875   1764   2431   2264   2679   2767   2987   2863   1732    405 
   -30   1034    893   1061    337    253    514    325    -14    283   1190   1330    463     -4    -34    -40 
    49   1636   2099   1239   1430   1821   2138   2079   1247    120     -1   1510    908   1451    363    -30 
    -2    225    110    201   1593   1407   1024    432    347     55    107   1558   1924   1445   1375    460 
   635    506    189     -5    440    927   1624   1749    494    -14     38    505    213    477   2047   1974 
  1457    392    440    215     67    905   1722   1436   1221    809    426    764    315    781   1099   1252 
  1995   1709    544    525    435    392    263   1008   1891   1490   1103    249    302    560    135     18 
    83    133    255    373    675   1522   1333   1985   1834   1675   1548   1681    966   1701   1357    722 
   455    769   1015    705    620    624    335    468    662    576    348    208    331    417    697   2139 
  2940   2734   2338   1208   1051   1586   1482   2630   1441    671    212      0     14     -4     77    184 
   159     87    208    203     69     -9     47    184    185   1065   2045   1669   1262     62    536   1077 
  1605   1775    431    418    127    112     51    376    422    236     71    -15     -4     -3     -2    -11 
   101    319    380    395    870    527    331     -3     25     60    621    572    284    695     -8     50 
   136    500    411    415    437    348    363    360    200    158    134    165    409    311    307     -4 
   -25     -6    -15     -6    328    380    319    597    192    381    508    602    423    489    576    672 
   695    605    521    568    565    573    644    609    691    301    114    215    117    315    666    672 
   591    670    194    400    486    571    395    354    269    295    327    370    325    342    336    516 
   432    477    630    545    316     77     17    229    533    454    246    449    278    444    550    670 
   380    384    253    250    104    130     81    209    316    461    436    493    487    458    270    137 
   181    317    315    501    408    496    308    345    604    731    386    220     63    206     64    -18 
   -21     43    268    320    335    361    408    402    293    260    127     51      0    254    241    268 
   760    289    172    271    336   1030   1972   1161    846    310    158    408    323    399    147    432 
   246    -33    -17    230    141    147    -24    -71   -110    -59    -32    -55     68     60     64   1145 
  1443    -93    -53   -108    -74    192    672    455    426   1144    510    -68     72    -74   -107   -141 
  -198   -164    -78    -22    -53    -49    307    252    549   1363    176    -63   -108    -91    -12    670 
   939    380    522    658   -122   -196   -105    -81    -71    -44     -4     26    197      3    915    310 
   166    -10     55    405    -13    -22    -75    -53    -22    602    838    101     49    229    -77    -33 
   -13    562   1016   1042    633    599    901    817    396    -23    -12    -12    -18    226    502    385 
   236    -89    -44    -12    -37    -78    -12    -15    -90    104    -22    216    341   1186   1616   1929 
  1710   1208    580    298    981   1105    887   1108    502     50    637    -56    -36    255    -35    -51 
   -66    -72   -101    -70    -69    -36    162    191    708     -1   -186   -177   1076    974    306    -26 
   -23    649    909    567    266    199     -6    -27    -83   -100   -171   -107    -69    -78    -15    355 
   170   -280   -164   -130   -126    -97   1084    827    -83   -164    -99    693   1386    550    -24    429 
   227    -24    325    -48    -73    -47   -102     -8    -57    -11    738    -83    -28    -32    -58    -62 
    95     84    -50    -41    -69    362    567    -91   -212    -95    -51    -57    -16    -72     43     55 
   104    161   -156   -103    533    -31    -21    -48    -99    -95    493    269    -36    -48    -24    508 
   -24    -76   -194   -131    -87     -5    175    -22     -8    -60    184    709    110    -11     90    -82 
   -75    -40    -52    -51    -51    -30    -81   -119    -43    251    -36    -47   -128   -137    -81    218 
   590    358    304    780   1343   1710    782    -39    -90    233    223    704    560     -9   1107    845 
   -17    -79    431    782    132    372     25    -50    -22    -30    -20   -124    313   1476   1351   1055 
   -50    240    -53     33    616    617    158    -76   -147    -77    -11     -4   -188    -32    -86   -103 
  -142   -127     48    375    417    195    -52    -34    -84    -84   -146    -90     -5    -43    602     54 
   136     99   -126   -116    168    -56   -142    -44    -98    -70   -100    -49    708    401   -159    -79 
    -7    -88   -154    -69   -117   -120    119    -29     -8    -24    258    -21      0    389     -8    222 
    69    -58    -48    121     83     -7    -22   -109   -217   -274   -324   -337   -148   -129   -210    -93 
   -56    -35    -34    -18     37    -95    -10    123    -49    -38    581    496    489   1039   1091    205 
  -107    -33   -248   -138   -255   -158    -53   -196   -182    -92     -3    -29    -33    630     69    -63 
   -87    -85   -122    -94     -5    728    714    866    807    -69   -121    501   -130    243    152   1466 
   899    -98    -71    -65   -114    292    -42    464    524     -7    221    112   -147    193    -90    400 
   454    266    -30   -160   -142    -71    -88    -42    794    636    -16   -200    -19    -14   -144    192 
  -210   -120     23    -24    522    -50   -140    -35   -132   -189   -169   -144   -129   -124   -100    -92 
   -52    -57    294    148    175   -117    193    736   -119    369   -137     -1    -10    -32    -34   -106 
   -83    -68   -106   -145   -123   -103   -127   -130   -101    -94   -102    -60    331    -64   -144   -116 
   -94    151   -135   -129   -131   -139    -63    -24    -73    -99    -70    -56    -66    -84    -51    -32 
   -51    -57    -44    -36    -81    -55    -30     11    -12    306    727    562    107    -15    -41    -29 
   207    638    -60    -66    -14     -1    -11     -1     50     59    -21     99    253    469    311    548 
   689    695     53    -57    -66    -43     -7     25      2    193    230    680    291    221    386    439 
   405    632    736    739    724    756    688    686    404    265    123     -1     -4    -36    -74    -28 
   -19     -6    -16     57    249    509    557    138    235    385    284    684    640    504    893    988 
   575     53    -38    -23     68     84    159    252    330    482    585    762    737    676    635    672 
   -27    -27    -40     -1     -6     -1    -29    -69    -44     85    -26    -46    -26    142    171    -22 
   -57    -94    -37     -7    -36    -23    133    163    229    254    -34     -1      0    290     -4    -23 
   -34    -35    -87   -117    -95    -83    -51    -51    -68    -74    -67   -109    -70    -43   -107   -151 
   -88    -69    -57    -36    403    632    699    692   1250   1211   1271    817   1093   1002   1272   1171 
  1047   1077   1302   1309   1264    882   1051   1587   1526   1404   1400   1524   1877   1198    604   1539 
  1444   1353   1801   1526   1455    889   2075   1515   1767   1747   1889   1762   2031   1678   1607    119 
  1504   1768   1621   1923   2208   2119   2170   1412   1184   1629   1445   2039   1984   1420    919   1018 
  1695   1368   1422   1317   1829   1578   1880   1710   1185    504   1325   1784   1618   1737   1681   1371 
  1477    953   1722   1795   1838   2214   2315   1753   1476   1508   1388   1026   1371   1346   1705   1711 
  2162   1797   1224   1525   1783   1952   1611   1427   1164    823    860    690   1497   1927   1760   1812 
  2047   1724   1922   1562   1560   1477   2133    990    910   1277   1416   1385    835   1038   1435   2042 
  1376   1286    895    541    617    855    981   1496   1902   1804   2385   1972   1782   1861   1808   1413 
  1965   1453   1008   1331   1291    728   1068    730   1605   1974   1088    697    759    534   1031   1685 
  1245   1776   1250   1055   1870   1384   1520   1604   1528   1745   1812   1220   1048   1102    265    543 
  1037   1249   1476   1832   1410    724    543    520   1145   1389   1362   1926   1154   1371   1472   1700 
  1752   1809    131    638   1088    590    488    219    -25    790    926    918    960   1347   1175    790 
   442    532   1085   1145    896   1277   1455   1689   1435   1668   1721   1838    -10    254    594    707 
   352    -32    -14    378    612   1257   1312   1770   1639    950    914    894   1544   1597   1248   1722 
  1667   1759   1833   1653   1194   1990    631    982    646    785   1425   1391   1530   1547   1651   2116 
  2291   1744   1442   1433   1507   1314   1731   1473   1486   1768   1484   1281   2266   1480   1408   1949 
  2052   1092    646    384    399    555   1236   1193   1571   1820   1574    -32    -17    961   1500   1196 
  1640   1001    725   1628    -21    -96    877   1053   1477     42    625   -170   -241   -137    -68    -12 
   -60    -68    -23    199     93   -141   -140    291   1371   1076   1077    593     47    663   -282   -397 
  -105    106    377    -95    -21   -300   -334   -134    -54    -89   -278   -227    -55    -81    -88   -238 
  -177    -99    696   1309   1295   1271   1575    501   -221   -314    -16   1400   1389    703    336   -188 
  -162   -143    -76     -1    -11    -17    707    337    -94   -146   -163   -165    -87   1310   1672    760 
  1690    944   -115   -170    886   2040   2371   1765   1305   -128   -229    -59    -73   1860   2234   1457 
  1615    609    -56   -160   -179   -167    -46   1310   1527   1086   1501    -19   -153    -88     90   1512 
  1886   1630   1178    -73   -194    -86    -86    687   1426   1143    970     18    228    -74   -112    -91 
   -26    829   1424    998    817    -36   -144    -21    -34    756   1159    930    974   1009    -39   1220 
   439   1548   1563    736    -51    -89    609    -13   -101    -53    107      0    731    654   1027    243 
   -62    253    348     60    257    454    767   1056    707   1497   1361   1297   1113    -63   -159   -123 
   -77     -5   -119    -76    -91   -163    -65    258   1235   1280    621   1207    545    172     -6    -16 
   -10    285    512    722   1056    598    681    -60   -109   -134    -98    520    339    830     -9    -92 
   -16    150   1098   1275   1218   1160   1103    617    540    508    271    425    672    745   1129    979 
  1206      0   -126   -188    -83    630      3    143   -111    -77    366    574   1096   1131   1307   1276 
  1105    869    775    832    762    922   1037   1038   1016    843   1096    990    325    -24    542   1305 
   954   1060    -19    263    764    664   1071   1179   1333   1162   1105    944    782    945   1201   1294 
  1158   1150   1096    886    899   1094    855    623    924   1066   1068   1144    804   1056   1046    664 
  1162   1688   1574   1221   1033   1099   1145   1164   1175   1194   1030   1069   1246   1147   1003   1073 
  1200   1038   1312   1160   1161   1224   1098   1174   1209    797   1101   1499   1348   1188   1095   1122 
  1320   1199   1181   1202   1178   1234   1335   1360   1243   1226   1372   1368   1444   1093   1064   1190 
  1165    999   1194    646   1039   1550   1271    927    565    818   1029    908    961    946    704    985 
  1182   1199   1122   1056   1292   1349   1452   1321   1133    789    899    631    602    394    878    773 
   619    540    187    196    323    615    668    595    674    820    606    554    719    705    898    985 
   963    876    975    869    699    565    560    422    -32    166    357    520    216    -63    -37    -10 
   280     50    -10    -38    -27    -35    -37    -75    -30    764     33    -20    -22    -76    -91    -66 
   -41    -57    494   1069    798   1288   1026    -19    136   1207   1410    933    948    242    413    156 
   394    -34    361   1723    -10    -37    -49    -81    -94   -120   -100   -101    202    186     -7    884 
   640    -83    -38    572    465    671    375     34    -46   -109    -76   -133    -18    400    -99   -118 
  -133   -164   -158   -152    -97    -68    297    475    258   1060    717   -109    -56    172     54    607 
   557    140    -36    -81    -43   -117    -17    -13    -61    -72   -115   -121    -98   -111    -86    -72 
   670    954    109    607    599    -94    -33     58     57   1099    751    -29    -12    -30    -41   -124 
   -50    -49    -34    -21    -68   -111   -105   -145    -89    -79    405    550    -51    -10    391    -68 
   -23     -6    -37    -32    -12    -92    -33    -25    -67    -77    -42    -32    -10     21    -48    -36 
   -47     -6   1314    305    466    509    476    886      2   -125   -109    -90    -50   -109   -110   -132 
   -13    -27    -78    -33    -27    -78    -53    -74    -58    648    -31    -36    238    -47    567    533 
   913   2150      0    -96    -75    -11   1682    252    -20    -11     -1    -50    -50    -66    -62   -102 
   736    -13    -64     -9    -51    -97    -48    -69    761    285     -4   1243     -8    -28    -16    763 
  2404    432    603    761    -15    -32    -46   -130    -97    -68   2369    630    -94    353    -23    -55 
    10    -19    991    763    -44    452    -19    -16    -11    -58    742    -65    -23    -51   -108   -100 
  -110   -148   -118   -103    728    -18    -60   1195    265    -16    233     83   1414   1164     -3     43 
    -1    285    236    -28    445    -75    -53    -57    -10    -50    -70   -126   -107   -129    -28    154 
     6    360    -33    -50    168    378    469    191    464    436   1075     -2    584   1207    496    716 
   857    821   1533   1304     53    -79    -79    -63    348    985    194    -16    -74    -59    -41    429 
  1929    440   1488    521   2027    -71    334   2102   1241   2125    923    740    728     68    215    -25 
   -24     -6     49   1149    827    -14    -31    -16    -63    -27      3    101    456    482    -43   -131 
  -106    -89    -56   1319    823   1357    882    230    -19    -70    -31    -37    368   1446    267    769 
   -12     -9    -11    167    -44    -48    277     46   -133   -129   -127   -163   -170    418   1326   1167 
   505    248    936    676    453    633   1440    173    -20    -27    -80   -103    -57     71    109     96 
   281    238   -100   -143   -143   -154   -192    -34   1145    478    363   -164   -102   -123    -75    728 
  1549    205    271    229     21    -82    -95    -47      6     74    131     -6    -87   -150   -137   -119 
  -133    -93    -10    -64    -63   -134    -74   -146    -52   1065   1392    596    598    510   1077    397 
   -76    -56    -46    -63    -52    -53    211    -55    -86    -60    -86    -99   -123   -118   -154    -98 
   -66   -132      0    789     53    204    329    293    865    -45    -72    -49    -29    -95    -50    -78 
   -39     88    -28    -61    -89    -87    -93    -75   -102    -43    -92   -103    -43     -5   -104    -56 
   850    248    -18   -105    -91    -54    -19   -115   -122   -103   -138   -108   -124   -142   -134   -116 
  -112    -96    -98    -41   -131   -118    -34    -42    -67   -152    -68    -28    -35    -40   -104    -56 
   388    124    -66    -65    -89    -87   -113   -122   -102   -107   -120    -88    -81    -62    -82   -125 
   -93    -85   -118   -154   -160   -154   -103   -124   -136    -77    -23    -45   -100    -90   -103   -102 
  -122   -107    -38    -87   -111   -107   -115   -120   -108   -102    -69    -47    -26    -21    -92   -101 
   -99   -127    -97    -79    -85   -101   -120   -128   -142   -146   -152   -153   -113   -110   -124   -120 
  -106    -86    -81    -83    -69    -78    -27    -49    -91    -68    -65    -59    -49    -60    -44    -60 
   -61    -83   -106   -127   -105    -94   -115   -118   -125   -100    -88   -112   -103   -121   -125   -127 
  -105   -118   -107   -115    -99   -103    -93    -83    -36    -78    -70    -96    -95    -83    -65    -45 
   -48    -77    -87    -96    -99   -120    -84    -64    -48    -42    -54    -37    107    -47    -58    -79 
   -64    -59    -11    -12    -34    -57    -60    -48    -34    -31    -22    -10    -34    -64    -68    -49 
   -12    -14    -14    -22    -39    -11    302     -7    -39    -35    -34    -27   -122    -41    -91    -22 
   -16    471    614   -143    434     -2    -58    -30     81    264    266     29    -55    315    -55    -97 
  -105   -142   -164   -162   -168   -119   -213      7   -202    619    -88    -38    -57   -176     86    -37 
  -149   -121    -65    -78   -100   -100    -99    283    -92   -109   -154   -239   -281   -312   -313   -192 
  -156    413   -117   1673    -61    -27    -31    -82    209    310    -79    -57     -5    -55   -143   -220 
   -78    727    -71   -176   -180   -186   -194   -225   -212   -100   -193     39   -139    739   -108     23 
   655   -119    -38    611    -22    -58    -34    -89   -185   -260    -55    -28   -149   -202   -114    -81 
  -105   -152   -188   -139   -100     -3    -26   1491     29    689    499   -111    -86     35     19   -168 
   -92   -111   -290   -251    -62    -21   -122   -168   -118    -55    -53   -119   -153   -160   -104    -85 
   -60    684    -10    361    443   -113    -15    133    -26   -176    539    -10   -255   -213   -137    -86 
   -68    -67    -89    -23     19   -126   -206   -239    -65   -134    -37    -59   -163    297    950    -63 
   412   -108   -133   -134   1330    -15   -206   -150   -132    -97    261    -18    -59    129    -79   -105 
  -177   -180    -46   -115    201    -38   -215    -45    297    -49     57   -154    -40    -53    660   -118 
  -100    -56    -95   -168     74   -147      6   1255     -7    295    -53   -143    -84    -82    -52     -9 
  -209    -46    390     -5    991   -179    275    544     -7    -77    492    -40    -23   -127   1076    -80 
   -45    895    155     -8    -45   -127    -46    -59    -93    -30   -128    -54   1120    376     67   -143 
   544    -14     60    -44    337    123    408    -54   1200    117    -87     -1    -40    -21    -63    -80 
   -10    -40   -135    -55    -11    -89    102     -3    -17   -173    -65   -145    411    -74    -33     35 
   654   -149   -107    -88   -188     78    -29    -49    -92    -67    -66   -201   -270   -191     94   -163 
  -160   -161   -343   -309   -171   -254    -14   -104    -13    -86    607   -213   -243    219   -379   -133 
   -42   -113   -108   -111   -217   -222    -70   -243   -137   -191   -261   -199   -445    -80    -76   -155 
  -146   -304   -162   -187    311   -193   -234    855   -263   -233   -156   -152    -73    -89   -101   -318 
   187   -316   -113   -180   -138    -94   -351    752   -198   -180   -331   -339   -182   -103    -42   -244 
  -199    366   -165   -369   -167   -123    -88    -76    -11   -392   -154   -406   -203   -155   -151   -154 
  -347   -111    -95    -81   -377   -341   -171   -126    -41   -175   -197   -127   -192   -364   -176    -51 
  -101    -54    -76   -126    221   -214   -173    -36    -55    -93   -101    -45    145   1296   -261   -115 
   -80   -196   -170    -98    -76   -157     -7   -225    -99    -72   -113    -42   -148   -118   1550    561 
  -183    -62    -80   -121    -82    -31    -15   1146    -53     -1    -88   -218    -86     24    546   -194 
  1005    -68     -3   -167   -143    -62    -14    -46    386   1411   -115     62    -49   -125   -169    -31 
   -37    -45    -22    -65   -124   -212    333    617    -22   -174   1539    575    285   -248   -171    -93 
   321    -21    -59    -55    -80    -43    -63    -98   -122    -31    -31    -95   -117   -151   -173   -274 
   -48     -9   -142    -96    611    236    -79   -205   -172   -117    -10    115    -52    -49    -27     32 
   -49   -109    -73     -2    159    -39    -84   -159   -167   -155     -5    -18    -92    -11    864    -10 
   -69   -107    -91    -86    -38    -50     -2    111    554    535    363     -7     85    131     14    -41 
   -79   -121    -76    -38    155    -30    -75    -23    -12     -5    604    -93   -125    -63    -51   -111 
   -49    -13     -4    -10    -18    -29    -13    -34    -23    -50    -52    -86    -75    -53    -19    -51 
  -112   -102    -55    249    587    -83   -139    -56    -11    -54    -37    -11     -9    -45    -72    -21 
   -10    -31    -22    -26    -32    -33    -56    -95    -71   -120   -108   -109    -61    -31     -1   -101 
  -145    -86    -80    -72    -69    -47    -60    -80   -119    -87   -112    -97    -80    -64    -43    -44 
   -70    -67    -50    -94    -85   -117   -121    -86    -37    -75   -128   -100   -130    -94    -54    -11 
   -59    -70    -47    -52   -103    -66    -51    -44    -71    -77    -49     -7     39    -45    -55    -92 
  -124   -141   -109   -126   -144    -97   -121    -54     -9    504     -2    -23     29    202    -55    -34 
    -9     95    -20    -46    -14    219    296    -40    -27    204    -39   -106    -51    -21    -55    -40 
    81    -45   -110    -54    -73    -68    -33    -80   -107    266    806    586    199     37     -8     -6 
   195   1086   1176    892   1133   1518   1484   1530     76   -113     -1   -128   -113    457    -76    -89 
   -37    -34   -107    -65     -2   -122    -16    836   1113    -38    364    667     11    -80    -89   -159 
  -135    -72    -70    -95   -154   -185   -131     53    -42    -96    -28    -99   -160    -42    -31   -189 
   -60    622    815   -119   1139   1589    -35   -178   -141   -167   -128     93    299    -16    -99    -96 
   -93    -60    -58   -158    -83    -95   -122    -63    -62   -205   -147    -84    -39   -144    -40    146 
   -47   -123    -57    -47     -5    827    774    -17    216    -11    -68    -16    -69   -105    133    822 
   156    769    -15   -202   -107    -89    -47   -131   -119    -62   -174   -162   -108    -33     70    768 
   850    302    -13    -83    -72     18    -43    -63    432   1338    315    405      0   -149    -29    901 
   -16   -124   -185   -131    -78    -61   -114    -11    170    167    445    422    141    -97    -43    -25 
  -115   -141    -46    -21     26     69    -67   -189    -46    569    -90    -68   -177    -66    152    -45 
  -189    -49   -101    -90   -112    -83    455    -19    225    940   -131   -171    -65    483   1133    -85 
   -58   -123    -35    -44   -183   -172    -89    -96    621     -5   -191   -136   -145    -92    -81    -73 
    16    -73    -54    210   -138   -148    -27    860    127    -77    -37    248    -37   -102    -84    -85 
   -50   -174    417    -29   -109     -9    -22    606    963    445    -18    -41     44    138   -102    -81 
   -19   -105    -64    -96    127    -26     -7    -68     13    871    415   -124    -82    -92    -47    747 
   556    703    988    438    435    725   1492   1412    231    140    303    228   1494   1314   1290    341 
   129    357   1068    157    433    -31    135    -75    -71    307     75    102    300    127    -65    -37 
   321   -152    -63   -150    -95    -13    -51    -19    -20    -90   1200    137    276    -22    381    -28 
   497    -94   -226    -58    -12    278    399    339    -19   -159   1704    -28   -109   -194    -76     -4 
   -38    935   -136   -130   -141   -188   -146   -267    -94    -44    -67    603     -3   -169    -96    -57 
   409    -28    -59   -137    -42   -116   -226    -52    -72    -44    -71    404   -202   -103   -156   -247 
  -267   -300   -200    -92   -124    -88   -110   -150   -271   -131    -50    -68     80   -152   -278   -346 
  -173   -187   -139   -157   -186    -82    -85    -10   -188   -309   -318   -312   -239   -287   -231   -152 
  -105   -218   -281   -112   -111   -101    317   -102    -94    -97   -180   -148   -101   -103   -104    -80 
   135     -2    -69   -305   -276   -351   -288   -357   -255   -134    -50   -177   -192    -28    -56   -121 
   665   -126   -132     20   -107   -154    -43    -56   -172   -160   -207    -86   -149   -233   -142   -175 
  -210   -345   -155   -125    -94   -126   -153    -70    -46    -84     62   -154    -36    -35    -39   -148 
   -63    -42   -165   -176   -172   -196   -199   -193   -169   -208   -280   -221    -46    -58    -80    -54 
   -72    -90     -1    -58    -20   -150   -162   -116   -147    -76    -54    -91   -100   -124   -143   -149 
  -113    -77   -200   -251   -249   -159    -56   -155   -154   -222   -207   -123    -38    -19    -78    -82 
  -155   -163   -100   -146   -115   -129   -166   -189   -185   -168   -153    -93   -159   -200   -169   -124 
  -153   -177   -127   -206   -208   -145   -103     -4    -47    -72   -138   -130   -131   -114   -120    -97 
  -133   -121   -122   -141   -133   -107    -94   -116   -152   -166   -118   -118   -142   -178   -168    -99 
   -58    -76    -58    -71    -76    -52    -34    -14    -45    -25    -29    -58    -55    -44    -19    -27 
   -39    -63    -63    -70    -74    -52    -74    -81    -64    -42    -60    -83    -29     47    153     60 
    24    103    -21    -24     -8    188     97     69    312    146    181     90     83     84    108      0 
   -51    -57    -64    102    -22    -74    -33    -31     -1    -60    -57    -70    -72    -62    -56    -21 
     5    111    103     -9    -45    -40    -36    -24    -21    -46    -67    -26    -18    491    285    -42 
   -22      9    139    -14     -4    -17    -31    -29    108    186    -18     -5    150    -36    -70    -71 
   -79    -58    -50    -67    -46    -38    -24    379      3    -76    -33     67     62    -39    -42    -10 
   -21    -54    -23    -10    -26    -40    -34    -52    -62    -34    -57    -69    -49    -33    -42    -94 
  -103    -35     63    -60    638   -136   -109    -96    -77    200    558    -39   -127   -145    -74    -65 
   -23    348    264    162    -54   -146    -24    -49    164    410    223    333    640    522    324   -163 
  -152   -113    -84    -12    -25   -119   -148   -140    -95    -80     12    611    736    207   -136   -245 
   -96    -62    489    584    342    420    474      9    328   -101    -93   -137    -91    -31    -27    -49 
   -39     46    -11    -30    372    690    553    158    -51    -63    -71    -50     60    345    532    693 
  1005    320    345    -94    -80   -101    -63    -31    189    186    -26    -50   -100    -54    -22     -3 
   179    -19    -18    -34    -68    -48    126    679    950    788    894    577    541    -73    -36    -17 
   315    232    237    -20     -3    153    -24     78    -27    104    350    452    564    563    -24    -50 
   -52     49    235    -23     -4     53    451    -65    -60    -63     78    654   1051    380    317    641 
   752    593     -6    214    622    380    328    -19    -33    -26    -38    -99    -42    -35    -33     99 
   483    -42   -158   -188    -90    247   1062    -39   -101    -62    527    165    339    171     -9    434 
   -13     21    -29    -15    -28    -89    -23    250    531    289     34    -25   -129   -154   -145    -24 
   252   -117   -223   -181    -28    -33    414    305   1104    982    660    -30   -130   -120    -38    -67 
    -7    687    715    323    -28    -67    -18     21    -48    131    451    -44    -77    -81    100     78 
   478   1041   1750   1310   1174    426    -10     71    -78   -135    -89    295    565    305    -46   -103 
   -54    -17    -46    -17    -75    -63    -60    -36    -25    373    474   1016    980    902   1191    734 
   228    -19    -76   -111    -91    -15     78     -1    -42    -79    -78   -101    -56     -2    -99    -94 
   -82   -117    -83    -19   -104   -131    -27    508    529    314    -40   -196   -148    -14    -26     52 
   270    101    -25    -61   -133   -169   -173    -21    -53    -99   -109   -196   -143    -38    -34   -115 
   -46    -24    -58   -108   -145   -218   -198    -33    142    -17    647    153    -28    -38    -84   -155 
  -118    151    181     45    -66   -114    -89    -28    -23    -10     49    -44    -89    -98    -96   -114 
   -99    -84    145    232   1089    489    507    637    -21   -121    -27    476    675    797     62    -55 
  -141    -73    -46    -65    -22    -91    -67    -85   -108    -25    -25    -33    107    921   1625    -18 
   324    975    159    -27    394   1047   1131    919   1017    580    -71    607    150    807   1113    194 
   -26   -227   -252    -53    339    582    431    470   1228    195    292    958    739    752   1172   1893 
  1939   1685   1307   1799    956   1421    911    394    846    470    -27   -243   -225    -73    440    473 
   -90    -47    783    597    304    980    711   1713    691   1299   1412   1066    495    606    497    134 
  1033     99    655    195    -49   -220   -141    -20    211    380   -162   -159    220    452    398   1062 
  1155   1284   1174    -15    179    643    429     -8     -3    -60     -2    -35    631    -47   -100    -87 
  -106    604    717    898    -83   -102    238    710    -29    -26    -18    -46    678    -59    -62      0 
   127     16    -29    -51    -53    -58    310    -55   -181   -171   -195     31    -20     98   -135    -62 
   370    588    -43    -67    -47    -55    -34    -46    -11    291    198     -5     -4     21    -27    -19 
   406    194    -87   -111   -101    -13    133    212    -94    -24    398    774    -27    -79    -35     -4 
    47    142    182    171    114     52    233    270     -2     92     39    168     -2    -40    -39    -36 
    -4    326    140    245    448    852    461    535    512    719    701    750    882    658    606    527 
   605    562    245    172    104     52    -16     -5    -25    -22     25    -10     29    307    626    977 
   422    535    486    627    522    780    647    562    726    622    622    519    354    415    474    262 
   263    143     52    390     89    149    566    712    852    952    414    971    984    923    656    821 
   568    246    303    411    601    669    701    770    821    679    670    277    266    193    -15    130 
   622    773    977    898    498   1053   1032    805    386    247    177    212    132     -4      1    481 
   793    576    428    406    572    319    137     -8    -43    -38    387    407    540    411    594    576 
   660    620    486    252    125    358    411    382    708    888    929    607    527    464    531    397 
   341    604    523    428    555    551    566    482    146    -32    104    137    -29    109     79    -17 
   -53    -86    -37    -13     -1     48    298    -26    -88    -95    -54    -31    -16    -28    -13     28 
   -20     -6    724    263    476     -3    426    946    804    251    407     71     62    352    316    695 
  1201    461    487   1632    996    936   1044   1215   1267   1113   1064    935   1045    647    186    189 
   320    570    638    652    837    435    352    956    714    800   1006    524    604    698    711   1158 
  1169   1283   1505   1600   1639   1232   1262    995    685    559    254    775    815    687    894    834 
   712   1133    975   1161   1015    647   1393   1092   1115   1305   1206   1071   1177   1015    491    545 
   727    549    715    679    512   1076    849    378    469    951    671    638    807   1034   1219   1124 
  1252    998   1062   1111    419    202    596    233    -13     72   1062    980    540    399    631   1319 
  1085    675    655    338    717    306    610   1161   1111   1761   1662   1002    790    426     -9    495 
   513    796    692    303   1267    903    691    971   1016   1274   1022    815    522    737    797    401 
   897   1178   1535   2125   1807   1011    783    403    639   1038   1040    712    577    623   1175    456 
   823    883    963   1186    492    523    928    450    682    914    507    986   1565   1436    723    550 
  1003    218    234    535    991    808    510    431    957    432    844   1064   1203   1225    792    610 
  1162   1043    711    672    324    348    686    519    110    491   1068    408    707    844    867    969 
   824    581    907    936   1203   1279   1310   1325   1221    859   1351   1072    865    519    257     39 
   209     40     20    280    503    491    566    666    656    284    268    277    651    814    818    493 
    91    203    713    459    344    710     67    -22    184    -51    -15    159    756    705    790   1080 
   456    898    867    567    470    427    859    455   1734   1090     88    445   1283    997    358    158 
   -30     38    764     33    234    578    629   1132   1272   1740   1211    798   1108    808    718    524 
  1286    803   1812    380    944    641   1146   1124    225    630     -9    491    834    -16    111     -7 
    24    485   1056    613   1073   1455   1479   1394   1244    314   1097   1481   2300    838    859   1026 
  1093   1256   1514   1539   1402   1052   1482   1027    689     78    350    789   1314    575   1252   1815 
  1675   1484   1274    410   1811   1431   2331   1799   1318   1244   1645   1405    909   1006    909    669 
   821   1181    139    158    660   1073   1173    741    830   1137    925   1028   1160    876   1658    975 
   840    760    901   1470   1993   1808    899    545   1380    356   1031    750    446    992   1043   1439 
  1032    268    -24    219    682   1126   1443    549   1280    994   1108    884    695    745   1648   1682 
  1239   1161    811   1051   1383   1961   1818   1719   1648    838    988    494    -30    261   1054   1059 
  1410    473    857   1210    773    723    687    475    723   1437   1309    761    403   1250   1184    924 
   672   1471   1241   1215    506    715    361    201   1100    904    920    474    565    796    143   1107 
   713   1033   1017   1267   1441   1433   1574   1487   1392   1025    679    682    873    710    384    329 
  1187    238    960    888   1078    521    680    907    608    753    708    486    579    703    742    983 
  1340   1294   1521   1277    942    -15     -2    522    333    528    351     73    766    415   1165    686 
  1418   1631   1789   1484   1067    549    544    307    284    278    760    730    779    903    876    443 
   326    434    412    537    622    692   1098   1244   1298    646   1145    968   1019    679    712    656 
   621    755    571    501    885    808    804    600    443    368    376    432    926   1180    885   1070 
   932    958   1050    780    805    220    428    431    666    506    563    792    525    646    730    634 
   559    424    298    464    328    135    425    511    655    666    678    665    675    511    775    514 
   874    846    830    734    758    779    350    377    474    806    779    754    681    780    737    444 
   400    474    555    715   1008    912    886    563    950    591    928    970    912    903    994    856 
   719    834    793    844    850    688    824   1162   1188   1057    886    850   1024   1157   1168    784 
   783    472   1074   1209   1197    969    765    806    991   1010   1096   1174    986   1156   1302   1331 
  1194   1110   1194   1114    987    949    950    984   1445   1172   1160    937    -91   -201   -154   -155 
   -79    291    -43    -25   -137   -160   -134    -59    -38    -65    -58    -18    -80   -142   -118    -46 
   149    -17    -37    -59    -39     47   -101   -135    -83   -164    -78    340    -22    284   -121   -223 
  -228   -121    -70    -47    -52    210    -50   -204   -122   -146   -130    -89   -105   -118    -76    256 
   -48    -33    -26   -163    -89     -4    -44    -48    -86   -170   -227   -141   -123    -90    -67     -7 
   -42   -146    -84    -77    -49    -65    -61   -102    -74    187    -17   -142    -90   -171   -152    -65 
  -105    -24    -30    -59   -135   -134   -173   -190   -104    -69    -92   -144   -119    -87    -38   -106 
   -88    -86    -82    -33    448    -75    -36    -95    -74    -30    -83    -46    151    506    255    -26 
  -112    -53    205     -9    -55   -116   -128    -68    -45    -70    -33    -28   -106    -66    -10    -94 
   -74    -78    -77    -71    -17     -2      5    463    498     -6    -64    -43    -13   -145   -155   -131 
  -105    -37   -141   -133   -153    -99   -172    -32    437    -70   -151   -207    -98   -119    -71   -134 
   -82    -40    -27   -106   -114    -90   -147   -146   -166    -33   -146    -96   -113    -72    -81    -92 
  -120    -21    524    -48   -127   -221   -125    -92   -105   -122   -106   -126   -108   -171   -109   -123 
  -129   -123   -118    -26   -183   -144    -56    -97    -95   -114   -179    -27    296    -79   -104   -186 
  -173    -87   -120   -135   -199   -203   -122   -113    -49    -72    -83    126    -43    283   -127    -98 
   187    -12    -14    -49   -103     -6    275   -103    -57   -131    -93    -73   -152    -67    -88     11 
   -12     -4     51     37     -7    964    506    544    -79   -133    -47    307    -36    290    141    358 
   948     78    267      8     -2   1192    -20    553    767    919     41    -36   -136   -112    -20     -7 
     0    633    -15   -178   -227    -48    -86    -23      0    310    218   1061    -45     -2    -50   1298 
   -41    172    549    -41   -137   -130   -226   -121   -201   -275   -321   -157   -100   -181   -301    -76 
   182    -39     -2    477    470    734   -119   -142    -38   2131    818     -1    269   -213   -230   -162 
  -190   -146   -199   -216   -271   -130    -32   -131   -284   -146    303    -15     86    942   2898    646 
  -178   -166   1758   2728   2686   2125   1575   -133    -46   -128    663    -76   -210   -304   -194    -43 
   -21    -14   -111    -51    883   1057    699    376   3009   1871   -147   -141   2398   2727   3032   2693 
  2788    598   1346    573   3804   3575   3012   1540    539    -41    -36    825     56    652    516    926 
   836    530   2118   2016    769    -24   1727   2309   2378   2873   2591    928   1337   3470   3015   4088 
  3323   3074   1597     69    -32   1083    812    376    -45    642    879    554   2195   2560   1652   1505 
   923   1650   2056   1880   1668   1002   1411   3553   1974   2209   1111    833   -107    -53    -11   2074 
  1355    886    -74    -85    441    842   2473   1858   2112   3489    763    287   1074   1407   1676   1777 
  1914   2597   2429   1477    917   -125   -207   -187    -69   2098    430    916   -128    -77     -5    239 
  1943   1611   1692   2143   1174   1078   1168   1215   1169   1090   1578   2203   2552   1767    936   -112 
  -266   -188    -22   1712    144     87    -65    245    789    794   1343   1392   1842   1681   1889   1295 
  1492   1601   1516   1291   1234   1527   1548   1530   1124     16   -117    -93    121   1623    878    388 
   -19     -6   1287   1346   1126   1351   1782   1484    953    737    773    725    710    971    958   1079 
  1447   1503   1306   1254    845    702   1195   1915   1679   1955   1418   1206   1766   1372   1622   1325 
  1329    870    589    553    540    640    456    599    545    815    909   1121   1126   1284    845    717 
   739    948   1618   1263    641    712   1049    917   1874   1252   1126    702    572    808    851   1177 
  1129    756    859    837    557    709   1016   1304   1210   1124   1383   1521   1251   1085    630    554 
   709    717   1380    976    624    283    456    536    551    761    681    291    112    308    675    787 
   808    903    903   1085   1474    925    899    819    697    686    893    599   1239   1076    579    495 
   496    463    606    288    264     76    -13    156    553    501    -15    -20    310    287    632    446 
   288    142    814    662    419    394    624    476    656    438    200    135    316    336    492    264 
   184    253    475    473     92      3    238    452    831    747    750    829    902    480    339    227 
   943    -39    -47    -50    -30    -14    733    126   -117   -169   -210   -132     26     48    317     15 
   -28    -45    -17    -19    582    -21    -74   -112   -101   -109    -88   -237   -207   -168   -207   -163 
   -54    -66   -218   -124   -139   -231   -115    -50    -14    -96   -138   -178   -123   -106    -79   -203 
  -226   -240   -207   -186   -112   -173   -180   -173   -110   -106    215    -52   -160    -68    -67   -137 
  -126   -122    -84   -133    -86    -34   -171   -144    -74    -90    -52    -51    -47    -79   -151   -200 
  -172   -126    -98   -151     -3    -51    -59     82   -101    -91   -159   -178   -121    -65    -25    -31 
   -81   -169   -115   -131   -121   -154   -151   -188    -62    -72    -99   -150   -153    -99    109    -61 
   -87    -19   -122   -161   -103   -120    -73     -6     -7    100     60   -204   -103   -155   -182   -183 
  -212   -261    -61   -146   -155   -183   -176    -88    -57   -133   -178    -78   -200   -214   -138   -129 
  -108   -118   -100   -115    -28   -177    -77   -126    -40   -115    -99   -184    -53   -122   -141   -151 
  -129    -84   -120   -236   -261   -144   -201   -214   -133    -74   -202   -199   -232   -178   -174   -264 
  -149    -58    -54     -8    -67   -176    -88   -127    -93    -58   -135    -83   -139   -243   -214   -136 
  -223   -205    -34    -13   -175   -218   -122   -107   -166   -193   -134    -32    -32    -33    -74   -179 
   -77   -109    -53    -15    -63    212    -86   -105    739   -120   -183    -47    -43    -72   -192   -274 
   -71    -93    513    -63   -121    -65    -55    -33   -120   -181   -101    -50    -27   -122   -154    -30 
   -78   -130    -83   -124    -60    252    -88   -201   -255   -192    -36    -27    271    -88   -132    -89 
  -106     -8   -121   -129   -144   -145    -34    -78    -84   -167    -54    -37    -16   -182   -192    -65 
   -59   -131   -172   -178   -194   -209   -111   -252   -103    -45   -159    -83    -99   -161   -255   -220 
  -300   -455   -327   -216    -18     -1    -41   -132    -71    913    -47    -33   -237   -389   -420   -411 
  -216   -297   -108    -62   -168   -121   -138   -192   -252    -72    431   2143   -271   -242   -118    -32 
   -87   5162   4647   4505   -163   -294   -462   -452   -380   -278    239   3832   4949    696    -82   -189 
  -239   -199   -211   -122   3852   8941    -82   -267   -243   -213   -261   5382   4130   4930   1289   -390 
  -543   -481   -414   -297   -146   2177   3820   1376    -47   -204   -201   -238   -147    -70   2701   4015 
   -23   -178   -139   -204   -238   3600   1983   2988   2210   -168   -313   -220   -142   -174    -70    -73 
  2553   1566    -68   -116   -152   -221   -140     30   1771   1708    -67   -130    -94   -126   -180    -27 
   -88   -171   -116   -211   -213   -124   -118    -47    -12    485   1772   1327    -60    -61    -96   -214 
  -153    -41    157    118   -136   -137   -161   -136   -136   -161   -182   -193   -351   -305   -168   -107 
  -138   -190    543    419   1617    551     -6   -233   -135   -187   -229   -250   -294   -182   -211   -156 
  -183   -164   -178   -251   -204   -190   -340   -302   -151   -261   -345   -432   -181   -103   -218   -202 
  -195   -346   -250   -215   -208   -224   -250    -42   -234   -179   -162   -178   -133   -159   -108   -101 
  -172   -193   -146   -253   -388   -491   -322   -154   -195   -237   -322   -506   -355   -189   -205   -236 
  -204   -101   -170   -194   -103   -142   -162   -149    -97   -141   -141   -135   -158   -208   -281   -369 
  -304   -155    -78   -109   -153   -245   -246   -170   -163    -99   -144    -94    -64    -70    -63   -116 
  -159   -155   -115   -100    -75    -63   -119   -191   -218   -244   -237   -187   -145   -143   -213   -269 
  -215   -178   -149   -130   -136   -107    -94   -108   -142   -153   -151   -164   -124   -105   -108    -88 
   -91   -105   -132   -157    -97    -89   -105    -99   -133   -146   -119   -135   -136   -131   -117   -129 
  -141   -147   -189   -194   -172   -156   -139   -167   -147   -132   -142   -120   -112   -116    -63   -140 
  -176   -147    -89   -105   -161   -168   -151   -196   -150   -135   -173   -161   -210   -216   -207   -214 
  -205   -238   -227   -196   -206   -212   -196   -211   -209   -249   -251   -211   -164   -150   -157   -169 
  -149   -186   -148    -96    -90    -50    -55    -95   -111   -130   -158   -178   -166   -136   -126   -125 
  -127   -140    -88    -93   -137   -166   -126   -189   -177   -146   -118   -170   -160   -100   -116   -101 
  -106   -117    -89    -32    -88   -142   -131   -104    -80    -97   -132   -136    -76    -33    -56    -73 
   -58    -91   -105   -132   -122   -176   -103    -87    -57    179    -17    -53   -131    -79    -71    -19 
   -16    -15    -50   -112   -132   -159   -151    -88   -126   -165   -215   -166   -142    -51    -88   -138 
   -45    -14     -9    174   -115   -178   -123    -98    -94    -17    239     -7    -38   -146   -163   -276 
  -159   -184   -199   -181   -186   -160   -167    -89    675    910    692    154    442    436    161    -36 
  1039    412    152    407    299    -61    -20      9    113   -131    -18    -85    -66    -54    -72    -55 
   -48     -1    731    265    361    -82    -36    -17   -100   -169    -51    -30    -49    -10    -39   -112 
   -52   -102   -117   -202    -44    127    -25    -76    -73    -78   -121    -21    184    -65    -21   -109 
   -81    -52    -72   -128    -95    -27    -34    -83    -75    -73    -98    -63    -66    -67    -47    135 
   -19    -96   -119    -80   -135    -38    350    -46    -43   -127    -63    -62    -74   -102    -22    828 
  1021    -66    -12    -71   -132    -41    -84   -138   -138    -39    408    -31   -128    -86   -178    -24 
   -25    -26    -74   -177   -122    -44    -58   -176    -90   -151   -135    -78    -28    -68    -78   2236 
  2450    592    -74   -106    -68    -44   -111    -49    -45    475     34    -72    -70    -56   -142    -75 
  -111   -186    -76   -174   -104    -63   -105    -76    160   2198   1011    -57   -127   -226   -124    -61 
   -33    -89    -90    -27    -42   -105   -152    -78   -148   -101   -126   -128    386   -122   -151   -170 
  -160    -69    -36   -109    -85    -43    164   -126   -272   -228   -118    -69    -61     73    -95   -158 
  -121    -88   -128    -22   -101   -223    -73    -68   -121    -88    -74    -94   -207   -128    -98    -77 
   189    -63    -91    -25   -159    -99    -50     -8   -135   -203   -155   -172   -160   -103   -124   -226 
  -186   -151   -180   -181   -171   -183   -201   -126   -102   -238   -211   -183   -163    -26   -129    -92 
   -75     -1   -133   -277   -162   -230   -140   -169   -133   -241   -279   -336   -231   -215   -149   -232 
  -280   -320   -256   -221   -189   -129   -149   -162   -112    -21   -126    -46   -200   -134    -44   -283 
  -181   -235   -278   -270   -353   -303   -123    167    -53   -247   -306   -237   -191   -193   -286   -173 
   -67    -49    -92    -45   -101    -44   -178   -153    -12   -183   -295   -245   -316   -264   -284   -286 
  -251   -216   -277   -297   -118   -109   -112    -80    -85   -153    -23   1172    605    -39    -77    -34 
  -102   -198    992    -38   -161   -117   -147   -169   -167   -149   -208   -240   -217   -303   -157   -155 
  -178   -164   -105   -161    -48   2030   1286   -148    -83    243    -30   -157    -80    -96   -106    -44 
   120    -53    -99   -101   -193    -98   -146   -113    -41   -124   -202   -122     78   -124    172    333 
  -118   -165   -187    -60    -29    -85   -188   -127   -124   -176   -128   -149   -175   -237   -201    -78 
  -178   1010    -50   -151   -184   -224   -104    -93    -19   -188   -235   -229   -214    -76     56    133 
  -103    -81    -43    -78   -119    -91   -157   -257   -287   -224   -296    -65    -61    -25    -37   -275 
  -239    -89   -160   -206    -99     -4   -108    -23    -20   -156   -193   -127   -150    -53   -108    -72 
   -54   -103   -163   -126   -147    -89    -88    749     -6   -216   -123   -126   -247   -305   -149    804 
   409    383    -49   -170   -167   -138   -154   -119   -118    -87    -95   -112   -131   -123   -118    -61 
   -93    -51   -143   -235    -98   -145   -199   -206   -157    -62    -54    771    -48   -153    -59    -53 
   -71    -74    -75     20    321    318    122    -33    -59    -51    -33    -82    -99   -198    -63   -102 
  -205   -167   -109    -90    -31    739      1    -90     -8    125    235    399    275    457    444    403 
   295     -2    -17    -44    -22    -42   -118   -140    -87    -91   -117    -94    -77    -15    -13    611 
   168    -60    -39    -48    -27    -41    -44    -47    -28    -19    -34    -48    -49    -75   -102    -89 
  -113    -91    -82   -101   -104    -41    -71    -34    -53    527     -7   -106    -77   -107    -92   -109 
   -83   -106   -130   -106   -108   -123    -98    -97    -97   -101    -98   -119   -140    -85    -65    -73 
  -134   -120   -128     63    -45   -210   -154   -166   -145   -155   -126   -150   -145   -125   -151   -137 
  -134   -167   -140   -128   -151   -166   -198   -160   -146   -156   -180   -214   -226    -72    -20   -161 
   -97    -93   -109   -160   -169   -167   -185   -227   -289   -256   -210   -214   -196   -194   -160   -155 
  -218   -207   -228   -183   -153   -129   -129    -91   1871   1023   1355   1019   1653   1502   1637   1467 
  1304   1728   1941   1885   2065   1716   1714   1522   1724   1626   1666   1931   2530   2211   1930   2301 
  1670   1376   1635    159   1149    552   1336   1635   1160   1118    315    482    735   1022   1772   1695 
  1530    771   1253   1806   1394   1326   1803   1369    693    787    430   1020   1138    415   1328    487 
  1360   1631   1385   1746    341    623    683   1308   1843   1995   1693   1157   1875   1803   1487   1058 
   874    789    383    766   1208   1819   1428    813   1253    123    823    873   1354   1668    970    792 
   905   1372   1401   1061    843    320   1255   1198   1099    962    705    917    852   1141   1124   1674 
  1587    822   1066    528   1049    971   1041   1449   1196   1597   1437    952   1256    527    637    329 
   886    662   1055   1494   1333   1762   1327   1422   1409   1540   1466    650    887    556   1055   1236 
   768   1758   1703   2064   1881   1283   1363   1260   1354    896   1287    494   1490   1660   1563   2225 
  1463   1193   1586   1465   1334    287    953   1237   1146   1255   1253   1066   1096   1346   1469   1344 
  1693   1791   1726   1111   1076   1043   1826   1352   1314   1754   1044    573    750   1130   1262    527 
   701   1050    723    506    701    745   1400    953    925   1136   1120   1695   1941   1250   1444   1536 
  2064   1253    901   1155    497    495    938   1485   1600    881   1290   1053   1392   1050   1329    964 
  1977   1388    776   1230   1218   1309   1589    894   1056   1338   1800   1203   1056   1810    918    676 
   912   1522   1454    592   1238    458    703    798   1056    538   1181    690    593    727   1124   1409 
  1203    972   1826   1505    911    907   1236   2301   1136    913    881   1121   1276    543    932     13 
   700    803    681    138    765    288    656    916   1187   1362   1408   1283   2234   1538    746    392 
   753   1493    787    773   1114   1411   1386    611    600     -7    819    809    763    952   1161    914 
  1090   1107   1041   1536    942   1121   1530   1901   1977   1126    658   1121    801   1443   1904   1880 
  1133    613   1283    928   1386   1203     -2    759    591   1173    600   1713    746   1663   1411   1246 
  1412   2078   1512   1182   1487   1174   1154   1636   1758   1679   1361    493   1174   1402    769   1057 
   800   1372    959   1365    373    842   1261   1546   1427   1268   1167   1359   1545   2263   1160   1157 
   927   1364   1168   1437   2275   1118   1090    748   1139   1316   1600   1560   1335    665    863    406 
   505    220    257    979   1664   1729   2411   2044   1323    945    929   1293    982   1333   2543    779 
  1222    890   1481   1450   1846   1934   1628   1028   2156   1713   1629   1697   1577   1253    895   1534 
  2380   2046   1772   1673   1401   1251   1073   1687   2413    525   1361    973   1241   1219   1638   1658 
  1757   1570   2105   1788   1530   2359   2477   1995   1474   1299   1824   2164   1880   1758   1735    898 
   743   1449   2473   1163   2467   1110   1594   1624   1851   1724   1525   1569   1392   1353   1638   2194 
  2051   1348    975    449   1403   1578   1505   1678   1454    934    680   1449   2300   1196   2119   1022 
  1497   1674   2156   1708   1651   1777   1692   1516   1601   1785   1305    709    198    -44    982    923 
  1466    926    523    246    418   1411   1905   1498   1687    871   1503   1232   1293   1269   1205   1069 
  1130   1247   1316   1684   1201    510    -11    -21    584   1103   1910   1095    497    570    650   1518 
  1806   1272   1667   1082   1597   1681   1595   1514   1399   1337   1434   1463   1543   1773   1654    947 
   411     22    743   1514   1926   1116    565    799   1118   1459   1569   1646   1937   1146   1894   1909 
  1786   1630   1735   1577   1614   1682   1706   1705   1674   1438   1538   1761   1744   2112   2049   1920 
  1623   1580   1373   1459   1286   1089   1333    462   1158   1296   1265   1026   1151   1218   1192   1280 
  1408   1292   1411   1499   1503   1527   1400   1405   1287   1424   1102   1317   1091   1149   1477   1057 
  1535    342   1106   1096   1182   1268   1094   1034   1067   1325   1393   1302   1328   1411   1433   1340 
  1415   1387   1251   1410   1132   1313   1111   1203   1094    422    692    -34    262    383    520    586 
   659    620    652    914   1048    825    738    861    812    970    963   1070    950    816    451    669 
   440    867   1447   1059   1475    869   1247   1480   1558   1327   1346   1359   1172   1201   1209   1355 
  1283   1219   1103   1363   1419   1587   1536   1554   1070   1483   1389   1504    352    189    -26    -41 
    -7     -1     -8    290    -59    -57    -87    -38    -14    -14    -12    -16    110    -49    146    -21 
    -4    -33    -50    -66    -82    -67    -23   -141    -98   -109    -90    -70    -73    -78   -171   -151 
  -206   -123    -34    152    128    -80    -76   -120    -49    -79   -132   -215   -238   -223   -204   -123 
   -51    -90    -79    -84    -74    -18    -13    -73   -131    -89    -97    -70     -8    134     -8    -98 
  -132   -163    -82   -127   -165   -192   -178   -146   -123    -84    -75    -97   -105   -108    -78    -57 
   -55    -69    -46    -54    -58    -81    -85    -72    -71    -96    -89   -138    -81   -148   -133   -136 
  -110    -62    -62    -58    -70    -40    -76    -88    -96    -75    -79    -93    -59    -54    -89   -105 
  -110   -106    -90    -72    -54    -82   -107   -127    -51    -31     -5    -21    -37    -51    -82    -87 
   -75   -135   -135    -72    -74    -95    -51    -36    -85   -142   -128   -109    -48    224    -21    -58 
   -55    -97    -23    311    170    -17    -95    -82    -32   -102   -126   -198   -148    -76    -52    -20 
   -39     -2    -92   -121    -66    -62    -47    182    -60    -71    -62   -112    -50    -40    -22    -24 
  -112   -100    -44   -127   -132   -212   -189   -111   -100    -69    -96    -72   -102   -167   -124    -88 
   -71    -66    -67    -66    -92    -52    -57    -72    -17     15    -86    -82    -13    -60    -40   -124 
  -145    -99    -81    -65   -138   -141    -99   -104    -67    -14    -38    -65    -68   -153   -201   -122 
   -91   -119    -62    -46    -70    -98    -22    -54    -52    -82    -98   -100    -92   -133   -146   -111 
   -85    -54    -50    -26    -81   -119   -101   -141   -130    -82    -21   -105    -50    -34    -76    -58 
   -60    -72   -110   -119   -126   -133   -146   -221   -208   -186    -84    -26    -24    -22    -76    -90 
   -88   -164    -62    -70    -48   -110    -88    -97   -114    -70    -89   -115   -127   -133   -173   -166 
  -183   -271   -268   -220   -108    -44    -24    -65   -138   -140   -152   -181   -148   -108    -59    -91 
  -105    -86    -94    -96   -107    -99   -170   -242   -214   -172   -125   -296   -312   -265   -219   -129 
   -82   -163   -201   -289   -257   -176    -83    -25   1443    247    -94    -99   -110   -112   -102   -133 
  -200   -301   -199   -198   -135   -200   -184   -103    -99    109    -77   -101   -178   -251   -279   -207 
   886   2338   2987   2049    -26    -73   -102    -71    -95   -139    -40    -77   -144   -131   -143   -144 
   -88    879    847   1726    313    -42   -132   -125   -107    -78   1610   2550   2727   1308    -40    -84 
   -85    -46    -68    -42     -6    -30    -96    -71    -75    -58    238   1686   1237   2492   1937    -22 
  -106    -73    -46    -82    -35    944   1819    626    -31    -76    -81    -44    -62    216   1179    943 
   269    -51    -25     -7     87    901    890   1366   1593    -37    -54    -83   -124   -118   -106    447 
  1724    656    -75   -151    -89    -56    -57   1086   1684    718    604    -44    -35     -7    -17    -59 
   -64   -108    -89    -79    -80   -128   -250   -206   -170    -27   1318    143   -113   -279   -155    -70 
   -61    144    646    147    396    -49    -28    -11     -7    -42    -70    -80    -92    -82   -136   -180 
  -365   -315   -154    -29    626    -84   -203   -335   -163    -56   -119    -95   -116   -106    -79    -89 
   -47    -61    -64    -75    -96    -92    -92    -66   -123   -162   -334   -333   -175    -79    529    -52 
  -145   -178   -113    -34   -117   -137    -87    -44     -8    -16    -13    -38    -57    -61    -68    -62 
   -46    -23    -68   -132   -217   -228   -128    -45    -36   -103   -132   -115    -75    -18    -76   -109 
   -58    -38    -26    -17    -24    -33    -61    -68    -54    -50    -56    -61    -56    -64    -70    -86 
   -77    -38    -36    -51    -40    -28    -31    -12    -49    -80    -59    -53    -43    -41    -32    -35 
   -36    -35    -16    -23    -35    -49    -25    -17    -18    -43    -41    -37    -43    -10     -2    119 
   -34    -33    -34    -93    -82    -78    -70    -76    -74    -76    -63    -37    -23    -37    -40    -61 
   -84    -86    -84    -73    -73    -77    -60    -58    -45    -31    -44    -32    -41    -96    -85    -49 
   -33    -50    -69    -84    -75    -72    -73   -105    -98    -95   -112   -122   -127   -128   -111    -81 
   -72    -62    -80    -78    -67    -54    -30    -72    -36    -19    -17    -14    -57    -79    -66    -76 
  -101    -89    -59    -40    -23    -27    -68    -68    -63    -39    -46    -23    -35    -31    -20    -30 
   -81    -81   -194     17    -82    -49    -51    -82    -13    -22    -50   -107   -108   -164   -136    -32 
   264    167      3    189    167    -65    -39    -13    -22     33   -151   -195   -117    -37    -71    -29 
  1187    263    688   1340    294   -132   -138    -89    -13    -59    673   2683    158    -69    -82   -133 
   -89    -28    525    734   -168   -156   -105    569   -154    -72    180    446    -66     16    -46    -82 
   -97   -108    -76    -60    541   1091    -15    -53    198    775    801    971   1049    802    -89    -86 
  -101     39   -115    -88    -86    -51    -43    374     -1    -34    -38   -128   -121    -72    413    202 
    -3    -21   1294   1408   1071    934    266    241    -35    -31    -44    -82    -36    -44    259    907 
   -24    860    186    -20    592    848     77    -73    -13    -94   -102    -79     62    939    203    288 
   137    290    -67    -11    107    -28    -98   -113    -64    -22    -28    250    792    -58     59   1075 
   829    635    -17    -56    -12    -10     58   2658   1826   1457   1343    851   -101   -103   1186   2118 
   684    -15    -68    -73    -53    -54    179    -34    -13    990    309    662    298    -87    -15    -47 
   -61   1965   1042    234     -1     -3   -117   -184     -6    858     95    859   1177    451   1998    836 
   486    -13    -23    389   -141    332     45    -77    690     50   -114    -30     99    641    721    359 
   -42    -70   -110    -15    -64    -23   1069    -51    596     -3    -24     21    668    791    -55    807 
    32    -94   1012    690    399   1478    519    805    723    304    -33     78    -27    165    -40    279 
  1397    -63   -109   -130    -33   -108    -81   -175    -75    -16    -16   -114    -36    -45    -74   1773 
    -6     46    -46     76     -4    -96    -41   -114   -103    -78    -30   -161   -189   -203   -160   -229 
  -163   -198   -152   -155    -26   -137   -143    -93   -113    230    -24    -33    -56    141   -158   -141 
  -252   -216    -54    -11    -75    -80    -76   -218   -199   -247   -138    -93    -95   -110    -69    -66 
   -77   -365   -292   -104     -8    -10    265    742   2469    -54   -308   -233   2626   1246   1612   3410 
  2082   -112   -174   -381   -292   -278   -217   -122    -55   -125   -170   -294   -271   -186    -35     -4 
   -53    -34    887    -39   -319   -298   -117    -47    134    934    643   -212   -301   -332   -280   -501 
  -527   -391   -274   -146   -206   -237   -201   -185    -84    134     -2    940    -30    -53   -260   -208 
   -60    704    485    194    -54   -118   -251   -208   -270   -134   -103   -166   -221   -105   -129   -202 
  -133   -244   -112     -3    224    497    -83   -176   -403   -262   -126    373    781     11    -47    -87 
  -181    -62    -79    112    -21    -51   -123   -171   -157   -225   -137   -247    -24    -48     -5    -24 
   265   -154   -328   -312   -274    -77    -23    -37    -69    -78   -119    619    388      5    -26    -53 
  -160   -382   -253   -247   -258   -273    -38    -32     32    -42    222    191   -134    -77   -180    -52 
    -7    -34    -15    -69    -41    702    -14    -20    -95    -53   -190   -352   -153   -281   -283   -354 
   -31    -61    -69     -1    861   1012    407    541    -13    210     -2    128     54     -8     86    484 
   616     58    -80   -213   -216   -262   -171    -84   -110   -300   -173   -174   -147    247    189    184 
   143    -20    -38    -48    -28     64    286    313    215    418   1046    114    -61   -267   -359   -288 
  -209    -16    744    -40   -126   -218   -114     -2    244    890    926    658    409    -23    282    539 
   526    498    409    159    244    627    666    -82   -182   -155   -130    -10     17    -77    -89    -54 
   -21    173    -35     -9    652    530    338    428    290    382     -9    193    108    -30    -34    -17 
   144    -12     18    516    619    729    366    163    184     37    -14    125    -48    -38    164    175 
    -9    262    163    195     80    137    -23    -27    -34    -40    -28     11     75    129    107    146 
   273     -6     60     -1    -10    -12    -43    -27     57     -8    -39     21    284    302    -16    -34 
   -34    -13    -10    293    198     -5    166    254     25    357     65    174    109     49     -7     -4 
   -34    -31    -12     -2    -40    -14    -23    -13     79     -7    465    238    -26    -34    -14      0 
   232    250     82     -6    476    983     93    -55    -72    -51    -73     91    314     -6    -28     -3 
   354     -3    141     73    -11     -3    195    183     -4    176    296    303    671    247     40    244 
   694    346    -15    -30    194   1069    -96    328   -145    132    447    211    722   -135   -121    -82 
   -69    293    -32    612     -6    162   -163    -74    -72    -43    -77    -55    -88    -62    114    276 
  -166    -33    -51    -59    745   -172     -3   -152   -151   -115   -156    -92    -80    313    299    -97 
  -194    -59    -83    -54    -47    -20    786   1071    -42    694   -129    -11    -73    -64    -54   -221 
  -113    -92    -67    -51   -159    -77    -69    -24    -37   -214    -86    -49    -60    -31    149    331 
   342    339    -81    335    -44    -44    -37    -31    -70    -59    -70    495    -63    -61    -23    -26 
   -59    -15   -101   -122    -87    -84    -25    -32    -36    369    409    410    -97    -69    -13    150 
   174    165    306    -73    338    -19   -103     37    324    -80    -54    -10   -170    -36    -53    -88 
   -99    -97    197   1842   1199    320    -10   -189     23    -69    -24    412    138    -44    -54   -154 
   -67     -4    -89   -116    -33   1212    -98    214    -47    -95   -140   -103     32   2642    -39    -44 
   649   -104    682   -118    -51    257    -71   1741     -6    -29      4     37   -163    -94   1530    -50 
  -121    -90    -57   -111    -81   -112    -67    -95    -75    -14     58    -27    -16    -56    -22    359 
   234    957   1484     52    742    -86   -180    637    505   -142    -39    -45    835   -147   -195   -173 
   -12    -23    338     -7    -54    -27    -43    -20    -41   -123    399    -96    -95   1688    -75   -130 
   -63    239    -58     51    -11    926    363    -99    -13    -57      0    -49    -16    -38    -81    342 
   -72    -12     65    -70    119   -114    165    -63     19    -93    -20    -87    -12    229    470    -33 
    -9   1341    560   -140    -54   -108    -36    -12     -5     -9    978    312    533    362    -43    277 
   -51   1028    617    349    125   -104     -1    -72    107     81    919   2818   -143    -92    -75    -42 
    -4    -26    -16    392   2682   -107   2108   -167   1500    269    -26   3045    449    215    675   -175 
   997    -66    -99     -9   1425    297   -204    -55    -67    -12    -29    -57      5   2656   1630   -214 
  1815   -203   1105    -84    891   1824   -268    -87    465   1122   2204   -151    -98   -224    696    -67 
  -250   -135    -46    -97    -53      0   -104   2419    -15   -314   -147    -29   -146   -110   1951    -77 
  -117   -183    -83   3153   -199    -73    -51    -84   1742   -186   -163   -165   -134   -110    -72   1367 
   -82    326   -272   -228   -148   -181   -156   -107    -89    496   -114   -206   -259    -41     -8   1147 
   280   1622    -68    -38   -185   -193   -101   -100    -74    682    -90    -60   -214   -148   -145   -117 
   -59    -57   -112    -88   -102   -138   -198   -152    -29     89   1119   2008   -178    -33   -136   -203 
   666    -45    -93    -40   -144    -49   -159    -83   -124    -21     -5    -71   -142   -208   -224   -171 
  -108    -35     37    739    620    -46   -188   -146   -191   -107    282    -51    -62    -55   -126    -99 
  -165    -77    -38    -99    -90   -148   -187   -218   -116   -102    -75    -24      6   2250    -46    -94 
  -102    -47    -82   -120    -52    -37    -31      0   -113   -179   -160   -156    -79    -34   -111   -118 
   -83   -102    -15    -13    -36    -41     21    575   -122     -3    -18     56    -20   -180    -63    -60 
    78    308   -110   -193    -74    -67   -124   -122    -35    -26    -14    -64    -46    -49    -20    -69 
   -51    -71    -94    588    440      0    -79    -24    327    -39   1268    191    -74   -151    -42    -62 
   -85   -103    -82    -35    -65   -116    -76    -53    -56    -64    -29    -62    -14    848    636    -57 
   -68    -55    -52    953    663    189   -141   -107    -64    -78    -88    -99    -60     -9    -84   -129 
   -66    -61    -68    -49    -49    -63    -27    -59    -27    -86   -108    -68   -105    -52    -25    146 
  -176   -122    -67    -34    -96   -101    -47    -63    -87    -41    -48    -25    -36    -50    -58    -58 
   -97   -116   -112    -81    -38    -79    -91    -72    -19     -5   -104   -157    -62    -27    -34    -28 
   -16    -58   -100    -77    -75    -32    -98    -72    -54    -70    -84    -80    -74     71    -26    -97 
   -23    -27    154    108    -96   -136    -73    -25     -8    -11    -33    -47    -57    235    -11    -37 
   -63    -12    -30    -90   -100    -66    -25    307    -57    -50    -34    -32    -21    -23   -109    -25 
   -27    -20    -11    342     78     -6    143     88    -53    -14    134    236    -62    -63    -10    106 
   187     35    158     -8    535    -24    144     -2     -5    243    127    414    188    229    102     -2 
   262    412    578    507    546    283    517    306    -25    -48     -4     22    -25    -63    -85    -89 
   -68    -61    -39   -117   -126   -114   -132   -151   -123   -129   -143    -86   -131   -145   -112   -132 
  -110   -162   -211   -248   -205   -162   -196   -240   -223   -211   -208   -151     28    175    482    898 
   372    149     -9    -59    192   1248    267     91    564    363    638    -36    -39    -82    -77    -73 
   -29    -42     -8    -15    -23    -16    309    708    591    445    285    -30    -36    -17     -7    926 
   104     -9     -8    -50    -24    -64    -22     -7    -39     46    -12    134    145    -21    -66    -82 
   683     27    -12    -15    -35    -66    -37    -51    -59    -45    -35    -90    -33    -28    -79    -73 
   -47    -84   -111    -19    -27     -7    -12    -49   -112   -102    456    267    -31    -13    -31    -55 
   -21   -137   -170     -6    549    -85    299    326    -75    -71    -49    -76    -83    -37    396    379 
    59    -64    -86   -105     -7    -12    -11    108     40     -6    -46    -52   -176    -63    -34    -37 
   731    439   -111    -35    -72    -28    -75    -36    480     66    -51   -114    -91   -114     -2     -5 
   -36    -77   -121    -70    -63   -153   -177   -167   -142    -97    436    -44   -135    412     -9    -29 
    78    -21    -21    -14    -32    -81    -27    -76    302     46     -5    -24    -80    -91    -68   -112 
  -202   -147   -103    -71    -90    -76    -12    -10    211    -22     39    -58    -68    392     49    -47 
   -66   -106    -29    -64    -63      0   -111    -53    -47   -119   -184    -73    -36   -117   -146   -123 
   -34    -70    -69   -114     42    -81   -119    -38    -46    -75    -57    -83    216   -105    -74    -70 
   -70    -98   -142   -157   -173   -173   -111   -110   -138    -72    -96   -121    -95   -131    -42    -81 
  -116    319     -6    -89    -67   -112    -71    -78   -135   -205   -193   -128   -156   -205   -134   -224 
  -190    -64   -123   -117   -172   -153   -118   -182   -144   -104    -32    -45    -47    -60     -3    -91 
   -17   -163   -214    -40   -219   -292   -275   -383   -391   -283    -45    637    -24    -59    -55    -37 
   -60   -154   -178    489   1777    667    -31    -92    -90   -151    -47   -117    487   2387    -63   -106 
  -222   -191   -204    112   1392   2236   1040    -97    -34    336    -11   -156   -154   1127   1508   2006 
   282   -119   -107   -133     -6   -119    935   3214    420    -57   -138   -124   -119    932    355    697 
   -63    -18    152    178    489    -69    178   1153    893   1368    333    -47    -83   -132     59    -43 
  1819   2127    -11    -62    -90   -144   -155    -93   -117    -18    -97   -107    -53    149    -39   -101 
   691    692     -8   1218    132    -22    -71    -78    440   -113     -1    595     -7    -78    -81   -102 
  -115    -36    150    -19    -89    -93    -80    -46    -57    -43    678    319    793   1050     -2    736 
   -28   -103    -16    -78    350    -39    -39   -157   -169   -162   -185   -152    -93   -143   -131   -112 
  -120   -116    -36     -9    -14    -77    -29     31    -70    136    -57   -120     56     90    634     28 
    -6    -78   -143   -154   -143   -102    -72   -108    -98   -101   -149   -125    -17    -19    -71    -39 
   -80   -102   -110     -2    253    -34    112    -49     -9    -22    -20    -45    -84    -89    -89    -63 
   -69    -85    -80    -87   -145    -64    -29    -74    -51    -88    -72   -110   -112    -20    -25    -51 
   435    -34    -39    -23    -33    -52    -59    -56    -51    -47    -43    -61    -56    -44    -82    -76 
   -43    -60   -101   -120   -102    -94    -88    -40    -28    -20    101    -44    -28    -27    -64    -61 
   -69    -53    -57    -58    -41    -64    -62    -37    -55    -54    -36    -50    -56   -100   -117    -69 
   -62    -61    -80    -37    354    -30    -95    -94   -104    -98   -114    -86    -75    -78    -89   -104 
  -121   -130   -102    -83    -78    -80    -92   -122   -115    -99    -98   -105    -87    -37    653    -13 
   -59    -84   -112   -101    -98    -76    -68    -82   -101   -121   -132   -114   -103    -95    -89    -94 
   -95    -79    -82    -70    -74   -102   -106    -80    -24   -155   -205   -195   -213   -238   -250   -237 
  -257   -222   -232   -219   -217   -188   -188   -171   -180   -202   -217   -204   -184   -145   -183   -234 
  -238   -158    286    -46    -57    -70    -91    -93    -98   -104    -88    -71   -111   -116   -116   -112 
   -93    -66    -80    -73   -104   -107    -85   -101   -107   -128   -124   -117     60    463    563    184 
  1068    627    460    670    561    298    680    815     28    150    -33    658    548    212   1109    573 
   285    225    138    -49     -4    813     44   1881    854    550   1004    594   1229    179    618    107 
   227   1016    253    601    126    787     -3    -78    900    526    -10    -11    120    150    471   1263 
   394   1740   1068    660    949    837   1946    256    927    111    470   1116    775    890    914   1064 
   477    165    736    800    500    595    803    896   1189   1406    719    882    972    993    668    576 
  1574    725    790    717    445   1077    372    111    493    937    -18    396    700    735    498    492 
   574    809    864   1250    785    643    893    700    783    476   1488    439    776    202    297    751 
   -23    269    806   1104    158    479    511    634    177    322    483    455    427    665    625    398 
   850    952    776    675   1648    234   1039    875   1040    688    -25    249    725    691    463   1272 
   631    719    157    -10    402    509    -56   1014    504    227     -8     45    860    441    799    864 
   592   1096    592    720    -52     86    194    258    649   1240    844    672    471    207    497    588 
   393   1368    662    701     88    -22    922    190    695    531    796   1265    218    490     -2    261 
   -18    588    187   1092    188    794    872    209    191    649    556   1074    430    820    736    -11 
   731    609    503    757   1128    918    -22    282    856    -24    -15    454    303   1301     -2    909 
  1116    141    760    991    989    937    475    827    623    623   1216    841    582   1346    332    679 
   -14   1139   1164     27    583    692    645   1506    579    403   1392    186    822    993    812    815 
   834    867     23    385   1432   1243    632    798    327    853   1356   1277    585    231    845   1320 
   866   1181    931    516   1059    642   1317   1094    954    841    544    601    971    924   2169   1732 
  2064   1164   1127    892   1752    915    140    -14    426    418    156   1069    505    272    607   1096 
   877   1142   1126   1042    -68    953    320    363   2659   1513   3193   2046   1195    430    909    378 
  1491    -28     51    906    -13    175    583    266     88    270    439    710    301    937    378   1364 
   914    474   1473    886   1638   1315   1620    -40   1102    268   1045      0    -38    727    276     -3 
   154    -46    928    251    499    619     79   1431    -30    985    389    789    299    578    767   1280 
  1305   1142    418    108    516    694   1517    469    561   1151    407    118    402    695    251    236 
   611   2081    -74    623    -24    323    754    753   1050   1189    972   1186    -55   -100      0   1013 
   963   1327   1749   1874    768    514     45    -13     44    529    248   1371   -105    125    -67    -48 
   122    276    460    636    983    382    -36     -3    929   1461    872    761    719   1477    521    924 
   389     63     -2    417     82   1344    -46    241    -88    -60     34     86    378    623    804    499 
   298    255    781   1143   1358    731    245    579   1044    876    206     -8    185     43    664   1604 
   -17    492     -5    -18    468    119     -4    396    635    642    576    525    553    339    960    626 
   156   1069   1436   1393    137    344    585    880    989   1328    -46    230    528    356    463    498 
   462    708    855   1075   1012    768    511    192    482    636     -6    464   1316   1321    636     -7 
   -51    873   1244   1303    -71     79    752    387    877    752    689    627    487    851    825    921 
   848    651    496    764    384    783    950    753    818    325    437   1061    973   1315    -34    415 
   626    566    836    727    773    628    158    722    613    637    713    698    478    603    471    594 
   582    217    841    270    358    685    805   1130    -32     -8    115      6    487    486    443    438 
   326    489    627    533    263    285    186    344    556    538    488    204    482    191    422    441 
   441    928    -57    -58    -27    -53     -4     -5    -25    -26    -10    -15    177    196     -1     58 
   279    162    282    426    323    102    193    261    356    367    491    822    -58    -40    -12    -54 
   -12    -19    -53    -41    -22    -39    -18     49     -5     13    -34    -57    -52    -30    -35     -6 
   -20    -11     -7     -8     89    528    -36    -41     -5    -12     36    129     -2     -2     73    -32 
   -19      0    142     -3    -13    -10     86    248    147     72     57    195    437    163    414    584 
   -11    -20    -67   -102     -8     37    187    382    170    -26    -57    -37    105    228    429    657 
   216    -46    -41    403    -11    -52    -38      1    216     -4    -47    197    -41    -88    -66     -8 
    -8    -49    -46   -111   -166   -122    -82    -77    -42    -15    -29    -33   -117     -6    -75    -58 
   -65    -34    -56    -54    -46    -39    -82    -79    -37     -8    -20    -14    154    -73    -64    -94 
   -81    -55     -7     -5     -9     36    -61    502    -31    -56    -81    -80    -72    -34    -18    -20 
   -67    -82    -55    -31    179    361    245    123    -16    -39    -26     -5     -3    -29     25    -24 
   -21    236    -27    -74    -70    -43    -52     -5    251    354    -39    -24     -9    -17    -25    -10 
   579    325     -6    -27    -61    -43    -45    -65    -16    -70    -20    375    477     -3    -20     -8 
   -33     -8     85    532    -27    -37    -21    -21    -47    -23   1036    423    -18    -22    -72    -60 
   -87    -32    -31    -34     46    560    456    770    196    127    -77    -43     35     -2    -67    -66 
   -31    -37    -52     -5    794    -51    -87    -45   -101    -59    -68    -46     73    -27    -14    404 
   441    107      0    -28    -42    -28     92     -7   -111   -139    -83    -70    -44    -26    746    -41 
   -81    -70    -29    -21    -27    -25    -10    -68    -39    -23     83    236     48    -30    -43    -36 
   388    124    -65    -43    -55     -6    -26    -73   1291    -56    -87   -112    -12    170    -26    -23 
   -10    -16    -29    -40    410    686    354    -46    -48    -27    646    -20    -87    -66    -19     -8 
   -64   -103    913    -40    -54    -26    -12     -4     -7    152    244     -9    172    -12    185   1073 
    24    -32     -8     73    771    165    143    -24    782    304    -44    -29    543    -29     26    -66 
   -31     -6    -48    -19    137    248    151     -5    113    293    -41    -43     -6     95    381    -44 
    43    -19    452    483    -36    330     -4    395    -54    -46    -70   -119    -93    -88    -65      0 
   225   1006    342    -11    -29     -7    -13    181   -122    -29    -19    481     32    232    -74    -77 
   -84     55    -28     -7    -91   -185   -168   -142    -49    -31    661   1523    311    -17    324    812 
   -36     -6    542    -10    445    986    246    384    -20    -86    -29    184    485    855    -69   -139 
  -265   -265   -203    -91    845   1209    118    -60    -12    606    -51    -49   1383     95   1432   1486 
   391    482     -1    -20     -1    -68     -9   1510    -28    -34   -111   -179   -164    180   1165    -25 
     0     -5    -37    -29    -40    -79   1484    594   2252   2512   1055    524    -26    -25     52    541 
   931   1227     58    395    474    -18    -25   1331   2709   1076    947   1523    505    370    -12    190 
  1033   1144   1999   2560   1089    398    -23     -2    273     -9    248     52     -7    528    204    186 
  1334   4242   3965   1522   1490   1741   2216   1984    873   1079   1231    819   1169    961   1282    239 
    27    152    184    352    367    553    587    418    153   1365   2582   5117   3321   2585    991   1431 
  3331   2676   1497   1102    581    -45    389    851    929    899    129    315    -11    -14     -5     83 
   300     45    372   2017   2949   3752   2231   1202    -30    514   2453   2243   1329    148    900     -9 
   257    219    180    116    -16    -22    -22    -44    -40    -35    -10     37      0   1242   2495   2703 
  1984    670    477   1178   1428   1797    537    261    679    -12     40    -10     -5     -7    -27    -23 
    -6    -27    -28    -15     46    337    302    477    787    471    289     -7    210    643    492    445 
    39    222    527    -19    -22    -12    -32    -31    -32     -5     45    -36    -34    -10     -8    -27 
   -22     21     -6    380    131    -17     57     33    -30    -24    -12    177    610     -6    -17    122 
    18     70     40    248    375    143     74    387    412     94    107     93    210    478    486    303 
   226    186     -1     -1     -1    209    876    461    239    442    382    158    181    261    509    276 
   156    275    379    350    364    332    393    487    358    398    403    400     -1      7      0    224 
   688     99     -9     25    305    176    148     15     39     -4    -26    -35    -36    -10    128    112 
   368    327     -4     65    455    137    -61    -62    -52    140    366     72     -6     -5    195     -3 
     9    384    376    350     -8    -21    -18    -11     -3     -9    207    329     -9    -15     99    109 
   -27    -25    -24     -1    330    451     32    121    462     49    556    556    119    314     46     -8 
    -2    171    223    284    433    223    215    404    195    -50    -72    -64    -51    -51    254    -21 
    57    834    646    498    579    860     -3    669    442    433    785    899    979     -4     47    346 
   150    741    210    -56    -58    -62    -76    -55    504    816    843   1267   1554    890   1515   1699 
  1021   1396   1312   1575   1514   1169   1079     93    316    711    402    437     40    -23    -42    -35 
   -33     -6    268   1093   1551   2027   1848   1051   1735   1869    947    425    607   1622   1593   1169 
  1114    517    869    981   1013    623    123     78    309    337    487    450    494   1337   1623   1763 
  1386    718    713    591    525    470    375    836   1000    511    479    449    488    977    997    650 
   590    539    527    362    161    129    691    909   1474   1575   1836   1133   1086   1138    970   1287 
   921    519    385    544    401    -31    -38    283    627    688    766    684    573   1028    742    666 
   609    700   1027    872   1261   1252   1432   1146    951    853   1022    257   1094   1310    309    -11 
   -45    212    730    841    439   1492    690   1462    992    597   1068   1070   1147   1418   1219    879 
   497    655    575    123    448    576   1290   1499    966   1335    398    311     -5    191    510   1273 
   814    395     14    -14   1048   1313   1227   1122   1369   1054    559   1698   2146    731    669   1134 
   793   1084   1478   1388    743    573   1556   1601    596    170     69     -2    -36    -24    987   1521 
  1765   1183    891    518    253    773   1205   1215    647    900   1305   1172    741    602    850   1120 
   969   1509   1261    758    437    191     -4     39    690    905   1018    -16    581    767    594   1166 
  1217    740    111    -15    -28    -11    435    623    937    935    832    153    901   1503    813    670 
   651    548    695    189    -36   -120    358    618    623    369    224   -109   -142   -143    -72      5 
   -50    -69    -36      3   1026    -87   -103    758    743    673    361    362   1044    393   -169   -130 
   371    324    708    748    419    -55    -46    -44    -10    -73   -194   -116   -118    -53    -27    -47 
   -77    -70   1011    938    178    497    204    558    395   1144    226    -58    -19    159    462    519 
    52    571    893    -20    -47    143    -21    119    132    909   1153     -2    321    808    -22    567 
   -44    -61    129   1062    -58    -60    -31    -39    -47    -70    -67    -45      0    -33    350    659 
   678    410    499    -10     49    469     -6    223     95    975    -30    -19    -12    -10    -51    -25 
   150    252    -11     58    936    165    481    -61    -15    -18    -35    770   1080     18    478    488 
   234    299    191    585    138     33    432    373    102     -8     31    -51    -54    380    662    -32 
   692    103    251    -23    -67    535    783    180    -22    315    505    223    184    346    -10    668 
  1038   1020    866    293     -9    -30    -32    -10    -15    -36    -36    147    513    -16    -49    705 
   267    800    277    228   1051    334     -4    522    397   1047    693    563    915    932    325     -7 
    -1     -1     -4     95    116    381    498    764    457   1016    197   1252   2163   1555   2094    926 
   140    466    269    487    141     47    -10    -28    -21    -26    -27    -22    -44    -40    -25      7 
   185    803    844    681    261    548   1352    821   1137    824    439    608    448    572    418    224 
   134     -5    -11    -13    -15     -3    -16     -7     48    263     72    273    398     14     80    204 
   214    -28    -32    -14     -5    390    185    549    459    362    137     84    101    313    482    502 
   392    318     81    182     73    261    125    161    338    144     37    -47    -48     -8     96    307 
   126    361    530    365    140    210    153    373    396    424    259     29      0     -9    -17    -11 
   -19    -35    -13    -24    -15     28     97    122    141    263    -11     -9    125     71     -8     -8 
   -13     49     44    252    430    287     93    -10    -19    -32    -53    -62    -44    -34    120    330 
   239    197    198    333    318    242    248    172    185    332    422    325    401    154    196     98 
   -14    -38    -18     18      0     -3    104    169    502    177     -9    -32    -14    134    676    496 
   389    360    487    494    472    459    502    229    231    185    212    248    475    494    473    576 
   535    645    876    660    354    131    357    630    -35    -76   -125    -45   -107    -94    -49    -66 
   -93    -88    -57    -89   -102   -114   -110    -96    -99    -32   -132    -80    -10    -20    -46    -64 
   -98    -57    -93   -202   -180   -114   -161   -131   -124   -200   -172   -178   -143   -183   -145   -140 
  -131   -178   -178    -72   -187   -188   -136   -179   -213   -232   -175   -103    -66   -130   -124    -88 
  -153    -92   -130   -190   -172   -163   -163   -183   -153   -114   -117   -143   -130   -211   -187   -225 
  -197   -197   -202   -153    -97    -39      0   -111   -108    -81   -174   -152   -184   -205   -181   -137 
  -169    -88   -160   -190   -178   -150    -81   -120   -155   -194   -166   -157   -153   -109    -69    -58 
    77   -116   -149   -125   -212   -165   -156   -111   -155    -72   -148   -172   -188   -203   -152   -141 
   -68   -104    -85   -169   -131   -101   -129    -90    -46    -42    -27   -156   -131    -87   -143   -120 
  -128   -107   -160   -148    -96   -203   -176   -173   -132   -156   -169   -139   -114   -155   -152   -110 
   -72   -124   -105   -103    -35   -187   -156    -91   -147   -111   -148   -134   -195   -126   -162   -189 
  -215   -181   -168   -243   -216   -155    -72   -111   -178   -172   -128   -153   -118   -109     -8   -115 
  -139   -128   -139   -165   -198   -200   -236   -215   -237   -251   -178   -174   -227   -285   -224    -72 
   292    -22   -187   -226   -176   -183   -119    -83    -54   -149   -175   -195   -195   -156   -149   -190 
  -257   -179   -210    -99   -107   -145   -212   -186   -130    -31    418     -7   -168   -162   -189   -144 
   -50    -16   -135   -201   -200    -83   -152   -210   -225   -232   -302   -218   -211   -164   -152   -176 
  -213   -163   -104   -100    -78   -134   -157   -158   -194   -140    -22    -26   -188   -246   -120   -152 
  -204   -238   -211   -166   -226   -165   -157   -227   -255   -238   -208   -187   -136   -174   -143   -160 
  -216   -242   -208   -163    -41     -8   -195   -230   -174   -145   -251   -196   -111   -139   -236   -181 
  -163   -231   -372   -305   -276   -278   -205   -245   -231   -186   -144   -200   -245   -166    -72    -60 
  -228   -259   -254   -227   -238   -137   -131   -236   -226   -277   -245   -197   -269   -284   -276   -280 
  -298   -279   -264   -188    149   -133   -195   -198   -128   -113   -223   -211   -203   -143   -287   -204 
  -229   -276   -256   -256   -237   -207   -283   -243   -209   -185   -214   -178   -127    100    -82    -96 
  -185   -243   -197   -170   -159   -207   -168    -74   -224   -226   -255   -249   -262   -318   -302   -275 
  -335   -354   -317   -272   -214   -193   -157   -179   -184   -217   -167   -162   -138   -124   -108   -206 
  -223   -152   -213   -188   -176   -127   -161   -230   -257   -304   -201   -236   -157   -192   -138   -162 
  -232   -207   -173   -170   -153   -104    -76    -95   -111   -126   -165   -187   -229   -190   -158    -90 
  -142   -200   -252   -237   -216   -150    -77   -133   -136   -219   -289   -224   -180   -155   -109   -156 
   -69    -93    -98    -87    -74   -190   -195   -191   -136    -59    -95    -96   -140   -153   -164    -94 
   -79   -127   -117   -221   -199   -146   -141    -80   -136   -175   -102    -52    -84    -96   -160   -136 
  -160   -140    -91    -78    -64    -58    -64    -97   -133    -71   -127   -134   -189   -315   -178   -175 
  -154   -122   -198   -185   -142    -80   -108   -114   -174   -155   -147   -127   -101    -80    -57    -51 
   -50    -62   -103    -87   -123   -189   -207   -295   -169   -146   -124   -174   -213   -178   -142    -59 
  -136   -145   -172   -111   -107    -82    -93    -76    -75    -68    -66    -49    -69    -83    -71   -115 
  -168   -209   -105    -78   -126   -167   -147    -87    -85    -63   -117   -125   -128    -91    -60    -76 
   -85    -95    -84    -84    -79    -54    -53    -46    -46    -76   -116   -118   -107    -69   -100   -100 
   -87    -94    -88    -70    -94    -99   -103    -85    -75    -82   -101    -96    -85    -89    -93   -105 
  -114   -100   -118   -121   -153   -133   -113   -102    -86    -93   -114   -133   -110    -76   -127   -181 
  -202   -191   -165   -183   -188   -157   -156   -155   -163   -175   -155   -143   -162   -162   -176   -165 
  -152   -120    -90    -89    -64    -79    -64    -32   -103   -150   -146   -120   -107   -106   -109    -99 
  -114   -111   -114   -126   -106   -106   -111    -97   -123   -141   -124    -96   -124   -118    -68    -57 
   -67    -65    -89   -118    -91    -84    -84    -61    -20    -44    -93   -104   -101    -91    -75    -60 
   -40    -32    -40    -53    -51    -67   -101    -95    -43     -7    194    136     -6    -50    -28    -35 
   -12     -4    -36    -82   -106   -105    -76    -51     -1     -8    -19    -77    -78   -130   -104   -127 
   -94    -96    -91    -27    -44    -32     -1    165     22     -9     78    -56   -140    -61   -101    -80 
  -120    -76    -36    184    -26    -63   -100   -114   -106    -26    -71    -63    -30     -1    -23     34 
  1118    368    -52    -79    -34    -30    -63    -16    -42    -61   -133   -108    -77    -53    -19    -45 
    -7    677    -44    169    282    390    136     -6    -34    155    407    -44    -62   -115    -67    -67 
   141    229    -42    -69   -101   -142   -119   -120    -90    -89    -37    -22    -19     54    -28    -57 
   -82    -77    -88    -40    -25   -118    -76   -115   -114    -72    -31    120    -27    -74    -53    -91 
   -69    -54    -79    -53     -3    -90    -69    -60    -96   -175   -140   -156   -143    -94    -32    -72 
   -98   -126   -102    -84    -41    -38    -71    -48    -13    -15    -29    -37   -101    -76    -53    -83 
   -47    -29   -100   -192   -167   -151   -133    -92     -7    -51   -160   -199   -147   -106    -40    -73 
  -108   -115    -48    -12    -86   -123   -113    -64    -37     31    -16    -25    -29     78    -56     76 
    -8    -18    -45    -90    -98   -148   -162   -137   -107   -127     19   -134    -70    -26    -85    -90 
   -43    -35    -12    -63    -83   -129    -60     20    -92    -41    -46    -59    -47    -85    -79   -146 
  -139   -142   -149   -101    784    -81    -92    -35    -57    144    -65   -123    -79    -18    -57   -134 
  -114    -49    -49     -9     76    -63    -81    -95   -101    -97    -87   -124   -143    -75    665    -64 
   -89    -57    104    -21   -104    -65    -70    -40   -107   -172   -157   -111    -95    -22    -13    -88 
   -58   -103    -59    -37    -47    -64   -115    -48    675    215    311    -73   -160   -209   -115    -99 
  -129   -114   -136    -31    -75    -90    -61    -60    -48    -81   -126    -70    577    -25    -76    -30 
   -98   -148    -71    778   1009    689   -132   -174   -122   -213   -245   -210   -138    631    481    -51 
  -104    -98    -43    -14    -98    -19   2386   1403    305    -22    -25    -31    -12   1746   1993   1776 
    75     -7    427    -84   -213   -209    -67   1330   1199    -19   -175   -138    -69    -33   1124    389 
  2013   1509   1053     19    511   1172   1034   1120    805    -36    274    -87     -3    191   -116   -205 
   -72   1119    191   1139    -30    -24    -86    -45    535    345    779    808    764    234    385    889 
   996    460    -70   -153    -62   -133    -92    -84   -144   -110    246    533    124    929    390    139 
   -29    225    -54    -88    -44    -46    -42    -42     79    159    594    -23     83    -58    -80    -28 
   -23    100    -23    388    968    498      0    472    -63    -74    -62    460    -44    -52    -83   -145 
  -184   -159    -83    -70    -58    217    240    -19    722    231    -49    -51    -23    158    304    -29 
   -50    -82   -138   -145    -79    405      8     -6    -46   -150   -123   -224   -137    -94    -63    565 
   308    -60    -18    -38   -116   -131    -62     -5    -81    -24    -21    -51   -148   -134    -92     16 
    -8    401    466    -42    383    143    -56    -51    -31      4     69    -32    -57    -65    -88   -153 
  -146    -24   -115    -41    -14   -100   -137   -203    -98     -1    -79    -51     -7     -9    524    567 
   231    262    225    240    228     62    -32    -39    -92   -118   -152   -118    -91    -37    537    -94 
  -138   -178    -87     74    -21    138    146    118    403    577    372    166    238    252    133     35 
   178     -7    -32    -73   -152   -194   -138   -115    -14    -69   -129    -76    -35    276    582    667 
   162     -2     -1     24    118     36    200    182    119    -15     18     85     79     34    -17    -31 
   -76    -83    -73    -33    -43     43     73    260    410    128    -28    -30    -19    -33    -39    -41 
   -25    -21    -25    -30    -24    -17    -34    -32    -11     33    243     -9    -33    -38    -37    -31 
   -39    120    -20    -68    -88    -88    -86   -117   -132   -123   -114   -104   -106    -73    -43    -36 
   -51    -37    -58    -61    -41    -51    -87   -104    -96    -63    -51    -20    139    -45     -3    100 
   167     -8    -16    -27    -66    -88    -63    -17    -24    -52    -58    -35    -71    -93    -87    -62 
   -74    -85   -115    -96    -68    -18    507    -32    -11     -4     97      0    100    179    254    215 
   171    243     73     -2     50     31    -12      6     55     -9    267    506    -21    -34    -19     64 
   877    -11    -45    -72    -80    -46     72   -101    -24   -133    -78    441    153    332    -10    -61 
   -43    -73     -4     35    -25    794   1483   1903   1460    259    -39   -118    -75   -107   -155   -127 
   -49   -159    -18    -80   -114   -122   -126    -75    -58    -51    618   -145    -89    -17    -14    285 
   131    -14    868     -6    -61   -115   -122   -126   -180    -93     -8   -113     40   -127   -212   -199 
  -173   -124    -22    -72     -6   -126    -84    -89    -55    -67    -69    -55    279    -57    -80   -130 
  -188   -171   -128    -69    240     -5     -6    -50   -251   -216    -38    410     -4   -159   -135    -89 
   -61    -80   -104    -98    -49    -34    -14    -54   -111   -122    -85    -88    -53    -19    456    351 
  1033    205    -70    -88    217    -72    -68    -31    -34    -33    -28    -44   -127    -96     47   1030 
   494    -16    -60   -153   -127   -136    -74    -32    -15    -62    -57    -51    -57    -56    550    -74 
   251   1362    458   -160   -154    -74    -88    -60    -54    152   -118   -103    -23    -23    510   -155 
  -180    -79    -38    -22    -65    -89    -67    -12     -4    -83     84    756   -132   -190   -172    -86 
   274    -68    -87     32    536     73   -121    -18    427    -58   -178    -44   1093    746    205   -109 
   -74    -40    -59   -131   -140   -183   -116    -31    154   -195   -166    -18     -2   1027   1135     -8 
  -176    -44    219    -18   -116    -55    172    -50    -28    -66    -39   -115   -145   -233   -200   -150 
   -19    336    -12   -207   -197    -11    -20    451    591    -37   -171    -67    -76    -55     33    259 
   -78   -131    148    112   -103   -127   -169   -194    -99    -45    -66   -140    -89   -153   -203   -104 
  -102     -6    -21    -79   -122    -69    192    -70    113    228    -81   -108    -30     69    -85     56 
   -73    -63   -135   -106   -153     -6   1325    -56   -301   -178    -76    -68    -74    -56   -134     41 
   239   -269   -181   -140    205    -96    -71    -44    -91    547     -9   -185   -172   1117    -28   -133 
   185     82   -235   -248   -105    -91   -100    -35   -134   -169   -204   -358   -274   -193    832    -48 
   -40    -82   -157   -157   -200   -129    -20    190    -26   -241   -202    -36    -47   -289   -233   -105 
   -57     -6   -162   -172   -127   -357   -233    -41    176     -6    582   -136   -162   -164   -164   -110 
  -113   -219   -295   -290   -175    -27    401    -82   -191    -16    127    -33   -124    -77     -9   -160 
  -155    -10    173    -26    357    -84   -179   -238   -360   -296   -126   -102   -112    -77   -143    -87 
   -14   -191   -188    -63    -63    -25   -203   -198    -30    -47   -113    -50     -6    -37    970    813 
   703    253    -36    374    967    376    133    321    -58    -48   -103    -91    -71    -43   -137    -51 
  -115   -235   -103    -75    -80    -19    850    -42   -116    -66    -54    -43     77    897   2090   1952 
   -43    -50     87    -78    -86   1537    700    -49    -89    -74   -184   -161    -11    229    998    -36 
   -33     20    119    323     97    594     -2    135   1261    429   -124    -96    174   -104    -26   2865 
  2748    151    -50    -60   -108    -21    303    280    951   1123   1114    320     -6    319    170   1017 
  1315    636   1427   1123    -59    -72   -143   -102     -3   3039   2371    -48    -53    -37   -192   -138 
   -37    151    695    859    698    743    533    493    527    442     -4    -91    -13    870     -9    -97 
  -128    -47    608   1634    -14   -133    -56    135   -120   -124    174    545    375    718   1145    971 
   692    751    560    290    460    437    -12    -50    -64    -36    -61    -36    223    330    660    464 
   162    557   -151    -84    142    303    491    357    588    332     62    317    173    220    363    352 
   571   1077   1394   1087     -5    -70     95    569    917    -14    -23    606   -216   -127    161     -2 
   282    314    115    -20    246    420     10    124    551    522    162    506    906    446    297    830 
   519    145    196     20    170    661   -174   -117    548    147    255    454    125    -80    -30     40 
     0    203    915    873    189    243    142    329    926    907    -23    -25     88    299     56    573 
  -216   -174    788   1382   1490   1187   1138    540   1110    948     98    -44     -8    929    134    -27 
    -7    527   1309   1577    704    448    849   1147    582    490    -70    -29    965    641    679    589 
   655    683    614    107    381   1297   1169    590    -31    -53    -42    -12     63    676    808   1164 
  1222    922    276    185    701    469    498    210    609   1059   1347    888    426    -20    -63    448 
   698    862    920    804   1188    380   1144    972    714    829    579    781    413   1042    675    715 
   269    -23    -10    277    454    -14    -25   -127   -140    -17    218    449    703    518    397    -66 
   657    373    170    605    343    671    576   1458   1110   1150    420    -60    -36    611    443     94 
   175     -4    -55    -28    100    311    624    709    -60   -122    -41    595    752    865    639    892 
  1130   1588   1337   1223    350    -80    -56    313    485     89    487    541    198    -17     -4    437 
  1115   1453    293    -29    -48    143    630    906    918    975    786   1223    336    101    301    285 
    30    525    545     53    513    351    517     -1    -14    263   1004   1465    538    193    111    167 
   480    564    543    768    184    919    377     -2    357    523    389   1174    558     79    483    344 
   552    667    204    -23    284   1593   1726   1287    542    254    303    -13    592    180    -52    532 
   866    544     -8    -74     -3   1088    836    573    216    881    651    968     -5    -97    -30   1025 
  1473    847     14    111    755    -31    526    211    -13   1123    831    763    250    -58    685   1430 
   922    256    -52    375    840    884    302    -16    -10    561   1137    679    -22    584   1264    548 
   519    575    318   1166    792    953   1194    195    419   1239    694     -5    -69    321    699    829 
  1315   1146    897    856   1593    803    -21    435   1277    502    309    149     74    613    547   1075 
  1391    630    837   1071    386    269    -78    118    647    865    971   1220    983   1034   1617   1338 
   695    369    843    493     -1     38    -15    273    286    913    847    914    877    526    128     -1 
   506    500    275    659    758    471    409    388    949   1056   1195    487    852    340     71    133 
    78     98    -27     27    -47    -21     40     -2    -35    -84    -82   -130    -68    -41    -16    -59 
   -32    -20    -29    -34    -20    390   1260    332    468    449    308    117   -149    -74    -82   -167 
  -111    -63    -26   -148   -210   -233   -159    -52   -123   -274   -287   -168   -102   -107    -89    131 
  1791    940     28    -15    236    350    -31    -36    -63   -128   -101    -15     68   -119   -145    -36 
   -20    351    -66   -189   -209   -125   -131   -174   -101    397    786   1836    473    -19    532    455 
   525    230     63    -83    -49     -1    248    -32    -38    991    703   1822    791    -44    -76    335 
   225    -62    -62    485    861   2029    425    -25    189    589    440    -21    360    335    450    549 
   295    -24     -4   1268    988    873    825    702    704    687    113    -18    236    890   1095    973 
   -16    207    338    834     29     70    740    840   1208    572    608    673    635    116    -29    -36 
    -9   1318    919    343    -38     -3    342    855   1040    567     -4    233    140    834    532    115 
   222      0    993    321      4    490    687    201     -9    183    309   1000    544    327    -66    -87 
   393   1009    626    786    -13   1058    572   1100    455    -27      4    -27    242    -14    -36    294 
   891    503    383    352    463    604    465   1141    -13    -59    641    434    -18    484     -3   1281 
   580    922    169    -11    322     -1    176    -21    -28    -15     64    -13    -13     -5    229    340 
   304    708    616     52    564    212    184    424    246    983    134    923      6    200    714     58 
   242    211    106    151    -22    -13    117    136    248    278    479     90    206    226    324    156 
   111    -18    -26    367     -4    992    200     -5    363    103    324    398    333    354     -3     67 
   212    312    224     -2    139     -1    220    285    197    126    226    348    115    431     83    780 
   236    -40     13     -4    126    101     81    114     -5    121    281    274    282    110    210    359 
    89    109     69    153    216    326    213    512    296    739    492    -14    199     -6    146     97 
    -1    -12     -1     75     -9     44     63    158     -2    156     -3     35    -24     -5     77     44 
   -31     54      6    483    590    -19    294    184    625    780    523    231    427    560    231    245 
   317    685    422    253      5    106    294    528    362    461     65    146    175    539    658     -3 
   192    280    555    489    175    202    437    397     95    190    460    710    425    128    -11     -3 
   271    370    318    549    274    380    328    570    -64    831    745   1401    243    -31    -54    245 
  1202    858    -20    -88    -79    -43    151   1040    179     65    -39    511    532    -10    -48   -125 
   -51    -19    -92    676    684    524    -12    -45    -32    143    928    665    532    -62    -59    -24 
   -43    -43    116    615   -106     11    -31    -62    -66   -119   -113   -114   -179    389    -35     -2 
   -83   -146    -69    -70    -51    -38   -116    -76   -117   -100    -95    -34    -30     -8    -84    -39 
   -48    -66    -67    -37    -35    -64   -174    345    -78    -40    -72    -91    -52    -74    -89    -51 
   -30    -41    -73    -80    -74    -23   -146    -56    -47    318    -36    -57    -51    -54    -66    -77 
   -62    758    -24    -73    -17    -42    -25    -70    -94    164    174     -7    190    -11    -64    -20 
   -66     17     81    993    -14    -70    -78    -36    266    675    -68    -41    -79   -101    -34   -110 
    26    -19   -104    -35    -56    -89   -103    -59    -11    -58    -85     45     56     37    -70     45 
    -8    731   1859   1166    -67    -63    -42     -1    -40   -136    -78    -22    -85    -42     -4    -42 
   839   1314    372    -99   -125    -64     -7    -82   -113     -7    -26    -31    -59    -95    -70    -51 
   -44    -37    -46    -57    -81    -29   -115    -73    -76    -52    -24    -15   -117   -204   -171   -149 
   -61   -110   -165   -158    -58    -72    -28    -29    -45    147    159    -57    -26    -58    -96    -36 
  -113   -153   -100    -39   -117   -120   -176   -119   -119   -102    -96   -109    -90      0    -38    -68 
   -52     42    -29    486    280    -34    -48     -1    281    -51   -131    -49    -72    -72    -32    -58 
   -38    -14    -35    -49   -130    -54    -27    -40    -67    -91    -88    -64     -4    235    142    -42 
    91    311    402    741     -8    698    245    -21    370    103    268    -60    -37    -92    -27    -32 
   -76    -63   -106    -99    -67    -73    402   1123    -69   -192    193    736    332    -14      0   -133 
  -181    -80    168   1662    340    -78    257    518    921   -118   -215    -56     23    -42    -14    -24 
  1885    726   -178   -105   1970    -18    708   1069    179   -148   -217   -100     -6   1527     -5    132 
   741    994    -48   -308   -258   -115   1417    448    -21    -49    -29    -82   -179    -99   1059    -58 
    19    396    172    -45    -18    -27   1330   1538    872    549   1219    865   -179   -293   -175   -182 
   254    352    -64    -44   -157   -140   -148   -176   -121    -81   -114   -149   -110   -122    -55   -161 
   -45   1985   1731    871   1681   2149   1528     76    -18    -78    -55    -28     82    -15    -94   -190 
  -291   -240    -73    -86   -105    -97   -142   -150   -199   -212   -210   -105    -81    -67    287   1124 
  1375     77   -109   -106    777     -8    -50    -58    -27   -188   -303   -225   -167    -42   -110   -123 
   -86    -25     20    -70    -47    -65    -67     -1   1364    256    382    841   -145    -51   3758   2875 
   -27   -180    -64   -107   -185   -150   -172    -21    -18   -119   -116   -149   -145   -129   -149    -95 
  -110   1390   3282    584    341    -20   -118   -207   3164   4070    -38   -176    -34    -53    -71    -54 
   -67    168    -11   -125    -83    -51    -64    -84   -100   -107   -127   2446   5322   3663   2106    230 
   981     66   3732   3789    -58   -140    -36    -59    -78     -8    -51    -68    -97   -123   -101    -68 
   -41    -64    -42    -65    -85   1683   4701   3852   1426    -98    -46    905   3125   2412    -87   -122 
     8    -75    -63    -22    -33    -87   -111   -126   -109    -75    -47    -58    -67    -51   -101    -55 
    -6    -57   -132   -217   -165   -129    -98    -99   -117   -120    -89    -78    -56    -46    -47    -47 
   -85    -83    -71    -66    -43    -61    -81    -83   -108    -97    -81    -83    -78    -51    -69   -105 
  -124   -108   -100   -112   -112   -109   -110   -125    -93    -59    -56    -77    -79    -84    -81    -89 
   -82    -98   -100   -103    -65    -90   -106    -90    -80    -36    -63    -66    -75    -84    -77   -115 
  -143   -132    -97    -82    -69    -68   -112   -103    -61    -63    -54    -59    -57    -93    -96   -124 
  -127   -108    -77    -42    -69    -67    -64    -79    -69    -55    -90    -96    -99   -106   -118    -74 
   -87   -100    -52    -32    -26    -37     -8    -35    -25     -6    -35      0    335     -2    -51    -77 
  -107    -93    -62    -46    -43    -32    -20     -2    -19    -49    -66    -60    -57    -52    -89    -78 
   -66    -77    -65    -19    -26    -20     43    -13    -48    -42    -56    -52    -70    -46    161    866 
  1034    297    656     -1    299    507   1271   1118   1371    942    752    149     -8    854    295    -22 
    70    -50    -84    -46    -16    183    274   1054   1086   2191   1962   1031   1274   1441   1345    913 
  1432   1401   1642   1232   1062    384    -25     -9     -3    100    217     48    346    575    640    604 
   143    649   1028   1535   1507    280    484    129    775    175      8    461    580    -14    -39      8 
   -30    -72     -8     -4    190    100    330    290    206    228    -24    404    431   1077   1166     -9 
   211    -27    443     49    -11    378      0    -60    -33    -46    -66    -98     58    256    541    487 
   138    -22    -21    -17     -5    218    294    612    510     47    866    562    797    835    706    668 
   184    -42    -17    -13    -45    -68    269    409    709     54    -36    -46    -24    -31     -8    255 
   364    189    242    183   1033   1160    815     -5    280    588    727    717    807    766    790    445 
   602   1046    760      1    -62    385   1237    847    -19    971    569    521    116     -9    337    359 
   443    -50    485    349    400   1034    583    348    735    345    166    725     84    427   -138    -36 
   -15    -16    -10    677     57    224     70    -25    477   1225   1143     -4    -20    -14    -31    -74 
   -59    -30    151     -9     21     -6     -6    302    -83    -36    -57    -28    209    673    156    133 
   236     -4    330    567    662    -53    -45    511    550    -84    -42    -51     25    -27    -10    678 
   892    920    740    762    558    335    513    910    336    567    984    243    608    394     38    385 
   540    714    785    454    124    398    469    357    684   1083    797    847   1301   1142    982    480 
  1008   1118    807    714   1331    936   1665    674    443   1277    725    510    750    929    484    593 
   251    453    284   1182    309    -21   1092    924    800    131    470    516    614    134   1545   1009 
  2508   1272   1521   1771   1085    814    818    766    -12    -89   -102    -29    -55    -18    -26     65 
   538    417     -5    244   1075    121    882    -75    947    752   2250   1797   1680   2841   1801    846 
   480   -122   -126    -77    -37    803    354   -110    -36    -42     -7    339    -41    332   1455    552 
  2054   1111    -27    114    411    -22    -18   1478    233    195     -9   -177   -162   -118    -79   1142 
   119    -70    -19    -83    -41    356    521    779    365     -8    589    503    -39    505    649    121 
   -24    -38   -171   -110    -50    310   1952    802    157    343    -28   -108    -31   -125    -52    -23 
   509   1414     16    -97   -187   -169    -55    265    684    236    260    -21    -76    -55    -35    -16 
  1355    144    -51    176    -72   -112    -53   -117    -48    -71     22    593      7    231    -82    -61 
   -75     86    480     -7    -54   -113   -114    -63    -84    -55    -39    -98   -136    -25   -101    -96 
  -100   -179   -177   -139    -99    -10      8     -2    -26   1027    -27    -61    -35    -27    -67    -15 
   -47     27    -13     -9    -45    -72    -30     -8    -90    -30    126     11   -162   -131    -92    -67 
   -20     32    -30    133    -51    -39    -47    -27    -60    -30     -8      1     21    -16    -16    -73 
  -125   -140   -138    -12    485    140   -208   -104    -36    -45    225    594    590    143    270    294 
   176     81    -12     -2     94    142      8    -23    -23    -17    -62    -50    -51    309    -23    -41 
   -72    -51     -5     35     92    -29    -34    -15    343    371    200    488    455    605    369    429 
   403     90     -7    441    527    450     91    310     74     48    245     30    233    -13    109     -5 
   -14    225    273    169    156    288    677    816    388    314    369    214    103    302    514    441 
   300    307    425    347    326    368    344     -5     -2    120    238    204     93    129    243    236 
   274    211    230    159    233    411    299     61    157    223     36     -6    214    161     -1     -4 
   237    128     97    220    152    176    179     -3     87      6     93    213    353    228    223    123 
   363    459    522    488    485    257    637    231    114     11    273    109    318    375    484    306 
   266    160     96     -5    -12    -22     -5    153    358     97    282    574    855    707    563    525 
   618    -31    170     -2    168     37     -6    -14    139      1     -9     -5     -8     -9    -26    -60 
   -32     -9     76    -17     -9     46    151     -5     -1      0    149    -31     16    201    318    -15 
   135    -21    -30    118    101    150     -9     40     11    783    789    277    333     -8    -10     15 
   669   1376   1446   1055    547     75    -42    -87   -106   -104    -19    -34    127    175     73     26 
   999    728     37     44    407    847   1567    884    353    104    881   1190    -11    -31   -122   -134 
  -120    -86    -36    -48    418     82    623    580    336    -10    450    237    -22    -39    -27    -42 
   899    757    -73    -64    843   1524    -17    -66    -93    -47     -8    133    405    -34    381    231 
   374    465    256     37    273      0    -33     72    -19    -91    -35    248    -84    -28     48    891 
    -2    -78    -43    179    583    506    360    -62    622    307      2    238    455    649   1446    534 
   498    992     -1   -101    -88    124    -13    -23    -28    -16    -25    -76     -4    525   1137    798 
   456    -91    831    471    223    353     36    492   1064    -31    579    258    230    -42    -63    -27 
   -39    -64   -117    -38    -10    -34     -7   1067   1411    662    237    -88    385    151     26    135 
   -36    -18    151     -6    488    405    213     -1    -92    -13    -15   -151    -52    166    960    529 
    -9     43    -12    -74    -93   -139    265    510    180    -24    -76    -44     -5      2    534    -31 
   -44    -34    -51    -33   -125   -144    223    547   1482    791    -45    -47    -55    -30    -10    -67 
   139    295    480    311    -12    407     43    110    142    -87    -89    -50    -33    -48    -95    -25 
   197     -7    -27    -21    -30    278    674    941    365    -36    -10     -6    -28    -21    -56    189 
   375    358    105    -66    -22    169    -45    -25    298   1233   1169    694    187     -3    256    119 
   565    776    341    -39    -16    341    165    790    411    714    486   1208    911    486    293     34 
    42     -3    230     15     -3    -10    -39   -121    -57     20   1042   1272    968    257   -131   -117 
   -44     45    555    827    586    948    106    -40    -47    -71   -187   -164    -69    -26    -24    -47 
  -112   -148    -20     -9    133    839    535     -2   -148   -215   -120    -33     -5    818   1780   1483 
   960    162   -132   -129   -269   -208    -65    -39    -98   -161   -164   -123   -119   -109   -117     -5 
    82     -8    -94   -112   -203   -177   -149    -70     14    -92    -86   -147   -164   -197   -259   -250 
  -135   1290    -30   -185   -188   -132   -152   -216   -199   -122    -46    143    -73    -56   -193   -244 
  -176   -134    -80   -179   -193   -179   -166   -196   -122   -133    -19   1093    -58   -193   -253   -157 
  -237   -256   -160   -112    -52    -51    -87   -170   -271   -229   -176    -98    -94   -111    -81   -104 
  -115   -179   -126   -131    -15    -51    -61   -209   -276   -190   -198   -156   -155   -123    -80    -88 
  -109   -253   -252   -286   -133    -58    -56    -45    -20   -142   -184   -160   -141    -63     53    -23 
   -38    -55   -146   -157   -172   -162   -126    -24    -34    -54    -43   -172   -150   -208   -151   -101 
   -74   -116    -99   -122   -110    -85    -88    -49    200   1163    494   1431   1007    -55    -73    -43 
    92    653    796    -15    -15   -105    -97   -146   -123   -176   -121    -51    -36    -51    -44     -4 
   -54    -57    322   1251    957   1663   1358    -20   -139   -111    279   1485    937    100    -62    -43 
   154    -23    -15    -35    -15    -16    137    201    260    590     65    -59    -19    411    593   1140 
   998    114   -134   -142    -56    748    644     -6    -24    610    497    413    374    493    589    347 
   391    300    301    312     39    -15     88    -11     36    209    -16     39    -59    -58     70    217 
     7    -34    -58     -2    386    429    476    507    472    174    284    287    344    147    -15    -17 
    -2     -3     81     43    -19    211      0    236    307     -8    -22    -68    -34    -25     44      0 
   -19    -11     -5    -25     -9     -7     58    167    120    -20    -16    -14    -22    -19    -50    -33 
   -22    274    162     -3    -11    -76    -25    -23     -8    -28    -39    -62    -62    -60    -48    -45 
    -1    227    228    -12     -4      0     -7    -10     65    222    169    331    163    -25    -37    -93 
    -8    -18    -31    -29     -9    -20    -45    -64    -32    -40    100    111    168     -8     -8    101 
   313    603    405    117    192    380    127    -16    -31    -89    -31    -43    -54    -26     -6    -21 
   -63    -66    -18     19    -20    -54    -36    -30    -44    -43    -48    -35    -17    -39    -33    -13 
   -35    -61    -82    -98    735   1075    708    857    920   1203   1435   1050   1009   1358   1468   1136 
  1160    986   1111    933    943    869    854    655    848    769    356     86    433     34   1634   2188 
  1540    619   1319   1052   1032    111    801    339    438    582   1663   2087   1953   1197    233    -85 
    -8    527    959   1059   1139   1107   1295    620   1835   2270   1026    497    698    786    419    218 
    41     -3    -41    228   1557   1902   1671    712    242    124    565   1218   1571   1235    933    733 
   693    383   1422   1456   1022    328    268    631    734    707    346    634    389   1055   2124   1981 
   921    -20    -97    -78    305   1268   1855   1407   1048    879    802    965   1268   1022   1721    666 
   574    342    597    832   1033   1623   1511   1388   1928   1215    556    -11    -89    -36    565    850 
  1026    563    776    919   1101   1129    733    459   1743   1247   1080    458    476    941    916   1097 
   769    977    465    639   1016   1177    877    580   1466   1607   1026    215     -1    577    605   1274 
  1411   1192   1048    903   1144    728   1133    762   1185    722    739    -51    -94     -3    813   1381 
  1104   1488   1711   1523    644    131    724   1692   1858   1620   1122    344   1064   1450   1651   1958 
  1651   1507    952   1899   1142    -19    -78    711   1181   1599   1437   1189    870   1217   1049   1007 
  1920   2243   2256   1657    786     99    573    704    906   1934    972    335    635   1139   1563    684 
   795   1669   2255   1824   1778   1290    940    161    854   1279   1579   1709   1844   1386   1318    709 
  1012    789    803   1304   1070   1003   1737   1201    743    443   1494   2511   2756   2054   1956   1694 
   528     -6    328   1217   1233    840   1160    971   1947   1233   2364   1436   2207   3025   3115   3624 
  4832   2574    590    874    430   1151   1580    856   2026   1757   1582    174    -26    214    406    280 
   519     -5    895   1358    -15   -269   -135    -35    -58   -109     71    -93    -72    -58    -12    -13 
   484    270   1249    512    488   -105   -189    -20    -26    -19     56    146    -65    -83   -179   -484 
  -262   -157   -131   -152   -167   -270   -280   -252   -227    -82    171    404    667    110     -8   -152 
  -260   -219   -113   -116     -9    218    -51   -117   -216   -401   -255   -197   -130   -108   -175   -243 
  -301   -259   -221   -211   -266   -311   -215   -103   -113   -131   -207   -200   -133    -64    -60     13 
   -39   -166   -240   -300   -180   -157   -129   -175   -245   -263   -306   -114   -172   -204   -179   -167 
  -183   -257   -265   -203   -217   -173   -106    -65    -64    -19    -81   -144    -16    -68   -130   -181 
  -186   -185   -205   -224   -226    -67   -158   -169   -117    -68    -89   -203   -210   -153   -149   -151 
   -86   -112   -110    -40    -25    -73    -17   -103   -175   -198   -199   -183   -251   -242   -245   -153 
  -248   -268   -260   -259   -286   -258   -248   -105   -112   -135   -101   -205   -190    -17    -11    -26 
   537    312    -43   -143   -159   -143    -96   -126   -163   -151   -212   -151   -166   -177   -247   -222 
  -179    -77    -76    -99    -88    -53    -98    410    -35   -128   -130    -90    -63    -46    -57   -111 
  -138   -173   -169   -158   -127    -83    -84   -164   -149   -210   -110    -97   -112    -86    -96   -159 
  -135    -33    -22   -121   -131   -112   -104    -52    -36    -24    -74   -132   -142   -186   -186   -127 
   -44   -120   -132   -184   -152   -107   -172    -81   -152   -181   -144    -77    -49   -139   -150   -152 
  -137    -79    -85    -98    -93   -112    -78    -90    -92    -79    -52    -87   -142   -194   -125   -105 
  -162   -100   -188   -137   -134    -64    -14    -31    -26    -68    -78    -75    -82    -75    -45    -58 
   -50    -53    -50    -47    -47    -70   -120   -155   -134   -141   -175   -146   -149   -123   -123    -52 
    72     29    -35    -59    -96    -95    -89    -89    -85    -68    -56    -47    -22    -36    -65    -84 
   -94    -98    -39    -62   -123   -152   -157   -153   -103    -29     -3    -27    -41    -62    -66   -102 
   -91    -94    -94    -53    -45    -55    -86   -115   -135   -138   -146   -127   -108   -108   -146   -130 
  -127   -131    -75    -39     -9    -82   -110   -116    -76    -76    -30     -4    -33    -43    -88    -75 
   -97   -129   -135   -131   -140   -132   -123   -124   -128   -108    -51    -55    -21    217    -27    -57 
   -93   -115    -57    -37     81    302    192    258    239      6    -21    -31    -20     -6    -45    -49 
   -47    -34    -30    -24    -19    -11    127    399     -6      0    -21    223    -16    306    580     -8 
   155     -3    -19     36    162    108    279    -32    -40    166    -52    -60    -28    -56    -51    -27 
   -27    -16     72    -29    -80    -24    -42    -34    -64   -122    -86    -83    -89    -57    -53    -79 
   -53   -103   -122   -105   -128    -98    -70    -72    -46   -106   -141    -54    307     -7   -111    -27 
   -49     -9    -76   -146   -114   -110    -99    -42    -17    -49    -73   -127   -130    -84   -102    -41 
   -37    -34    -10    -63   -112    -32    355    -25    -98    -88    -50    152     90   -117   -129    -64 
   -22    -17     -2    -21   -103   -129   -131   -136    -90    -32    -20    -21     -5    -33    -65    -15 
   382    -19    -72    -61    -63    -21    -42    -85   -109    -46    -11    -59     -9    -64   -155    -69 
   -70    -98    -79     -3    -43    -25    -23    -16    -16    -46    226    -28    -37    -38    -81    -29 
   -87   -100   -123    -91    -66    -78    -31   -116   -191    -59    -73    -99    -48    113      0    -17 
   -25    -58    -52    -78    488     -8    -68    -45    -97    -22    -46   -123    -75    -43   -131    -85 
   -58   -103   -147    -34   -102    -65     -2     -3    111    150    -38    -73    -70    -55     47    -29 
   -41     -4    -75     -9    -21    -84    -41    -40    -86    -13    -60    -95    -44    -33    -64    -91 
   -62    -60    -49    -22    -11    -29    -28    -33    -28    -89    -70   -101    -74    -28    -27    -84 
   525    524    472    817    -35    -87    444   1202   1060     76    -50    -77    -87    -45    -51    -29 
   -36    -43    -26    -79    -45    -97    -46    -57    -71    -73   1304    884   1033    558     34     -6 
   777   1748   1023    174   -131   -102    -61    -53    -96    -47    -30    -50    -41   -129    -60    -67 
   -88    -99   -127    -84   1015    350    -27    -53    -75   -101    -52    -19    -51    -94   -138     -1 
   -17    -88    -39    -57    -18    -73   -125   -167    -64   -106   -146   -122   -126    -89    -44    763 
   336    203    564    -34    -40     85     -7    -81   -118    787    543    -18    -52    -75    -50    -75 
  -208   -130   1892    251    -27    -52    -55    -54    -38   2354   2009    849   -157   -267   -104    -93 
   -88    -89    -83    503   1758    348    -44   -107    -56    -92    -85    -19   2702   1638    -44    -46 
  -129   -173   -128    700    538     -3   -260   -267   -169   -214   -265   -196    -45    421   1167   1218 
   110    -60    -58   -128    316    -56   1412    141    -31    -27    -30    -74   -154   -127    -94   -113 
  -220   -210    -98   -122   -152   -142     29    -79    -10    469    447    -25   -112    -87    -33   -148 
  -142   -126    -37    -43    -11    -10    -88   -160   -151   -213   -261   -124    -55    -81   -123    -43 
   510     12    226    -61    -13    -53    -86    -75     28   -121   -168   -133    -70    -52    -30     -3 
   -87   -217   -270   -251   -197    -79    -72    -82   -100    -57     25    -50   -147   -184    -15    -56 
   -88    -67    -33   -162   -163   -112   -125    -40    104    491    -10    -56   -117   -144    -74    -81 
  -129    -53    106    -70    -46   -144   -235   -200    -22    420    -88    -65    -47   -128   -164   -104 
   -94    350    644     82    -10    -32    -29    -58    -32    -79   -139     91     56   -124    -93   -188 
  -269   -247   -120     61    -70    -39    -11    -32    -50    -14    -34     99    165     -9     -3    -19 
    -4    -14    -26    -53    -79    188    430    -59    -43   -107   -132   -130    -89    -17    -65     15 
    -4    -29    -18    284    173    460    528    124    219    347    358    236     80    -34    -48    -29 
    34    -35    -25     14    -56    -48    -30    -35    -16    194    317     -3    106    212     95    243 
   238    163    326    190    358    300    184     -9    -30    -43    -33    -28    -52     -1    -15    -51 
    86     -1     17    133    343     11     -2    123    207    218    230    103     84     23    169    214 
   330    409    177     15    -11     -7     -2    -18     41     -9     25     -8    -13    135     78    -17 
    -6    152    203     -9    -17     -9     -5    220    121    106    218    242     97     37     -1    -10 
   -15    187    165    -10     22     62     -7     -6    547     -1    368    714    726    290    108    348 
   257    121    -22    -25     27     24     75     50     -2      0     -5    -11    -23    -13    114    318 
    76     66     -2    -28    161    565    726    457    382    554    439     66     -9    220    353    197 
   235    143    176     84     -3     -8    -21     -9    141    538    565    139   -155   -148   -148   -113 
   -47    -78   -163   -131    -90   -181   -228   -243   -168    -64    -68    633    601   -141   -112   -117 
   -21    366    601     -2    528    475    -13   -125   -142   -179   -116    -35   -137    -22    -42   -125 
  -193   -261   -200     -8    -34    -53    253   -115    209     33    -24    -85    -21    -36    -16    249 
   -44    -95   -189   -284   -212    -85    -16    -18    -41   -100   -196   -145    -66    -30    -90    -89 
  -114   -195    -41   -116   -105   -160   -143   -117    -96    -77   -166    -83   -159   -222   -160   -115 
  -143   -100    -34   -162   -153    -86   -111   -141   -150    -94    -94   -108   -108   -139   -184   -245 
  -249   -185   -153   -136   -165    -56    -23   -104   -102    -90   -165   -167   -122    -75    -52     -4 
   -80    -50     19     -3    -82    -73    -82    -70   -128   -135   -208   -218   -194   -127   -134   -102 
   -34    -34    -23    -45    -61    -40   -117    -66    -77    -67   -191    -69    474   -145   -150    -80 
    -3    -71   -168   -169    -74   -153    -99    -10   -200   -183   -138   -161    -65    -42   -127   -144 
  -107     98    -49   -152    -89   -118   -141   -322   -289   -113    -23    -94   -127    -25    130    -51 
  -100    -80    -78    -83   -235   -192   -116   -128   -183   -182   -219   -131   -161   -169   -171   -206 
  -283   -354   -263   -162   -108   -181   -160    -87    -97   -171   -165    -83    -82   -130    -51   -138 
   -97   -154   -159   -156   -251   -361   -270   -172   -240    -98   -237   -206    -89    -75   -107    -83 
  -175   -139   -141   -157   -105    -49   -147   -163    -15    108    -43   -175   -150   -117   -216   -267 
  -224   -114   -125   -111   -113    -51    -20   -109   -245   -124   -107   -243   -175   -228   -175    -86 
  -179   -171    -93    -97    -94   -164   -244   -181    -42    -84    -88   -103   -242   -191    -78    -81 
  -112    -99    -67   -134   -228   -121    -97   -155    -50    -24   -143    -67   -152   -304   -357   -128 
  -240   -536   -246   -330   -275   -344   -332   -220   -285   -267   -226   -194    -39   -182   -259   -198 
   -81   -160    -60    -28   2362    -67   -259   -312   1109    -31    719     75   -124   -391   -420   -454 
  -339   -506   -769   -703   -449   -258   -215   -292   -267   -247    -98   -113    -69    -48   1988    642 
  -183   -186   1321   2093   2426   2896   2268   -194   -383   -381    -99    -91   -129   -276   -228   -286 
  -393   -226   -256   -281   -183    900     20    -92    359    234   -224   -244   -203    -13    686      0 
   428   -224   -313    -90    -51   7311   7084   6383   4318    -63   -102   -165   -164   -328   -181     -6 
    -2   2177     -4    -28   -408   -290   -221    -45    559     61    965   2418   2158   3837   5319   2588 
  2358   2594   1907     -2     -7   -102   -116   -141   -165    -66    -15    344    -46    -96   -265    697 
   -94     21    547     -3    608   3514   4526   3526   4466   1068    810    377    -39   -140    446    -47 
    37   -100    -70    341    847    -73    438   4030   5214   3548   2930    -37      0    242    -38     22 
   459    199     65    282   1524    737   2736   5124   2282   2251   2189   2377   2667   2140   1730    101 
   427   1761   1707   1913   1574     72    371    226     -1     49    175     92    360    238    967   1639 
  3092   4193   2706   3050   3884   5020   4838   2403   1946    228    -37    -91    -69    -30    -37    -30 
   304    104    -47    -59    -43    -28     74    494    993   2205   2137   2914   2460   1886   2603   3995 
  3278   2669   1797    453    915     -5    498    364    -14    -33     -7    -16     -4    -55    -46    -22 
    49    647    185    562    153    860    497    -31    478   1689   1183   1263     -9     -6     -2    -37 
   -44    330     -1    -29    -33    -20    395    289    -17    -19     -6     42    -19    -47    -48    -21 
   209     28    -22    189     -1    197    -39    256    231    382    229    577    372    281    167    275 
   514    420     -6    -20    -26    -29    -40    -36    218     -3      7     26     91    129    372    412 
    24    230    -18     -7    -38      4    -13    -57     -9    356    -15    -17    -14     -8    321    455 
   215     86    393    272    433     -1    -29      9    227     25    -38    -22    -28    -46    -35     -5 
   -61    -71    -58    -50    -58    -41    -48    -26    -28    -28     79     -7      0    204    -25     -8 
   151    122    -52    -66    -72    -69    477    -68    -23     -4    -11    235     92    288     85    -22 
   -45    -61    -42    -17    338     38     68    196    -15    -10    182    -23     -3    299    313    234 
    81    -72    -43    -11     -8    -33    881    418   -107    -76    -16    -33    -31    718    255    -85 
   319    218    -18   -126   -166   -227   -220   -218   -180   -123   -156   -161    -83    -73   -128   -165 
  -106   -173   -352   -253   -125    -90    -82    -57   -118   -244   -154   -199   -197   -280   -268   -293 
  -284   -314   -264   -115   -141    -95    -59    -61    -57   -143   -208   -116   -215   -186   -119    -70 
  -108   -122   -141   -125   -121   -122   -153   -177   -204   -179   -177   -147    -76     -1   -128    -94 
   -54    -42    -44   -128   -150   -127   -101   -115   -136   -172   -128   -145    -99   -171   -217   -178 
  -146   -171   -120    -83   -104   -120   -118    -69    -43    -66    142     -7     98    -52    -44    179 
   356    -34      6    -22    -34    -26     -1    -23   -108    -75    145    -24    -44    -16    -27     32 
    38    -34    155    -58     57    -81    -44    -41   -107    -15    -18    -22    -26    -13    935    423 
    44   -151   -167   -158    126    -29    -50    -46    -20    -85   -121    -81    674     48     -9    -38 
   -93    -92   -116    -19    128    -58    -16    -74    -34    213    -24   -111   -102   -176    257    -24 
   -83   -123    -76   -180   -209   -116     -8    183    -46    -41    -51    -89    -59    -16    -67    -81 
    -8    137    -16    550    -20   -128   -178   -161    730    779    -19   -130   -133   -151   -139    -76 
   -10     88    -81   -100    -99    -94    -37    -85   -127   -142    -23     18    389   1188    687    -28 
   340    -55    306    927    591     -7    -17    -42    -75    -63    173     35    -62    -71     -6    537 
   -66    -51   -108   -136   -119    -47    -94    -17     -1    -50    475    139    256    540    -20    759 
   341    262    -14    -19    450    -59   -179   -138    137    -31   -145   -125    -80   -209   -194    -36 
   -19     93    -11   -142   -138    -89    -63   -189   -139     -2    -13    -35    -45    -14    391    -58 
  -263   -183    378    -67    -12    420    -42   -135   -221   -112    -62   -114   -181   -198   -125    -81 
  -134   -202   -173    -59    557    467    525    254   -157    -72   -271   -325   -229   -136   -227   -233 
  -150   -158   -278   -169   -107   -137   -162   -165   -123   -137    -66   -151   -258    -55    -45    716 
   807    965   -105    -65   -259   -355   -236   -165   -245   -286   -283   -137    -56    -54    -66   -267 
  -283   -193   -133   -168     13    -40   -134      0   -102    -78    -11    729    -58    -19   -154   -132 
   -86   -121   -161   -174   -123   3165   3338   3936   3015   -252   -227   -317   -242   -141    -86    -19 
    68    755    -81   -117    -69    -68    -36   1832   3571   1703    787    -59    -78    -88    -69    873 
  1242    -70    685   -223   -184   -247   -174    -11   -120     58    862    743     83    -36    -52    -58 
   -57   2804   3890   1533   1537    -84    -88   -125   -127   -120    -86   -284   -130    -71    -73    -79 
   -56   2148    -82   1120   3517   2275    790    -43   -104    -27    -35    267    520   -129     -1    -87 
   -96    -74   -111   -155   -128   -198   -144    -79    -83    -50    -86    421   -130    -25   3097   2502 
   212    133   -116    -58    -74   -123   -164   -196   -142   -155   -152   -141   -105   -120   -118   -118 
   -94    -97   -122    -38    -62    -66    -62   -181      0     41    126    323    -53    -38    -59    -60 
  -123   -135   -130   -161   -149   -142   -107   -113   -112   -116   -100    -87   -101   -111   -120    -93 
   -87   -193   -193   -173    -76    -76    -99    -18    -83    -73    -75    -63    -59    -75    -87    -70 
   -30    -49    -77    -89    -92    -87    -88   -138    -75    -76    -63   -109   -163   -188   -151   -112 
   -61     48   -123    -61    -70    -52    -70    -46    -42    -41    -43    -45    -59    -60    -88    -92 
   -72    -82    -92    -77    -58    -77    -98   -117   -112    -62    -27    160    -61    -65    -43    -15 
   -52    -58    -43    -14    -19     -5    190    175    -27    -72    -59    -44    -97   -122   -107    -98 
   -64    -44    -44    -28     45    336    -19    -49    -43    -57    -62    -76    -89    -65    -73    -68 
   -54    -34    -43    -72    -71    -50    -76    -97   -116    -78    -46    -53    -71    -54     -4    261 
   -61    -52    -91    -80    -82   -116   -153   -155   -129   -111   -133   -137   -133   -125   -111    -92 
   -84   -105    -99    -80   -102   -118   -147   -140    -89    -48   -113   -162   -183   -164   -160   -181 
  -181   -180   -193   -210   -200   -193   -199   -199   -193   -200   -201   -196   -177   -196   -215   -186 
  -204   -201   -157   -104    -90   -123   -160    -82   -134   -110    -48    -78    -50    -18    -45   -153 
  -174   -149   -141   -177   -111    -62    -87   -137    -86   -106   -103   -113   -100   -138    -42   -143 
  -161    -18    -26    126    -92    -64    -93    474   1100    466     11     34     15     96    200    -29 
   -29    547    429    -33    -70    -64    -80    -81    -70    -96    -18    350    751    577    537    818 
   200   1611   1285    577    -10     -1    -17    -53    380    265     -6    -23    -52    -27    155    314 
   304     -4    -56    927    630    889    815    852    607     98    110   -102    128    254   1102   1380 
   650    -48    232   1319   1223   1074    -15     48    132     47     89    -60    -57    -37     -4   1015 
   156    -21    -62    173    -69   -115   -101    295   1221    674    -67    -16      5    204    376    434 
   -71    -14    -38    -82     -4    -19    719    397     43    -11    169    338    -42    -44    533    528 
   -42    134    393   1120    187    -40    -40    -59    -34    473    383    735    237     -9    198    -58 
    -6    299   2167   2863    114    713   1423    663    841    -22   1170    -27    673    987     20    -86 
  -105    -60    -25    238    -40    -70    -57    766    486    141    -25    -31    -76    994    237    671 
  1162    621   1012    -10   1142   1722    532    213    311    -79    -25    -35   1109    206    -50    -22 
   -44    -43    -41    -75    559    427    163    -31    -10     -7    -43    -41     -2    -68    357     -7 
  -126   -120     97    -12    -47   -115   -120    -84   -119    -50    -92    -57    -59    -56    -20     30 
   959   1511   1132    498    670    386    388    121     -1    178    143    139    -26    -79    -61     -7 
   312   1970     36   -105    -99    -92    -63    -49      0    173    440     96    -30    -64    -85     -4 
   -77    -90    -90     25   2390   2686   2112    249   1043   1111    -20    -26    -22    -77   -101    -70 
   -15    -34    276    -44   -119   -289   -102    -18   -138    -24    -64   -135   -186    -91    -31   -142 
   -13   2239   3235   1410    -12   -157   -224   -105    445     -1    453      0     -8     -4   -132   -291 
  -204    242    -23    -39    -52    -82   -171   -122    -79    562    683    -85    -23   2091    669   -116 
  -105    -66    -96     -5   1130    204    201    -93   -221   -275    430    782   1459    900     23   -179 
  -213   -130   -128   -222    -86    258    441    -10    158    -72    -94    -88     -2   1385   1557    -32 
   428    -73   -129   -140   -128    -28     -4     -4    310   -182   -184    -99    221    346    -34    -45 
   912    -30    -86   -171   -121   -144    -40    384    863    -17   1599    432   -104    -97    -14     56 
   196    670    185   -100    -96    -31   -126    -60    400    804    232    -32    -70    -33    -59     -6 
   345     86    561    528    -16    -34    -74    -45    -32    170    471    862    562   1286   1484    442 
   710     38    228    -35    -37    -14    -56   -104    -61     63    -48    -66    235    450     10     -3 
   910    414   1172    663    533    579    314      0    -11    421    471    599    -93   -261   -177    -90 
   -96    -91    -84    -36   -275   -220   -123    -43    538   1685   1338   1275    474    -16    162    430 
   322    690    764    604    885    747    -21   -138    -76   -123   -127    -73    672    709   -112   -110 
    -5    -23    436    304    -45    -23    -17     77    -34    -33    -62    -79    -44    -47    -34    538 
   685     -7    -81   -115    187    658    332     -8    275    343    211    -27   1970   1293     -4    -24 
   -17     -7    -25    122    372    -58    -85    -31    -36    -45    -15    440    929    952    711    578 
   205    -76    -37     -7    -19    -52    -83    -17    -19     -5    -11     13     -4    182   1050    494 
   -10    -23    -16    240    484    977    901    364    870   1032    398    494    685    481    183    -31 
   -12    774    551    595    372    214    266    573    393    470    294    317    576    981    877    614 
   797    568     70    192    351    421    503    604    756     40    235   1234    936    794    672    870 
  1504   1592   1113    807    175    272    143    153     73     -6    410    473    361     89    194    109 
   526    321    188    -22    -80    -37    -32     -3    133      6    168    432    434   1135   1555   1741 
  1164    625   1169   1539   1791   1446   1435   1809   1575   1245    951   1040   1029    247   1326   1633 
  1448    955    797    992    828    936    511     -1    611    614    553    630   1018   1153    823    649 
   424    859    917    467    227    599    711    388    -15    480    -18    -18    277   -107    -75    645 
   -79    -72      0    -35    -56    -55    -26    -20    121    -61    -66    -12     22    136     34    -61 
    56    312    531    -22    -36    -85    298    -36    -57     54   -125   -105    328    -90    -41    -52 
   -56    -88    -16     -4    866     71    -29   -117   -143   -216   -158   -105    -16      0    117    -90 
   622    -32    -28    -15   -135   -121    260    -63    -58    -34     -1    497   -104    -83   1158    155 
  -154   -167   -163   -181   -151    -67     18    -32     57    -14   1082    -47    -66    -20     45    -39 
    18    158   -103   -124    100   1231   -133    -66   1017    797    -91   -133   -108   -135    -74    -16 
   457    -16    -13    -90     92    -74    -71    126    242    914    684      1   -148    -67    525    400 
  -169    -74    153    661    -72   -105    -66    -83    -49      6    549    237    603    -71    232    -52 
   -59    891    124    -32    388    173   -139     71   1425    -85    -58    -35    -91    -28    -69   -116 
    29    -79      4     -2    -11    326    -19    928   1410    -77    -39    -23    -68    -50     26    -20 
   -80    410    -24   -194    -26    -68    -57    -49    -93    -73    -19   -127   -104    -45     68    566 
   -67    978   1523   -108    -60    -14    -22    674    -61     -6     58    -25   -205   -151    -59    -68 
   -97   1099     11   -113    -50   -144   -168    -44    169    -16    -17    349   1602    -27    -20    150 
   658     91    -96   1399   1285    -52   -120   -114    -84   -151    -48   2597    774    -38    -24   -100 
  -112    -25    567     -2    -20    -13     70    -25    -87    -31    -78     -3    -25   1134    409     63 
  -119   -151    -57    -32    -84    228    640    283    -30    -75    -14     -3    705    470    271    612 
  1489    836    816    513    727    369    -14   1206    303    -75    -13     91    -30    353     41    -38 
  1282    447     -9    -18    186    -19   1136    543    -20   2016   1254    965    454    213   1016    320 
   989    621    218   1168    254    -35    -23    791    -26    -58    691     91    -22     24    -48    -37 
  2325     -1   -172   1446    979      4    -86    -34    810    -66    108   1189    -80     74   -258   -201 
  -156    968    602   -160    325      0    -20    -50   -104     16    -70    -84   -163    173   -128   -133 
  -105   -133    -95   -161    -95   -100    -10   -140   -213     -5     73   1031    -54    -43     12    580 
    -5   -145    -75    129   -123    -48   -138    -39   -119   -183   -176   -187   -118   -155   -114   -159 
   -24   -162   -202   -146    324      2    -55    -69     23    250    156   -138    -96    172   -117    -88 
  -168    -95    -91   -136   -142   -129   -104   -146    -83   -184    807   -202   -232   -154   -109    -21 
   -64    -69    -54    191    -42    -95    -95    -58   -109   -116   -182   -157    -41   -127   -141    -88 
  -117   -162    -66   -124   -140   -137   -150    -94    -70   -141   -241    -64   -162   -144    -39    -25 
  -115    -71    -57    -90   -104   -113    -13    -63   -128    -95    -92   -136    -63    -91   -199    -80 
    15    -24   -149    -73   -135    -96   -134    -48    284    875    -64    -72    -31    -89    -74    -74 
  -141   -116    -62    -49    -50    -83    -49    -88   -140    -25     23    218   -195   -140    249   -108 
  -112    -47    -51     36    -90    -94    -17    -21    -65    -86    -82    -84    -80    -70     21    -33 
   -60    -60    -75    -57    -42    -36   -152    -29    716    -46   -109   -139    -72    238    -89    -49 
   504    449    -46    -43    -86    -62    -83    -86    -45    -36    -55    -30    -54    -81   -119    -50 
   -26    -58     -8     -9    -27    -51    -36    -80    -77    -68     -4    -14    -71    -63    -79    -56 
   -65   -108    -84    -51    -65    -26    -31    -60    -89    -59    -75   -103    -72    -16    -38    -91 
   -99    -88    -41    -45     -1    -37    -38    -44    -56    -57    -33    -70    -72    -56    -34    -35 
   -64    -68    -37    -43    -82   -104    -60    -51    -68    -94   -112    -96   -102    -71    -22    -86 
   -88   -107   -102   -112    -84    -71    -92    -97   -110   -107   -134   -117   -101   -107    -88    -83 
  -101    -97    -71    -81   -108   -116   -110    -46     -2    -65    -82    -95    -50    -42    -78    -47 
   -57    -66    -52    -87    -88   -102    -98    -98    -92    -79   -117    -66    -25    -37    -68   -104 
   -78    -63    -13    -71    -78    -87    -46    -31    -63    -57    -42    -69    -80    -48    -43    -54 
   -65    -73    -63    -68   -114    -80    -45    -43    -91   -124    -93    -28    927   1426    629    168 
    75    -62    -32    729    868    269    -12     32    -28     14     57    296    517    637    576    347 
   202    262    715   1174    986    758    984    -54    -74    -61    -88   -116    -51    932     -4     -4 
   -27    -73   -103    -38    -65   -104    -33    -14    -70     75    638    662    831    448    -50    -50 
   -13   -108    -65    -52    -67    -99    -44    163    -91    -63    -77    -71    -87    -27    -35    -27 
   702   1021    502     57    -39    -62    -59    -68    -94    -34     -3    220    281    -21    -13    -65 
   -56    -30    -33    -80    -81    -14    -26    294    106    -47     -7    -46    -15    -32   -121   -103 
   -62    -43    -58     -8    -48    293    615     42    -10    -88    -55    -14    -57   -108    -93    270 
   178    -33    -73    -55    165    184    156     95    -69    -66    -13    139    570    972     51    -16 
   -17    -59    -95   -172   -112     53    206    243    -19    -17    -31    -39     51    -77    -82     -7 
    29     18    280    956    647   1248   1706   1153    151    162   1287   1310    229    -82    -97    407 
   409     67     -6    -54    -55    -12    475    -72    -86    -53    -31    -47    -53    810    116    259 
    -4     -9    -27    -17   1147   1526    499    -60    -43    -44    438    271    222     84    -41    -11 
   -35    -22    -61     -2    658    183    -79    -50    -51    -64    -93    -52    776    596     -8     -1 
   -15   -125   -108    -52    267    214    299    143    -21    -14     -2    -26    -58    -34    -10    -19 
   -68    -60    -81    -71   -111    -54    679   1003    758    700    481      8    347    337    740   1536 
   219    -56    -59    -44     -1    158    -86    -89    303    330    -23    -24    -15    -48    -95    -59 
   880    705    738     -8    -25    414   1079    -14     -2    -36    -14    -33      2    101    -42    -97 
  -122    -90    -29    400    881    -16    -34    -66    -74    126    356    -35    -54   -106    265     -5 
  1271    758    262    -35    -41    -85    300    237    -23    -66    -61    -16   1341     -1    -70    565 
   137     -5     -3    824   3476    590    -85    -54    999    202    628   1181   1537    635    744    -29 
  2174   1212    253    427    873    612   1074    188     -5    484    583    145    -24    389    183     20 
   -40    515   1189     -4    351    541    668     -4    -19    -60   1107   1249    985    820   1476   2074 
  1996   1067     68    253    131    194    -39   1102    -92    -58    -86    -58    -35    -88    -65    -39 
   -29    -54    212    -47    196    -42    -73    -55    395    799   1556    620    -18    -61    -25     -1 
   -50    832    310    665    -12    -72    -29   -118   -116   -128   -113    -55   1124   1357   1696    -18 
  -110    -99   -103    -31    219    423    304    109    927    243    -48    212    552   1309    813    542 
    59    -59    -84    -95    -32    957    880    794    651   -126   -111   -105   -141    -65    -53    171 
   762    995    -13    -51    -25    252    197    884   1389    770   1086     61    -53    -52    -62    -29 
   -24    -45    -63   -141   -137   -190   -156    -87   -126    -34   1030    916     -2    -95    -89     -2 
   413    979   1434    685    769    380    872    541     -2    -27    -21     -9     -6     69    -46    -95 
   -13    548    -78    364   1257   1563   1332    -24    -51     20    673    -12    -23    -84    -44    -76 
   -40    -52    -77    -70    -96    -88    -55    -67    -93   -129    -85    -25   -114    -46    310    350 
   286    -65   -109    -67    750     14    -79   -103   -108   -145   -144   -132   -116    -93   -116   -112 
   -82    -68    -44    -70    -84    -46    -81   -106    -81    -93    -85    -95   -123    -75    -20    -90 
   -75    -78    -99   -117   -120   -107   -104   -107   -118   -108    -89    -69   -105   -102    -51    -41 
   -12    -41    -81    -74    -96   -119   -153    -83    -58   -104    -65    -75    -81   -108   -107    -92 
   -95    -97   -102    -94    -94    -84    -84    -73    -76    -88    -79    -65    -65    -76    -78    -80 
  -105    -65    -43    -77    -29    -46    -62    -46    -45    -31    -39    -69    -49    -25    -43    -58 
   -97   -108   -104    -95    -93    -71    -43    -34    -48    -74   -114    -65    -76   -129   -110   -122 
  -128    -94    -77    -44    -26    -17     41    -39    -78   -103   -101    -94    -98    -79    -35    -24 
    55    149    -16    -57    -78    -16     -8    -25    -29    -53    -22     79     33    -35    -29    -35 
   -12    -39    -65    -63    -32    -15    -30    -33    -19    -27    -23    -42    -32    -27    -36    -25 
    -4    -66    484    -83     74     44    123    -59   -154    -18    717    810    631      0     14    -49 
   -64   -132    -74    -60   -144   -156   -167   -144   -144   -141    -47    -76     79   -271   -188   -139 
  -200   -249   -359   -184   -168   -171   -173   -356   -252   -257   -178   -310   -155   -136   -156   -206 
  -185   -177   -169   -164     -3    -56    -29   -252   -198   -170   -191   -219   -302   -198   -225   -281 
  -222   -248   -162   -186   -184   -286   -180   -119    -42   -107    -74    -77    -89   -109    -39   -155 
  -129   -284   -253   -237   -155    -99   -226   -136   -108   -173    -87    -91   -102   -236   -275   -283 
  -231   -158    -65    -37    -65   -124    -88    -97    -87   -166   -180   -276   -250   -291   -209   -127 
  -214   -153    -78   -158    -88   -123   -161   -242   -297   -241   -217   -210   -209   -131   -109   -130 
  -128   -204    -37   -119   -160   -196   -219   -280   -220   -177   -211    -81    -66   -193   -159   -135 
  -205   -194   -190   -242   -244   -198   -271   -244   -246   -260   -266   -306    -29    -84   -190   -235 
  -209   -224   -101    -51   -134    -50    -48   -153   -166   -116   -159   -158   -182   -228   -187   -143 
  -188   -258   -281   -249   -145   -149    -22    -45   -173   -222   -268   -289   -194   -114   -175   -220 
  -164   -189   -192   -110   -156   -230   -209   -186    -90   -129   -159    -74   -175   -164   -111   -136 
   -20    -99   -174   -173   -257   -299   -304   -163   -301   -291   -240   -196   -199   -107   -135   -208 
  -225   -171   -150   -195   -155    -13   -119   -185   -167   -132   -121   -215   -227   -141   -216   -226 
  -338   -149   -193   -185   -275   -210   -254   -158   -212   -219   -224   -259   -223   -295   -274    -61 
  -141   -144   -164    -73   -105   -161   -237   -194   -148   -211   -405   -269   -212   -258   -399   -250 
   -84     -8   -128   -141   -104   -184   -217   -267   -252   -132    -69    -53   -114    -59   -100   -197 
  -274   -372   -221   -165   -353   -271   -234   -330   -382   -309   -238   -265   -235   -174   -131   -211 
  -287   -328   -238   -143    -72    -70    -94    -63   -246   -357   -302   -401   -335   -260   -346   -285 
  -247   -318   -314   -203   -218   -347   -526   -537   -471   -334   -297   -263   -198   -146    -68   -153 
  -136   -110   -135   -322   -430   -354   -348   -249   -292   -199   -225   -337   -307   -345   -282   -446 
  -466   -601   -608   -457   -296   -278   -285   -185   -156   -218   -209   -219    -55    -46   -346   -350 
  -312   -224   -243   -166   -257   -433   -384   -436   -262   -348   -366   -367   -243   -174   -177   -141 
  -189   -168   -168   -128   -151   -238   -175   -110   -266   -247   -216   -200   -122    -92   -171   -343 
  -287   -382   -345   -346   -121   -109   -106   -202   -243   -258   -238   -192   -153   -114   -137   -142 
  -197   -220   -263   -237   -251   -180   -103    -96   -148   -176   -180   -329   -315   -358   -149   -168 
  -152   -321   -277   -296   -241   -182   -236   -275   -206   -131   -114   -139   -185   -247   -242   -209 
   -64    -76   -121    -93    -71   -102   -117    -94   -124   -200   -214   -294   -299   -282   -177   -171 
  -244   -338   -313   -159    -43    -58   -158   -210   -233   -179   -108    -77    -83    -22     25    -38 
  -111    -87   -171   -243   -340   -282   -383   -294   -228   -268   -382   -462   -322   -167    -58     -9 
   -94    -74    -79    -56    -20    -21    -61    -64    -22     -4    -65    -60   -109    -99   -143   -143 
  -233   -234    -85   -218   -267   -340   -230    -98   -101   -115    -89    -63    -33    -17    -32    -33 
   -75    -66    -61    -32    -77   -107   -153   -192   -270   -322   -323   -164   -121   -279   -305   -317 
  -146    -44    -32   -121   -192   -162   -121   -103   -132   -140   -191   -174   -146    -89    -77    -89 
  -113   -109   -190   -246   -249   -194   -135   -137   -103   -108    -95    -81    -69   -153   -186   -155 
  -100   -101   -136   -142   -162   -152   -145   -131   -119    -98   -111   -127   -166   -180   -218   -180 
  -191   -159   -176   -189   -185   -162    -73   -166   -177   -147    -88    -85   -134   -154   -149   -145 
  -140   -133   -113   -133   -144   -159   -188   -184   -169   -116   -104   -101   -111   -124   -103   -102 
  -116   -178   -113    -68    -30    -70   -104   -106   -108   -127    -92    -60    -24    -40    -81    -71 
  -108   -119    -77    -41   -137   -161    -92   -105   -114    -84    -51    -73    -60    -22     -2     -5 
   -28    -10     -3    -51     -1    100    127    -10    -24     -2    -43    -69    -75    176    462    -40 
   -48    -29    -33     -5    761   1270    759   1405    803    129    229    604      5    -21     -7    683 
   626    475    314     61    274    572     48     33    522    408    256     94    -68    -73    648    -16 
   382    888    716    407    375    298    -88    -45    -29    396    785    444    561    375    995   2365 
   501    276    141    -16    -45    -57    -20    -44     37    -13    220    334    306    726   1211    930 
   -14     -2     -7    108    468    174    433    219    342    948    456    271    161    -32    -47    -51 
     0    -28    507    339    576   1146    760    792    998   1255    854    935    820    694    705    116 
   -26     -5     55    219     65    375    508    285    222    247    733    237     86    -17    368    580 
    -6    256    226    360    657    974    294    476    622    180    -40    -22    -32    -17    -13    -12 
   431    655    593    277    615     -8    743    387    976    561    242    624    405    334     94     -6 
   165    390    370    176     -1    170    102     83    204    204    656    581    733    131    -17    -56 
   788    570    631    261    197    702    557    763    935    528    198    488    155    -37    -15    266 
   -11    -28     83    214    451    662    565    546      3    -24    508    446    710    378    705    854 
   673    637   2339   1213    147    561    409    177    722    796    167    313    105    236    242    386 
   515    300    367    -37    608    307   1058    532    390    957   1023   1047   1081   1575    554    429 
   305    313    841    561    162    -25      8    236    472    430    359    653    685    -26    359    717 
   539    574    255    743    449    139    624   1006    308    305    229    229    353    338    191     -2 
   119    -23    332    192    200    478    646    -31    169    634    935    499    477   1325    870    809 
  1348    665    432    913     10    -60    -13     75    392    506    398    864   1236    649    266    579 
   936     -6    122     65    247    365    513    868     64    326    205    413    951   1201    918    -18 
   322    222    -62    -60    -62    -41     53    405    297    549    705    134    852    -31    513    574 
  1377    936    682    577    348    851    916    689    742   1166   2501    893    -80   -108   -132    146 
   401     -9    261   1063    970    246    -31    -25     76    -30    -15    652   1076    354    607    501 
   -21    130    776   2468   2629   2411   1225    637    946   1113    266    834    469    694    696    462 
   475    -43    -48    -12    -20    462    640    368    140    707    804     -6     -2    427   1006   1107 
   474    -41    444    415    759    255    492    271    613    369    422     -5    -24    553    -19    483 
   677    618    412    178    659    635    115    -58    -13    158    -17    -87    -75     -6    395     22 
   -49    -25      3    -28    193    936    903   1090    -26    159   1126   1100    823     65    389    669 
   266     -3     19    412    679     21     90    347    452    217    182    825    438     22    114    806 
  1039    378    367     63    608    866   1001    731    497    922    383    456    460   1019    680    516 
   471    362    227     70    385   2270   1553    760    920    985   1078   1084    461    984   1264   1218 
  1304   1059   1160   1184   1019   1538   1212   2503   1764   1374   1436    527    103    261   1213   2436 
  1913    755    920   1096    520    685    504    667    923    867   1027    827    666    727    848   1330 
  1060   2073   3152   3480   2198    811   1032   1261   2816   1997   1244    445    933   1842    748    737 
   727    763    762    567    668    605    431    515    432    910    777    694   1599   1956   1332    925 
   832    974   1654   1251   1049    602    265   1064    772    730    694    725    800    873    774    658 
   734    834    872    882    922    798   1155   1248   1206   1153    771    981    903    718    771    429 
   250    797    886    827    553    423    515    613    629    676    757    821    821    739   1016   1058 
   700    473    799    894    853    679    526    408    447     66    196    807    879    838    753    564 
   544    705    806    710    588    555    507    386    517    685    611    502    548    506    652    469 
   377    383    299     67    204    158    443    684   1017   1046    841    782    645    471    671    240 
   429    536    399    328    162    229    313    302    780    985    516    606   1005    469    434    445 
   364    372    554    333    120    174    431    595    431    293    707    988    669    608    281    219 
   670    532    667    950    638    292    569    444   1347   2411   2150   2925   1879    998   1004   1750 
  1893   1531   1886   1801   1765   1292   1556   1663   1793   1828   1608   1707   1431   1176    696    811 
  1099   1501   1246    764    689    -50    367    185   1390   1279   1132    750   1056    517    155    194 
   -11    540   1200   1899    546    386    298    449    202    230    438    762    326    691    572   1103 
   804    607   1148   1056    600    385    887   1233    851    431    503    668    182    -52    131    737 
   629    661    593    797    721    742    870   1474   1054   1731   1784   1368   1231   1316   1589   1502 
  1818   1558   1080    916   1238   1545   1407   1097    945    813    827    587    913    978    833    807 
  1109   1193   1102    979   1442   1086   1724   1787    539    834    691   1438   1144    905   1564   1043 
   793   1084   1422   1163   1011    528    810   1200   1218   1745    691    953    770    629    843    810 
   978    804    810    338    697    924    444    385    969   1062   1499   1945   1551   1120   1301   2293 
  1383   2033   2382   1707    874    682   1680   2220   2216   1253    738   1195   1119    971    843   1049 
   936   1095    823    459    617    752    999    911   1183   1530    610    977    541   1322    799    528 
   872    559   1176   1785   1438   1758   2666   1309    481    973   1148   1821   1000   1314    842   1013 
  1936   1859    768    528    953   1286   2109   1944   1440   1657    660   1173   1779    801    724    554 
    59    840    649   1206   1307   1465   1026   1171   1128    937   1016    996   1273   1739   1345   1054 
  1339   1395   1556   2066    864   1393   1382   1499   2176   1060   1374   1352   1534   1059   1135    913 
  1610   1396    913    469    713    815    841    584    815    400    733   1113   1239    850   1872   1272 
  1228    906   1363    943    584   1746   1414   1517   1474   1385    966    104    757    723    904   2115 
  1911   1003    995    534    739   1179   1045   1205    781    837   1807   1545   1355   2339   2014   1541 
   735    745   1490   1905   1033   1148   1257    836   1180    566    915   1127   1040   1039    936   1437 
  3181   1734    213     95   1216    400    831    508    661    412    677    107   1482   1384   1470   1827 
  1893   1157    984   1279    762   1196   1453   1245    927    628    123   1327    653    862     78    239 
   103    -16    483    779   1817   1538   2092   1442   1616   1072    870    928   1081   1138   1133   1605 
  1285    876   1179   1990    701   1145   1540   1541    773    195    175    487    605   1077   1269    770 
  1109   1062    775    467   1586   2424   2530   2000   1787   1020    411    924    371    726   1320    808 
  1076    679    766    441    363    512    964   1287   1051    824   1242    963   1083    829    658   1327 
   999   1143    868   1210   1478   1133    776    654    926    811    853    450    504    781    918   1030 
  1097   1802    942    295    355    962   1252    871   1188   1665   1176   1059   1052   1504   2217    887 
   738    802   1117   1452   1559    992   1216   1469   1048    586    669    740    742   1355    924   1201 
   908    803    673   1615    625    543   1419   1438   1240    425    266    869   1359   1508   1565   1068 
   668   1173   1287   1103   1108   1327   1164   1092    760   1308   1479   1004    814    822     81    565 
  2065   1195   1056     73    949   1414   1078    855    908    825    962    901    797    968    970   1207 
   945    782   1195   1115   1340   1111    714    926    320    512   1047   1355   1457    669   1175    790 
  1782   1370    955   1080    933    934   1097    970    880    949    879    842    770    765   1032    854 
   799    643    522    553    984    861    534   1071   1332    959    979    585   1218    863    981   1098 
   965    937    791    835    975    962    952    753    669    688    945    974   1515   1521   1308   1701 
  1161   1057    850    857   1018    754   1137    913    989    839    850    799    735    784    856   1063 
  1127    928   1161   1160    557    579    375    426    894    543    665    932   1166   1004   1327    926 
  1225    852    841    930    987    867    839    865    925   1038    995   1018    956    885    886    950 
   866    997    962    864    923    890    905    948   1080    555    993   1040    979   1022    649    786 
   837   1284   1593   1144    841    781    940    956    873   1113   1320   1146   1458   1699   1089   1093 
  1164   1336   1079   1422   1791   1434   1318   1567   1512   1186   1432   1106    623    923   1182   1389 
  1064   1005   1060   1185   1310    761    583    788   1142   1401   1379   1266    -15      2     49    329 
   662    881    571     -2    267     -2    528    910    892    617    618    489    479    663    816   1115 
   549    743    462    127    252    -15    -41    274    672    476   1076    821   1426    886   1507    539 
   568    921   1342    708    648    488    412     -5    763    390    -16    -27    -77    -93    -66    -32 
   -29    708    652   1098   1039    541   1350    393    917     -6    -15    562    990    105    393    109 
   -28    -71    -20    -52    -69    -86   -111    -93    -50    -18    142    255     73    937    653    -12 
    58     22    286    829    973    761    286    -55    -22    -25    -52   -103    -33    -53     10    -17 
   -39    -29    -43    -19   1150    826    414    522    703    486    823    714    707   1922   1929    326 
   -29    -46    -21     -9    -70   -120    -72    -55    401    159    112     73    -24    -16    629    940 
   700    671    860    801   1420   1176    420    858   1265    378    262    421     87    247   1048    126 
   114    100      8     -2    269    591    255    367    620    487    376    186    419    -23     -8     94 
   -34    256    -11    -12    569    804    278    949   1257    827    585    203    560    596     -2    -58 
   -80    -61    755    871    500    392    155     57    101    594    -74    -22    -77    -89    -24     -9 
   145    467    378    199    158    237     18    -17    -23    -38    -37    -32    409    291    632    515 
   252    501    401    258    -85     -8    -89    -26    443    657     10    -20     -5    139    399    575 
  1168   1539   1241   1184    862    387    604    628     88    -17    296    356     58    -47    -72    -62 
   -68    391   1244   1118    763    940    989   1180    519     18   1142   1424   1400   1202   1388    850 
  1269    997    663    663   1401    659    805    909   1098    235    -19    443    304    495    808   1062 
   880    891   1184    -14     30   1100   1393    980   1293    640    261   1330     -4    -51    140    555 
   662     37    344   -117    -96    161    123    329    -26     -3    -23    -15     -5    -88    -19    388 
   892    724    697     38    -45    -24   -116   -112    342    404    858    767    577    -99    -81     -2 
   -49   -119   -219   -171   -111    -58    228    520    707    199    278    180     -5     -7      0    -14 
    -4    668    187    249    481    837    921    -26    -16    673    -17    -92   -131   -112   -128    -78 
   391    827    479    982    173     -5    -30    -18    252    -28    -16    104    -41    -46    -13    -37 
   -50   1003   1166   2364   1515     42    572    634    -41    -61    503    220    138   1293    243    -37 
   -41     34     62     -5    901   1399     -2    -38    -48    -48    -18   1878   2358   2245   2989    181 
   331    -18    -89    -79    452    669   1288   1373    -74    -64    -61    -32     -9    972   2159   2184 
  1684    -14    -13     -9      6   1306    896    538    999    -10    -43    -80   -133    117    247   1185 
  2006    853    -52    -76    -54    -33     -2   1461   2414   1111   2004    138    -43    -33    -14     29 
   -14    -25    -16    -21    -24    -58   -135    943    195   1193   2179   1649    -61    -81    -48    -33 
   215    512    237    376    340    226    -48    -46    -39    -37    -52    -75    -69    -28    -22    -48 
  -157    -88    409    571   1155    738    -34   -108    -34    -48    -46    -38    -21    -15    108    -11 
   -18    -10     29    236    228     83    -28    -19     -4    -23   -123   -135     53    208    -10    -73 
  -118   -109    -59     74     -1    -27    198    580    631    566    436    197    189    558    614    626 
   205     32     77    127    -18    -49    -13    326    134    161    -21    -51     36     11    103    328 
   359    557    352    430    289    104     87    314    306    423    283     -5    -13     -3    -14    -27 
   -36    -25     -2    -10    -28    -40     -3     83     73    320    203    447    348    411    347     -2 
   121    198    246    283    189     39     52     -1     -5    -11     -7     -6     30    -12    -15    -27 
   -14     -9     32      0     31     -2    -17    -25    -16    -25    -20    -26    -25    -18     -5    -10 
   -11    -18    -20    -10    -14    -14    -26    -44    -34    -18     -8    -18    161     96     59     64 
    -7     -7    -10    -32    -64    -38    -43    -37    -36    -33    -48    -54    -45    -37    -44    -44 
   -49    -42    -29    -25    -34    -31    -39    -56    -45    -51    -65    -57    -60    -49    -61    -24 
   -34    -33    -41    -54    -67    -80    -76    -54    -59    -64    -47    -31    -27    -47    -41    -37 
   589    780   1305   1080   1213    937    789    449    711   1786   1064   1311    765    849    952    934 
  1437   1567   1288   1369   1320   1230   1354   1338   1315   1058   1075     -4   1554   1332   1343   1005 
   491   1569    592   1411   1190   1143    669    466    685    620   1013   2061    523   1198   1057    837 
   492    264    443    367   1167     -7   1497   1150   1482    894    402   1459    619    651    653    663 
  1167    627    876    695   1222   1502    641    756    958    694    301    638    486    399    888    513 
   993    748   1340    683    256    828   1075    679   1085   1028   1555   1033   1126    866    929    444 
   926    975   1333    849    521    735    667    345   1443   1304   1017    547    725    726    -26   1121 
   772   1140    865    689   1384   1004   1044    777    986    977    971    757   1414    684    282    433 
   594    582   1101   1609   1344   1117   1603    693    301   2564    849    715    629    767    713    303 
   801    521    941    830   1074    764    901    950    391    405   2372   1486   1052   1017   1128    837 
  1087    595    242    677   1334    866    511    195   1016    592    800    576    902    913   1251    821 
   938   2344    807    860   1153    398   1493   1037   1689   1473   1074    270    241    747    375   1138 
  1035    439    833    850    621    480    798    709    743    988    891   1078    843    650    671    664 
  1240    887   1083    853   1202    856   1164   1764   1255   1128    982    946    898   1533    683    392 
   442    579   2502   1951    714   1139   1096    789   1061   1188   1406    698    882    753    734    960 
   825    620    993    357    847    503    870    967    288    741    101    411    705    690    550   1163 
  1014    830   1288   1084   1682    812   1081   1195   1274   1059   1855    986   1553   1346   1052   1301 
  1166    420    282    876    430    786    879    972   1970    714    955    653   1133   1202   1423   2148 
  1651   2539   1133   1609   1770   1576   2178   1850   2012   1322   2016   1714    514    270    356    276 
  1433   1601   1387   1218   1096   1033   1012   1458   3179    987   1678   1849   2439   1976   1122   2212 
  2320   1094   2219    976    486   1680   1837    912   1541    745    925   1164   1640   1014   1412   1951 
   896   1112   1503   1189   1063   1287   1594   1305   1228   1852   1162   1958    759   1382   1583    494 
   -54    250   1011   1441    642   1139   1420   1482   1543   1481    865    462    825    -12    870    294 
   824    983    700    587    736   1093   1569   1356    717   1089    943   1776    440    473   1230   1111 
  2197   1109   1134    772    775    528    899    610   2518    917    971    857    672    450    360    503 
  1010    780   1187    484    464    377    191    915    894    736   1390   1028    759    216    311    402 
  1648    954   1056    891    770    504    523    398    448    926   1225    689   1491    527    591    297 
   479    722    217   1228   1637    943    783    465    716    399   1387    307   1426    497    805    685 
   645   1054    836   1035    974    683    484    371    543    527   1174   1614    183    885   1568   1112 
  1511    741   1148    518   1530     78    587    486    826   1604   1436   1074   1078    907   1046   1039 
  1210   1053    679    773   1274   2120    818   1271   2073    798   1941   1164   1261   1057   1589    306 
   716    548    833    817    862    786    842    906    930    687   1016    866    427   1078   1876   1723 
  1444    870   1395   1303   1338   1505   1060    765   1739    469    757    460    745    762    670    784 
   602    623    750    584    663    618    860    980   1254    948   1184    529    440    841    949    871 
   616    250   1435    349    626    353    718    688    731    745    946    578    713    762    705    680 
   732    779    934   1031    989    980    632    781    713    814    525    313   1477    346    622    369 
   705    844    869    650    720    741    763    561    647    570    501    527    580    437    628    574 
   601    748    543    609    420    292   1387    375    507    208    578    435    564    534    303    466 
   362    222    336    657    554    688    542    507    480    435    470    362    382    514    457    349 
  1542     27    129    -12     -1     36    166    183    175    131    544    271    300    388    325    244 
   300    114    221    131    423    262    276    312     -1     78   1258    644    435    128    363    449 
   488    403    390    693    654    644    527    421    431    370    440    377    650    706    679    614 
   668    962    769    883   -184   -248   -213   -184   -178   -141    -93   -101   -141   -221   -231   -180 
  -191   -198   -190   -183   -203   -239   -279   -359   -299   -264   -300   -347   -306   -208   -110   -140 
  -120   -152   -100   -127   -138    -25    -76    -74   -205   -184   -215   -175   -127   -178   -189   -319 
  -250   -238   -212   -220   -144   -100     -4    324    398    -80   -161   -206   -158   -175   -189   -159 
   -53    179   -146   -154   -206   -260   -152   -119    -77   -105    -66    -21    852    654    506    767 
   590    365    887    -88   -105   -193   -116   -116    -12    -11    -15    261    -36   -139   -139   -252 
  -216   -130   -113   -133    -20    360    922    764    228    -59   -111    -99     53    -83    -64   -176 
  -141    -68     82     -6    -58    -58    -56   -102    334    -23    -66    -83    -24    -18     61    -29 
   -29    -89   -196   -170   -234   -151    -54   -216   -161   -206   -166   -217   -195   -140   -182    -49 
   -53   -173    -80   -168   -235   -217   -149   -157    -38    -74   -110    -60   -254   -203   -257    -66 
   769    -53   -150   -275   -224   -201   -182   -272    -86   -194   -122   -237   -228   -358   -296   -153 
  -130   -155   -171   -211   -149    -19    -62    209    -58     -2    278    -97    -80   -157   -119    -68 
   -79   -113     -6   -148   -158   -155   -153   -243   -176   -133   -139   -310   -226   -296   -220    -73 
  -107    -21    -59    -34    -33   -156   -148   -221   -151    -97   -115    -95    -59    -60    -33      6 
  -129   -127   -102    -49     -7    -33    -62   -199   -189   -106    -90    -30    -22    -29    -54   -153 
   -54    -97    -65   -153   -171   -129    -71      2    950    627    -12    -76    -67    -99    -13    -54 
   -67   -204   -244    -90    -93    -58    -47    -55    -22    -68    385     -4    -13   -153   -138     89 
   132    269   1284   1155    -47   -145    -62   -144   -130   -145   -121   -284   -263   -164   -173   -157 
  -131    -42   -116   -209   -141    -46    687   -152    -72     90    -34   -238   -160   -110   -168   -369 
  -337   -277   -356   -332   -239   -338   -176   -178   -127   -207   -192    -69   -151   -348   -341   -145 
   -84   -155   -140   -223   -169   -330   -252    -87   -136   -169   -180   -321   -275   -259   -294   -285 
   -40   -214   -211    -83   -147    -55     57   -165   -296    -64   1463    -25    -73    -27   -161   -327 
  -288   -364   -378   -272   -156   -227   -295   -239   -318   -208   -129   -257   -251     70    -91    -45 
   968    136   -178   -117    -32    523    327    994     92   -209   -355   -423   -312   1783   2456   1428 
   -94   -272   -170   -166    -92   -274    -44     92    -61    -31    616    -54   -176    -51    -86     -5 
   -64    -52    -86   -205   -305   -277   -285    120   2154   3143   1515   -115   -222   -162   -242   -240 
   -97   -128   -132    -67      1   -166   -384   -277   -279    -69   -128   -144     -3   1865   2998   3050 
  2566    794     69    -48    -52   -174    -96   -178   -120   -161    -70   -220   -218   -108    -68    -87 
   -66    -23   -133   -216   -267   -144     82   1368   1866   1851     -5    309   -177   -308   -393   -197 
  -131   -157   -110   -394    -96   -181   -231    -74    -30    511   1781   1987    818    -10   -222    -99 
   155   1058   1063   1240    585    -32    -65   -182   -390    -88    377     92    -63   -297   -115   -228 
  -152    -56    -21    -48    683   2154    844   1193    581    801   1431   1306    976    765    593    -35 
   793   1033    184     -5   1240    707    645   1066    527      0    -75    -72    773    377    828    761 
   550    344    120    121     54     86    189    474    466    287    159     51    509    -23    562    854 
   544   1618    386    429    -25    -37    438    -35    -88    -97    -89    -84    -85    -81    -90   -110 
  -132   -109   -101    -62    -47    -30    -33    -65    -59    -39    -61    -34    -79    -87    -55     -5 
   -37   -128   -171   -185   -187   -197   -192   -167   -179   -172   -225   -222   -227   -208   -126    -80 
   -62    -34     43    -11    -57    -89   -108    -89    -15    182    -77   -144   -144   -148   -149   -166 
  -166   -147   -162   -154   -175   -170   -133   -128   -116    -92    -85    -72    -55    -37    -21    -93 
  -169   -136    -58    -35    -66   -171   -114    -74    -50    -72    -88   -103    -55   -105   -116   -142 
   -78    -55    -39    -73    -50    -34    -60    -81    -72    -92   -115    -74    -71    -47    356    -86 
   -77    -18    137     -1     -6     -2    427    -11    286    101     30    131    480    694    444    710 
   681    520   1274   1515    407    -11    -49    -18    -11    -62    -92    -87    -70    -90    517    -61 
  -121    -72   -139    -97    -59    199    332    -30   -106    -39    448    715    227    472    374   1469 
  2263    267    -75   -129   -219    -87   -133   -106    -46   -279   -252    -94   -107   -125    -87    -75 
   -66   -135    -89    -95     85    -29    -68     -5    975   1973   2516    552    -32    -65   -158   -101 
  -174    -96    -70   -284   -265    -42    -48   -123     -5    111    270   -214   -159   -130    -78    -66 
   -18     72    547   1036   1486     -3    -67   -123   -177   -115   -174   -147    -18    -61   -108   -108 
   -86   -173    -89   1169   1700   -202   -166    -37     -9    -36   -103   -127    -36    842   1575     15 
   -91   -143   -202   -129   -145   -143    -10    -40    -17    -82    -93   -197    -62    601    -34   -176 
  -106    489    565    203   -143    -91    -20    787   1011    -64    -54   -156   -195   -194   -213   -141 
   -41   -111    -29    -61   -118   -238   -130    -20   -103    -33    829     32    -70    -57   -127    -61 
    -3    -81   -103    -77    -33   -160   -138   -172   -241   -183    -14   -110    -19    -17    -63   -210 
  -101    -23   -216    964    381    -73    -55   -155   -187   -141    -84    -77    371    442   -120   -178 
  -150     -4   -188   -156    -41    -75   1127   -172   -145   -141   -105   -168   -170    731    -97   -102 
    -9   -132   -203   -128    -62    107   1619     35   -102   -167   -160     22   -178   -141   -113    -24 
   318   -234    -30    193    -85   -206    -95    -68    -78   -102    788   -102   -161   -132   -138    -70 
   301    -79   -188   -179   -107    -39   -196   -172   -137    -64     -7     -4    451    -38    -52   -165 
  -185    -71    -24    -94    -12   -115   -164   -168   -170    -21    141    -76   -168   -208    -82    -17 
   -86   -105   -198   -107    -74    -88    -76   -155   -116   -100      0   -103   -103   -150   -144    -93 
  -118   -111   -124    -61    -24   -103   -169   -326   -164   -184   -137   -281   -279   -125   -222   -345 
  -270   -350    -42   -119   -139   -105     -1   -197   -292   -254   -207   -174   -138   -137   -103   -149 
  -274   -422   -243   -249   -278   -379   -178   -164   -311   -312   -176   -237    -75   -305   -202    -57 
   866    607   -217   -210    -68   -199   -204   -193    -42    -85   -243   -252   -162   -266   -394   -315 
  -110   -191   -326   -218   -192   -139   -198   -284    658   2528   2077    985    -66    -33    723   1008 
  -170   -146     12   -147   -127    -84     -7   -105   -334   -171    -20    -38   -108    -41   -222    -20 
  -320   -255    -53   1077   1470    342    -29    -61    780   1460   -182   -198     -5   -112   -131   -199 
   -95    -71   -223   -173    -24    286    261    393   -139    378    -75   -260    -94    -19    531    -31 
   -73   -163    351    543   -193   -176    413    -47   -131    -54    -38    -16   -184   -221    -89    -28 
   -10    -51   -138    -78    -12   -110    -71    300    726    245    -39    -24    409    805    231   -204 
   -45    -63   -187   -124    -94    -98    615   -226   -215   -149    -19    132    -51    -80    -34    -67 
   -93   -120   -114    120   -149     83    309   1573    839   -219    -65    -52   -165    -87    -94    -86 
   -54    -73     85    213    334    812    439     57   1373    894     39    -32    -88    399   -206   -188 
   -43   1843   1100   -169    -18    -56   -193   -196   -146    -89      0    167    184    838    389    132 
   -14    -29    -45    -87     -9    288    -10    474   -151   -159    -47    295   1137   -130    -30    -50 
   -47   -234   -110    -70     35    -14     -2    437     50     -5     59     -8    -73   -117    -31    -32 
   -95   -104   -170   -104    -33    -22     37   -127    113    -36   -153   -209   -105    -70    -30    -20 
   -25     62    -25    -16    -14    -28    -54    -80    -49    290     72    289    572    -64    -53    -42 
   438    308    574    -53   -204   -183   -117    -78    -39    -20     19    217    -15    -32    -33    -59 
   -82    -57    -56    -72    -68    -14    -13    -21     -9    -48    364    425    717    -43   -208   -179 
  -113    -57    -12    -10     71    -43    -97    -80    -75    -55    -25    -15    -31    -32    -18     -5 
    -8    -18    -42    -27    564    750    875    -74   -224   -219   -124    -47    159    -17    383    444 
   613   1019    -25    -55    -17     14    -33    -51     19    280    772   1149    -17   -108    139    623 
  1091    -47   -125   -144    -47     68    399    116    191    633   1039    164     -8    462    945    249 
    -2    100    332    163     81    810    948    178    589    802   1851     59   -101     -1    621    -33 
   -76   -146   -125     57    -55   -106   -213   -132    -82    -74    -35   -107    -87   -174   -155   -112 
  -151   -201   -215   -177   -110    -23   -124    -89    -61   -155   -199   -188   -179   -114   -147   -108 
  -212   -183   -177   -208   -192   -294   -229   -141   -290   -191   -156   -191   -247   -313   -330   -238 
  -143   -227   -220   -202   -245   -213   -153    -64   -106   -128   -224   -258   -213   -299   -321   -302 
  -269   -297   -261   -178   -217   -221   -261   -298   -275   -174   -170   -204   -114    -98   -222   -254 
  -185   -141   -179   -221   -196   -175   -128   -244   -269   -250   -183   -243   -198   -188   -196   -229 
  -250   -252   -256   -202   -157   -150    -47    -81   -176   -186   -208   -176   -243   -321   -252   -165 
  -116   -256   -252   -225   -163   -162   -138   -153   -118   -127   -188   -156   -180   -151   -120   -154 
  -136   -227   -261   -246   -241   -181   -215   -283   -242   -224   -320   -324   -242   -281   -211   -183 
  -190   -153   -115    -27    -85    -68    -30    -35    -92   -131   -101   -135   -159   -228   -207   -165 
  -209   -251   -222   -228   -336   -343   -269   -374   -300   -360   -373   -312   -191    -49     90    -50 
   -79    -85   -161   -182   -159   -196   -118   -203   -225   -303   -228   -140   -129   -160   -186   -203 
  -268   -266   -327   -407   -309   -309   -255   -257   -173   -189   -181   -174   -110   -128   -208   -248 
  -194   -208   -233   -272   -283   -163   -119    -74    -71    -13    -90   -171   -372   -324   -192   -168 
  -185   -272   -227   -232   -225   -193   -149   -131   -117   -110    -93   -118   -190   -192   -339    -85 
   -71   -128   -128    -86   -150   -204   -373   -368   -168    -66   -202   -166   -228   -217   -203   -177 
  -133    -76    -43   -192   -278   -230   -246   -268   -263   -200   -206   -210   -233   -155   -168   -222 
  -352   -305   -183    591      0   -151   -163   -194   -188   -142   -173   -128   -103   -116   -388   -206 
  -244   -288   -189   -104    -97   -102   -213   -143   -232   -348   -382   -285    -74    134     -8   -174 
  -131   -177   -155    -65    -57   1303     49   -135   -310   -149   -310   -389   -132    318    233    -52 
  -171    -96   -128   -153   -266   -288    241   1118   1096    -18    -98   -129   -212   -142    -69    -28 
   316    209   -138   -144   -210   -274   -101   -128   -179   -212   -182   -205   -344   -259   -271   -138 
  3744   2850     31    -33    -76   -154   -180    -74    -12   -145   -281   -220   -257   -144   -143   -150 
  -244   -371   -290   -169   -187   -356   -445   -291   -260    -96    736    340   -168   -186   -166   -241 
  -159    -66    244    -31   -280   -230   -282   -171   -158   -109   -159   -180    -92    -96    -61   -254 
  -211   -261   -205   -220   -192   -130   -155   -169   -203   -195   -145    -94   -143      1    -19    -67 
  -118    -93    -17    122    327    -36    -33   -238   -125   -126   -138   -290   -277   -364   -346   -223 
  -145   -158   -358   -329   -134    -41   -149    -51      7   -209    -41    -55    -22     -8    -47    -84 
  -119   -157   -108    -80   -219   -453   -368   -406   -369   -145    -37   -154   -199   -464   -240    -68 
   -75    -49    350   -105     30     -1    -52    -70    -95    -69    -83    -51    -29    210   -127   -389 
  -316   -202   -313   -107    373    -37   -174   -337   -194    -40   -106    -15    -79   -127   -152   -101 
   -77   -149   -155   -127   -146   -113    -71    -31   -168   -311   -272   -336   -269    -60    470    -99 
  -326   -278   -136    -78   -131    487     -5    -59    -82   -102   -132   -159   -156   -124   -184   -154 
  -140   -131   -118   -174   -148   -177   -151    -30    -94   -253   -265   -173    -91    -59   -108    -87 
  -100   -120   -171   -200   -175   -126   -118   -136   -171   -182   -204   -219   -193   -202   -142    -77 
   -64    -31    -87   -108   -143   -144   -112    -86   -109   -141   -100   -115   -150   -151   -152   -115 
  -102   -102   -117   -165   -184   -184   -162   -164   -194   -219   -170   -117    -82    -66    -81   -112 
  -155   -122   -146   -146   -135   -162   -159   -155   -155   -127    -87   -115   -109   -126   -148   -160 
  -174   -195   -238   -231   -200   -141    -81    -75   -109   -135   -229   -157   -151   -189   -186   -197 
  -195   -191   -197   -191   -124    -99    -84   -124   -169   -181   -154   -150   -185   -142    -95    -87 
   -49      2    -82   -133   -222   -172    -45    -74   -103   -112   -120   -113   -105   -129   -132    -76 
   -76   -101   -121   -117    -97    -95   -126    -94    -42    -51    -91    -63    -77    -76   -108    -84 
  -112   -177   -188   -258   -168   -109   -182   -163   -152   -133   -138    -90    -59    -71   -124   -123 
  -148   -147    -33      5    243    808    266    -35   -237   -215    -88   -131   -147   -236   -151    -85 
  -181   -158   -167   -131   -141    -81    -21    -46   -113    -72   -100   -153     50   1252   1313    957 
    55    -73   -309   -229   -119   -227   -169   -192   -142    -43      8    -38    -91   -107    -87      7 
   905    478    -84    577    380    477    328   1019    513    -21    -80    -77   -248   -143   -101   -224 
  -128   -149   -163    -82    -53    -93   -181   -219   -131    -62    526    633    -71     67    -76    -37 
   -40    -60    -78    -60    -44    121   -184   -150   -119   -137    -96   -135   -130    -62    -87   -102 
  -132   -154    -77    -37    -21    192    -53     -4    -18    -22    -67   -165   -124    -58    -42    355 
  -138   -152   -104   -153   -138   -109    -47    211    185    580    -31   -120    -93    -36    -60    -32 
   -28   -128   -244   -199   -211   -218    -97    -29    -45    189   -105   -111   -119   -135   -122   -143 
   -63     -7    -29     80   -107    -99    -83    239    -37    -13    -12   -184   -317   -189   -204   -219 
   -86    146   1132   1263    -48    -54   -131    -86    -77   -175   -110    -90   -108    -55   -163     -3 
  -124    -50    -56    180    -27   -135   -206    -78   -193   -190   -175   -105    -93    -97   -229   -178 
   -95    -91    -39   -101    -62    -85   -133    -55   -104     72   -144   -132    -35    107    -74   -121 
  -158    -29   -139   -167   -193   -178   -218   -212   -285   -176   -128   -118    -93   -183   -129   -172 
  -197    -99   -130    -23   -168    -87    -69    -76    -73    -69    -62    -84   -175   -203   -160   -187 
  -169   -201   -263   -154   -112    -87   -216   -226   -189   -198   -130    -86   -107    -97   -154    -88 
   -96    -81    -96    -59    -72    -40    -96   -206   -117   -176   -104   -117   -207   -122   -153    -75 
  -135   -225   -282   -245   -147   -141   -209   -239   -145   -104    -55    -47    -32    169    -35    -46 
  -103   -213    -65   -153    -10    157    -85    -48   -125   -130   -209    -66   -205   -117   -112   -113 
  -145   -293   -154   -219   -119    -53     -4    404    533     -4   -151   -308   -182    -13     88   1171 
   -41    -15    -50   -203   -219    538    -25    -42    895    625     58   -305   -212   -268   -207   -166 
  -141    -20    217    525    -30   -219   -199    -20    -30    -23    -76    -13    -51    -40   -200    -32 
   -18    -49    522    253   -120   -297   -274   -321   -120     -5    329   1374   1055    749    -55   -124 
  -180   -151    -74    380    -49    -38   -113    -27   -215    -82    -33    -40    263     54    -31   -138 
  -183   -187    -64    928   1108   1335     20   -146   -213   -178   -126   -183    -82     68   -106    -49 
   -73      4   -191   -160     -5     -3    682    206    355    573    -47    -33    -38    477    610    313 
  -119   -285   -345   -155    -82   -130   -152    -95    -99    -32    -81    120    -74    -33    431   1771 
   568    331   1067   1100    435    229    461    181    967    -29    -88   -216   -244    -76     20   -136 
  -279   -207    -81      0    -48    841    367   1042    960   1720   1552    724    929   1573    960    313 
   701    769   1046    -11    -27    -75    -61    140    502    -41   -143   -193    -34    356   -101    -43 
    31    215    593     94    434    217    155    212     -1    -19    -26    193    926    391    -58    -23 
    -4    660    757    445    -63   -101    -72    127    -82    -62    -27    101    170    -17    -10    -42 
   -65    -30    -37    -20    -13     -5    448    189    -96    -22     70    291    459    -15    -84    -25 
   -91    -12    -36    -15     12    275    470    290    411    343     -4    303     84    408    362     -5 
    25    221     -9    362    865    781    650    435    -17    -48   -134    -60     -2     32    627    616 
   709    610    318    225    287    743    811    842    713    494    356    160    123    452    729   1031 
   545    372     98    -21   -124    -78     10    131    456    515     95    196    -22    -21     95    129 
   599    983    740    396    273    347    147    295    278    180    166    391    -28    -44   -170   -105 
   -32    325    603    765    337    132     79    325    255    123    272    490    141     -4     -9    321 
   581    497    506    330    281    405    173    -28   -145   -121    548    772    260    376    142    150 
    -1     27     62    289    634    699    353    -19     -4    304    480    497    395    292    655    859 
   662    195    -31    -38     -9    -38    -53    -34     73    -28    -45    494    -35    -70    -36    -61 
   -17     -1    -12    252     43   -108    -98    -33     51    -19    -32   -106   -154    -15     -3    212 
   430   1016    859    -76   -135    239     58    -14    789    -38    283    -63    645   1086     85    -65 
   780    223    335    -52   -112   -110    -70    861    650    268    -33     37    378   -138   -184   -131 
  -121   -101   1250    -54    -30   -113     -6     25    -66    109    -20   -136   -111   -138   -121   -145 
   -36   1269    656    499    -23    -40    467    -94   -117    -85   -131    -59    492    462    -24   -108 
   236    -63   -102    -13    -14   -118    -82   -122   -100   -112    -62    507    249     81    -35    -63 
   203   -107    -33    357    -56    -29    519     -1   -141   -101    789    -39   -140    -63    -13     -4 
   -58   -112   -118   -127    -89     70    -61    -10     -4    -27    728    -99    -78    400    -70    -29 
   171    -89   -139    -47    892    -94   -103    -47    -31    -16    -85   -123    -76    -92   -140    291 
     2    230    -67   -174      3   -104    -76    -19   -166    -47    -60    -57   -134    188    724    -32 
  1946    884    -52    -44   -103    -50    176    -51    -93    540    -14    -59   -145    -42    424    -69 
   -44    -24   -177   -116    -40   -146   -137    640    -69    352   2006    723    -54   -102   -128    -50 
   -38   -148   -135    950    -32    -36   -156    489    539    -71    -26   -102   1095    -33    -93   -119 
  -109    -25    -65    -17    377    -66    -14    188   -190   -209    -93   -112    -63    982    575    -30 
  -114     -6    953    -80   -145   -112    489    -38   -164    217    130    -87   -182   -105    -28   -105 
   889    734   -146   -143   -107    -71    -69    495     94    -68   -164    -45    -22   -110    -60   -130 
   -55   -125   -134    115    -33   -132   -194   -118    -52   -146    -35   -168   -188   -114   -119   -117 
  -129    -12    -37    -89   -277   -144   -180    -93    -59   -242    -52   -127   -197    -87   -103    -52 
   190    -82   -122   -201   -143   -189   -382   -198   -121    -85   -147    -25   -104    -25    -10   -153 
   -97    -76   -130   -146    -41    847    -70   -130    -58   1918    -52    -70    141   -142   -162    -15 
  -139   -280   -102    -83   -200    -19    194    -75    683   1680   1662    144   -105    -51    -24   1820 
   -10    349    -56    776    193    -70   -101   1491     76    -63     70    228    -19    -63   -149    215 
   -17    -74    -31   1120   1018    -52   -128   -149   -150    -26    -94   -148     -2    -84    -58    -52 
  -121    -93   -147    -96    -43   4014   1483    -70    -64    444    -90   -119    -56    -61    -59    -96 
   -70   -137   -105    200   -140   -127   1493   -132   -114   -208   -240   -164    -73    -88    526   3437 
  1467    -62   -102    358   -116   -172   -155    151   -115    -97   -109   -169   -171   -135   -136   -107 
   477   -127   -167   -182   -246   -126    -26    -70    175    247    -56    -72   -178     -8    -46    -81 
  -175   -141    -14   -108   -145   -150   -208   -273    -97   -136    -51   -134   -146   -131   -134    -95 
   -34      0    -75   -176     89    763    -79     76    -64   -190   -176   -217    -99    -81   -218   -286 
  -180   -147   -129   -120    -97   -196   -161   -174   -217    -78     27    -51   -212   -258    -90   2203 
    65    473    -57   -178    -65   -174    -89   -188   -158   -179   -150   -142   -131   -156   -158    -54 
  -146   -281   -198    258    322   -103   -160   -125    -37   1596     -3    493    -97   -126   -117   -148 
  -120   -138   -144   -132   -130   -106   -103   -105   -143    -83   -109   -190   -213    -96     -5   -144 
  -137   -173    -25    325    -57    198    656     17   -106    -64    -83    -61    -70    -60    -87    -72 
   -73    -37    -71    -72    -72   -160   -186   -119   -120   -128    -97   -142    -59    -42    -76    238 
   601    -34    -71    -32    -32    -33    -75   -102    -41    -53    -63    -42    -47    -60    -78   -124 
  -121   -123    -87    -51    -96    -81    -73    -83    -91    136    161    -77    -83    -68    -73    -90 
   -96   -112    -66    -90   -102    -90    -86    -84    -71    -90   -104    -76   -107   -106    -94    -88 
  -134   -118   -103     12    -49   -117   -108   -121   -125   -149   -114   -132   -146   -175   -184   -119 
  -131   -104   -115   -127   -126   -104   -100   -115   -126    -95    -71   -102   -128    -13    -51   -121 
  -114   -131    -71   -128   -168   -151   -155    -90    -82   -114   -127   -142   -143   -123   -127    -89 
   -88    -78   -109    -79   -110   -123    -92    -37   -290   -135   -176   -133    -84   -151   -144   -202 
  -108   -192   -131    -59    -96    -51   -190    -70   -140   -239   -177    -89   -142   -132   -212   -172 
   418   1135   -434   -286   -100   -218   -195   -393   -414   -420   -177   -288   -374   -340   -245   -209 
  -303   -270   -297   -324   -431   -316   -270   -280   -407   -388   -289   -125   -315   -180    -59   -236 
  -119   -219   -310   -291   -114   -109   -259   -298   -239   -284   -129   -239   -379   -182   -178   -198 
  -215   -243   -310   -317   -336   -234   -355   -188    -98   -212   -136   -217   -244   -128    -54    -92 
  -108   -161   -199   -287   -107   -203   -434   -436   -198   -149   -190   -323   -352   -299   -360   -253 
  -362   -255   -171   -234   -209   -315   -331   -233   -129   -232    -87     54   -141    -91     95   -106 
  -175   -227   -280   -211    -84   -298   -256   -283   -480   -294   -335   -250   -239   -245   -125   -203 
  -313   -368   -297   -167   -113    -59   -128    -76    -42   -212   -185   -228   -294   -288   -223   -333 
  -247   -275   -441   -321   -364   -235   -244   -251    -98   -105   -200   -249   -252   -181   -275   -169 
  -169   -230   -303   -382   -281   -198   -302   -233     78    -83   -154   -210   -199   -145   -323   -163 
   -65   -144   -134   -211   -248   -238    -97   -161   -340   -291   -102   -100   -294   -370   -376   -275 
  -320   -220   -144    -83    -71    -91   -171    -91   -305   -228   -167   -121   -185   -309   -383   -145 
    -4   -121   -142   -145   -116   -255   -262   -187   -161     -3   -163   -162   -266   -118    425   -120 
  -222   -159   -318   -165   -148   -115   -108   -273   -298   -243   -275   -107     92    408   -146   -324 
  -220    -53   -200   -109   -180   -248   -304   -205   -169   -231   -288   -259   -344   -247   -146   -111 
  -151   -182   -139   -277   -173    -68    -38   -133   -290   -335   -245   -122   -273   -330   -311   -163 
  -183   -148   -210   -265   -329   -242   -429   -231   -270   -271   -262   -271   -241   -304    264    -13 
  -137   -193   -319   -405   -348   -356   -409   -255    -58    -48   -142   -164   -310   -307   -340   -108 
  -347    -35   -213   -377   -424   -421   -308   -359    -49     -2    -58   -217   -459   -370   -278   -256 
  -270   -208    -12   1789   1307   -160   -259   -347   -380   -140   -291   -139    902   -501   -689   -363 
  -300   -212    -10   1045   -240   -279   -420   -566   -561   -362   -432   -361   -187   6332   3652    923 
  -126   -250   -408   -282   -340   -281   1129   -309   -510   -345   -393   -292   -206    951   -458   -210 
  -206   -449   -615   -420   -362   -501   -250   5855   3304    148   -252   -367   -498   -188   -255   -217 
   -37   -114   -217   -234   -390   -384   -231    -73   -238    311   -148   -209   -315    -77     -4   -221 
  -217   1647    794   -178   -276   -365   -487   -262   -142   -190   -210    332    -95   -105   -305   -340 
  -288   -313   -290   -215   -349   -386   -373   -186    -30   -202    -79     -7   -116   -235   -249   -229 
  -210   -187   -272   -302   -115    697    245   -100   -132   -153   -185   -207   -173   -287   -423   -367 
  -350   -343   -189   -204   1074    -59   -230   -280   -149    -12   -119   -183   -286   -394   -118   -133 
  1184    174    -44    -35   -108   -191   -200   -118   -204   -117   -215   -357   -297    -95   1367    -67 
  -337   -432   -295     -8   -223   -221   -317   -458   -112    -91    -93    -18    -24    -82    -92   -141 
  -197   -190   -159   -236   -319   -334   -307   -138    -92   -163    -41   -110   -229   -262   -332   -218 
  -293   -285   -143   -118   -197   -141    -83   -135    -85    -59   -122   -168    -39    248    -62   -263 
  -266   -158   -213   -225   -131    -32   -164   -259   -167   -147   -294   -220    -88   -100   -151   -133 
  -129   -189   -138   -150   -188   -194   -112    -19     40    -91    259   1098    -38    -97   -208   -126 
  -110    -98   -112   -100   -285   -172   -101   -129   -162   -182   -174   -178    -76   -114   -191   -237 
  -195   -204   -172   -240   -172    -15    165    -66   -157   -176   -201   -153   -153   -123   -330   -258 
  -204   -156   -178   -252   -234   -239   -185   -168   -205   -239   -163   -139   -137   -187   -245   -214 
  -147    -90   -122   -148   -194   -168   -205   -186   -349   -279   -205   -103    -29    -89   -129   -139 
  -136    -93   -173   -214   -194   -186   -216   -281   -311   -331   -290   -251   -190   -143   -233   -231 
  -297   -231   -201   -168    -98    -65    -92   -108   -120   -114    -92    -41   -154   -168   -117   -148 
  -160   -168   -178   -206   -173   -200   -131     -2    -30   -103   -275   -269    681    -12    -88   -118 
  -130   -233   -244   -121    -66    -86   -246   -275   -227   -178   -150   -182   -179   -194   -256   -265 
  -150   -164   -164     -9    696    358    -31   -337   -370   -363   -268   -278   -307   -224   -276   -158 
  -175   -184   -176   -113   -151   -135   -231   -247   -154    -59    -69    -75   -125   -215   -264   -208 
  -209   -244   -221   -216   -185   -136   -100    -38   -188   -106   -117    -53   -141   -168   -252   -122 
   -63    -14    -83   -151   -184   -156   -124   -147   -186   -155   -199   -207   -113   -271   -164    -98 
  -198   -124   -196   -216   -126    -75   -155   -191   -288   -183    -76   -152   -106    -83   -215   -240 
  -181   -194   -215   -155   -263    -97    -77   -233   -233   -270   -265   -199    -96   -241   -217   1208 
   227    -88   -150   -135   -130   -155   -153   -137   -226   -236   -211   -231   -177    -75   -120   -189 
  -205   -242   -269   -198   -214   -135     84    -27   -221    -45    -57   -122    -51   -126   -144    -79 
  -117    -60    -59   -198   -161    -30   1139    244   -126    -49   1284    652    -45    -74   -164   -156 
   -77   -195   -148    -70    199    -50    425   -103   -121   -120   -140   -163   -116    -40   -164    -61 
  -185   -207   -236   -164    -39    -95   -160   -306   -316   -295   -385   -107   -103    -61   -230   -199 
  -186   -273   -271   -132   -220    -80   -150   -169   -191   -261   -317   -273   -112   -112   -151   -108 
   -33   -167   -243    823   -163   1132    -42   -136   -132   -249   -339   -459   -412   -186   -233   -159 
  -256   -306   -188   -209   -281   -201    -31   -114   -112   -279   -140    -73    -45   -107    -73    814 
   -56   -266   -232   -150   -230   -260   -249   -164   -300    -60    -83   -127    -73   -167   -249   -181 
   -47    -81   -138   -387   -182     -2     -8   -275   -292   -289   -279    137    618   2327   1357    -54 
   -65    -72   -139    -95    921    -40    -91   -115   -182   -157    598   -191   -265   -315   -269   -124 
  -136   -272   -200   -126   -104   1321   5989   4662   1587   1786   2499   1453    467   -138   -111   -183 
  -191    -63   -168    -74  10179   1910   -241   -349   -392   -306   -363   -343   -173   -166    122   -144 
  6386   6923   6961   6027   6823   4640   1700   -224   -447    -63    -11    109   -159   -134    400   1323 
  -529   -506   -266   -110   -192   -249   -146   -382   -353   -354    475   4529   3272   2106   2992   3024 
   603   -402   -449   -385   -139   -239   -265    -19   -270   -278   -433   -383   -221   -184   -220   -304 
  -223   -378   -221   -320    -72   -126   -188    -63   1299    174   -133   -190   -277   -271    -80   -130 
  -155    558   -129   -153   -201   -416   -251   -322   -273   -305   -333   -502   -384   -323   -116   -304 
  -191   -192   -136    -49   -143    -41   -178   -180    -19    -79   -165    -55     23    -16   -300   -412 
  -375   -350   -300   -239   -250   -265   -252   -236   -271   -393   -355   -322   -201   -205   -255   -154 
  -173   -136   -237   -162    -70    -79    -60   -177   -181   -261   -340   -262   -271   -292   -285   -306 
  -270   -225   -333   -346   -304   -438   -345   -285   -343   -170   -251   -175   -429   -439   -282   -214 
   -87    -97    -90    -48    -88    -92   -105   -143   -268   -293   -293   -234   -228   -117   -197   -523 
  -593   -474   -358   -128   -241   -254   -361   -437   -239   -139    -96   -173   -252   -241   -186   -212 
  -179   -212   -204   -206   -257   -312   -289   -284   -164   -290   -457   -397   -281   -212   -262   -269 
  -440   -313   -258   -149    -64   -155   -316   -250   -345   -372   -365   -345   -344   -338   -355   -363 
  -297   -232   -152   -150   -201   -240   -293   -383   -388   -265   -275   -231   -255   -166   -199   -237 
  -234   -220   -241   -202   -234   -194   -234   -265   -314   -284   -253   -215   -220   -251   -215   -220 
  -158   -143   -204   -248   -281   -291   -265   -192   -121   -174   -132   -186   -202   -217   -200   -185 
  -157   -159   -165   -212   -276   -265   -219   -210   -242   -225   -211   -189   -231   -282   -332   -309 
  -285   -193   -177   -241   -237   -228   -225   -239   -232   -207   -206   -238   -254   -275   -320   -298 
  -297   -313   -320   -354   -282   -272   -239   -244   -255   -271   -246   -162   -175   -276   -277   -228 
  -265   -261   -246   -186   -152   -171   -108   -179   -174   -235   -253   -287   -331   -341   -188   -221 
  -135   -206   -192   -180   -138    -63    -47    -73   -101   -163   -192   -208   -200   -185   -152   -237 
  -262   -247   -200   -181   -225   -208   -189   -192   -140   -173   -167   -194   -170   -196   -147   -100 
  1449   1555   1444   1333   1190   1119   1757   1276   1117   1108   1268   1280   1468   1575   1661   1615 
  1300   1382   1723   1185   1417   1249    727   1152   2002   2068   1593   1847   1938   1881   1744   1309 
  2117   1650   1703   1791   2044   1864   1751   2277   1936   1739   1642   1297   1689    979   1517   1443 
  1245   1032   1863   2182   1615    882   1390   1928   1653   1037   1259   1034   1194   1615   1874   1435 
  1375   1812   1629   1151   1360   1457   1619   1331   1563   1491   1176   1031   1492   1682   1579    989 
  1413   1532   1933   1338   1976   1286   1637   2238   2412   1459   1069   1302   1799   1380   1318   1853 
  1550   1231   1213   1317    840    786   1040   1243   1069    990    996   1558   1872   1359   2069   1585 
  1433   1436   1516   1227   1059   1465   1656    943   1155   1394   1020   1226    781    844    535    891 
   991   1317    781    586    676    915   1131    945   1683   1249    804    624    346    577   1252   1236 
  1275    840   2049   1575   1199   1150   1150    632    329    644   1928   1955    961   1194    968   1213 
  1148    617   1404   1092    716    727    784    907   1131   1516   1094   1116   1616   1135    807    806 
  1479   1393    890    905   1646   1606    515    400   1220   2241   1668   1812   2592   2027   1476   1490 
  1166    999   1200   1261    767   1431   1317   1153   1156   1329   1158   1720   1071   1350   1695   1863 
  1176    380    749   1773   1719   1434   1610   1345   1067   1677   1629   1743   1404   1098    938    955 
  1018   1138   1069   1624   1444   2320   1545   1641   1610   1821   1313   1203   1207   1135   1607   1702 
  1717   2299   1946   1832   1770   1572    876    941   1409   1151   1333    923   1373   1238    775   1665 
  1585   1530   1273   1517   1209   1000   1057   1654   1600   1296   1578   1983   1704   1700   1316   1187 
   419    964    593    728    536    874    673   1484   2012    948   1133    819    853   1077    959   1068 
  1955   2003   1526    633   1814   1669   1071   1508    971   1534    518    989    345    543    652   1174 
   786   1646   2055   1354   1066    714    690   1115   1334    595   1905   1571    438   1420   1634    791 
  1748   1776   1573   1182     -1    180    751    772   1197   2548   1607   1590   1975    987   1007    961 
  1141   1426   2018   1207   1376   1549   1739   1492   1963   1365   1453   1355   1706   1678    493    485 
  1408   1211   1277   2066    262    636   1028    350    706    496   1601   1771   1488   2652   1882   2092 
  1771   1472   1342   1371   2268   2273   1870   2401   1831   1041   1540    373   1274   1124    140    530 
  1458    816    485   1026   1302   1413    547   1081   1393   2667   1360   1144    881    921   1937   1794 
  1534   1660    861   1111   1077    930   1421    789   1160    809   1597   1416    550    449    943   1988 
  1207   1612   1684   1902   1238   1420   1026    675   1060    910    537    796    673    513    981   1005 
  1846   1650   1858   1409   1386   1680    951   1656   1191   2068    976    501    610   1053    498    751 
  1062   1114   1300   1286   1268    758    598    408    834   1272   2515   1671   2275   1109    839   1237 
  1056   2446   1636   1874    636    860    738      2    400     36   1116   1010    844    632    600    763 
   716    680   1078   1364   2711   2888   2247   1383    -24    791   1464   2430   1374   1812   1061   1358 
   631    138    657    668    984    898    891    840    615    781    711    520    883   1129   1700   2465 
  1450    922    304    706   1292   1618    916   1541    768   1320    669    282    708    846    916    836 
   821   1037    782    840    818    473    664   1126   1382   1163    530    814   1033   1193   1177    759 
   697   1502   1022   1209    966    511    764    901    971    950   1174   1219    902    961    806    817 
   629    729   1139    890    416    917    878    824    881    697   1041   1424   1045   1209   1167    637 
  1114   1195   1223   1167   1269   1229   1192   1052    940   1051    908    794    993    863    874    892 
   791    777    694    754   1077   1483   1017    976    933    429   1068   1176   1336   1311   1333   1267 
  1365   1225   1142   1137   1126   1162   1274   1232   1104    966   1123   1009    700    676   1041   1430 
  1146   1651   1309    914   1508   1325   1336   1507   1466   1146   1223    850   1032    970   1073   1082 
  1100    947    721   1038   1391    952    962    975   1267   1595    593    810    739    447    645    567 
   503    712    765    477   1071   1006    696    569    851   1025    905    699    476    430   1049    897 
   645    777    967   1162   -176    -94    -29    -51    -23   -193    -79    -92     22     33    801    253 
   -19    -36    -62   -118    440    522    639    -66     -1    346    827    455     -5    -25    -46     37 
   132    715   1434    -88    613   1379   1842   1451   1361    -25    -26    309    215    -78     -7    -27 
   -10    -13   1480   2423   2877   2081    637    -80    -75   -211   -131    161    654    -59      7    319 
   -58     -8     -4   -143    -74     40    307     -5    730   1184    322    571   1264    767    179    125 
    75    -47    -79   -126     37     -1    832    170   1582    914   -107   -113   -143   -267    -65    430 
   496    -92    479    846    392    -30    -45    -41   -102   -138   -220   -147    -85   -112    -88    -31 
   321    -70    924    495    -88    -97   -116   -251   -178   -127   -197   -264    -82   -106    300     -5 
   -84   -131   -258   -226   -213   -150   -140   -193   -175   -117    -86   -152    -30     87    -96    -84 
   -98   -152    -47    -18   -185   -178    -79   -210    -80    -50     -7     -6   -154   -137    -77    -81 
   -47   -123    -89    -42   -134   -226    -98   -166   -218   -242   -146   -141   -118   -144   -170    -29 
   -60   -225   -111   -130    -57   1159   1255   1476    105    -52    -67   -196   -126    151    -82   -166 
   -34   -122    -88   -185   -137    -87   -138   -211   -120   -139   -224   -247    123    -81   -186    193 
   430    341    -60    -53    -12    -67   -105    -15    -68   -156    177    -27    463    384    -63   -166 
  -311   -283    -87   -133   -172   -193    -65   -104   -280   -151   -174   -182   -161   -142    -42    -41 
   -83    -67   -195   -284    -94    -58    -31    -82   -149   -181   -201   -176    -93   -161   -202   -296 
  -209   -259   -297   -160   -162   -174   -187   -149    -77   -230   -211   -147   -226   -449   -349   -314 
  -345   -494   -417   -342   -201   -194   -209   -283   -341   -283   -273   -290   -268   -192   -136   -183 
  -242    -93    -79   -363   -621   -566   -408   -504   -451   -332   -403   -530   -444   -351   -351   -379 
  -346   -277   -318   -276   -339   -295   -309   -256    -98    -80   -191    -44   -316   -478   -528   -446 
  -277   -321   -386   -270   -312   -386   -187   -208   -259   -337   -282   -400   -423   -284   -287   -222 
  -235   -204   -211    -95   -199    -94   -394   -496   -282   -196      0   -177   -267   -239   -416   -346 
  -135    -36   -244   -604   -546   -669   -577   -402   -316   -159   -178   -118   -196   -123   -197   -102 
  -187   -206   -148   -214   -140    -99    -71    -93   -250   -151   -153   -298   -242   -570   -484   -553 
  -466   -297   -147   -181   -127   -140   -195   -133   -184    -88     -6   -109   -122   -207   -102   -111 
  -108   -113   -167      7    -96   -409   -279   -403   -266   -206   -242   -122     91    383    419    -90 
   -58    -41    -99    -40   -119    -29   -128   -194    -39   -171   -184   -137   -148    -84   -100   -349 
  -220   -210   -210   -127    -33    268   -118    -22     80   -200    -79   -118   -162    -62   -257   -171 
  -228   -199    -23   -107   -215    -92    234     98    -36    -78    -76   -145   -213   -222    -36    -17 
  -270    -93    -76   -183   -129   -232   -187    -79   -213   -140    -75    -71    -62    -46   -100    -82 
   -38     71    -22     -9    -15    -55   -115   -131    666    506   -216   -185   -129    -57    -38   -158 
  -104    -34    -96   -123    -60    -60    -88    -77    -94    -41    -37    -27    -54    -82   -119    -68 
  -130   -171   -171   -161   -240   -254   -259   -175   -170   -209   -218   -128    -46    -89    -73    -74 
   -95    -82    -91    -66    -72    -88   -135   -152   -139   -105   -114   -182   -268   -226   -138   -161 
  -133   -239   -325   -288   -159    -85    -87    -72    -54    -29    -70    -56    -37    -45    -21    -63 
  -108   -137   -150   -155   -116    -93   -148    -71     -6    -46    -57   -110   -134   -143    -94    -54 
  -103    -77    -21    133     -6     -7    -13    -63    -81    -76    -50    -29    -29    -31     18    426 
   493    418    401    351    372    242    247    254    162    -14    -38    356    704    665    424    134 
    -3    -51    -28     63    805   1453   1487    910    697    665    386    456     -8    -48    -33    -74 
  -134   -160   -176   -121    -36    200    -14    -46    -23    -25    -60    -56    -13    647    578    214 
    -6      2     95     78    178    850    760    151    214    -16    -50    -99   -113    -64     63    -23 
   -61    -68    -28    -25    -68    -71    -62     34    258    -26    -87   -121    -94   -102   -122    -83 
   -72    -74    -73    -87   -132   -159   -173   -139    284    -13    792    540    699   1046    824    243 
   413    306    728    642    812    609    272    435    238     -2    708    283    -20    151    373    613 
   556    548    132    -14    245    736    722   1010    657    -53    739    278    938   1017    623    -39 
   -58    484    267    -66   1043    519    535    887    716    783    628    804    448    325    381    -14 
   422   1065    771    -42    714    203    617    479    687    475    468   1097    470    399   1037    770 
  1088   1387   1078    874    615    448    711    199    141    -22      0   1228   1132    393    301    148 
    84     45    627    677    557    544    345    329    287    423   1155   1235    730    651    542    340 
   -12    -58    -16    267    122   1228    888    147     -1    -76    -29    346    745    973    533    779 
   563    199    -10     -3    633    625    116    341     98    313    108     -3     58     11    117   1073 
   868    -20     -6    -36    -22    314    580    216     -8    485    663    126    -52    -39    440    -48 
   -24    -20   -118    -15     -3     76    -16    -75     -2   1099   1137    563     -3    374    472    696 
   -21    -62     -5    835   1083    744    206    456    976    210    878   1331    819    861    -36    -35 
   123    -21    647   1470   1063    872   -100    319      5    222     73    -26    956   1340   1414   1215 
    50    565   1123   1252   1133   1607   1002    955    -53    -40    -20    -39    -42    223    586    226 
  -106    201    209    -16    218    128   1175   1636   1597    926    -69    -18    475    -26    374    949 
   706    357    -68    -49    -18    233    289    118    209    997     -6    615    218    169    102      6 
   431    814    456    553    295    135    521    -85    145    691    763    410    -80    -65    -40     77 
   -20    -66    169    254    -35    -40    -35    -11     -5    -14    -33    290    -41    -15    -56    -32 
   694    -31    183    508    171     -2    -39    -71    355     81    -47    -41     41    -38    -25     97 
   853    518    -14    -96    347    912    480    121    -92    -18    951     27    340    450    233    -17 
   -85    -32   1424    725   -152    195    -47   -112    -60    288   1073    399    -15     -9   1016   1183 
   582     67    386    337   1215    830    -20    -26    366    197    768     24   1698   1673   1585   1359 
  1252   1254    640    364    486     66    -49   1301   2682   2549   1348    613    707     59    769    780 
   625     -8    240    115    644    709   1153   1529   1690   1273   1150   1577   1621    970    485    661 
   878   1752   2454   1600    341    134    -20    421    669    957   1117    870    349    466    184    769 
   913   1268   1289    998    799    917   1252    740    380    867    701   1863   1390   1349    934    203 
   -55     -2    181    515    -32    686    328    664    -11    392    624    651   1226    810    612    658 
  1002   1523   1212   1846   1848   1722    787   1311   1552    437    -12     -5    -16    446    -78    782 
   840    587    158    535     42    696    258    667    547    352    625   1219   1231   1122   1482    820 
   805   1997   2294    667    651    454    -22    157    -68   1065   1356    363    438   1249    743   1005 
   835    219     -7     -2    156    250    352    199    359     -3    688   1978   2512   1568   1622   1424 
    -8    947    722   2034   1333    384    364    411   1066    792   1281   1012    717    652    569    558 
   473    346    163    -15    492   1293   1882   1764   1461   1644   1133   1000   1264   1449   1130    242 
   -23    -34    363    266    657    489    406    568    379    390    469    520    348    -11    -22    378 
  1392   1741   1116   1107   1250   1398   1788   1245    765    471    552    349    261    265    264    186 
   281    256    -21    143    316    329    332    361    314    315    376    262    -16    -40    271    496 
   720    618    336    613    714    414    253    387    442    326    367    265    -11    146    285    422 
   385    386    369    379    383    648    326    129    331    289    285    240    162    557    741    560 
   479    506    422    487    329    250    312    280    193    252    222    163    173    246    384    638 
   370    466    406    129    247    106    -19    303    352    146    216    168     -3    -12    -26    -48 
   -63    -52    -38     -5     -9     -1      6     -6    -21    -26    -23    -31    -49    -43     -4     52 
    -8     39    288    -11    145    215     -1    -25    -34    -22    -27      9    440    550    553    285 
    53     21    -10    -18     29     -9    -28    -23     90    -13    -22    -22    947    922   1236   1061 
  1040    902    641    461    929   1239   1171    828    976    907    822    747    608    372    729    705 
   779    859    695    895   1029   1311    -13   -103    -72    -94    -44    -56    -60   -102    -85    -80 
   -77   -102   -107    -97    -75    -98   -102   -129   -103    -85    -71    -63    -90    -71    -86    115 
   874    623    878    352    717    858    959    389     77     -9    324    590    572    698    640    302 
   -13    -29     -5    553    659    426     50    164     -9    589    -40   -128   -119   -154   -130   -127 
  -117   -154   -141   -165   -159   -163   -160   -148   -161   -136   -111   -111   -136   -133   -146   -193 
  -224   -206   -220    -65   1048    613    700    699    854    557    638    254    477    428    490    960 
   951    854    664    993   1127    961    720    637    476    120     37    310      2    713    540    330 
   436    418    337    412    659     -2     -1    -46     -2    910   1047    814    308    634    737    524 
   480    619    485    106    162    718    164    640    608    354    438    362    231    209    252    -17 
    60    -11    612   1062    827    524    362    495    462    240    263    316    639    311    367    511 
    -3    521    789    209    132    -25    -21    105    189    -32    225    124    593    455    130    100 
   -23    -60    -66    -29     -9     96    203    256    146    137    -47    195    596    -18    -22    -21 
   -22    189    189     -4    -26    -27    383    278    349    257     -5    -36    -28    -12     20     -3 
   229     95     -9     -4    -52    321    391     76      0     92    -17    -33    -44    -21    -32    -23 
   179     90     97    404    368    589    689    403    224    190    344    115     27    -18    -93      0 
   236    -22    -18    -36    -61    -82   -126    -45    -43    -27    -63     -4    -15     98    198    173 
   221    217    257     29     61    -10    -30    -41   -124    -32    182    -29    -56   -145    -50    -12 
   -68    -89   -101   -125   -150    -48   -102    -37    -24     11     10    266     83    -90    -51     -4 
   170    211    -42    246    373    -52    -98   -159    -50     -8    -61   -130   -132   -175   -162   -106 
  -139   -111    -92    -38     21    237    -59   -155    -87    475    803    640    -15    584    695    -76 
   -94   -160    -40    173     92    -42   -108   -179   -192   -203   -145   -145   -130   -133   -100    -45 
   -31    -14    143    570    683    638    155    945    476    -59      0    -41     -8    384    477    205 
   -26   -125   -166    -55    -37    678    807    196    381    716    969    553    509    525    507   1008 
   527    798    781    -54    -58    -39    -32    241    318    498    510    216    -28    114    369    616 
   764    616    713    522    763    670    395    902    543    808    539    886    864    -56    -19    -29 
   -21    -24     51    235    398    721    584    748    702    453    519    729    700    282    183    -15 
   -85    -37    -18    611    334   1179    571    -41    309    200    580    320    307    310    459    655 
   741    540    519    302    308    234    305    457    266      6    -45    -62    -53    187     96   1045 
   976    327    913    331    950    185    176    107    293    838    738    794    491    412    244     -9 
   409    554    395    545    568    473    -11    190    419   1324   1068    446    735    189    350    138 
   123    377    412    611    403    336    377    433    520    325    123    229    243    509    582    740 
   140    465    497   1040    951    170    627    223    582    574    488    463    583    573    451    365 
   439    518    666    737    614    582    731    772    680    771    191    735    631   1059    938    187 
   649    163    323    264    416    379    410    344    362    332    454    557    731    900    710    821 
   720    751    756    857    434    778    450   1078    307    -63    -35    -58    -24    -28    -33    -42 
   -38    -37    -30    -41    -37    -33    -13    -18    -31    -51    -74    -72    -58    -61    -67    -28 
   -47    545    722    195    475     19    291    312    227    260    461    390    216    177    245    158 
   327    373    304    190     -9     -7    -12     39    117    507    220    869    318    -39    -38    -88 
   -85    -79    -79    -68    -66    -62    -62    -61    -43    -65    -62    -62    -61    -41    -41    -67 
   -83    -86    -88    -63    -73    156    534     59    348     77    155    160     74     93     53     -5 
    48     47     88     31    161    172    170    246    345    351    400    153    108    327    209    597 
   534    665   1383   1225    461    418    359   1043    890   1175   1291    843    553    767    920    993 
  1328   1557    546    498    307    865   1677   2233   2287   1493    144    -12    398     54    -66    -51 
   -77    -35    -14    489   1052    270    -46    -47    -56    -25    399    886    193    197   1478   2997 
  3554   3089   1688    641    270    -74     -9    -51    -44    -28    -36    -41    -47    -21    822     51 
   -29    211    -18    -25   1249   2007   2123   1634   1722   1922   1968   1268    408    373    -23   -139 
   -49    -25    -20     83    564    390    -31   -102    -76    -96    -36   1065    -10    -29   1313   2417 
  1657    312     -9    -10    652    523    287    412    -23    -72     62    240    205    608    582    765 
   794    -27    -73      9    606   1233    -31    -31   1187   1610    874     -3    -22     -9    933    719 
   737    474    -32    -56    -11    -14    -19    -33     70    392    979     -6    -60    -38     41    243 
   -64    -79    -13     66    -47    -60    -26    -47    713    570     -1    118    -22    -57    -30    -15 
    37    -21    353   1358   1270   1223     -2    490    242    -66    -91    -97   -132   -128   -107    -89 
   -16     -4   1753   1386   1204    926    -35    -80    175    144    487    467    713    971    542    540 
   -45    198    156    -58    -38   -139   -208   -103    -71    -65    -36    439   2078   1734   1348    802 
   -20    -68    277    -12    -12    -47    184    433     -6    826     -8    -44    -51    -70    -87    -64 
  -131    -58    -78    -51    -55    -50    472    116    -39    -29     93    -65    591     33    -25    -32 
   140    423    649    932    -20    -54    -53    -58    -83    -58    -98    -45    -52    -54    -56    -78 
   -19    -46    -95    -86    -13    -43    160    -40   -135    -75    -67    -51    -78    -28   -105   -112 
  -166   -194   -175   -110   -148   -104    -75   -124   -124    -72    -41    -41   -105    -54    -31   -144 
  -143    -79   -132    -60    -89    -58   -105   -116   -196   -186   -188   -233   -161   -120   -214   -169 
  -128   -169   -122   -141    -38    -33    -54     -2   -191   -152   -231   -192   -168    -42   -109   -178 
  -158   -169   -158   -188   -268   -339   -269   -186   -217   -198   -219   -196   -158   -162    -47     -6 
   -28    286     90    -39   -122    -26   1016   1265    435    -74    -25   -185   -156   -218   -305   -191 
  -260   -257   -245   -241   -189   -193   -216   -173    -98    -77    -90    -18    291    -35   -148   -145 
   852   1331   1319    930    536   -154   -167   -179   -103    -41     -3    -18    -83    -83    -66    -60 
  -175   -112    -87    -28    -12     -6    -58   -164   -167   -174    -81      0    375    481    507   -121 
  -147   -114    -80    445   1155   1615    746    -24    -29    -60   -131    -65    -67    319    314    352 
   -39    -51     -6   -113    -73    -97    -30     -5    447    -18    227    898    438    772    334    495 
   208    -24    -75    -95   -124    -59    -51    395    -10    138    459    232    433     -9    -38    -93 
   -89    -50    196    299    860    996   1142    124    -73    -75     67    132    -48    -22    -91    -31 
   -98    -25    -48    -17    -39    -51    255     69    -21     -6    -17    -64    -32     -9    355    553 
   473    269    -56    -76    -60    243    228    149    -72    197    -26    461    -31    -13     78    353 
  1253    951    665    722    675    540    668    568    618    614    461    408    -11    -47    -58    196 
   148     -6    -17     -4    -48    -65    -74    -31    -75    -83    251    462    185    235    287     -4 
   258    174    162     -5    107    467    749   1059    767    899    973    583   1049   1567   1126    776 
    71     56    -34     -6    339    189    100     -3    115     -4    -16     -4     44     13    287    368 
   903    983    810    687    359     59    551   1435   1317    809    361    155     37     86    552    668 
   607    402    731    580    400    304    280    361    595    796   1061   1282   1354   1380   1254   1016 
  1128   1242   1141    662    162     71     -5    -10    712   1013   1089    774    571    384    580    625 
   838   1157   1474   1341   1373   1395   1261   1350   1365   1358   1149    849    708    215    -24    -14 
    97    395    638    950    915    560    388    311    177    415    300    523    739    981    794    658 
   675    944   1045    811    561    667    787    456     18     -3    495    652    613   1052    971    702 
   654    857    927    932    713    970   1034    838    361    277    663    926   1235    843    656   1104 
  1285    632    265    161    640    -27    -36     -8    -34     -3   -108   -112    -90   -113    -15    -13 
   -33    -26    -37    -37   -131   -123     -8    -53   -114    -74    -67    -73    -21    452   1382   1715 
   216   1145      8    901    -48    -16    832   -153    -15    395    304    367    492    966    -99   -114 
   608    228    -54    -38    -92    -84   -103    -60   1875    775    -55    325    -33    397    176    365 
  1410   -122    -39    -31    -58    -37     -8   1060    114    -36    -65    -15   -130   -103   -147   -113 
   -89    -20   1484    259    -81    197    -77    -26    143    -26    484    -88   -113    -38   -156   -113 
   -57     81    -28   -139    -90    574    -27    -90   -114   -114   -133    -20    942     -2    -74    -32 
   -75     -2    -71    -41    177    603    119    -21   -131    -90    -27    -31     -3   -101    -88    -16 
   -37   -148   -120   -120   -141     -1    897    -46    -12    516    -14    157    -42    -28     -6    852 
   311     -2    -30    -91    -22   -147   -111   -125   -134    -94    -21   -178   -122    -82   -135   1123 
   825    -73    -28    -28    393    176    -87    -88   -128    -38    -44    219    -11   -104   -128    -88 
  -156    -56    -92    -67    -62   -115    -75    573     64   1020   1319    -86    318    -86    582    549 
  -160   -115   -187   -126    -77    -22    377    -78   -123   -125   -196   -133   -117    -79    177    -41 
   -72    -52   -121    -25   1167    -74    540   -100    -29   1094    -83    714   1168    -66    -92    -60 
   -49     -7    -76   -169    -98   -143    -19   -110    -46    -44    -20    -40    191    108   1068    -98 
   117    -28    599    195    -61    -64    -66    167    -86   -104   -109    309    -71   -141    -49    -16 
   249   -204    121    665    513    442    734    190   1213    -66   -131    -79    -34    -37    612   -110 
    -3   -123   -146   -240   -164   -116    -84    -28    -63    -57    -77   -204    -66    289    341     -9 
   314    -17   1101    -58   -140    -37    -79    -14    932   -176   -167   -197    191    -18    -56   -120 
  -169   -185    -67    -98   -128     93   -101    -46    -34    100    -25     17   1742    -29     -2    264 
  1592   -102   1289    351    -60   1003   2311   2078   1197   -100    -88   -116    -30    -50    -15    -72 
   -54    327    -67    -66    -63    123   2425   1448   1888    749   1883   -100   1724   1450    344   1098 
   -43    197    724    858    717    -91    -29    -96    -17    -56   -127    686    -32   -117    -27    -54 
   686    386    898     44    -18   -135     -6    221    591   1748   -187   -141     -4    479    -94   -153 
  -157   -240    -99   -191   -289   -103   -116   -190    -33    850   1037    -27   -169   -169    -78   -142 
   -87    -22    210   2112     61   -116    -65    -30    -88    -66   -197   -151   -144   -117   -178   -180 
  -193   -170   -126    905   1334   -109   -102   -281   -200   -249   -157   -100    -53    390    -50    -90 
  -144    -59    -47    -91   -183   -100   -154    -90   -152   -252   -247   -126   -148     -2   1556   -107 
   -55   -153   -185   -221   -157   -132   -129    166   -117   -180   -129    -81   -102    -98   -148   -186 
   -93    -73    -81   -129    -55    -49   -112    -47    968   -117    -89   -143    -78   -172   -143   -152 
  -175   -107   -144   -140   -120    -78    -82   1330    -97   -172    -86   -138   -218   -163    -36    279 
  -131    -20   1343    -68    -76   -151    -80   -146   -157   -158   -156   -108    -87    -95   -142   -150 
  -129    844    -77   -184   -169    -57    -94   -289   -146   -118   -146    288    866   -119   -103   -105 
  -129   -150   -153   -161   -131    -80    -95   -100    -68   -144   -144    -70   -123   -120   -125    -78 
   -13   -126    -56   -143    -63    157   1252   -142   -129    -80   -101   -130   -118   -114   -149    -87 
  -107   -119    -78    -99    -72    -83    -86   -125   -191   -153    -71   -122   -105    -81    -32     58 
   876   -179   -114    -94    -89    -86    -85    -54   -104   -126   -100   -100   -103   -105    -92    -89 
   -47    -78    -78   -115   -127   -101   -111    -89    -82    -12    695   -159    -95   -102   -106   -123 
  -127   -116   -129   -125   -137   -111   -112   -127   -135   -125   -124    -99   -118   -145   -129   -127 
  -152   -116    -88    -22    842   -199   -128   -129   -152   -152   -118   -125   -160   -182   -190   -146 
  -156   -136   -190   -154   -172   -156   -186   -171   -128   -166   -172   -165   -110     -4    928   -206 
  -155   -133   -160   -195   -167   -147   -160   -124   -143   -113   -145   -122   -144   -145   -172   -147 
  -163   -129   -116    -85   -144   -156   -151    -45   -147   -189   -245   -222   -179    -69    -47   -112 
  -199   -219   -203   -226   -211   -240   -175   -187   -193   -225   -129   -132   -129   -136   -138    -95 
  -158   -180   -203   -167   -197   -170   -149   -115   -158   -190   -263   -182   -188   -127    -81   -116 
   -85   -163   -164   -131   -103   -119   -106    -55    -22     -5    -90   -123    -70    -68    -79    -82 
   -82    -59    -41     -6    -52    -68    -88    -56    503    562    952    -41    -39    -23    -67    -13 
   129    505    758   1104    312    -10    240    -50    -42    -72    -65    -63     -2    -36   -143   -169 
  -161   -165     -6    525    409    -14    -34      9    -41     -1    -10    761   1218   1446    369     -3 
    88    -34    -28    -60    -38    -69    -67   -100   -132    -94    -68   -165    -65    -24    -90    -39 
   -55   -129    -95    -35    -31    299   1145    821    -10    -39     -2    -41    -43    -36    -53    -38 
   -10    -26    276     -4    579     -4    637    342   -111    -36   -149   -189   -111    -49    -45    -25 
   121    -38   -142   -143    -28    -19    -94    -61   -104    -41    496     -8     73     36    672    693 
   605    384    304   1869     -5    -41    -11    -53    -35    -16    -22    302    -15    -88    -19     -4 
   -43    -26   -103    -56    -10    -69    -92    -63    388    884    -36      0   2059   2794   1620    552 
   -15    -28    -11    -23   -101    -59   -111   -144    -49    -56    407     84    -32    -30     -8    134 
   -53     -2    212    -13    -55     35   1363   1245    671     45    -59    -29    -75    -96   -174   -120 
  -178   -175    -65    -51    -55   -132   -109    -99   -119    -84    -60    -36    -29    -61     -5    190 
   365    197    292    120    -68    -74    -24    205    -60    -51    -63   -114    -54   -129   -135   -192 
   -65    -57    -80    -43    -27   -138   -167   -140     14    273    350    643    816    362    -72   -100 
  -127    -63     64    -25    -13    -77    -40   -115   -117   -177   -135    -25    -41    -70   -115   -201 
  -271   -265   -174   -116    -83     -8    -19    -20   -104     46    505    -90     58    611    167    -85 
  -173   -249   -189   -282   -171   -108   -110   -135   -201   -206   -212   -163   -123   -163    328    505 
   551    489   -152    599   1259     42    -36    853    472    -20   -118   -272   -156   -138   -171   -127 
  -102    -81   -119   -141   -118     -9   -144   -122     -5   -107     -9    111    -44   1260    375    313 
  -104     -6    -60    -77    134   -125    736    896    -74    -14    -42    -34    -61    -43     -1   2358 
   -29    -34   -172   -207   -151   -153   -112   -213   -114    164    -52    163    -41    -88    369    -61 
  1616   2580    322    198    259    213    242    898    508    623    700    664    -63   -110   -151   -125 
   -52   -193    -88     36    -10    439     94    -79     -6    -70    753   1992   1494    364    237     82 
   233    789    810    340    667    706    -16   -132   -171   -206     76    -82    -44    -62    -71   -135 
  -170   -133    -69    187     -7    874   1228    997    454    162    898   1176    728   1086   1296    740 
   -81   -166   -220   -222   -119    -56    -31    -36    -88   -121   -169   -131    -54     -8    -37     -9 
   155    790    416    135    344    508     -1     -3    574     95    -42    -19     -5    -56   -183   -115 
   -28    -12    251     -6   -100   -122    -52    -55    -12    -12    -31    -27    -70    -64    -52    -62 
   -65    -59      8    219      8    374   1376   1334    -40    -58      2    542   1191    299    -75   -119 
   -82    -58     67    -19    -15    -18    -25    -21     -4     19    109     -5     13     -4     -5     -4 
   612    910    141    -11    -16    -37    -59    -44    -92   -102   -110    -60     79    -14     -4      4 
    -8    -10     -1    132    114    133     -1    -36    -24    -22    -24    343      0    -32    -23    -22 
   -38    104    -51    -82    -63    -27    379    129    389    409    420    495    455    813    731    635 
   548    383     58    -11    -22     -2     -9     -8     -2     -4     -5    373    -35    -59    -44    -15 
   316    182    429    460    453    375    331    387    258    336    288    333    245    146    137     47 
    40    145    421    222    242    778    197    -28    -46    -69     -3    -20    150    100     -6    194 
   574    336    554    550    417    308    632    713    697    615    508    590    648    121    -12    222 
   -24    -75    448    188    333    212    369     66      8    251    314     -5    123    186    244    139 
   180    126    219    120    138     22     12     -8    146    423    202    -10    240    -39    328    -14 
   327    229    148    573    -44    -53    248    599    551    501     -8    -20    212    342    498    204 
   787    694    -89    -24    -13    754     18   -106    198    -90     80    207    410     13    -89   -120 
    -2    707    580    251    -30    -14    395    225    604     -6    989   1014   -153    -60    -32    782 
    57   -117    496   -112    179    -28     34    156    -62   -134    -23    554    450    217    105    520 
   341    -41    426    426    695    494   -234   -127    -77    757      4   -161     21    -64     -5    -29 
    36     25    -38   -121    -68    -13    249    -15    -21    710    745    321    459    619    723    479 
  -214   -105   -109    658    -10   -159    -35    -92     -9    -32    -13    -48    -14    -43     32    -12 
   -39    -74    -13    267    906     77    467    511    326     70   -195    -80   -114    472     75   -123 
   -37    -89    -16    -25    237    -17    174     -3    395     -3    -73    -83     20    -52    291    -63 
   -25    247    512    214   -143    385   -106    377    -16   -141   -105   -120    -45    -34    168    -29 
   127     42    207    113    -18    -71    -19    -95    133    -42    370    833   1034    503   -203    -22 
  -135    255     86   -176   -161   -211    -76    -86     -4    -42     -3    -23    -43    -14    -64    -61 
   -50   -103   -100    -77    -33    -16    663    647   -208    -82   -165    374    150   -207   -108   -114 
   -10    -32    229    -35     -3    -24   -104    -48    -54    206    -14   -123   -103    -43     44    -49 
   -30    -46   -249   -133   -153    486    369   -212    -41    -87    128    -34     84    -32    -43    -89 
   -74     85    -16    414    219   -127    -82    -15    -21    -53    -22    -20   -185    -59   -112    465 
   -18   -247    -77   -149     13     -3     61    -87    -74    -54    -17    -18    -66    -83    220     -5 
    -9     -7    -52   -109    -93     14   -171    -54   -114    301    -23   -268   -121   -240   -146    -95 
   -99   -121   -122    -58   -115   -155   -182   -126    -36    -94   -130    269    -36   -114   -129    -40 
  -162    -57   -155    268    -77   -280   -244   -411   -149    -71    -65   -134   -103    -86   -227   -155 
  -159    -63    -56    -93   -117    -25    -59   -115   -184    -52   -143     64   -147    252    -83   -305 
  -212   -405   -160   -110   -165   -166    -50   -138   -171   -144    -82    290    295    -30    -15    628 
    71    -52   -121    -75   -167    -20   -166    208    -51   -196    -78   -226    -15    -23   -109    -85 
    -2    -70   -167   -166    -48    -27    -26    -97     -1    900      2    336    -61    -13   -179    -22 
  -177    208    -30   -212    -34   -180    -15    -19   -138    -60    373    -33    -61   -134     -4     73 
   -60    -20    523    270    -46     -6    -42    -51   -187     -5   -174    -14    -66   -252    -14   -194 
   202     -9    -85    -79    238    582    119    -16    113    629    -43     77    314     72    -74    -26 
   -52    -51   -169     63   -210    -10    -16   -179    812    -91    613    217    117     -4    778   1114 
   891    446    464    943    268    620    924    224     -3     52     -2    -39   -162     84   -164    168 
    -3   -124    388    -85    648     80    212     87    590    898    730    228     78    531    191    603 
   807      0    294    404    832     -8    -87    938    -98    410     -7   -123    297   -130    715    493 
   540    737    861    667    851    624    507    647    563    545     15     -9    -32    315    451    -74 
  -198    320    -81    570    -56   -198    -48   -152    566    768    700   1019   1366   1053   1012    761 
   598    528    321    607    375    285    384    495    477    -27   -224     -7    -91    232    -50   -159 
    -6   -142    795    793    812    822    747    578    718    621    605    571    541    716    433    334 
   474    597    591    571   -198    -30    -69    292    -16   -147    -13   -147    879    875    924    741 
   646    543    476    624    575    656    773    724    414    568    631    810    916    840   -181    -41 
   -89    396     -9   -137     -5   -172    858    713    774    467    440    417    555    688    691    657 
   830    756    277    379    615   1038   1044    883   -178    -46   -103    458    293    -86    231   -128 
  1265    930    870    557    381    759   1241   1224   1130   1486   1510   1350    823    768    652   1024 
  1261   1047   -160    -24   -104    475    606    -34    411    -22   1618   1260   1162   1024    920   1126 
  1305   1152   1093   1410   1106    888    579    730    751   1004   1091   1223    -44    481    -32    861 
   435    738   1056   1122    947    289    734   1024    841    905    697    443    593   1004    784    975 
  1665    998   1305    411    677   1006   1072   1227   1423   1366   1382    751    722    601    531    397 
   874    664     53    265    -18    -27     -9    487    638    529    743    993    898    295    992    978 
   696    829    947    827   1488   1201    321     -3    307    562    940    374    189    400     -7    -27 
    16    641    855    673    977    968   1117    928   1522   1315    698    281    312    683   1064    935 
   358    191    367    271    376    419    936   1321    656    351    360    995   1157    786    502    367 
   407    579    631    348    167    348    774    874    516    404    642    667    668    313    759    862 
   978   1252    651    735    994   1433   1373    608    490    681    568    295    444    838    510    665 
   869    677    614    584    856   1004    749    600   1013    539    818   1200    680    731    481    525 
   259    359    410    730    609    167    508   1375    955    610    945    356    729    658    782    979 
   674   1098   1023    574    654    892    712    598    337     -8    -50    289    138    556   1015    471 
   421    800    663    865   1088    865    614    752    756    948    620    861   1035    737   1448   1194 
   690    681    783    576    450    754    519    577    848    834   1264   1514   1616   1678   1183    914 
  1058    713    536    415    753    644    664   1270   1218    702    671   1013    998   1362   1468   1437 
  1323    464    601    174    189   1011   1029   1079    594    430    702    552    938   1275    824    742 
   751   1316   1509    786   1093   1156    342    627    827   1068    915    498    281    265     61    227 
   641    563    400    811    747   1178   1267   1376    707   1056    684    937   1701   1393    551    619 
    -9    285    837    679    614    423    885    828    628    262    779    862    591    841    226    545 
   577    411   1299   1433    642    716   1008    355     -3     93    396    909    961    686    505    400 
   931    116    348     86     26    334    430    509   2113    916    494     76   1888   1269   1635   1488 
  1006    762    894    917    934    206    -26    -92   -136    -47    202    594    867    574    245    167 
   370    -26   1457   2003   1421    769    709    586    693    644    783   1529    789    755   1819    -21 
   -63   -137   -181   -159    -37   1058   1226   1837   1293    423    839    497    -18    874   1189   1067 
    59    559    529    226    238   1409   1090    645    572    368    676    815   1104    451    695   1464 
  1840   1599    644    706   1080    746    311   1047   1177    917     97    176    637    497    177    753 
  1223   1136   1697    440    -37    336    566    612    967   1024   1037    823    282    653    646    697 
   346    432    306    401    361     -6    371    585    218    387   1294    994   2083    476    -49    -16 
   -29     45    724    704    715    514    561    171    332    263    100    564    299     50    871    907 
   841    847    731    402    908    916    766    688    540    -12    -56    303    509    298    221    629 
   360    -30    346    315    307    494    556    252    684    839    791   1033   1203    837    885    880 
   941    886    430   -106   -216   -136   -126    129   1098    488    -73   -153    -77     26    415    807 
   893   1074    752    793    820    987   1268   1276   1202   1009   1175   1189    770    -44   -210   -205 
  -112    -10   1448    836    -55    -96    -14    308    351   1051   1065   1153    971    983    949    834 
  1060   1130   1234   1106    981   1063    878    571     -2    -25    413    442    705    612     20     -5 
   344    719    423   1037   1000   1007    850    846    740    802    913    921   1059   1081    839    700 
   699    652    430    738   1095   1013   1013    942    505    444    486    657    449    461    562    770 
   828    793    626    519    520    667    804    954    998    908   1008    854    499    544    808    941 
   711    673    393    360    305    492    550    604    773    961   1071    966    928    990    898    929 
   946    889    659    680    637    480    663    670    624    675    665    804    658    507    337    522 
   742    481    663    853   1043   1028    912   1155   1295   1233   1192   1235   1052    777    677    582 
   481    492    523    535    427    739    706    662    574    415    667    688    836    893    947   1021 
   985    916   1084   1368   1093   1167   1275   1084    862    836    845    840    731    892    693    747 
  1013    990    937    717    124    212    922   1077    762    -63    -81    113    -47    157   1332   1586 
   869    135    261    -71    -34    179    368     26    123    152     -3    -32    -41    -76    -21   -120 
   201    509    503   -127   -130    -10    -61    292    387    -81    -85    -92    -25   -144    -18   1847 
   849   -116    -99    -79   -105   -114    -38    -43   -149   -261   -146    -64      6   -184   -160   -107 
  -171    -82    -39   -150   -131   -129    -81   -253   -201    -91    -93   -202   -170   -153   -147   -134 
   -23     69    -56   -137   -162    -22     89   -144   -157   -128   -111    -27    563    -87   -138   -137 
  -105   -173   -136    -21    -15   -113    -92    -81    -47    -70    -13    -23    703    -11    -72    -45 
   -16   -142   -128    -15    -80    841   1240    -64   -100    -69    -77   -146   -124    -40    331    -39 
   -71    -90     22    -90    -56    -44     -2     -6    -76     34    279   -145   -123    -81   -126    -43 
   283   -112   -120    -14    -35   -108    -22    -22    626    447   -106   -123    -63   -174   -122    -76 
   -19    -25    -21   1586   1445    -79   -115    -81    -31    675    187    -94    -72    -14   -134   -199 
  -134   -136    -47    -20   -152   -113   -147   -215   -163   -159    191    -53   -108    867    886    -66 
  -102    -96     -5    204    -28    -80    -73   -154   -283   -314   -199   -133    -10    561    -78    -82 
   -42    -63     27     -9    -17    -77    -70    809    542    -59    -77   -119   -221   -147    -92    139 
   -11   -132   -231   -145   -164   -140    -47    -16    -69    990   1010    431    861    471     60    -11 
   -56    547    569    -68    -23    -84   -151   -124    -45    -36     -7    -37     -9    474    -39   -108 
  -102   -139   -117    -17    748    701    385     43    397    -30     -8    -27   -125   -128    -90   -139 
  -112    -45    122    704    -18    -69    -35    -46   -110   -113    -51    -39    -50    -58    343     65 
   -23    182   -128   -149   -182    -79   -119    106     -4      0    -38   -184   -176    -98   -132    -64 
   -90   -107   -158   -211   -127   -194    -76    -65    -27    -82    -83     99    -93   -293   -374   -306 
  -106    -97    -90    446    -91   -249   -283   -217   -242   -360   -398   -312   -238   -232   -242   -141 
    80    328    173    -90   -109   -115   -126   -198   -352   -268   -213   -156   -159   -138   -212   -337 
  -285   -183   -211   -410   -365   -260   -198   -221   -259   -124    -21    519     -4    -93    -92   -125 
   -64    -44   -220   -246    -44    141    -57    -69   -190   -332   -261   -229   -113   -150   -144   -159 
   -82    -79   -118   -111    -42   -104   -130   -102   -128    -96   -163   -163   -243   -228    -61    109 
   -66    -61   -102   -228   -279   -290    -44    325    -46    -65    -53   -126   -100   -109    -14   -147 
  -148    -60    -34    -49   -112   -195   -199   -204   -100    -11    -30    -39   -107    -98   -189   -240 
  -207    -81    -72    -67   -132   -189    -59   -152   -137    -99    429    -10    -75    -16   -188   -232 
  -152   -176    -62    -22    -25     29    519    710    265    -16    -67    -56     32   -109   -148    147 
   803   -189   -248    -40   1674   1679     -4    -32   -133   -172   -192   -195   -139    -61    -58    -37 
   -37    -42    -33    -23    -67    -51    -15    -68    -41    495    -10   -182   -137    -29   1484    715 
   -94    -37    -46    -38    -84   -142    -58    -20    -67    -54    -56    -78    -42    -31    -55    -10 
    93     -6     26    -11    -59    -50    -79    -12    471     -7    -18     -2    -62    -17    -26    -71 
   -11      0    203    107    -35    -40    -40    -60    -84    -17    -21    315     44    -42    167    245 
   707    543    183    -29    -30    -49    -92    -58    -53   -117    -57    -42    -56    -95   -115    -93 
   -89    -96    -90    -69    -46    -59    -67    -10     -6     16    199    158    116    -44    -69    -51 
   -85    -89    -86   -106    -51    -71    -97   -107    -76    -57    -72    -84    -76    -81    -87   -105 
  -120    -89    -72    -31     -6    -41    -48    -64    -76    -53   -100   -144   -109   -125    -69    -59 
   -51    -53     -9     -2    -16    -43    -43    -59    -91   -104   -115    -82    -57    -31     -7     -3 
   201     -6    -28    -15    -56    -86    -70    -61    -17    -12    -31    -66    -43    -38    -33   -108 
  -132   -111   -119    -96   -112   -109    -78    -58    -31    -38    -51    -27    -48    -44    -94   -106 
   -79    -80    -57    -50    -24    -77    -77    -35    -25    -14    -21    -30    -54    -71    -92   -105 
   -70    -73    -51    -34    -56    -41    -37    -11     15    -54    -59    -65    -69    -35    -25    268 
   -35    -60     -2    -29    -33    -45    235    402    145    -55    -85    331      8    -31    -91   -155 
   -85    -57     -6    -49    -56    -93    -11    -27    -26    168     17    -75    -84   -102   -109    -63 
   109    354    404   -117   -176    -30    -66    -91   -118   -143    -42    -65    219    -39   -114   -207 
   -78    -48    -12   -107   -154   -182   -166   -103   -118   -124     -7    -47    -85   -259   -204     -8 
    -2    -73   -112   -139    -78    -81     -3    -31    -30   -153   -113    -79    -51    -81   -122   -113 
  -118    -84    -82   -125    -44    -50   -120   -185   -135    143    -67   -137   -182   -172   -127   -123 
   452    666    -34    -75    -55    -60    -17    -19    -20     -4    -32    -72    -75    -85    -60    -63 
  -122   -129   -138    -18    -95   -121   -150   -135    -83   -148    337     -6    -43    -26    -59    -49 
    -6    -43    -73    -46    -32    -79   -157   -143   -105   -158   -105    -80    -96     42    -42   -119 
  -131    -32    -67   -164    872    162    -65    -69    -50    -97    -36    -31   -169    -70   -104   -107 
  -203   -208   -144   -145     65    338    -56    -77    -49    -72   -122    -36   -131   -210    507    -21 
  -105   -141    -44    -36    -45    -38   -104    -90   -172   -118   -176   -240   -196   -121    719    490 
  -101   -105   -112    -50    202    -47   -123   -181   1004    -85    -54   -116    320    277    -78   -141 
  -180   -122   -216   -123    -65    -88    -87    -41   -106    -18   -144   -102    -17    -20    -25    -72 
  -134   -188    973    -65    -18    -42    127    -20   -106   -212    -93    -37   -152   -118    -30    -15 
   -13   -101    -96    633    -59   -172    -41   -135   -119   -136   -184   -183   1217    -29    -76   -125 
  -102   -132   -199   -165    -92    -36   -115    -79    -46   -117    -83   -125   -117    -16    -17   -116 
   -78   -135    -70   -139   -155   -158    622   -110   -158   -253   -253    -79   -150   -208   -191   -177 
  -234    -64    -62   -157   -171   -148   -179    -48    -69   -150    701    696    -63   -121   -160   -129 
   553   -187   -340   -111     59    -33    -19   -109   -142   -344   -224     -2    -25   -125   -117   -174 
  -251    -56    -13   -291    365   2383    690    -69   -166   -158     -2   -113   -381    640    893     31 
   -56    -46    -92   -472    -98   1070   1853     -2   -176   -157   -234   -117    -36   -268   -117   2852 
  2476    194   -143   -162    -21   -114   -246   2171   1310    -36    -95    -47    -99   -370   -108      0 
   898    -18   -112   -140   -107   -128    -97   -148   -102   1087   2173    614   -114   -104    -42   -165 
  -215    945    643   -100   -100    -28    -47   -196   -105   -115    -63   -137   -188    -53   -104   -133 
  -118    -59    -32   1140   2580    383   -159   -149    -15   -116   -141    -99    -37   -117   -137    -88 
   -64   -107   -169   -157   -146   -161   -143   -137    -83   -124   -159    -41    -42    344    627    -13 
  -174   -157     -1    -19   -110   -207   -132   -122   -160   -139    -76   -138   -134   -109   -128   -116 
  -139   -267   -252   -108   -216   -120   -128   -128    -47   -100   -157   -124     -8    -15   -128   -161 
   -72    -58    -74   -160   -120   -101    -84    -71    -71    -78   -128   -250   -280   -200   -189    -59 
   -90   -231   -173   -308   -151   -100    208    -70    -95    -90    -65    -73    -71    -59    -47    -41 
   -17    -20    -52    -64   -118   -196   -244   -234   -172     75    -11   -184   -225   -187    -36    -49 
   467    -75    -81    -56    -58    -25    -41    -67    -34    -29    -29     -8    -14    -29    -88    -78 
   -81   -226   -156    -50    -30   -117   -216   -187    -37    -62    673    -36    -57    -35    -63    -85 
   -92    -80    -57    -71    -43    -43    -72    -65    -94    -80    -70   -168   -111    -92    -83   -118 
  -197   -157    -38    -53    364    -71    -98    -67    -76    -97    -84    -81    -58    -51    -32    -54 
  -100   -103   -111   -118    -76    -82    -51    -57    -85    -83    -99    -89    -57    -66    846    -45 
   -92    -66    -73    -97    -93    -84    -83    -56    -40    -34    -72    -95    -81    -77    -49    -53 
   -82    -55    -45    -63   -104   -116    -75    -80    980    -29    -79    -64    -60    -61    -61    -33 
   -56    -66    -77    -81   -102   -110    -95   -102   -109   -103   -130    -64    -38    -76   -116   -162 
  -140   -129    563    -68   -115   -114    -59    -37    -81    -54    -12     44    -16    -11    -37    -35 
   -36    -59    -63    -40    -61    -28     97     -1    -25    -72    -79    -64   1078     -3    288    626 
   399    477    167    262     -3    402    882    790    319    305     51     72    338    363    919    705 
    23    -42    -58    -72    -50      0    375   -118    -70     -8    160    624    521     49     44    -30 
   250    618     78     95    -31    -33     -4    -50    -51   -100   -105   -167   -168   -165   -119    396 
   625     30    126    429     67     74    167    154     -2    -85    -48   1216    365    106     50    334 
   -68   -108    -74     -2    -64    -97    -74    -28    243   1091   1131    312    115    106    -25    137 
   -21    -19    150    -49    -51    532     50     -9    337    533    -19    -51    -47     -9     24    -34 
   -28     60    133   1150   1217    -24    280    662    205    310    677    299    321    319     52    226 
   -56    -17    323    -20    -98   -103    -21     -2    235     -8    383    215    149   1111   1267    164 
   183      1    190    263    -11    -43    242     -1    306    130    -34    -22    -40    -10    -60    -44 
    35    193    182    -12    367    178    -28    516   1482    402    563    437    195    -24    -17    -16 
   -61    515    232    174     -3    -44    -50     95    -25    -41    177     64    409    -45    -15    -54 
   -90    525    849    -25     -3    -34    115     67    463   1090    591    451     86    250    -49     -1 
   176    730    276     84    990    622    110   -145    -82    -70    -39    568    903     -7     -5    -21 
   -21    -36    -24    -29    -66     49    -65    -48      3    -52    -35    -51    -24     47     63    -17 
   139    -35     -8    -19    325    716    838     -6    -11    -60    220    487     49    -22    -66    -25 
  -122    -90    -87    -27     -6     86    283    605    -14   -106     92    -13    423    517    956    843 
   687    171    -25    -14     -6    796     93   -111    -71    -65   -147    -45     51    891    -19    -21 
   250    790    214   -119    -12    -40      0    289   1110    598   1511     -3    -25    867    936    841 
  1500    863   1071    387    355    268    891    -39    -72     55     -2    421    712    -46    -52    -16 
   225    376    754    645    760     90    575    421    888    -37    823    659   1104    799    153    149 
   765    -34    -16    -17    -24    -32    430    517    445    463    -73     -6    369    140    -66    -47 
   341    244   -102   -113    -51    -83    300    469    722    -10    453    935    -17     -8   -109   -153 
   171    178    403   1056    -60    -71    371   1033    788    904    558    478    -13   -123    -67    -34 
     0   1184    895    124    -26   -149   -152    -98   -158   -139    -55    408    -12    563    -42    -95 
   -33    933    305     -1    183    486    -26   -145   -113    -31    484   1289    372    -68    425   -142 
   -84    -86   -103    -21    -64    566    658    574    -11    -54    -19    707    -12    854    672     -3 
   446   -116    -98    -50     81    394    -45    -37     43    -39     -4    -31     -2   1558    -56    418 
    77    160    663     26    -28   1068    380     46    106    -29    403    -92   -102     85    588    329 
    -6    -12    393     -1    379    959    140   1027    -49    317    126     -8     -1     61     15    665 
   639    370     12    -15    -34   -107    -97    -79    -45    -85   -109    -81    -76    -43    483   1891 
   527    -10    205      8   1469    595    -17    179    -27    669    568    -54   -109    -95    -54   -131 
  -123    -96    -83    -96   -104    -97    -94    -91    -48    -31   -115   -155   -123    -55    -62    -73 
  -103   -124    -67    744    323   -105   -105    -60    -53    -54    -42    -14    -17    -24    -36    -50 
   -77    -87    -62    -53    -82   -102    -61    -59    -92   -141   -124    -85    -24    718     -5   -132 
  -103    -63    -68    -55    -38    -40    -50    -54    -58    -44    -44    -50    -54    -54    -35    -35 
   -50    -62    -91    -66    -51    -42    -15    670    609    -62    -31    -18    -33    -42    -19    -57 
   -87    -65    -54    -46    -50    -47    -49    -53    -69    -58    -90    -98    -77    -74    -41    -26 
    -8    729    936    -96    -75    -69    -64    -44     -9    -12    -34    -49    -23    -15    -46    -56 
   -62    -48    -49    -21    -33    -26    -31    -38    -72    -47     -3    713   1203    -78    -54    -23 
     4    -16    -31    -19    -25    -12     -2    -30    -36    -23    -12    -21    -26    -14    -14     -1 
    59    -22    -41     -3    499   1039    174   -106   -117    -99    -90    -99   -111   -126   -135   -127 
  -121   -127   -123   -114   -109   -105   -116   -139   -135   -137   -167   -166   -157   -128    -88    -10 
  1341    474    -34    -27    -13    -37    -15    -14    -84    -65    -42    -17    -13    -30    -10    -95 
    55    -16    -25    199    -43    -61    282    292    316    -71   1952    468   -178   -117    -79   -143 
  -205   -202   -276   -178   -158    -46    -52   -102    -92   -227   -101   -138    -48    -44     -7    -19 
   240    -33   -157   -213   1992      5   -165   -162   -139   -163   -205   -109   -209   -154   -188   -160 
   -37    -19     -9   -110   -152   -119    184     -3    -31    -33    -41   -119   -150   -167   1964    -15 
  -164   -178   -162    -99   -120    -55   -122   -159   -259   -251    -80    -68    -92   -142   -171   -184 
   -65    -86   -134   -130   -115   -112   -150   -176   1248    -24   -118   -159   -174   -152   -143   -113 
  -164   -134   -206   -226   -196    -94   -134   -182   -157   -209   -108    -92   -147   -165   -152   -164 
  -194   -234   1029     63    -83   -131   -177   -126   -175   -174   -189   -114   -135   -195   -166   -138 
  -124   -189   -161   -204   -173   -142   -113   -122   -140   -257   -276   -274   1220    -34   -179    -88 
  -159   -139   -132   -144   -234    -81   -152   -165   -219   -139   -164   -178    -86   -194   -158   -142 
  -140    -90    140   -203   -194   -244   1241    -15   -169    -80    -68   -105   -121   -177   -298    -53 
  -276   -201   -199   -220   -250   -176   -146   -201   -180    -39    -53    -11    125   -111   -171   -171 
  1466    723   -111    -70   -143   -162   -225   -213   -235   -127   -195   -173    -88   -227   -343   -193 
  -169   -216   -217    -16    -95   -133    -95   -181   -204   -179   1393    485    -49   -133   -193   -174 
  -184    -55   -191     -8   -109   -114    -87   -102   -280   -183   -122   -174   -209   -164   -267   -193 
  -192   -215   -220   -204   1307    -31   -116   -173   -217   -198   -110   -127   -154    -76   -257   -240 
  -194   -139   -217   -153   -167   -168   -242   -352   -324   -147   -185   -242   -272   -255   1052    -29 
  -284   -252   -335   -204   -321   -352   -328   -441   -420   -263   -191     93   -150   -168   -102   -205 
  -418   -402   -205   -286   -255   -262   -212   -244    648   -104   -552   -351   -461   -226   -509   -537 
  -353   -602   -476   -264   -213   -192   -291    -75    -34    -17   -169   -400   -242   -131   -286   -294 
  -144   -147   1404    -51   -579   -330   -284   -197   -271   -349   -284   -490   -363   -383   -317   -356 
  -209    -38     -1    -84   -206   -234   -132   -118   -120   -258   -141   -190   1824    809   -330   -274 
  -252   -199    -56   -146   -173   -276   -254   -295    -91   -276   -273   -210   -135   -222   -289   -247 
  -192   -135   -160   -165   -204   -222   1889   1261   -212    -99   -200   -190    -78   -118   -205   -233 
  -253   -230    -39   -134   -116    -32   -106   -264   -204   -181   -184   -142   -188   -295   -218   -231 
  2434   2727    -83   -133   -138   -255   -178   -121   -261   -281   -211   -138   -147   -129    -87    -25 
   -73   -153   -187   -122   -109   -139   -103   -179   -228   -223   2609   2421    -76    -68   -198   -143 
  -207   -200   -139    -90    -37    258    -84   -167   -145   -149   -183   -241   -174   -230   -151    -93 
   -28   -130   -140   -218   2275   3049    677    494   -152   -193   -110    -97   -151   -136    -79    -46 
   -68    -85   -112   -189   -164   -276   -152   -223   -285     43    488    -78   -132   -241   2641   3230 
   255    307   -103    -95   -118    -93   -105   -155   -157   -144   -156   -143   -136   -140   -154   -167 
  -107   -145   -243    -51    -73    -35   -194   -251   2407   3630     11    734   -104    -95    -92   -105 
   -85    -90    -79   -109   -133   -139   -122    -63   -139   -176   -141    -58    -88    -28    -63   -141 
  -207   -248   2556   3180    151    802   -100    -87    -69   -120   -130   -105    -81   -100   -123   -125 
   -72    -67   -132   -132    -98    -52   -111    -97    -65   -114   -184   -233   2054   1758    -20    937 
   -86    -80    -69    -89   -119   -124   -102   -105   -125   -131   -100   -103    -88    -96    -67    -38 
   -74   -103    -93   -128   -212   -252   2203   1660    -29    623   -132   -126   -148   -160   -145   -148 
  -156   -138   -127   -135   -114   -118   -115   -108    -96    -96   -137   -146   -117   -158   -238   -262 
  1973   1909    -32    346   -119   -100   -144   -137   -128   -119   -150   -172   -182   -182   -182   -177 
  -157   -125    -84    -90   -114   -151   -135   -164   -204   -270   1571   1598    -26    487    -97   -109 
   -98    -58    -59    -67    -98    -67    -55    -72   -116   -125   -122   -108    -68    -53    -26    -27 
   -79   -119   -160   -154     13    -92    -73   -108    -40    -62    -59    -16    -37    -86    -72    -54 
  -107    -63    -65    -23    671    323    527     -7     61     80     24    -40   -156   -106    -66   -203 
  -117   -164   -104    -22     -7    128   -181   -176   -248   -141   -143   -111    -58    -92    -32    295 
   -45    -47    -90   -208   -215   -182   -141    -53   -120   -209   -119   -202   -151    -66    449    -56 
  -218   -247   -247   -149   -152   -138    -69   -127    -52    -79    -81   -132   -132   -144   -139   -149 
  -112      0    -41   -134    -52   -118    -89    -56    153    -35    -68   -114   -168    -90    -84   -159 
   -51    -87   -112   -209    -94    -86    -13    -45    -59    -70    -38    243    -14   -152    -85   -103 
   -86    -36     96     -1    -65   -116   -134   -118   -141   -148    -25    -20    -75   -194   -103    -99 
   -19    -29    -12    -49    -10    -23    163    -70    -51    -77   -119    -96   -106   -154   -119    -35 
   -54   -100   -133   -140    142    -16   -184   -168    -94    -98    269    345    587     99   -155   -119 
   151    -69   -101    -66    -59    -63   -137   -157   -125    -63    -61    -97   -172   -173    266   -125 
  -211   -177    -74    -88    -37    -31    -81   -115   -239   -112    -20    -92   -141   -189    -94    -47 
   -33    -26    450     11    -82    -73   -116   -131    -31   -115   -118   -104    -87   -151    -69   -159 
  -141    -62   -176    -95     10    -59    -76   -142    -72    -37   -100   -109    -15    -48   -198   -143 
   -20    -17    380    196    -11    -50   -223   -163    -36   -125    -65    -86   -154   -113     -7    -58 
   -32     81     -5    -23   -104    -98    -94    -85   -156    -85     52    241    248    733     23    -17 
  -132    -82    284    -78    -73   -107   -132   -127    -33    -63    -52   -182   -163   -128   -218   -221 
  -137    -21    549    707    287    -25     -4    -11    -72    -27    123   -128    -29    -82    -43    -82 
   -80    -33     -3    -87   1391    476    702    -21    578   1448   1876   3243   2930   1072   -147   -190 
   -75    -79   -199    -61    506    677   1061    401    -32    -72    -45    273   -134     67   2665   3101 
  2456   1379   3009   3015   3804   3886   2542   2424    -11      1    -47   -135   -330   -244    176     44 
  1194    377   -141    -91   -109    -84   -142    726   1726   1557    339    -20    -14    200   1346   1742 
  1702    712    285   -255   -384   -235   -358   -305    624   1288    299   1505    -90    -23    -85    200 
   837    498   2187   1824    -52   -136   -124     -4    769    611    839    167    -71   -278   -300   -251 
  -306   -214    331    766     -5    966    -46   -156    -75    338    397    848    432    741     -7    -91 
   -71    -20    493   1413   1728    720    660   -121   -186   -134   -153    -80    -86    -18    -30    507 
   235    -17    -53    -23    -41    -53    150    163    -17    -99    -89    -39    515   1917   1236    732 
  1462    -72   -127    -74   -142    -71    -36     45    830    378   -124    -65    -69     -9    -23    243 
  1754    295    279   -101    -69   -102   -114    -64    -92   -124    -27   -125   -127   -148   -371   -166 
   -81    -24    933     30   -190   -192   -131    -41     95    608   1026    -20    306   -131   -169    -84 
   -69    -48    -64    -55    -75   -149    -91   -236   -415   -219   -168    138    741    185   -149   -304 
  -172    -91    -46    -50    -21   -100    -39   -106    -85    -34    -28    -53    -69    -37    -57    -84 
   -80   -196   -417   -380   -152    -21    599    -82   -269   -252   -109    -59    -68    -45    -40    -97 
   -51    -66    -57    -41    -40    -50    -82    -70    -68    -78    -90   -122   -193   -227    -96    -12 
    -6   -114   -189   -186    -72    -25    -97    -93    -56    -43    -44    -48    -39    -61    -62    -55 
   -55    -66    -51    -56    -82    -86    -68    -73    -68    -58    -61    -83    -72    -98    -73    118 
   -20    -86    -77    -68    -79    -86    -94    -82    -95    -56    -64    -61    -80   -116    -96    -95 
   -91   -112   -117   -120    -77   -104    -90    -83    -50    184     -5    -81    -71    -88    -94    -83 
   -89    -73    -77    -66    -80    -56    -73   -102   -108   -109   -105   -104    -88    -92   -108   -109 
   -86    -88    -75     -2    -17   -161    -97   -129   -113    -97   -122   -102    -78    -42     -8    -48 
   -73    -72    -91    -86   -114   -110    -79    -72    -59    -69    -72   -110    -81    -27     60    -93 
   -66    -83    -54    -27    -52   -110    -94    -92   -122   -146   -127   -103   -121    -99   -121   -119 
  -100   -113   -135   -121   -107   -139   -106    -50    116   -169   -125    -82   -102    -46    -12    -40 
  -102      9    -47   -107    -97    -91    -69   -129    733    637     78    -86    -19     -5     -5    -18 
   -74   -136    254   -183   -201   -215   -174   -142    -82   -152   -224   -123   -120    -97   -139    -72 
   -72   -130   1007    476     -6    -85     -8    632    312     57    -48    -59    225   -107   -108   -156 
  -149   -119    -88   -124   -143   -142   -138    -54    -84    -42    -73   -109    -72   -141    -86    -26 
   -23    -14    350    342    -19    -68    -20   -104    -57    -99    -71    -83    -77    -53    -44    -42 
   -41    -72    347    236    -41    -13     -2    -38    -28    -56    -61     11    375    -17    -52    -69 
    58    -88    -54    -75    -74    -84    -83    -72    -30     -9    -60   -129    -29     -8    168   1037 
    92    -77    -57    -87   -120    -24    -51    -58    -60    -37    213    -77    -25    555    123     45 
   -42   -117    -82   -154   -125    -96    -90    -89    -11   1279    -19    -98    -33   -174   -207    -73 
   -41    -97   -125   -117    227   -109    -71    897    216    -20    -39    -89    -20    -36    227    294 
   -66    -86    157    -41   -180   -189    -17   -135   -175   -244    -79   -106   -118   -117    288    -38 
  -111    -81    -53     -4    215    -40    313    195    409    183    -30    -66    -11   -161   -160   -167 
   -13    -88   -158   -161   -108    -24    -49    -51    -33    -51    -56   -136    -70    -28    106    -93 
  -109    -33    -35    -30    -15    332    -20    -18    -53    -80    -44    -66    142    642    -68    -25 
   -57    -42    -58    -60     -2    -34    -14    -42    -69    -96   -128    -96    -93    -57    -23    -43 
   -61    -75    -42   -129   -105    -34    407    -41   -126   -115   -121    -61    -77    -95     35    201 
   -87   -161   -172    -67    -55    229    811    561    -48    -40    -91    -60     10      4    604    369 
    86   -137   -115   -113    -92    -75    -41    -46     -5    -46    -48   -139   -166   -121   -176   -104 
   -52    -43   -202   -131      0    -26    -26    -11    -45   -132    330    -29    -91   -140    -89   -105 
  -212   -132   -108   -149   -135    -41   -105   -146   -159   -259   -283   -252   -262   -390   -338   -418 
  -375   -243   -119    -55    -10   1340    357    -96    -58   -103   -116    -13    339    120    -44    -19 
   -74    -79    -18    -56    -87    -78   -110   -251   -424   -508   -405   -216    473    -15    -26    483 
   208    -91     -5   -115    249    821   -139   -239   -114    -77    -79    -78    -80    -63    -87    -58 
   112    779    222    -21    -34    -10    276    -40    -35   -154    -64    -61    -10   -110    181    -53 
  -252   -205   -160   -145   -129    -95    -65   -109   -127   -101    -59   1079    747    811   1219    -26 
   -40    -34    -81   -156    -98    -42    -43    -45    -27    118    -62    -78    -47    -74    -70    -28 
   -55   -125   -167   -145   -159    -35     -8    -14    543    -95    -91    -87   -135   -172    134    -31 
   -21     -7    -54    -74   -126    -69    -57    -29    -16    -37    -11    -31    -80    -35    -82    -56 
   -33     95     -7   -149   -120    -95    -81   -141   -156    -91    -39    221   -144   -223   -174    -28 
  -116    -89    -83    -58    -16    345    -44   -121   -124   -105    -63    -71   -162   -234   -205   -192 
  -138   -126   -172   -176    -93    -38   -158   -178   -115    -52    -92    -72    -54      9    -15    -39 
   -65    -98   -109    -58    141    -77   -101   -155   -136    -91    -92   -103   -149   -178    -48    -44 
  -124   -114    -73    -66    -54    -49    -71    -82   -119   -158   -136   -118   -123   -110    -58    -23 
   -47    -19    -18    -31    -39    -19     -8    -20    -31    -64    -96   -124   -136   -154   -125   -128 
  -130   -144   -172   -193   -149   -125   -107   -104   -105    -62    -95    -78    -34    -42    -53    -38 
   -31    -61   -117    -87    -58   -114   -123   -106    -87    -87    -96    -98   -101    -96   -102    -98 
   -85    -83   -102    -87    -79    -91    -99    -64    -94    -70    -79   -117   -166   -131    -68   -113 
   -92    -80    -92   -105   -116    -95    -66    -55    -72    -87   -107   -129   -145   -127   -123   -125 
  -121   -114    -94    -96    -51    -65    -83    -69    -23    -51    -38    -13     46     -2    -14    -14 
   -24    -53    -70    -45    -54    -63    -68    -64    -69    -96   -112    -85   -126    -92    -24     56 
   -12    -51     -8     -1    -32    -29    -20     38    367    210    -25    -29     -4     62    134      0 
    91    -13    -57    -71    -47     -4    -25    -34     -2    253    240     31   -175    -23   -147   -200 
   -69   -104   -102   -154   -108   -112   -167   -186   -175    -33    261    329    911    -76    -89    -92 
  -148   -221   -263   -250   -158   -158    -70    -16   -155   -163    -93   -185   -154   -126    -82   -127 
  -140   -177   -208   -123    -98   -216    -80   -114   -262   -229   -282   -286   -236   -213   -221   -246 
   -54   -206   -216   -118   -177   -255   -145    -40    -78    -62   -115   -172   -181   -209   -212   -218 
  -175   -216   -285   -221   -296   -327   -315   -274   -267   -265    -67    -69   -157   -226   -151   -179 
   -82   -109    -73    -91     18   -138   -205   -146    -67   -161   -167   -151   -158   -169   -337   -285 
  -236   -185   -206   -221   -133    241    -52    571   1233    -12    374    -30   -112   -104    108    -47 
  -112    -99    -82   -275   -236   -170    -45   -124   -309   -234   -223   -157   -154    -78   -109   -104 
  -133    -66    367   -111    -73    -23   -106    -74    -95    -89   -128   -166   -199   -341   -205    -33 
   810   -115   -253   -200   -235   -155    -10    651    -22    -95   -181   -184   -115   -221   -116    -17 
   -98    -92   -140   -210   -202   -184   -252   -285   -219    -64    -87   -177   -272   -204   -307   -220 
  -163   -145   -184   -272   -151    -38    -90   -153    -70   -115   -147    -77   -178   -266   -323   -314 
  -360   -247   -280   -175   -118   -158   -179   -118   -128   -132     -1    -51    -55   -175   -192   -124 
  -173   -271   -229   -214   -157   -102   -102    226    -22    -81    -70     -3    -19    -99   -179   -174 
  -125   -142   -138   -178     -9    -40    -44   -102   -140   -139    -51   -168    -53    193    -52    591 
  1303    700    279    494   1681   1358    712    -55   1952    -16   -280   -138   -101   -122    201     -3 
   887   1010   1695   1183   1185    -29   1767   1257   1263   1113    643    -21     -7     -1    -37   -123 
  -125   -142   -109    -25     -9    -91    -53   -139    -14    -63    -92    -59   -120    -55    -26    112 
   -14   -183   -159   -207   -249    -34    636    -15    -86   -120    -56   -223   -246   -256   -193     14 
   -14   -110    -43    -27   1759   -139   -346   -291   1844    -38   -108     -4   -126   -330   -215   -170 
   -45   -132   -232   -229    -21   -129   -349   -286   -287   -167    -68    -14   -145   -168   1567    -23 
  -418   -441    -94   -238   -267   -182   -174   -247   -337   -330    -52     94   -214   -343   -169   -131 
  -266    105   -175   -236   -119    718   -107   -183   -204   -217   -325   -327   -277   -204   -204   -213 
  -161   -451   -532   -531   -312   -130   -401   -226    -44   -223   -281   -274   -256   -271   -181   -105 
  -247   -141   -129   -437   -378   -297   -248   -184   -169   -157   -195   -157   -131   -258   -199   -311 
  -271   -269   -332   -259   -252   -256   -206   -224   -100   -164   -188   -154   -133   -323   -204   -126 
  -176   -157    -97   -139   -184   -157    -51   -141   -116   -235   -179   -268   -408   -313   -238   -308 
  -127   -263   -340   -241   -197   -227   -172   -258   -112   -136    -21   -219   -152   -183   -249   -215 
  -188   -211   -296   -282   -259   -388   -663   -556   -433   -268   -261   -377   -244   -405   -205   -132 
  -189   -256   -265   -194   -108   -162   -146   -100   -112   -107   -100   -130   -164   -132   -111   -245 
  -576   -471   -419   -186   -358   -401   -217   -419    -85   -138     -7   -124   -201   -108   -129    -83 
   -16    -36    -71    -86   -103   -112    -79    -45   -131   -161   -356   -312   -267   -191    -87   -144 
  -161   -197   -193   -197    390   -141   -155    -75    -58   -115   -110   -138   -134   -132   -108   -109 
  -114   -113   -118   -120   -208   -205   -193   -182   -136   -155    -93   -131   -177   -210    -20    -71 
  -146   -100   -108   -128   -124   -102    -58   -122   -122    -86    -88   -105   -159   -176   -136   -134 
  -124   -130   -170   -150   -167   -176   -194   -180   -101   -114   -174   -140   -160   -175   -165   -141 
  -143   -117   -136   -148   -131   -134   -119   -128   -155   -158   -106   -150   -183   -151   -158   -124 
  -122   -152    -41    -52   -106   -100   -103   -107    -83    -88   -136   -104   -107   -126   -127    -96 
  -126   -127   -146   -135   -157   -188   -170   -171   -147   -128   -164   -152    -84   -116   -133   -112 
  -127    -99   -120    -98   -108   -178   -177   -186   -182   -185   -134   -185   -209   -173   -212   -216 
  -127   -141   -166   -162   -207   -161    -79    -71    -78    -86    -73    -62   -113    -97    -98    -42 
   -16    -46    -82    -86    -72    -74    -62    -39    -91    -82    -61    -70    -64    -45    -61   -110 
   177    812    420     21    239    335    621    197    127    367    271    500    484    605    732    749 
   992     38    105     16     99    418    826    753   1143   1505    342    769    -37    -35    -30    186 
   207    -79    -62    -53    -51    -25      0     -8    154     -9    431    -51    -40    -35    490   1020 
  1298    955    762   1113    -21    -16    -46    -50    -25    -10    -33    -65    -16     28    426    149 
    82     -1    416    394    573    275    185     -2    548    360    278    200    252    335    -23    -15 
   -51    -40    -22    -27    156    -13     -8     -4    481     39    432    511    504    -14     -6    -36 
   -33    -21    506    450    -13      0    224    587    -37     -8     -6    -26    -18    -47     -4    -33 
   -42    -45    111     -4    200    417     17    -66     58    205    260    134     30    309    -37    -13 
   -21    700      9     43    -35    -44    -12     74    285     -6    183    184     82     -7     28    403 
   -52    -61    400    245    213    213    156    546    -28    -83    -91    215      7    -19    -71    -34 
   -46    -30    674     58     62    483    453     -7     -6     49    -84    125    460    -35    -10    -18 
   152    210    -25    -29    -72    570     -2    -12    -83    247     -7    -21    463      1    203     -7 
    -5    242    822    219    -16    654    -30    -63    -32    -43     14    451    -22    -14    -18    373 
    -1     -3    -48    141      0    -35    -15    343    830    -12    -21    639    669    -12     75    667 
    81    -83    -35    -29      1    344    -70    -57    -28    473    -21    -28    -32      0     -9    -16 
   157    691    907    979   1011    927    102    -31    111    476    144    -12    279     -7    -49    -17 
   -89    -67    -59    359    -46    208    135     -8    -51    -30    160     72   1280   1065    278    -13 
   -50     -8    -35    -37    -24    727   1038     -9    -94    -15    -44    -61    -25    106     70   1096 
    97   -169   -169    -61    -75    -21    694    -46   -119   -167    -61    244    -65     49    380   1209 
   919    145   -181   -133    -39    -30     -4     61    423   1280     76   -281   -260   -191    -53    351 
   842    -14   -125   -199   -136   -119    -60    156    788   1893   2055    272   -161   -264   -168    -74 
   -31    538    675   1702    289   -279   -208   -107    848   2116   1806    277    -56   -153   -260   -173 
   -39    -14     66   1191   1520    -38   -160   -267   -304    -92    -55     -9    467   1343    -31   -303 
  -250   -118    583   1462   1887    139    -59   -150   -317   -154    137   1000   1788   1967   2063     54 
   -97   -264   -307   -106    -73    -16    949   1479     -7   -191   -226   -103    527   1291   1291    424 
  -109   -119   -318   -176    -20    971   1771   1520    967     -7   -146   -248   -273   -145   -118    -18 
   696   1249    -20   -116   -256    -79    469   1235   1633   1432     72    -20    -61    -20    487   1258 
  1889    556    104     -1   -150   -172   -112    -64    -91    -34    397   1233    -55    -35   -116    -74 
   302    688   1129    915    -12     -9     92    863   1027    665   1851   1296    339    829    -57   -110 
   -70    -57    -32    -11    153    839    228    284    -18    130    415    840    922    870    317    242 
   556    953    570    -38    696   1227    728   1108    154    -80   -165    -33    231     98    -20    546 
   284    291     95    433    617    413    373    750    494    586    811    918    523     80    412   1461 
  1542   1035    175    -54    -42    573    405    297    -11    279    109    357    316    180    204    147 
   154    521    455    576    522    518    446     81     -1    671    729    465    167    -67    -26    610 
   525    543    145    131    117    555    487    609    703    460    544    878    768    697    783    715 
   606    685    448    271    157    291    390     -5    168    412    242    308    -36     -9     88    533 
   657    728    824    768    877   1049    888    604    652    880    869    871    793    694    459    581 
   729    506    389    396     41    407    -38     -3    164    773    873   1003   1068    955   1104    951 
   739    462    494    663    697    781    716    651    580    871    765    644    724    722    359    521 
   -66     77    206    601    582    509    425    570    830    579    520    320    658    821    797    607 
   339    478    632    675    405    252     44    643    495    812    -36    218    374    847    890    868 
   922   1189   1323    783    513    327    704    780    588    500    470    737    721    997    947    690 
   401    894    920   1090   2317   1782   1036   1723   1504   1193   1130   1345   1346   1206   1295    753 
  1486   1358   1601   1520   1431   1633   1337   1705   1990   1630   1288   1268   1068   1175   2044   1612 
   664    702    689    390    918    811   1146   1008    798    -10    222    637    710    279   1651   1783 
  1107    585    360     72    233    343    591   1144   1161   1542    612    796    504    563   1234    740 
   853   1069    874    608    851   1169   1073    311   1096    955   1010    621    236    417    994   1119 
  1403   1410   1277   1415   1150   1095    714    320   1729   1270   1114   1567   1657    698    615    550 
   669    562   1006   1159   1095    627    609    943   1504   1459   1635   1465   2118   1523   1142   1052 
  1069    456   1681   1445   1197   2280   1743    757   1092    994   1191   1160    857   1086   1091   1027 
  1114   1158   1407   1084   1386   1320   1895   1167    939    809    557    611   1647    929   1253   1125 
  1144    397   1120   1320   1516   1285   1109    951   1290   1106    584    927   1021   1238   1559   1532 
  2082    919    879   1250    857    807   1589   1015    814    968   1183    650   1619   1662   1371   1014 
   724   1261   1886    834    750   1472   1564   1513   1521   1417   2052   1453    832    888    249    740 
   871    890   1374    180    585   1002    863    977    420    436    888    824   1704    862    614   1046 
  1102   1141   1443   1291   1770   1170    894   1460    913    935    810    502    169    439    641   1137 
   685    596    720    910   1107    841   1360    889    797   1664    985   1041   1287   1386   1639   1618 
  1282   1452   1052    978   1088    802    689   1047   1531   1516   1476   1398   1417   1641   1693    937 
   837    287    735   1404   1129   1152   1509   1713   1791   1032    850   1376   1332    991   1080   1310 
  1071   1609   2094   1443   1043    753   1303    870   1543    639   1230   1708    827   1516   1362   1049 
  1502   1963   1174    872    845    742   1222    251   1158   1336   1183   1233   1592    856   1239   1473 
  1062    795   1013    773   1317   1311   1024   1581   1255    999   1436   2201   1623    821    831    141 
  2236    185   1514   1817   1030   1054    877    724     29    -44    503    396   1221   1534   1371   1298 
  2035   1492   1468   1232   1291   1416   1359    979   1304    698    774    767    726    991   1305   1522 
  1489   1543   1177    237    634    393   1178   1240    847   1096   1516   1499    396    984    965   1483 
  1921   1644   1370   1139   1193   1053   1215    988    576   1775   1574   1312    685   1311   1811   1545 
  1616   1304   1518   1926   1959   1221    883   1302   1082   1963   1492   1743   1290   1825   1288   1200 
  1200    945    771   1354   1189    675    851    825   1564   1399   1477   1485   1418   2193   2204   1415 
  1227   1237   1182   1612   1082    852    831   1318    980   1279   1425   1275    777    928    720   1399 
   245    792   1362   1675   1971   1684   1570   2245   2021   1678   2452   1761   1072   1493   1270    982 
  1093   1438    412    270   1011   1243   1111   1105   1160    994    741    910   1198   1714   2314   1947 
  1482    913   1087   1260   1967   1820   1126   1295   1513    695    575   1101    485   1007   1468   1058 
   887   1257   1336   1350    744   1145   1162   1548   1970   1558   1336    414    981   1049   1587   1281 
  1018   1475   1485    694    774    955   1278   1202   1276   1039    842    900    917    722    593    859 
  1219   1431   1073   1249    550    884    623    772   1113    260   1084   1661   1380    644    608   1373 
  1377   1156   1057    945    990   1003   1109   1072    981   1056   1232   1279    384    534    699    783 
   835    859    672    856   1276   1451   1050   1068   1234   1567   1575   1445   1133   1165   1262   1175 
  1276   1235   1369   1454   1439   1271    901    869   1117    989    947   1319   1192   1397   1237   1469 
  1166   1419   1231   1456   1519   1498   1340   1354   1403   1331   1331   1323   1282   1209   1304   1182 
  1195   1237   1369   1238   1281   1194   1055   1092    917   1327    945    677    350    548    761    726 
   679    864   1024   1397   1178    982    958    887   1085    937    869    820   1041    997    935   1131 
  1226   1088   1060   1294   1048    676    648   1058   1223   1051    759    758    662   1136   1077    696 
   741    643    848    790    557    550    745   1088   1336    790    916   1055   1096   1430   1546   1416 
  1510   1595   1456   1621   1539   1261   1391   1295   1183   1273   1397   1313   1244   1178   1039   1060 
  1456   1598   1451   1034   1347   1496   1790   1985     22    -32    -46    -70    -60    -17    -43   -105 
   -56    -58    -27    -54    -81    -77    -91    -74    -38   -138    -15    -49    -51    -73    -96    -99 
   -96    -17   -109   -120    -83   -148   -108   -102   -114   -132    -77    -95    -90   -131   -133   -148 
  -165   -122    -38   -100    -46   -152   -182   -168   -172   -145    -98    -17    -77   -121    -78   -177 
  -132   -120   -180   -154   -158   -209   -143   -112    -71   -152   -205   -179    -98   -185    -79   -213 
  -212   -169   -155   -148   -114    -27    -81   -137   -109   -174   -173   -176   -242   -207   -193   -229 
  -148   -105   -108   -129   -125    -98    -76    -68    -68   -129   -204   -182   -166   -135   -124    -45 
    -6    -82    -91   -135   -121   -138   -187   -171   -143   -186   -107   -146   -217   -171   -171   -182 
   -95    -62    -98    -96   -117   -108    -92    -49   -104    239    -56   -109   -145   -172   -191   -221 
  -221   -183   -114   -158    -72   -188   -207   -121   -128   -183   -147    -92    -65    -37    -72    -40 
   -57    -30    -90     76    -82    -68    -83    -94   -143   -245   -252   -159    -83   -136    -61   -126 
  -114    -69   -131   -194    -99    -95    -94    -93   -151    -94    -94   -116   -145    -55   -105    -91 
  -161   -174   -193   -239   -248   -128    -48   -113    -45   -118   -144   -164   -189   -182   -119   -144 
  -182   -109   -160   -184   -145   -160   -178   -113    -80    -67    -91   -129   -191   -146   -204   -151 
  -101   -113    -86    -78   -124    -97   -163   -168   -145   -168   -162   -108   -108   -161   -154   -195 
  -231   -161   -104   -130   -223   -228   -276   -169   -207   -178   -188   -123    -87   -114   -117   -120 
  -129    -78    -72   -127   -120   -137   -122   -106   -136   -151   -230   -120   -125   -172   -223   -223 
  -179   -181   -232   -198   -265   -214   -170   -161   -137    -74    -84   -110   -160   -185   -152   -114 
  -173    -83   -120   -113   -177    -72    -98   -188   -165   -226   -236   -254   -218   -195   -283   -292 
  -183   -220   -159   -184   -213   -230   -279   -191   -154    244    -85   -124   -110   -111   -206   -133 
   -74   -248   -388   -304   -246   -221   -215   -212   -267   -420   -227   -221   -168   -187   -182   -250 
  -252   -172   -236    -25   -105   -200    -93    -93   -195   -155    -87   -286   -465   -353   -340   -210 
  -203   -267   -364   -436   -175   -244   -287   -115    -91   -124   -158   -173   -206    -56    -79   -232 
  -276   -122   -191   -107    -28   -216   -267   -274   -200   -128   -143   -157   -271   -376   -154   -239 
  -222    -91     -6    -61    -92    -14    -78    -96   -178   -189   -249   -116   -125    -78    -55   -207 
  -197   -260   -200   -127   -102    -56    -93   -157   -180   -188   -170    -91    -60    -64   -119    -69 
   -43    -57   -155   -154   -210   -113    -84    -99    -31   -140   -184   -298   -247   -148    -64    -37 
   -49   -129   -214   -205    -87    -98   -152   -112   -155   -135   -138   -171   -218   -215   -285   -167 
  -185   -128    -67   -122   -227   -277   -155   -131    -72    -25    -35    -74   -121    -87    -77    -73 
  -208   -216   -257   -195   -186   -193   -123   -162   -256   -139   -183   -108    -62   -100   -141   -193 
   -60    -60    -45     62    -59    -83    -77    -61    -20    -30    -79    -94   -105   -116   -126    -77 
   -65   -203   -164    -68    -52    -35    -82   -128   -120   -115    -69    -63    -70    -48    -79    -99 
  -114    -95    -94    -77   -115    -52    -89    -60    -50    -71    -43   -180    -59    -58    -37    -32 
   -71    -88   -103    -77     -7    -10    -23     -4    -34    -39    -64    -54    -52    -25    -14    -11 
   -35    -12    -53    -24    -33   -125    -52    -57    -31     -7    -99    -91    -64    -55    -54    -47 
   -25    -26    -19    -28    -31    -27    -32    -37    -39    -12    -13     -3    -22    130    124    -35 
   -43    -64    -45    -31    -86    -85    -54    -40    -45    -33    -23    -22    -32    -37    -54    -57 
   -83    -80    -86    -92    -75    -74   -120    -76    -58    -40     48    -19    -21     -9    -92    -93 
   -65    -41    -42    -16     -6    250    171     -1    -18    -20    -41    -42    -33    -52    -72    -73 
   -98    -60    -34    -20    -25    -17    -16     -4    -83    -92    -75    -61    -45    -41    -22    134 
     3    -50    -84    -96   -103    -85    -66    -82    -80    -57    -57    -34    -33    -42    -61    -48 
   -43     37    -48    -60    -64    -45    -51    -38    -11     85    -42    -73    -93    -94    -87    -67 
   -60    -56    -63    -44    -40    -51    -34    -15    -28    -38    -29    111    547    729    297    -48 
    18    -59    425   1934    935    -97   -148   -127    -45    -16    539    327     76    -94   -101    -53 
   147    524    496    908    971    -44    689     -7    -82    -72    -89    -86    323    353    219    -59 
   -83   -152    -95    -72    557    509    -71    -66    415    207    698   1331   1441   2127    223   -230 
   293    -37   -142    -67    -91   -176   -188   -136    -83     64   -121   -132   -107   -102    -26    118 
   -22   -104    -42    490   1016   1057    537    344    -72   -151    334    -71   -156    -58    -74   -211 
  -219   -164    -27    199   -109    -22   -103    -78    -47   -143   -101    -69    -57    -20     64    -35 
   -10    621     42    -82    169    -77   -160   -136   -118   -167    -88    -76   -115   -110    -44    -39 
   -84   -105    -55   -156    -97    -80    -71    -64    -83    -96    452    896     94   -104    -77    -59 
  -136   -186   -132   -181   -105    -38   -105   -131    -62   -150   -143    -32     -3   -101      4    -61 
  -130    -77   -107   -131     -1    675     71    -79    -46    -59   -162   -216   -142   -216    -97     -5 
  -108    -83    -81   -232    -86   1708    -45   1378    969    -37   -146   -155   -109    -31    -17    330 
   -63   -129    228   -111    -77   -112   -122    -87    -76    -13    -63   -100   -181   -244    -38    798 
    -8   2527   1216    416   -203   -186   -114    171    547    378    -28   -176     99   -211   -152    101 
   -25    254    -72    -23     -5    -94    -90    -60    -80    -41    778    662    -25    -95    -21    -21 
   -65    -54    -39    -41    -69   -163    228    -76    -42    -42   -163    -34    -59    -68    -76    -50 
     3    -51    -88   -153   -130   -183   -186   -158    808   -131   -242   -114    -69    -59    -12   -119 
   -57    -20    454    -80   -127     -9    579   -118    297    443    -76    -89   -175   -263   -133   -176 
  -172   -233    295    -77   -270   -163    -93    -85    -67   -141    -32   1223    -21   -124   -130   -155 
   -90   -115    125    -57   -176   -191    296   1093    321   -127   -180   -321    -90   -150   -292   -248 
  -179   -134   -184   -196    -53   1310    942   -309    -62   -224   -198    -77    -79    -60    -81   -116 
  2302   1196    -32    938    217    -81   -161   -120   -237   -279   -150   -149   -143   -166   -209    -80 
    32    -76    -65   -241   -227   -229   -281   -105   -126   -176    -77   -184    784   1897   2349   1578 
  -136    -16   -194   -113   -109   -151    -85   -140   -210   -298   -155    -62    -34   -135   -172   -262 
  -365    -76    -60   -120    -14   -161   -106   -146    381     -8    -22     -8   -112   1186    -27   -115 
  -204   -166   -166   -365   -159   -152    -20    -40   -125   -214   -432   -192    645    221    351    -16 
  -143   -174   -202   -154    -25    -91    -15   1146    -71    -73   -140   -223    -74   -282    -37   -113 
   -68    -35    -37   -120   -320   -292    179     -9   -142   -142   -166    -85   -194   -103    -95   -134 
   433    255    457    -63   -129   -239    -41   -156    286    -31   -136    -61    -94   -181   -224   -202 
   -97   -108   -178   -100    -45    -11    -85    423     -9   -122    -58   1069    783    360    -77   -225 
   -46    -69     44     -7   -114   -128    -51   -115   -124    -69    -51    -89   -129    -84   -234    -98 
   429    302    747   -149    -92    885    276   1101     65   -195    -48    -33    -43    -71    -62    -52 
   -77   -117   -108    -58    -37    -28    -30    -46   -231   -230    -84    396    251   -121   -137    -87 
   471    977    -17   -166    332    -20    -51    -54     -6    -52    -67    -89    -67    -25    -46    -37 
   -56    -75   -139   -206   -203   -103   -130    -95    -95   -110    -82    -49    -80   -212    720    -59 
   -64    -65    -39    -24    -38    -58    -45    -40    -49    -37    -23    -77    -97   -104   -145   -153 
  -136    -93    -71    -97    -92    -42   -104   -197    373    -64    -58    -65    -65    -56    -83    -63 
   -58    -97    -86    -77    -70    -62    -50    -51    -83   -100    -61    -58    -48    -39    -50    -39 
  -135   -203    126    -93    -82    -64    -59    -59   -100   -102   -102   -144   -145   -102    -58    -46 
   -64    -78    -70    -67    -67    -63    -49     -2    -28    -52   -134   -190    -25    -70    -98   -110 
   -90    -50    -78    -88   -123   -120   -133    -89    -35    -69    -73    -50    -21    -32    -49    -92 
   -62    -37     -3    -39   -154   -219   -167   -136    -91   -106    -98   -101   -117   -102    -80   -114 
  -120    -87    -88   -113   -110    -79    -46    -53    -92    -68    -42   -100    -64    -74   -140   -224 
   749    898    693    558    614    957   1212    476    368    377    544    213    354    752    654    322 
   467    545    899    776    624   1014    953    660   1005    887    958    733    827    806    676   1264 
  1182    452    789    568   1344   1270   1144   1296   1350   1258    891   -101   1501   1456   1283   1795 
  2115   1867   1529    925   1293   1250    820    574    874    993    844    345   1495   1060   1050    913 
  1018   1406   1391   1323   1062    107   1464   1328   1267   1564   1739   1746   1389    877    734   1197 
   735    762   1085    839    519    401    762    353    273    395   1019   1461   1586    928    410    651 
  1028   1164   1173   1537   1469   1435   1220    833    629    923    622    777    759    703    697    499 
   744    858    531    422    722    777   1080    945    435    919    835    544    723   1391   1517   1168 
  1031    808    671    126    467    744   1321   1292   1354   1161   1118   1421    982    909    446    648 
   935   1001    946    969    769    721    551    339   1123    605    405    707    813    485    376    455 
  1078   1430   1389    886    814   1521   1488   1008    936   1051   1132   1641   1882   1340    893   1076 
   505    -30    269    501    667    495   1019   1166    384    620    822    703   1045    538    -61    876 
  1342    824    986   1235   1294   1511   1764   1048    178    556    987    857   1047    672    756    588 
   756   1278    975    674    601    820   1263   1484    107   1192   1052    903    954   1469   1710   1584 
  1895    826    531    716   1026    763   1166    741    381    488    541    802    930    653    612    647 
   910   1022    452   1062   1005   1240   1209   1164   1103   1159   1503   1283   1015   1208   1095    536 
  1193    577    425    526    538   1203    814   1140   1503    817    683    738    829     -1   -102    473 
  1334   1205    883   1229   1200   1633   1330    -49    476    622   1087    854   1055    225    551   1268 
  -113   -186    444    164    -46   -178    -58   -216   -160    687   1805   1527   1223   1235   1311   1073 
   715   -187    -56    747   1197    946   1086     -3     43   1099     50    -88    -24    189     -8    -59 
   401      6   1392   1800   1843   2397   1941   1889   1817   1390   1264    894    285   1319   1321    785 
  1454    773    -19   1156   1892   1090    930   1091    939   1064    997   1407   1325   1096     -6   1006 
   850   1409   1779   2055   1545    889   1200    602    686    674   1575    619    661   1325   1182   1148 
  1261   1467   1649   1465   1271    939    375    -12     81     -8    252    930    931    400    482    686 
   900    589   1017    999   1430    559    732   1127    423    -17   1136   1571   1865   1594   1664   1478 
  1445   1696   1558    959   1266   1198    805    196    297    937   1479    991    829    829   1304    795 
  1001   1308    908     -8    882    763   1192   1114   1317   1487   1567   1607   1242   1289   1324    882 
   592    468    -34    244    408     -9    -16    -30    785   1087   1052   1322   1354   1408   1225    693 
   983   1294   1486   1746   1512   1512   1120   1294   1389   1037   1067   1273    113    842    466    832 
   913    424    467    549    969    834    845   1319   1135    925    987   1629   1733   1511   1295   1000 
  1072   1111   1284   1413   1021    761    310    781    663    660    840   1254    927    270    660    997 
  1298   1644   1396    990   1078   1251   1301   1211   1224   1096   1064    791   1120   1391   1610   1420 
  1188   1099    470    536   1568   1747    985    528    744   1020   1518   1488   1402   1156   1103    984 
   874    827   1107   1051    959    815    940    757    814    742   1143   1121    904   1072   1179    900 
   678    595    860    884    908   1059   1044    979    938    783    649    736    910    958    761    590 
   657    606    600    413    346    728    915    747    970    994    855    656    624    530    430    713 
   779    922    996    853    743    842   1002   1000    821    599    679    613    732    559    592    648 
   547    885    904    826    867    621    756    638    699    663    659    980   1044    785    672    835 
  1114   1118   1037    854    842    712    844    730    772    963    903   1000   1078   1005   1043    699 
   653    816    858    773    700   1023   1118    916    512    501    674   1142   1092   1042   1129   1067 
  1221   1256   1068   1045    765    893   1073    956    994    772   1327   1147   1375   1348   1230    948 
   874   1315    976   1268   1640   1794   1539   1494   1428   1247   1241   1198   1091   1341   1333   1443 
  1371   1349   1069    761    -88   -119    -14    -20    121    -36   -138   -124   -118     37    363    -27 
   -74   -145   -102    -82   -101    -36    -55    117     -3   -113   -168   -210   -153    -13   -109   -104 
   -98   -145    -85    -80   -103   -153   -122   -153    -88    122    -51    -86   -180   -102   -236   -171 
   -57    -46   -103   -169   -261   -247   -263   -157   -114   -131    -98   -113    -72    -13    183    -59 
   -53   -228   -175    -22    152    384    -21    156    -79   -120   -123    -73   -158   -185   -242   -246 
  -195   -149    -88    -72    -80    -56   -133    -49    -61    -40    -36   -100    -54     -2    -84    -57 
   -11    316    -49   -213   -169    -60   -109   -136   -168   -148   -148   -122    -71    -76    -49    -22 
   -33    -49   -161    -49   -116   -105    -89    -53   -105    -38    174    374    655   -158   -181   -109 
   -42    -62    -98   -184   -142    -23    -61    543    438   1146    -25    267     -2   -152    -86    -84 
  -158   -123    -48    -88    -57   -105    888    415    -50   -100    -57    -66    -56    -82   -127    -67 
   -32   -103    -51   2113   1881    678     -6    -67    -74     54    -76    -34    -56   -175   -237   -207 
  -153    228    -31    -69   -101    -56    -27     -7   -119    -62      4   -108    -73    -97   1251    207 
   -87    -99    -52   1212     -1    561    254   -219   -274   -307   -315   -173   -172    542    122   -116 
  -132   -158   -181    -52    176    -63    -52   -180    -26    -12   -136   -187    -87    -93    336    270 
   277   -102   -197   -215   -148   -185   -183    -62    -25    -53   -105   -117   -155   -148     96    -63 
    -6   -125   -147   -131    -49    -68   -111    -22    246    477    538    -26    -10    -83   -109    -35 
   -52   -152    655    -55    -99   -137   -170   -157     75    203    -62    -76    -16    -89    -75    -99 
  -118    -76    -32   -106    -21   2383   2411   1787    662    394    -25   -141   1899    610     84    -27 
  -113   -158   1152    161    -96    -70    -70    621   -232   -186    -94   -275    -38   -170   -148   1413 
   844   1473   3552   3484   1087    -54    669   1206     65     71    -12    -56    365    -23    162     -5 
  -100    255    -69   -108   -150   -195   -156    -32    -47    -87    561     36    -24   2813   2892    -46 
  -148   1721   1178    -49     -1    -77    222    -70    -73     95   1440    -57    854     14   -152    -94 
  -222    -17    568   -163   -163    -79    -30   -134    -41   -161   -181    -94   1949    -70   -108    -70 
   -39   -126   -119   -176    -12    -48   -111   -100   -151    -11   -225    -56   1271   1937     -6   -172 
  -219   -166    622    -10    -43   -178    -23    226    -45    -88    573    -47   -224   -205    -36    271 
   -72   -122   -153    -16   -117     26    -67   1922    -19    -20    -53   -209    -10    800    -92   -183 
   -47    871    -18    -24    -17    -92    -86   -122    -64    620    -34    144    -20    285     -7    335 
  -103    -62   -134   -194   -107   -245   -121    -17   -167   -254    -29   1984    748    445    160    -32 
  -109    296    -97   1493   1185    -34    -30    -40    -54     82    755    661    -23   -105   -220   -271 
    -4    -53    -92   -143   -123    -27   1051    136    -29   -110    -57      9     -6    163    644   1033 
   -16    -96    -99   -138    -94    -39    -28    -46   -126   -143    609    -32    -35    -77     -1    -47 
   -61    -32    479    -41    -27   -102    -80    -25    -91    -69    -25    -46    -40    -71    -93    -94 
   -10    367    -56    -66    -28    207    345   -122    -77     -4    -78    -92    274    297    -80    -83 
  -103   -135   -142   -134    -98    -97   -109    -88    -55    -32     63   1126   1336    753    -14    -53 
   412    297    -12    -53    -41    -70    -12     -4    -20    -64    -82   -105   -101   -123   -137    -89 
   -83   -100    -86    -79    -66    -71    -44    -59     -6     93    -25    -53    -90   -109   -103    -97 
   409    -55    -62    -91    -58    -88    -69    -26    -69    -93    -80    -96   -127   -120   -103   -123 
  -122   -132   -111    -94    -71    -73   -120   -149   -127   -102    363    -29    -46    -64    -50    -28 
   -38    -17    243    -23    -37    -65   -117   -115    -91   -106   -140   -151   -113    -70    -37    -25 
   -36    -78   -107   -117    380    -15    -64   -106    -69    -35    -40     -2    -16    -34    428    825 
   136    -81   -111    -96   -126   -136   -130    -65    168    514     44    -37    -34    -55    347    262 
   141    -13    -40    -60    -38    -47     -7    -14    -55    -50     43    483    329    131    -38    -47 
   -26    -51    -68    -46    -70    -83    -79    -50    811    264    120    275    293    165    558    561 
   544    425    200     73     -7    391    290    238    586     -3    555    751    464    495    -14    -34 
   188     52    700    -10    286     -2     59    -51   1148   1071    862    632    451    677    157    656 
   405    935   1454    -89    978    -39    -32    -10      0    -16    -25    -27    -21    -96    -90    -73 
   -78   -100    -35    -25    -64    -26    -42    -40    -32    -29    -18    340    117    -19    174    -88 
   -79    -71    -26    -20     62    -10     29    -12    -60    -61    -28    -57    -63    -44    -55     -6 
   -61   -110    -94    -46    356    403    -23    281     42    -56    -24     -3     99    199    509    599 
   506    273    170     88    496    110    372    429    268    556     -1    -77    -51     -6    685    192 
    58    161     -3    -39    -18    368    291    803    860   1238     -6    -72    -34     20    164     17 
   714   1099     75    -12     -8    -46    -11     -8    224    -18    341    -15     39    -78    -32    -43 
    91     36    326    631     36    195    -34    -78    -21    -43     23    425     -2    497    287    -19 
   -52    -62    -85   -101    -77    -83    -37   -119    -63    -46     66    -63    -23    -41    340    382 
   199    -12    -10    -23    351    567   -216    -45    460     30    -35    -68   -179   -219   -203   -145 
   -80    -45    -71    -47    -47    -87    -37    126    306    269    822    514    655     61   1054    637 
  -196    -32    260    143    159    -34   -169   -203   -125    -75    -84    -26   -103   -136   -111   -109 
   -63    -15    455    -17    -10    -45    -13    -15    974    849   -128    -36     55    129    239     70 
   -34    -31    147    -15    -67     -9    -56   -131    -63   -112    -64    -21    674     46    406    726 
   914    238    700    926    -65    -56    -48     58    -19     -6    -23    445     -1    -25    -46    -94 
   -55    -74    271     -9     15    -24    936    833    -28    -29    -23    -32    -58   -185   -176   -233 
  -153    143   1469   1482   1471   1689   1310    793    358   -132    -70    -39    491    411    401    110 
   798    962    -52    -62    134    -47    -16    -60    -55   -201    -89    -37   1573   1288   1669   1705 
  2663   2401    946   -108    -80    -13    812    212    873    449    281    820    -51    -32    288   1289 
   994    568    441     -4     66    -27    854    508    488     49    498   1019    139    -48    577    -30 
   224     -6   1383     -2    196    848    -56    -61    997   1363   1492    863    842    865    -55    -56 
   808    439    594     -9    166    -60    -90    -49    273    -44    -35     -3    658    375    146    331 
   -86    -69    796   1435   1684   1260   1471   1364    524    256    472    312    129     -3     -4    -95 
  -105    -12    496    -45    -34    306    791    541    152    303    -89    -75      0    786   1617   1498 
   686    145    -18    191    -12    373    570   1023    534    -82   -146    -52    -63   -152   -114     -1 
   406     43    392     -9   -111    -98    -66    182    822   1110    458    -27    -22    -33     17     25 
   468    276    -78   -198   -139    -58    -23    -66   -128    -79    155    -17     -4    -47   -122   -114 
   -91    -46      4    428    428    109    223     98    239     47     -3   -117   -227   -356   -228   -148 
  -146   -172   -138   -145    -43    -16     43    699    -11    -15    152    -20     -4    236    305    155 
   282    555    598    340    -21   -164   -289   -285   -190    -97    -67   -164   -140   -169    -74     -9 
   -17    740    347    712    624    496    397    531    504    394    316    364    282     56    -14   -113 
  -197   -211   -129    -14    372    -24    -83   -108    -20    -10    -22   1037    995    928    810    779 
   802    837    950    996    734    695    493    129    -13    -41    -54    -65    -28    575    475    128 
    27    145    283    -12     -7    343    428    354    454    480    848    680    727    858    917    760 
   619    664    584    410    395    542    585    784    842    757    750    700    526     57    310    488 
   596    652    588    498    656    533    507    788   1014    869    816    977    720    519    415    495 
   559    851    995    831    752    679    497    107    367    683    635    628    517    333    239    167 
    61     33    155    117     63    297    282    101    -13     -4    251    508    532    542    565    529 
   488    155     19    213    390    456    369     88    -22     -2    133    355    446    370    144     96 
   165     82     -5    -28    -10    102    135    279    135    188    439     -1    337    802    786    877 
   485   1300   1586    901   1497   1344    546    114    -14     -9    287   1334   1027   1905    692     -3 
   -21    -11    -34    399    993    188    -96   -103    -88    210     -4     93     63   -120    -18     -9 
   120    -34    -48    -81    -87     -2    -26   -101    -11     88    -81    -38    -71   -107    -80    -73 
   -45    -24    -59    509    -10   1021    688    -47    921   1067    644    467     91    -18    -41    223 
  1431    866    176     -9    -22    -35    -32    -25    -35    -46    169    416     49    130    179   1312 
  1505    801    437   1285    831    447    -32    292    -19    -32    324    405     61     -9    -28    161 
    63     97    235    -26    -50    528    246    417    260    944    984    218    -20   -145    -56    120 
   660    689    406    128   1043   1515    718    513    -18    247    -16    -20    -22    -27    -27    -43 
   -14   1017     -2    165    473    -98     -4    -76    -54    -37    785    525    -62    -11    -47    301 
    33    372    394    275    -53     31    -24    126    377    345    607     -9     53    486    656    554 
   744      5    -32    -31     21    296    -73    -44   -103    119    -81    -12    613    718    751   1197 
   832    141    -51    -48   1503   1750    802   1436   1194    108    270    -56    562     11    623      1 
   -47    -53    -60     35    462    363     -6    466    391     25    580    -16    732    -25    -68      1 
   -50    200    299    156    235      0    975   1499   1012    281    656    343    533    571   1435    -72 
   -45    -51    -26    -29     -4    -19    303    206    393    460    490    772    676    379    590     53 
   723     -7    -30    -70    -32    -24    -13     -6   1604    -11    -76   -111    -18    -30     -1    -11 
    -3    -22    215   1374     35    277    177    542    469    -12    358    597    326    688     -7    -22 
    -7    -77    -71   1132     71    -45    -27    -54    -27    -42    -14    -60     -4    -42    813    224 
    -7    398    -64    -49    -12    414    834     -5   1015    822    953    135    -15     54    -45    289 
    -7    142    243    -44    -14   -119    -19   -180   -108   -163   -171   -201   -177    -23      0     -5 
  1334    -43    556    867   1842    881    -41    -12    -20    -20    264    -22    856    -47   2229    -26 
   132    612   2221   1560   1998   1679    964    701    107    425    -72    -46     -2     90   1188    824 
    67     68    521    148    145    313    903    -52    134    -98     -2    -14    960    764    816   1696 
  1564   1235    -44    -24    809    540    -60    -22    413    -47    -42    384    311    578    996   1833 
  1164    -43    142    -30    674     82    458    269      1     33    115    -33   -127    -17   -125    485 
   225   1169    899    -10     -5     -8    261    362    812    952    992     13   1623    200    701    686 
   175    696    605    759    650   1319    637   2433   1341    989    765   1009    602     98    403     21 
   643    896    649   1099   1497    -15    158    -47    -88    123      8     -5    649    721    535   1142 
  1137    508    218    183    423     22    -93   -140    -27    -11    -27     -9    -64      0    935    -26 
  1007   1790   1868   1669   2022   1467    927    887    552    573    813    572    746   1297    492    638 
   564    782    925   1124    -35    649    107    589   1405    362   1021    680    682    928   1000   1050 
  1273   1224    938    874    891    681    721    500    133    129    313    360    169   1111   1500    729 
  1165    670    599     -4   1334    335    591    468    406    385    362    338    271    283    562    441 
   658    441    600    645    499    737    404    820    874   1095   1516   1100    751    143   1072     66 
   226     17    246    317    317    651    496     32    291    136    368    478    641    968   1385   1147 
   885    347    417    490    591    502    253     -9    568    542    515    371    426    386    301    572 
   624    631    642    483    416    501    430    370    295    576   1073    790    392    730    544    593 
   341     59    174    285    262    376    464    423    158    239    367    512    466    311    666    850 
   458    397    382    601    554    328    276    454    254     -2     26    -13     39    191    225    431 
   657    753    890    922    365    758    244    133    105    135    231    279     -8    -23    147    456 
   332    313    354    206    301     58    -17    -32    -59    -60    -45    -62    -80    -42    -53     -6 
    94     -4    -35    -28      5    -13     -3     -8    -30     -3    198    -19    -37    -25    -13    -66 
   -69   -203   -122   -237    -99   -225   -232   -136   -290   -179   -119   -178   -162   -188   -103   -174 
  -256   -128   -164   -145   -168   -252   -288   -320   -232   -215    -62   -230    132   -221    -33    -53 
  -123    -22   -140   -165   -163    -95   -116    -69    -89   -166   -275    -61   -108   -107   -114   -156 
  -247   -303   -326   -250   -132   -137    957   -184    -27    -82    -66    687    -47    -28   -137    -27 
  -112    -54    -87    -77   -231   -172    -73    -13   -192   -210   -206   -158   -174   -129    -58    -99 
   484   -134    -71   -123   -148    -58    -85   -119    -95    -78   -107   -114   -167    -48   -141   -146 
  -172    -24   -100   -106   -106   -167   -201   -178    155    -20     62    -55    201    -77   -204    -40 
  -164   -132    -65     37   -195   -132   -106    -78    -64   -114   -127   -128    -75    -30    -69   -212 
  -155   -161    -15    431    -28    250    -28    -69    -92    -26    -68   -115    -96     -4   -162    -97 
   -84   -154   -188   -168    -94   -122    -79   -101    -72   -124    -69   -136    -26   -104   -143    856 
    -5   -163    -80    -85    -82    -80   -138   -109   -130   -128   -258   -303   -342   -210    -84    -23 
  -125   -203    -65    -91   -186    -68     90    -69    -41   -249     -3   -115   -210   -163   -197    900 
  -173    -29    -77   -254   -268   -411   -336   -183   -204    460    -78   -183   -139   -213   -273   -151 
   266   -101     77   -180    -74    -26   -220   -153   -298    -92    -56   -102    -66   -154   -126   -293 
  -267   -173   -306    -83    -28   -133    -83   -155   -227   -163    145    -98    -19   -125   -124    -52 
  -188   -145   -309   -175   -166   -192   -139    205    292    -64   -106    480   -150   -173     53    -77 
   -25   -115   -153   -166    509     -3    -90   -257   -124    -98   -264   -175   -176   -156   -194    -59 
  -125    -54    -74     10    -65    -52    -38   -345    514    -35    -64    -54   -184   -127   1343    -75 
  -139   1232     10    -36   -252     68    965    -42     12   1743   -234     -8   -265   -132   -270    -80 
  -178   -293   2869   1533     36   -113   -153    -80    537   -125   -284   2467     87      0   -154    -80 
  -119   -233   -146    132     -5   -194   -139     91   -314   -162   -230   -338    -13   3470    510   -176 
  -114   -218    -77    -46   -400    129   -128   -150   -102   -196   -178   -341    -75   -161   2755   -149 
  -252   -283   -112   -282   -220   -275   -132   1044    -59   -168   -126   -247    279    157   -258    139 
   783    -47   -105   -177   -238   -351    -61   1185   5090    608   -172   -179   -166   -321   -108   -219 
  -148   -121   -148    -72   -170   -186   1297    296   -170   1259   3736    183   -140   -124   -177   -209 
   -65   -134   1959    665   -128    206   -225   -325   -199    831   -121   -186    634    102    -96   -179 
   -69    -47     -1    -74   3870   1246   -134   -131   -107   -135   -160   -173   -283   -126    -75    -81 
  -199   -304   -191    791    466    -51    507   1254     -8    -79    -85   -125    -41   -142    679    960 
    58    -69     -7    -61   -107    -13   -117    -44    -25   -113   -233   -250   -129   -113     50    -89 
  -177    447    -72    -66    -92    -92   -166    -76   -140    -73    402    526     12    -68    -91   -111 
  -109    -85    -79    -70    -86   -150   -101   -209    257   -119   -155   -122   -151   -168    303    363 
  -155    -88   -170   -115   -177   -173   -135   -122   -140   -117   -143   -166    -67    -31    -19   -158 
  -178    -40    -80    -28   -145   -157   -107   -167    -44    132    -75   -113   -131   -110    -97   -100 
   -73   -118   -100    -69    -59    -31    249    743    798    -58    -76    485   -115   -130   -244   -159 
   -97   -166   -146   -138    -47   -120    -77   -101   -100   -124   -101    -90    -57    -90    -85   -100 
  -107    -90   -109   -105    212    661    -95   -126   -195   -173   -149   -150    -38    -99    -52   -138 
  -120   -157   -122    -97   -162   -110    -57   -121   -119   -104   -107   -140   -151   -151   -111   -115 
   -96   -116   -131   -126   -123   -148    331    -65    -45    -99    -84   -113   -125    -38    -70    -57 
   -26    -88   -102   -126   -105   -120    -90    -98   -129    -85    -63    -78   -150   -147   -148   -157 
   852    362     32    -26    -40     -2    -47    -24    125    212    185     -3    -57   -116    -88    -32 
   -37    -11    -71    -71    323    740    -80   -148   -153   -184   1116    997     79    -20    -95    -66 
   -22    -62    -94    -41    -54    -75    -81    -24     62     45    -35    -98    -50    -69   -106    -63 
   -62   -104   -185   -172    193    809   1116    438   1082   1060   1541    670   1296   1540   1327   1154 
  1011    887    644    874    973    599   1161    494    182    126    392    753   1368   1520    276    940 
  1108   1306    802    392    437    336    824    824    795    170      0    -44    -10    466    -17    -82 
   430    859    936    833   1276   1560   1659    898    763    567   1154    651     20    -16    -14    370 
   767   2095   1368    -12    -66    -86    -22    576    582   1031   1482   1176   1685   1607   1176   1141 
   951    209    362    406    750    -11    100     94   1088   1041   1192   1515   1394    736    101    -10 
   362    263     96     -3    827   1135   1145    759    184    493    435     35     55    660    508     -2 
   -22    -10    191    -36    -39    -72     -5    -25    156    636   1076    639   1265   1948   1389   1290 
   996     79    361    846     30    -21    153    707    709    861   1044     83    -19    151    -85    -26 
   -41     -6    495    860    998    749   1205    584    798    614   1065    132     98    -62     41    204 
   -46    203    -53    -53    409    372    671    235    148     55    -42    -14    442    517    371    204 
   912    772    522     73    812    884    465    888   1642    806    -65    -14    356   1696   1044    952 
  1053    -28   -127    -62    188     23    947    451    -57    226    375    476    227    -38    625   1979 
  1730   1857   1848   1052    -14     -2    -15    590    204    590    798    646    449    -20    139    588 
    -2    -20    -24    188    589    676    301    -21    136   1246   1278   1590   1517    981     -1    176 
   479    806   1173   1411    921   1153    752     -7    114     94    -49    -34    326    377     -5     -8 
   566    329    -66    605    148    377    512      6    -43      8     -9    375     -6    -67    105    -39 
   370    178    544    529     -3    -20    -46    -24    -21    -36    -30    -73    -81    -29    -38    -46 
   -59    -64   -106    -31    -43    -78   -191   -176    -60   -122   -111    -79    -51   -127    -72   -101 
   -77    -58    -69    -53    -38    868    233    -52    -77    -82   -100    -59   -104   -133    129    -57 
  -244   -210   -231   -143   -143   -186    -61    -37    -67    -92   -227   -150    -85    -59    -44    -48 
   -30    -53    -69    -96   -113     -9    -14    397    602    284    -23    416    -27    805    -17   1064 
   -37    -68   -166   -183   -137   -170    -71    550   -114    -48    -43    -16    -33     -6     -7    -32 
  -168    -58    -84     -3   -101    136    113     22     74    -62   -213   -248   -197    -52   1047    955 
  1424    717    -40    632   1015    238    254    599    197    293   -144   -104    -88    -91   -142    -17 
   175    -40   -104   -250   -241   -325   -206   -155    697   1164   1431    897    805    526    552    -26 
   -48    144    181    386    -47    -98   -302   -242   -228   -106     91     -2    -51   -134    307    440 
   532    387    531   1202    118    -49    -95    -81    -64   -147   -118    120    177    200    -92   -203 
  -158   -169   -161   -151    -60     -3    -10    -28    300     -1    -81    -14    503   1001    208   -113 
    -5   -108   -206   -260   -151    326    145    261    -47     75    897    560     68    299    435    306 
   379    345    768    955    544    491    152    -73   -114    -86    652    -67   -197   -226   -130    -43 
   182    423     -5    621    457    698    772   1032   1390   1102   1055   1089   1120   1044    947    556 
    -8   -106    -45     -5    -11    -51    -54    -40    -23    340    586    653    -29    720    830   1032 
   786    788    648    348    194    467    554    507    587    791    698    191    -17    187    136    -15 
    53    792    996   1092    945    703     83   1056    542    680    405    632    593    459    542    457 
   252    248     43    182    139    159    367    504     55    107    359    341    362    501    299    258 
   -37    358     -3     -7    -19     -6    -14    -13     87     83     -5    -16    -31    -18     -1    -26 
   -11    143    457    617    362    342    316    438    245     76    -59     -5    -18    -14    124     54 
   -25    -37    -43    105    114    132    231    529    508    212    159    197    304    349    121     32 
   -13    -13    -18    -18    -47     -4     -3    -12    -20    -25     -3    133    159     39    -26    -46 
    22    164     64    -28    -35    -21    -18    -18    -25    -23    -10    -25    -49    -32   -102    -68 
   -36    -51    -54    -72    -83    -49     -5    -35     38     -5    -25    -42    -24    -13     42     95 
   -21     44    436    114    -22    -19    -61    -76   -122    -90    -64    -63   -113   -127   -177   -154 
   -77    -59    -77   -120    -89   -122   -140    -18    -27    401    -26    -16     20    379    492    418 
   142     -2    -84    -53    -63    -71    -71    -16    -24    -75    -43    -81   -104   -140    -83    -91 
  -128    -64    238   1352    -18    -94    -71    -41    -41    -29     -4    -15    -54    -30    -71   -100 
   -94    -27    293    -69   -106   -155   -146   -113    -88    -71    -83    -41    -23    -14    -37    -80 
  -102    -80   -105    -95    -65    -48    -18    -61   -126   -110   -106    -75    -53   -110    -79   -135 
  -139   -113   -102    -44     -2    -51     16    -46    -86    -88    -94   -111   -107    -86    -82    -57 
   -64    -69    -90    -61    -35    -26    -11    -52    -77    -20    -68    -98    -45    -30    -32   -145 
  -126   -115   -120    -96    -67    -83    -86   -143   -126    -56   -127   -113    -76    -67    -48    -43 
   -28    -62    -97    -44    -25    -57    -95    -88    -90   -130    -62    -43    -71    -76    -48    -84 
   -82    -29    -21    -24   -133   -141    -68    -87    -74    -61    -38    -82    -80   -100    -52    -77 
   -39   -109   -138   -133    -64    -59    -85    -78    -33    -75    -98    -83    -44    -14    -74   -109 
  -126   -167   -174    -80    -23    -17    405   -133   -101   -134   -156   -129   -108    -58    -43    -74 
   -54   -106   -101   -105    -85    -70    -30    -21    -51   -103    -92    -65   -121   -133    -95   -139 
  -123   -150    -67    -93   -121   -112   -158   -159   -168   -173    -95   -124   -111   -100   -117    -99 
   -28    -46   -140   -216   -169   -111   -182   -188   -146   -171   -139   -175   -110    -56    -11    -61 
   -35    -46    -36   -158   -124    -67    -82    -61   -118   -107    -77    -85   -130   -138   -154   -186 
  -218   -165   -223   -257   -239   -229   -153   -149   -115    -78    -23     -1    571    -49   -123    -43 
  -146    -16    -86    -27     -8    -16     34   -227   -151    -94   -127   -106   -119   -183   -166   -119 
   -91   -129   -140   -115    -22    493    334    121    -98    -69   -154   -136   -118    -71    -28    -48 
   444    -49    -66    208   1849   1561   1755   1858    -69    -56   -270   -178   -203   -173    -82    -19 
   -16     58    -79    -36   -101   -113    -62    -28    -31    -43    -63    -54    120    -32     91   1218 
  1254   1317    421    165    -91   -123   -118    -16    -34    -84   -129    -83    292    919    -14    -58 
   -59    473    650    227    371    480    964    490    -16    521   1092    873    212    -11    -90    -94 
   -95    -12   1108    855    346     16    406    -26    -75   -114    -97    -61     -2    127    711    -72 
  -162    -28   -134    -51    312    521    577   2082   1989   1556   1441     54   1084    698    -53   -107 
   -94   -140   -139   -132   -179   -105    -20    -28     53    -57     84      0    -51    -87    491    343 
   485   1759   2195   1329   1164    554    472    -10    -31    -31    -11    -59   -113   -127    -81    -32 
   169      5    349    776   1164    324    883     44     65     -6    152    705    818   1056    883    597 
    -8     56    337   1436    756     47    -68   -119    -47    375    915    625    684   1185   1568   1316 
  1256    984   1103    907   1008   1258   1225   1380   1032    611     -4     -4    728    684    515    381 
   167    -13     16    384    692    348     96    476    238    762    470    423    573    246    158    241 
    -7     -7     74    255    -16     59    854   1337    919   1376   1406   1414   1427    752    619    272 
   655    449     97    265     -7    109     22    -14    -11    -19    -16    -19    -32     15     85    -20 
    -1    262    -13    579    557    229    322     10    146      0     64     38    -17     13    -12     88 
   101     92    372     47     -8    -21    -27    -24     21     -2    315    627    654    744    286    276 
   350    -11    -14    -19     -9     62    -27    -41    -42    -48    -53    -57    -38    -46    -74    -64 
   -19     37     -7     -9    232    231    -15    -22     -9    -16    136     31    -10    -27    -13    130 
     2     12    -20    -38    -26    -21    -22    -24    -15    116    421    233     27     -3     83    138 
    -7    -24    -29     -4     -2    -10    -27    -36    621    553    387    413    346    174    205    275 
   210    411    353    416    578    208      4    129    290    610    417    447    273    351    396    540 
   591    216   1774   2231   2182   2268   2226   2249   2116   1964   1984   1840   1489   1784   1956   1855 
  1784   1916   1851   1836   1542   1550   1722   1564   1703   2032   2266   1529   2994   3057   3546   2768 
  3227   2829   2976   2191   1763   2039   3164   2998   3895   4026   4122   3316   2236   2434   4117   3549 
  3455   3874   3400   3311   3637   2674    888    557     45    879    686    781    336    -25    -42    -12 
  1253    596   1708   1496   2175    756   -104    -36   1105    415    551    209    164    -26    108    -27 
   -88   -152   -244   -209   -216   -130   -101    -89   -145   -158   -137   -242   -113     -6    285    -95 
  -170    -43   -209   -232   -206   -248   -288   -321   -294   -266   -182   -218   -200    -73    -94   -113 
   -43    -96   -179   -152   -113    -96    -51    -22    -15   -178   -231   -267   -349   -269   -210   -221 
  -224   -195   -169   -129   -268   -328   -342   -202   -166   -115   -108   -125   -141   -172   -156   -151 
   -87   -197   -204   -207   -142   -138   -248   -262   -249   -182   -213   -175   -125   -128   -164   -279 
  -251   -262   -283   -207   -178   -180   -228   -197   -238   -259   -146   -182   -258   -152   -146   -232 
  -232   -193   -101    -97    -21   -150   -113   -129    -74   -235   -250   -304   -298   -265   -220   -298 
  -320   -236   -172   -241   -121   -165   -275    -27   -136   -222   -231   -246   -123   -177    -99   -153 
   -88   -134   -129   -264   -284   -174   -266   -174   -175   -212   -353   -278    -64   -135    -57   -255 
  -227   -102   -116   -226   -175   -245   -167   -249   -222   -260   -245   -215   -234   -285   -252   -164 
  -242   -137   -129   -197   -221   -344   -186   -207   -206   -183    -86   -136    102   -198    -58   -115 
  -139   -234   -224   -197   -160   -139   -143   -222   -252   -196   -217   -140   -255   -232   -216   -322 
  -353   -357   -326   -137    -62    -82    449   -253   -232   -314   -245   -114   -175   -135   -208   -148 
  -203   -269   -428   -343   -328   -202   -302   -301   -270   -460   -441   -399   -387   -304   -316   -291 
  -234   -287   -356   -510   -421   -152   -186   -152   -207   -183   -215   -360   -625   -597   -557   -409 
  -477   -531   -495   -581   -464   -401   -226   -324   -359   -296   -186   -285   -209   -256   -286   -148 
  -225   -228   -209   -116   -219   -221   -226   -321   -371   -302   -255   -236   -371   -213   -118   -113 
  -254   -234   -394   -288   -164   -279   -197    -42   1211    -88   -199   -237    -99    -46   -121   -226 
  -226   -316   -283   -280   -234   -233   -397   -112   -239     -7   -162   -117   -169   -201   -244   -321 
  -280   -116    -87   -105   -242   -142   -136   -221   -255   -302   -131   -261   -352   -295   -204   -222 
  -251    -13   -225    961   1331     -5    -28     -2   -156   -420   -376   -197   -180    -24   -228   -242 
  -124    -68   -232   -232   -142   -173   -264   -238   -190   -196   -237    -41    -66   -101    -53   -329 
  -172   -183   -260   -278   -185   -145   -157   -137   -336   -315   -120    -94   -165   -233   -195   -163 
  -188   -169   -109    -85   -122   -169   -154   -307   -206   -315   -173   -194   -235   -146    -81   -224 
  -145   -183   -232   -320   -141   -128   -144   -203   -107   -254   -197   -331   -147    -59   -126   -200 
  -229   -391   -276   -195    -89   -172   -152    -35   -113   -192    -39   -103    -48   -207   -126   -140 
  -121   -180   -116   -234   -234   -260   -228   -144   -133   -152   -185   -206   -184   -160   -112   -171 
  -296   -222   -185   -212   -134   -133   -322   -256   -241   -191    -93   -157   -139   -224   -169   -211 
  -213   -215   -194   -233   -226   -218   -214   -145   -147   -168   -196   -161   -295   -258   -148   -124 
  -193   -205   -217   -123   -175   -249   -168   -147   -185   -193   -190   -213   -189   -169   -152   -173 
  -192   -135   -245   -306   -335   -402   -370   -269   -216   -227   -300   -283   -209    -86   -140   -283 
  -263   -196   -186   -204   -209   -214   -192   -177   -161   -160   -170   -152   -154   -207   -267   -246 
  -227   -230   -196   -251   -195   -163   -171    -54   -127   -164   -171   -138   -148   -127   -157   -179 
  -174   -194   -153   -125   -101    -79    -74   -114   -115   -117   -124   -112   -174   -131   -124   -138 
  -165    -89   -152   -156   -164   -110   -126    -73   -125   -187   -193   -135    -99    -85    -73    -95 
  -123   -149   -129   -141   -129   -132   -201   -157   -217   -191   -162    -69   -114   -106   -118    -89 
  -124   -109    -90   -129   -149   -178   -246   -196   -151   -156   -153   -142   -105   -111    -91   -128 
  -163   -145   -168   -194   -195   -118   -226   -278   -245   -221   -252   -241   -231   -207   -267   -277 
  -277   -263   -263   -249   -198   -189   -214   -246   -278   -221   -239   -218   -238   -282   -262   -179 
   -37    -58    -75    149     81    439    644    873    439     -8    -29    -54      9     80     64    -22 
   150    -23    -49    -72      0    -47   -151   -175   -159    -93    -24    -55    -45    -18    379    852 
  1009    875    110    131    -17    -79     23     -4     -6    -24   1055    812   -137   -188    -76    -33 
  -106    -69    -43    123    -30    613    -50    -34    -13    513     73    -18    -57    -34    -60    -84 
   -92   -128   -113   -119    -58    176   -139   -150     52    868    -25    -17    -52    -20     -4    813 
    98    -10    -32    -26    -49    306    -57    -57    -47    -40   -123   -112    -82    -46     -5    794 
   -87    -67    158    685    193    325    -23    -27    -38    232    -13    -50    -47    -28    -39    228 
    -8     -5   -128   -119   -115    -27    300    -66    -67    -76   -106    -75     -2    478    520     36 
   -57    -46    -15    463    -38    -43    -44    -55    -21    434    -48    -86   -111   -189   -144    189 
   -23   -144    -51    391     79    -11     -2   1146   1473    -33    -76    -44    -39     -6    -52    -59 
   -67   -121     -4   1231     -7     -8   -100   -141   -105    -22   -119   -170    -76    437    326    -82 
  -125     35    397   -104   -119    -39    -17    -45    -85   -114   -112    -97    415   2231   1225    -39 
  -117    -77    -48    -14    -35   -103    123    -53    -30    -79   -198   -116    -37    -94    -97     -7 
    -8    -25    -74   -127   -168    -88    363   1499    -25    -66   -162    -43    330     14    -33    -29 
   353    -22     18    162    -79    -67    -69    -76    -50     98    -56    -41    -84    -83   -107    -65 
   243    662    411    -44    -74    -16     -3    -63    -51    246    381    -24    -20    496    339    -30 
  -118   -122    -84    -21    -43    -76   -145   -102    -56   -160   -134    -11     -9    -86    -28    -65 
   -57    -82    -75    -54    -16    -16    -69    148    176    -61   -133   -122   -105    -57    -50    -52 
   -44     32    -60   -197   -111    -62    -56    -22    -57   -138    -44    -75   -149   -128    -73     -6 
   -20    -39    -97   -143    -91   -101   -147   -107    -51    -72   1085    -52   -128   -141    -36    -18 
  -113    -58   -104   -184   -129   -262   -281   -265   -180     -3    -38    -48   -195   -201    -76    -72 
  -130   -127   -108     98    689   -123   -156    -13    -23    175    -63    -33    -81   -126   -137   -240 
  -348   -360   -230    -46     -6   -231   -336   -172    -99     -2    -96   -145     37     20    286   -105 
   -73    131     51    242    -14    597    -32   -132   -156   -168   -127   -157    -88     -1    -39   -234 
  -214   -126    -66    160    -19   -140    342   -188   -130   -143   -104    -43    -15     31    543    839 
    -4    -69   -137   -229   -107    -97    162    654    -27   -119   -112    -22    -54    -74    -64   -134 
   188    -84    -50    -98   -130    -21     73    395    671    -19     57    -81    -48    -31     -4    -50 
  1082   1106    -44   -111   -140    -96   -121    -87   -110   -104    661    344    264    -78    -35    -25 
    58      0    244     -6    109    -26    -34    116    -44    223   2639   3088   1029    -31    -55   -130 
  -186    -69   -107   -100    -58    -50     23    -31    -94    -12     -9    -42    -17     -5    -34    -62 
   -42    -26    -89    153   1349   2618   2235     50    241   -199   -228     59    -69    -83   -145    -63 
   -44    -12    -68    -24    -26    -24    -13    135    165     51     84    321    -18    -18    543   1765 
  1480    -64    -14   -127   -147    -10    -70    -64    -94    -51    -63    -21    -31     66      1    333 
   116    260    249    289    186    159    -15    -82     -6    908    352    -59    -57    -97   -123    -37 
   -57    -64    -59    -16    -34    -20    -21    -10    -24    149    149    161    257    301    158    -16 
   -55    -65    -29    175    229    -39    -90    -79   -110    -79    -51    -40    -34    202    -10    -15 
    -9      2    -18     49     62    -12     67     -2    -26    -38    -55    -46    -50    -29     66    -39 
   -67    -26    -84    -97    -73    -62    -35    307     38    -26    -24     -8     84    431     47    -26 
   188    295     27     -7    -11     38     -2    -11    -13    -57    -23    169    -83   -102    -88    -82 
   -20    493    152     -5    243    121    165    319    -20    -22    132    426    247    116    162    650 
   965    314     -6    -34     -5    391    -28    -45    -64    -57    -23    114    113     17    250    248 
   183     -5    -28    -24    -17     20     95     17    113    416    434    127     29    -54    -41    -12 
   -10    350    268     -4    -66    -59     -3   1704     -8   -105    -98    477    -21     50    -73   -101 
   -82    -60    -45    -42    210    587     -8    -67    -51    -70    -34    -53    -64    -57    -73    -91 
   -41   1461    151    -73    -25   1816     -6    622     78    -30    -50    292     -3   -130     -9   1353 
   -21   -148    -88   -119    -67   -110   -175   -154   -140   -147    -85     63     -3    -61   1195   1190 
     7     -2    -51    363     89    -55   -114   -179    -34    648     -9   -122    -32    -98   -101   -123 
  -142   -113    -64   -101    -87     -4    -56   -116    -47     10    334     78     17    -18    -35     -6 
   -47    -58     10    224    -65    -85    -59    -70    -53   -112    -79    -68     -2      5    331    -12 
   -19    -55    606    426    373    345    200    378    952   1384    280    -42    -12    270    -43    -12 
   401     -4    -31    -88    -58    -68    -61    -61    -46    -50    -33    -70    850    364     -9    -67 
   -11    -14    262    377    -60   -124    -15    354    161     45    151    892    623    317    568    -24 
   -74     53    393     -5   -106    -87    -52    -72    526   -108    -82   -117    -34    -97   -147   -104 
   -37     18     76    -60     76   2135    901    561    -23    -67    -32    146    -15    330    -30    -33 
   206    564   2122    -36    -93    -74    -75   -137   -125   -121    -58    -97    -19     14    -79    -75 
   -56    -11    -31    -33    -86    -77    -62     -9    171    -52    -76   1123   2338    284     78    307 
   -63    -79   -146   -149    -87   -128    451    335   -112    -76    -91    -11    -54    -66    112    -12 
   -82   -117   -143    -98    -93    -38     -9    -81    -32    -30    -36    -55    -49    -67    -47   -118 
  -154   -117   -125    -83    -59    -69    -71    -13     94    -50    -84    -18    281     -8    -13    -28 
   -56   -111   -137    -92   -103   -102    -26   -133   -226   -174    -74    -46    -52    -12    450    224 
    33    942    -92    -57   -154    -98    -69    -82    -54   -171   -169   -107   -149   -133     -3    267 
    97    502    -45    -60    201    -70   -130   -120    -71    -40    -33    184   1298   -108   -217   -204 
   -64   -141    -76    -85   -136   -132    -93   -110    -28    -65    145    559    -57    208    -79   -159 
   -88   -133   -117    -46    -91    108    -33   -128   -203    -66    -61   -115   -121    -61    -92   -147 
  -138    -92   1075    -32   1273    -52   -187   -190   -215   -167    -88    242    -47    -37   -109    -21 
  -179   -133   -140    -88   -162   -136   -163   -117   -161    -40    451    -61    -33     -3   1108    712 
   546    739    858    696    696    480     61    -29    -29    -12   -242   -102   -106   -118   -137   -207 
  -214   -204   -170     -9    331    -60    189    -90   -154   -166   -112    733    602    -48    -68    -37 
   -34    -68   -114   -114   -143    -18    -94    -87   -105   -155   -186   -208   -151    719   1389    187 
  1288   -136   -256   -291   -186   -124    -73    -91    178     -6     -4    -94   -246   -208   -165    331 
   232    213    550     -5    -54   -133   -153   -132    -73    -66   -157   -186   -208   -220   -136    -73 
  -124   -119    566    744    475    201   -146   -196    -94    323     39    646    558   1205    -32   -149 
  -159   -149   -115    -99   -107   -115   -118    -79    -66    -25    -88     -8   1691   1066   1243    -25 
   -41    -88   -127   -105    -90    -20    -19     28    -58    -60    -36     -9    -31    -62    -36    -40 
   -90    -14    450    -12    -61    -53    797     -4     -9    -11    -43    -56   -127   -169   -115    -58 
   -62    -76    -80    -58    -39    -17    -28    -56    -53    -20    -82    -44    706    924    -39   -125 
   -96    -67    188    384    -36    -91    -93    -62    -70    -58    -49    -76    -77    -40    -15    -36 
   -44    -47    -49    -57    -80    -66     -5    559    306    -98   -133   -132   -107    -74    -43    -75 
   -89    -95    -86   -110    -79    -82    -97    -84    -88    -66    -73    -81    -85    -89    -80    -71 
   -80    -87    -60    -99   -103    -93    -69    -59    -51    -73    -94    -80    -74    -76    -45    -55 
   -55    -25    -93    -93    -45    -22    -32    -60    -78    -98   -102   -111    -95   -120    -48    -60 
   -50    -60    -41    -67    -61   -100    -58    -41    -28    -68    -75    -39    -30    -93    -76    -62 
   -88   -115   -116    -83    -51    -50    -47    -78    -11    -20    -35    -58    -66   -116    -37    -75 
   -63    -36     70    247    221     -3    167    -32    -49    -20     -3    -30    -30    -11    163    123 
    -9    -55    -48    -15    -27    -26     -9    -30    -29     22     -3    -23    -27    -21    -37    -40 
    -6     -6    -18    -37    -32    -33    -21    -13    -22     -8    -44    -23     46    -15    783    -14 
   245     -8    480   1434   1475    982   1005    991    819    904   1122   1396   1076   1121   1305   1450 
  1335   1323    857   1328   1037   1335   1352   1284   2652   1232   1786    697    -22      0     27    -21 
   183    -23    -21    -30    -17     -1    -12     91    478    490    202     72     48    180     65    163 
    -1    -10   1484     -8    882     -5    295    858   1314   1194   1301   1582   1709   1417   1058   1379 
  1287   1510   2137   1673   1646   1699   1288   1293   1313   1367   1328   1188   2802   1375   2022    420 
   -14    -31    -13    -58     -6    133    462    463    155    142    -10    232    343     90    167    171 
   -19      0    -14    -22    -11    -33   1141    -30   1052    -16    -27    -26    326    -39    -20      0 
     3     85    171    -15     46    213    253    -27    223     76     -3    365     -5    -19    -15     -3 
  1004    -12   1056     -1     -4    -12    257    -38    -38      0    -16    128    246    -37     81    114 
    50    -46    141    116     -5    447    262     25     31    400   1375     73   1033    -38      0     -8 
   280    -29    -33    156     -3    316    558    -23     29    -16    -34    -41    521    527    117    502 
   396     -4    -14     82   1479    378   1207     -6     -5    313    650     35     -8     65    -18    107 
   333    -14     -3    -11    -16     -7    215    384     -1    313    262     -2    -20     -1   1321     65 
   918    -16     -8    314    468    -23    -31    -20    -14    120    383     42     -2    -20     -7    -32 
    -8    -16    -37    107    -19    -32    -19    -41    973    -10    752    -16     -7     -3    -21    -12 
    24    129    206    483    505    -13    -14     -1    -24    -52     -9    246    -26    -38    -30    -46 
   -10     65   1168    248    956     56     -3    -37    -25    -32    171     36     10    -23    -44    -74 
   -72    -75    -65    -77    -49     -6    -31    -45    -36    -61    -69    -31    981    175   1085     -4 
   121    -32    -88   -175    -92    -71    -68   -110   -120   -144   -124    -44    365    469    226    251 
   135     -5    310     -1    -18     72    914     98   1290      5     23     57    -17    -93    -63    -30 
   -17    -53    -38    -21    -25    238    481   1104    736    883   1078    597    981   1308    647    220 
   825    -38   1024     16     -6    -30    -18    -51    -33     -4     97    269    201    445    382    119 
   -10    265     -9    251    165      7    430    839    843    347   1423    -49   1386    288    -52    -66 
   -44   -105    -75    -43    -15    -16     14     -5    209    164    392    -19    -53    -57    -44    -13 
   -13    171    283      3   1103    -56   1082     -4    -11    -24    178    -37    -38    -76    -62    -59 
   -22    171    633    933    400    179    -43    -44     -1    220    -10    373    485    112   1359    -34 
  1058     58    120    147    565    314    172    -55    -26    -12     12     13     -5    582      0    -11 
    -7    438    528    773    246    392    431    398   1890    186   1578     82     -7     -1    273    440 
   254     59    -24     10    313    137     -7    513     -1     35    278    389    286    427    393    330 
   454    622   1917     93   1355     -2    -20    -45    -20    -32     61     -6     -2    141     85      2 
    -4    274    -10     -8    303    485    504    114    -28     95    123    563   1696    -38   1059     21 
   -30    -41    -48    -53    -13    145    101     69    119     -9    -20    -12    -21    -14     -4    108 
    24    -27    -38     -2    -10    182   1521    -51    825     -1    -11    -15    -36    -54    -11     -3 
    -4    -15     -3     75    147    119     -3    -13    -18    -17     57    -11    -18     -9    -16    205 
  1658     -2    810     -7    -14    -31    -37    -66    -15    -11    -12    -13    -17    -16     -7     47 
    86     -3     27    153    454    418    264    161     -1    144   2056    270    862    -11    -19    -38 
   -40    -71     -7     -6     -9    -12     -1    -20     -7     15     12     -8    -10     -5    117     98 
   122     -2    -15      0   1832    143    837    -22     93    -18    -18    -45    145    155     20     -6 
    39    -14     14    156     -2    -16    -10     -7     -9    -15     -9     -9     -3     96   1656    108 
   851    -29     -5    -12    -26    -39     74    108    110     95    185     -6     -3     26     24     94 
    84     23    -13    -18     19     -3     71    235   1135    150    610     -8    -15     11    -33   -110 
  -101   -145   -162   -103      0   -140   -225   -186   -165   -192   -101    -81    -56    -37   -143    -98 
  -100    -72    -89   -114   -165    -95    -49   -123   -143   -136    -59    -56    -95   -121   -121   -278 
  -215   -133   -167   -166   -115    -82    -97    708    -41    -34   -102   -104   -159   -209   -177    -67 
  -133   -143    -67    -63    -61     -7    -52    -30    -68   -147   -111    -10   -103   -153    -99    -27 
  -160   -148   -107    -25   -157   -149   -159   -111    -78    -44   -154   -130    130    -11     32     98 
   -83     -2     -5    -65     -2     -5   -102   -157    -99    -30   -142   -212    -91    232    -65   -126 
   -53    -45    -35    194    -70    -37    -80    -81    -67    -67   -142    -93    -71    -75   -116    -38 
   -55   -135    -97    -54   -162   -146    -43    522    228    -93    -81    -56    -45    -27     -8    598 
   -88    -65    -42    -50   -173    -88     21    -85   -152     -5   -130   -186   -126    -87    -21    -92 
   -52    215     -1    -41    -94   -101    -60    -62     94    588    450    204    148     -5   -100   -144 
   697    -47    -51     -3    -80   -146    -68    -35    -95    -75    -31    -28    340     -6    -77   -115 
  -179    -90    -43    302    -16    -61    -44    -39   -130   -167    722    -15    -68    835    -25    -10 
   387    -82    187    -66   -106    152    -27   -244   -209   -197   -233   -127     -7    -41    -35    -62 
   688    -23   -142   -149     -6    626    440   1121    210    -41    -23   -100   -126   -105   -114    -54 
    -3    -73   -114   -132   -171    -97    132    654    -38   -139    -13    649     -2   -141    396    -38 
   316    -37    -28    -70    -62   -129   -155    -28   -226    -63     13    -91    -84   -113   -104    -65 
    -6    -33    -21    921    398   1281    286   -121    -20      1    951   1098   1261   1495    578    -46 
   -11    989    138   4434   2805    -36     42    -40    -31    287   1060    186   2140   2707    231   1062 
   -57    200   -101   2531   2512   1845   4303   3535   2221   3258   2471   1459     70   1748   1083    -62 
   -66    -38     -7    319   1587    -98    897    -36    502    966    -74    247   -122    576    -39    -48 
   615   1695   5341   4806   3095   2506    -54   -211    -18    -27    -25    216    -61    -41    -14    -86 
   -78   -178   -188    -86    -70    -81     97    -31     40    324   2192    968   1356    280    -48    -31 
  -102    -71   -143    -29    -28    -97   -130     81    -23    -98   -132   -275   -167   -113    -90   -144 
  -152    -68    665    -69    -41    -51   -116   -119    -95    119    539    -30    -14   -112    -86    -71 
   -98     -3    -23   -104    -82    -67   -116   -112    -84   -105   -120   -186    -96   -141   -127   -107 
  -116   -125   -113    -11    -11   -100    -57    -26    -17    -32    -87    -45    799    -58    -84   -117 
   -99    -38    335    870    -26    -58    -67     -5   -141    -94    -81    -96    -53    -55   -137    -16 
   -68   1382   1856    288    -37    -39    155   -143   -109    -79   -169    -49    362    885    452    -62 
   -48    356    -66    -93    -64    -96    -74    -51   -187   -132    -72    384   -147   -125   -169    -75 
   659    -47    -23    141    -15    437   1020    113    -88    -90    -56     -8    -28     55    -77   -186 
  -256   -293   -219   -132    -14    -24   -167   -302   -172    -71    790    -34    -16     -6    -49    -86 
   -86    -52    -46    -55    -86   -100    -78    -19     -7   -116   -179   -130   -108    -53    -71    -61 
  -123   -164    -48    -31    566    -55    -38     25    -77    -58    -92   -129   -101    -99   -100    -75 
   -45    -28    -33    -75    -78    -55     -1    -34    -40    -38    -85    -50    -29    -38    -44    -47 
   -70    -68    -89    -87   -126   -104    -53    -99   -106    -99    -95    -58    -45    -22    -44    -63 
   -13    -26    -43    -61   -113   -103    -71    -28    -43    -83    -74    -86   -106    -94    -99   -108 
   -70    -73    -78    -89    -90    -60    -52    -58   -107   -118   -104    -27    -33    -75   -108    -94 
   -82    -56    -67   -110   -114    -96    -98   -111    -99    -74    -53    -21    -44    -79   -107   -113 
  -116   -112   -134   -143    -89    -54    -53    -56    -69    -66    -68    -13    -21   -103    -55     -2 
   105     -3    -28    -31    -12    -10    -33    -89    -61    -81    -70    -68    -98    -78    -51    -41 
   415    -41    -28    363    290    338    -34    -22    117    -22    -20     72    199    192    136    -40 
   -35    202    731    665      0    -45    -38    -12     31    -13    -25    -38     -4    560    624    504 
  -190   -145   -199   -185   -175   -211   -255   -206   -188   -207   -146   -164   -215   -128   -138   -117 
  -145   -138   -139   -112   -100   -110    -84   -150    -47    -46   -131    -18   -114   -195   -137   -171 
  -120    -68    -59    -83   -173    -61    -83    462    254   -155   -103   -175    -75   -157   -137   -238 
  -154    -93     -5    -25   -167   -134   -173   -143   -176   -207    -50    -44   -180    -97    -59    -29 
   -17    421    -57    -83    -68   -108   -116   -146    -78   -119    -67    -76     -2    -14   -189   -165 
  -127   -154   -141   -141    -71    -70    -44    112     17    -72   -121   -165   -172   -213   -223   -195 
  -139   -231   -160   -210   -219   -225   -211   -100   -169   -122    -84    -67    549    -92    -36    -46 
  -101    -26    743   -100   -213   -204   -150   -290   -232   -240    -82   -142   -266   -272   -349   -277 
  -354   -186   -164   -229   -221   -216   -182   -225   -123    -42   -127    -93    -18   -177    -92   -200 
  -157   -234   -194   -139    178   -181   -260   -291   -283   -247   -232   -131    -45    278   -199   -207 
  -108   -208   -229    -88   -179    -86    -83   -133   -101    -57   -122   -187   -238   -141     -8   -227 
  -206   -202   -354   -358   -100   -104   -211   -203    -97   -122   -220   -268   -195   -158   -339   -212 
  -175   -221   -221   -205   -251   -225   -366   -309   -165   -291   -205   -203   -287   -193    -84    -76 
  -227   -338   -212   -143   -247   -421   -286   -317    -99   -270   -295   -244    -20    -61   -100   -119 
  -182   -190   -223   -249   -115    -80   -133   -101    -94   -165   -130   -270   -202   -158    -88   -201 
  -244   -164    363   -133    -10    -81    -61     -6     34    -24    -12    -47   1220   -148   -215    -25 
  -120    -76   -102    -70    -86    -75   -116    -66    853    272    -61   -114    -29   -136   -139   -234 
  -286   -123   -198    -96    -52   -115   1477   -184   -253   -154    -73   -128    -98    -40   -280    -61 
  -131    -41    454   -171   -144   -243   -212   -415   -454   -284   -155   -162   -249   -266   -316   -311 
  -198   -382   -280   -101    -51    -40    -79    958   -188   -208   -535   -351   3983   1773   4665   7372 
  5495   -222   -334   -233   -126     -1    451     -9    -97   -221   -110   -227   -392   -252    -75    593 
  -132    -16    -85   -129   -461   -405    197    257    782   3228   4065   2209   1655   2208    172    398 
   -94    -95    -64     -3    296    -47   -162   -319    -89    405   -161    -75   -136    -15    352    173 
   -87   -166   -170   -172   -114   4271   1886   1978   1352   -215   -118   -102    -67   -100   1059    809 
   -76    -77    -71   -140   -140    675   -206    -55   2484   2294    -42    -69   -101   -197    -51   5619 
  3296   2338   3355   -232   -256   -168   -206    -44    -48    -13     -2    773   1132    -27   -124    -80 
   -83    632   3791   1217    132   -170   -143   -243   -239    -13   1059    -74    -96   -301   -252   -236 
  -177   1891    -47    811   3587    -36    -59     -9   -133    -73    -15    468   2200    978    382   -151 
  -124   -207   -322   -298   -160   -294   -248   -371   -307   -303   -339    -53    -53      7   2154   -217 
  -246   -229   -211   -169   -213   -414   -279   -159    -83    -86   -149   -181   -188   -201   -153   -187 
  -243   -305   -256   -207   -330   -204    236   -108   -192   -324   -318   -188   -143   -190   -176   -269 
  -127   -134    -53    -87   -106   -145   -110   -148   -140   -124   -121   -179   -233   -253   -287   -127 
  -106   -212   -270   -271   -306   -160   -157    -83   -177   -258   -206   -120   -145   -188   -154   -169 
  -114    -92    -83    -95    -71   -102   -163   -216   -237   -242   -199   -204   -200   -239   -248   -186 
  -121    -81   -101    -60    -72    -15    -74    -81    -72    -92    -51    -51    -48    -59    -39    -63 
  -112   -170   -120   -161   -151   -170   -178   -210   -196   -178   -128    -73    -86    -38    -37    -46 
  -120   -118   -101    -64    -28    -94    -93    -67   -108   -116    -59    -81    -64    -99    -69    -78 
   -96   -157   -171   -157    -85    -73   -107   -116   -159   -142   -175   -170   -163   -167   -170   -156 
  -157   -133   -101    -67    -57    -76    -90   -117   -103   -179   -180   -163   -127    -90    -79    -76 
   -99    -94   -100   -141   -151   -121   -103   -104   -141   -135   -112   -129   -142    -88    -81   -123 
  -129   -127   -146   -149    -51   -148   -107   -130   -135    -53   -114    -88    -65    -79    -74    -80 
   -55    -51    -29    -74    -89    -76   -106   -119   -135   -119    -93    -40    -33    -27    -37    -59 
   -71    -81    -92   -100   1708    652    -18    -21   -103   -135    -91   -121   -163    -52    652    903 
    65    493    -18   -112    -43    -20    462    -33    789   1214   1149   1870   1654    -17   1349   -186 
  -191   -148   -178   -142   -182    -76   -142    231     14   -141   -207   -143   -160   -220   -102   -119 
    26    574   1857    869    193    -31    -82    -87    393    -45   -105   -174   -183    -88    -15    -28 
  -167    -79   -197   -226    -68    118    480   -153    -83   -115    -12     -9     -2    -72    -82    -55 
   -40     23   -106    -69    -29    -31   -174   -209   -122   -146   -211   -223   -195    -82    -61    -48 
   -88   -183   -143   -210   -156   -222   -264   -213   -106    -65    -31    -29    -62   -132   -100    -57 
   -98    -89    -46    -47   -149   -200   -150    -93   -161   -218   -279   -201   -115   -108   -170   -230 
  -255   -242   -152   -139    -93    -79    -44   -131   -113   -146    -81   -102    -57    -59   -195    -71 
   -99   -188   -194   -161   -109   -112    -60   -153    -99   -155    -99   -185   -129    -97    244    284 
  -101   -132    434     -9      0    -74    -73   -139   -182   -118   -137   -221   -153    -53    150    -50 
  -107    -31    -18    -75    -65   1522    616   1732   2047   1066    -58   -147     54   1424    970    -59 
   -98   -139   -241   -150    -96   -106    -68    -45    -39   -139   -219    -87    -57   -117   -180    -64 
   -47     -8    537    -33   -118   -123    -16    111    250   -133   -199   -179   -294   -257   -172   -180 
  -233   -166   -180   -263   -331   -168    237    -32   -210   -181   -143   -129    -88    -94   -121    -27 
   984   1123    -91   -130   -156   -190   -253   -255   -284   -199   -165   -223   -250   -219   -303   -211 
   -75    -78   -188   -248   -192   -162   -147   -140    -60   -103    -27    -74   -173   -257   -340   -251 
  -265   -259   -217   -188   -208   -237   -264   -215   -203   -171   -205   -159    -52   -121   -172   -227 
  -156   -130   -132   -248   -165   -163   -174   -300   -304   -249   -283   -232   -253   -206   -100   -235 
  -263   -203   -229   -252   -133   -108    -92    281    -47   -229    -58    -78   -110   -170   -302   -324 
  -215    -66   -179   -287   -257   -429   -502   -484   -300   -327   -359   -347   -270   -201   -263   -356 
  -234    -91    -52   -204    -50    -17    -37   -126   -504   -489   -148     48    505    -19   -134   -344 
  -452   -403   -209   -296   -332   -241   -125   -183   -332   -408   -326   -231   -161    -37   -121    -75 
   906    -55   -374   -293   -189   -113    -11     45    -46   -320   -360   -449   -287   -351   -277   -206 
  -114   -241   -347   -435   -325   -306    -87   1456    430    -14    137    -78   -223   -203    -87    -67 
   -13     68    -73   -228   -335   -240   -261   -160    -87   -114   -158   -240   -272   -288   -187   -238 
  -135    -84    123    141    -83   -172   -402   -348   -167    -50    -41    -96   -183   -167   -300   -261 
  -120    -47    -45    -94   -279   -405   -441   -231   -307   -288   -272   -178    170    298   -152   -237 
  -396   -427   -316   -216   -117    -88    -98    -91    -76    -71    -24    297    169   -138   -207   -266 
  -413   -304   -349   -290   -275   -189    -38      7     -7    -75   -183   -330   -247    -61    467    -11 
   -10    392    516    572    922    733    -58   -219   -136    -41   -351   -279   -167   -139    -99   -307 
  -157    -18    720   1048    -27   -146    -89    -71    -46    -74   -120    -89    -62    -91   -121   -180 
  -231   -302   -227   -145   -346   -172    -59    -82    340   -256   -215    -96    767    -27   -155   -176 
  -185   -151   -119   -108   -129   -137   -152   -145   -146   -219   -224   -213   -246   -296   -241   -114 
  -138   -161   -106   -138    -87    -61    191    -18    -76    -73    -88    -85    -94   -113   -132    -95 
   -97    -78    -73    -74    -92   -133   -148   -137   -106    -77    -79    -42      0     25    -32    -61 
    -2    130    301    310    290     -7    -48    -65    -80    -91    -81    -98   -101   -112   -145   -119 
   -89    -76    -73    -57    -51    -45    -76    -52    -76    -58     -4    -55    -87   -113    -91    -68 
   -92    -79   -102   -111    -87   -109   -126   -101   -121   -115   -133   -123   -146   -162   -156   -124 
  -134   -128   -127    -83    -40    -87   -139   -147   -124    -90    -56    -30     -4    406    360    -21 
   -51    -64    -46    -66   -115   -141    -99    -91   -113   -111    -90    -75    -90    -73    -65    -61 
   -68    -78    -87    -53    -60    -89    -63     -1    886    879    -23    -60    -35    -30    -64   -107 
   -64    -13     -3    -14    -32    -49    -48    -74    245    -24    -35      0    -39    -55     65    -60 
   -39     22    -51    -90    -91     -8    328    -31    -85   -156     -8    -34    -62    -60    -76    -31 
   145    103    216    -86    -94    -83   -102    -68    -85   -145   -128    -66   -139   -185   -175   -124 
   -40   -102   -184   -267    -97    -89    -60    -90   -107   -117   -114    -77     -9   -117   -123   -119 
  -115    -71   -102   -158   -166    -88   -176   -219   -199   -187    -50   -116   -116   -137    -86   -101 
  -121   -153   -157    -97    -72    -92    -45    -89    -74   -107   -121   -128    -46    -43    -69    -36 
    73    -88   -111   -121    316   -113   -150    -75    -72   -102   -174   -144   -158   -116    -81    -78 
   -64   -132   -133   -139   -195   -184   -128    -83    -80    -42    -99   -147    -99   -208   -110    -58 
   -61    -34    -35    -41   -129   -115   -158    -85    -44     57    145    -50    -52   -164   -154   -119 
  -124    -71    -75    -46   -136   -161   -112   -140   -113    187   1576    380    -20    -42    -64    -61 
   -37    137    778    320    483    -13    228    -19   -114   -140    -14    -73   -144    -52    -40   -135 
   -87   -115   -144    -19    -95   -175   -147   -167    -99    -25    -77    -25    -45    -42    -10    -79 
   -18    184   -123   -173    -54     58    573    -14    757    598    -15    -97    -99   -159   -180   -237 
  -215   -166   -215   -242   -195   -150   -107   -104    248    -73    -37    -75   -102   -171   -116    -17 
   -35     -8    346    271    -43   -109   -124   -175   -150   -195    -92   -100   -118   -103   -117    -93 
   -73    -82    -22    -37    -20    -55    -33    -66    -37    -36    375    212    -37    -79   -115   -179 
  -209   -231   -196   -199   -163   -130    -44     -6    -83   -113    -90   -110    -42    -90   -109    -86 
   -32    -78    -54    -76     -1     -4    -51    851   1404   1303    640    -71    -80    -89   -150   -110 
   -14    -65   -101   -162    -56   -124    -18     45    -28   -119    -16     42    877    665    403    617 
  1410    680    831    218    155   1186   1861   1124    -65    -19    -89    -78    -20    -55    308    -25 
   -63    -99    704   -133    -60    -25    127    -24   -117    -41     -6    -66   -291   -345   -158   -170 
  -100    732    -84    -10    -45    -49    -65    -36    544     -4   -151   -132    -30    -14   -203   -129 
   -86   -131   -180   -177   -116     -3   -210   -370   -391   -400   -298   -285   -226    -12   -111     -7 
  -127   -103    -75    -89    -81   -135    -24    -79   -158   -150   -113   -143   -205   -240   -205   -105 
   -87   -153   -160   -173   -134   -196   -146   -138    -32    -68   -190   -124    -91   -116    -68   -233 
  -131    -96   -194   -173   -129   -167   -193   -256   -189   -193    176    -97    298    393    -75    -93 
   -98   -127    222    -32   -128   -137    -73    -81     -3    -83    367    -82    -74   -157    -30     -7 
   -98   -131   -200   -315   -162    -85    -60    -67   -192   -208   -173    -76    -70    -72    -15    -63 
  -124    -70    -43    -86    -47   -112    544    -44      4    447    544     -6    -66   -134   -106   -120 
  -208   -248   -416   -327   -268   -162    -76    -38   -187   -165   -206   -165    -95    -80   -142   -127 
   -16    197    632    497    225     65     24    -15    -30    -26    -95   -197   -310   -257   -248   -209 
   -61   -103   -157   -151   -119    -86   -107    -88   -109   -102    -69    -95    -78    -17    -21    -29 
     2    -12    -31    -49    -53   -109    -79    -61   -150   -125   -129   -190    -36    -68    -65    -44 
   562     -8    -29     15    -30    -48    -47    -25    -24    -35    -23    -12     -6    -25    -49    -70 
   -52   -112   -130    -74    -80   -155   -116    -42     -7    -29    -46    -98    -48    -34    -41    -41 
   -65    -76    -58    -49    -52    -62    -57    -46    -59    -48    -44    -53      1    226     -5    -33 
   -56    -42    -25    -30    -77    -89    -42    -33    -28    -20    -35    -75    -96    -72    -62    -73 
   -81    -50    -60    -65    -79    -94    -54    -29     -6    -17    -57    -53    -43    -48    -94   -120 
   -66    -76    -69    -59    -42    -75    -95    -87    -86    -48    -75    -59   -104   -112   -143   -168 
  -126    -98    -83    -63    -92   -102   -101    -74    -69    -99    -22    -39     29     -5    283    115 
    71    211    432    211    -22    -43    -30    115     27      9     -1    612    271    -18    -36     80 
     0    -31     -8    -53    -22    -60    -38    -27    158    213     22    -34    -23     -3    -16    -12 
   -33    -44    -58    -40    -49     -2    -13    -36    -26    461    591    213   -122    264    -17     16 
   -16    -46    -47   -105    -61    -90    -24    228    -22    307    -96    -36    -76    -48     47    -19 
  -119   -179   -195   -172    -91    818   -322   -135   -171   -187   -152   -164   -106   -237    -99   -148 
  -105    -33   -127   -126   -223    -71   -101    -86    -58   -240   -247   -301   -292   -286   -222    -46 
  -242   -104   -189   -124   -236   -105    -86   -176   -118    -84    -36    -73   -218   -134   -144   -111 
  -252   -150    -82   -225   -263   -290   -239   -231   -138    -86   -226   -110   -114   -132   -269   -215 
  -206    -95   -141    -25    -24   -132   -288   -176   -145   -195   -156   -214   -208   -208   -197   -280 
  -250   -186   -136   -121   -178    -93   -147   -140   -212   -191   -174   -168   -126   -180    -76   -217 
  -263   -192    -54   -245    -58    -30   -147   -174   -150   -178   -205   -183   -176   -163   -215   -121 
  -226   -122   -121   -142   -180   -178   -290   -223   -151   -245   -197   -184   -174   -317   -102    136 
  -133   -196   -128   -118    -74   -200   -169   -167   -170   -155   -223   -180    -36   -147   -264   -261 
  -233    -44   -264   -159    -44   -228   -369   -274   -252    -99   -183   -127   -136   -176   -136   -209 
   -76     -6   -115   -133   -121   -172   -121   -161   -260   -313   -127    -82   -196   -220    484    -96 
  -300   -272   -318   -209   -226   -175   -190   -146   -142   -164    -70    -28   -142   -109   -113   -116 
  -266   -184   -165   -167   -207   -206   -109    -92    -44   -205   -249   -331   -211   -110    -80   -290 
  -313   -210   -157   -189    -84    -55   -167   -160   -214   -105   -161   -221   -150   -140   -286   -184 
   -63   -121   -199   -296   -230   -256   -171   -162    -85   -276   -241   -131   -200   -178   -137    -97 
  -155   -135   -235    -78   -114   -119   -176   -216   -209   -244    -55   -131   -324   -123   -159   -153 
  -149   -209   -208   -136    -59    -67   -187   -152   -153   -142   -187   -173   -305    252   -152   -131 
  -276   -393   -200   -244    -21    400    -87   -196   -333   -269   -187   -106   -123   -165    -26    301 
  -230   -203   -201   -138   -171   -239   -365    977    308   -265   -128   -245   -275   -330    -95    268 
  1483   -348   -239    -52   -103   -176    -17     -6    -11    450    469   -203   -232   -181   -262   -138 
  -169   -238   -238   -227   -194   -184   -323   -223   -232   -128    -35   -207   -173   -218   -154   -112 
  -220   -101    -52    -69   1460    -32   -111   -191   -255   -129   -132   -212   -254   -119   -163    -83 
  -116   1877   -145    -74   -272   -122    164    -61   -125   -221   -200    -42    -89   -156   -168   -140 
   -53    -49   -160   -126   -110   -267   -266   -171   -144   -115    -77   1063   -119   1293   -140   -121 
   -30    -52    299    -15   -114    709    -12   -262   -282    -93   -100    -37   -130    438    -84    -91 
  -294   -180   -175   -181    -93   -154   -275   -144   -183   -162   -148   -133    -66    -34    -25   1549 
  1022   -245   -152    -66    159     12    -94     63   -150    -78   -144   -212    -47    -45   -116   -104 
  -107    -86    -78   -118    -72   -185   -173   -225    -59   1029    600   -113     -6   -103    -14    -15 
  -155   -192    -68    -95    -57    199    325   1134    399    -74   -114    -42    -56    -70    488    -59 
  -129   -147    -75    318    -13   -158    -43    -81   -110    -26   -179   -185   -147    -29    -31     -8 
    -1    -24    -24    -30    -54     -3     24    -73    -40    271    934    -70   -170    -75    150    -45 
   -43   -209    -69     99   -210    -89    -92    -47    -99   -101    -99   -112   -123    -66    -76   -100 
   -16    517    391    376     14    -87   -135   -181   -132    -35    -35   -169     95    382   -243   -116 
  -110    -81   -111   -103   -109   -104   -161   -143   -128   -133   -136    -80    -33    -39     -4    344 
   -40   -145   -154   -115    -74   -121    -92    -20   -244   -197   -191   -169   -166   -144   -162   -135 
   -87   -150   -172   -173   -200   -201   -146   -140   -127    -87    -80   -105    -96   -108   -132   -186 
  -156    -53   -247   -223   -213   -193   -163   -166   -188   -202   -162   -151   -186   -223   -210   -155 
  -137   -143   -160   -139   -126   -125   -127   -130   -170   -142   -124    -57   -252   -224   -180   -144 
  -115    -87    -60    -43    -23    -16   -117   -151   -115    -84   -134   -201   -194   -149    -98   -111 
  -105   -139   -179   -150   -143     -6   -226   -167   -132   -118   -136   -159   -122   -112   -114    -73 
  -132   -161   -146    -91    -86   -122   -148   -174   -120   -131   -112    -86    -96   -111   -175   -131 
   363    -49    -45    274   -139    -44    -50   -105    350    -72    -92   -148   -178    -97   -130    -27 
   251    201    -87   -134    -63    -78    -99   -135   -187   -102     -2    -34    -18     -2   -249    -94 
   -63   -138    299    -99   -106   -108   -236   -226   -275    -75    626    -97   -171   -158   -184   -241 
  -266   -326   -274   -117    114    314    311    471   -192    -63    -28    -86   1211    -41   -105    545 
   -41   -121   -228    -12   1361   -214   -279   -166   -165   -169   -175   -246   -213   -140     -5    -14 
   -27    518   -230    -76    -84   -170    369    111    -40    242    412   -130   -253    -54   1512   -133 
  -202   -102    -41    -64   -185   -242   -152    -92    181    -79    -44    377   -153    -60    -44   -170 
   -55     10    -47    -27    771   -185   -228    284    285   -123   -118    -97    -31    -23   -123   -112 
   -11    -55    437    -66     -8    -67   -123     68      5   -163    -96    -33    -98    -21   1618   -218 
  -222    -25   -115   -118    -26   -110    -43    -45   -130    -36   -104   -123    774    -91    245   -146 
  -161     64    -73   -163   -153    -70    -33    -31   1182   -234   -116    -15   -179    -54    -14   -118 
    31    -66   -194    -35    -98   -110    746    -54    236   -166   -192     15    -53   -116   -199   -145 
    85    -54    -66   -108   1088    300   -194    -45    -37   -252    -95   -237   -243   -113    -78   -113 
   180    -22    706    -60   -169    -46    137   -133   -263    -59    -31   -155   -172    -74    -59   -157 
  -161    160    623   -218    -41    -88   -115    -61    -62    -65    -17   -116     -3     55   -134    -30 
   170    -88   -122    -44    -31    -44    -60    -81    -26   -146   -186    -97    311   -128    413    426 
   -41    -63    -40    -54    544    -86    -95    443     -4    482   1124    -66    -99    -56   -111   -116 
  -104    -56    -15    -88   -143   -112    -42   -200    -75    410    -41   -117    -45   -108   1491    833 
  -106    -83    -63    -67   1627    -16    -81    -57   -136    -30    591   -111   -132   -151   -157   -155 
    -3   -145   -157    701    205   -111    -62   -166    204    918   -115   -180    -30    -51   1667   1016 
   -63    -92   -207    -20   1690   2065   2108   -179   -271   -292   -192   -159   -175     73    792     -6 
   -27   -165    -84    225   -188   -394   -193   -121    -68    -95    -66   -117    -91    -97     14   5441 
  5262    260   -153   -262   -178   -193    -83    -80    557    897     -9    -70    -44    -58   -183   -306 
  -172   -187   -202   -209    -89     -4    220   -166   -183   2011   2653     69    -55     -5    -51   -198 
  -138   -135    733    529    -93    -13     30    -59   -184   -162    -76   -138   -179   -129    118    682 
   -17   -203   -328    -64     -9    -91     -6   1278    -44   -153   -143   -177    -22    -23   -103    -93 
  -161   -111   -205   -132    -97    -64   -126   -146    -60    -59   -182   -261   -260   -124    -52    -63 
   374    968    -12   -115   -243   -270    -51     19    411    -51    -85    -33    -94    -98   -146    -40 
   -44    -50    -44    -75   -167   -175    -90    -75   -101    221   2384    322    -98    150    -67   -143 
  -142    -85    -35    -24    -51   -126   -187   -114   -163    -96   -108   -126   -119   -129   -142   -123 
  -107    -91    -90    954   2334    -93   -128     -7    -31   -115     -2     61    -59    -66    -20    -90 
   -98    -77   -106   -124   -130   -111    -98    -66    -44    -48    -85    -77    -11    796    835    -90 
  -143    -39    -76   -152    -19   -119    -95     -4    -43   -121    -78    -45    -65   -117   -106    -50 
   -26    -16    -15    -41    -73   -110    -89    -10     48    -64    -86    -74    -87    -86    -68   -148 
   -59    365    -45    -99    -45    -37    -74   -114   -114    -66    -44    -29    -36    -41    -50    -65 
  -100    -98   -112   -144   -137   -122    -82    -58    -92   -129    -47    478    -22    -99    -50    -12 
   -39    -73    -33    160    -14    -14    -19    -43    -88   -110   -106   -103   -113   -105   -113   -107 
   -48    -62   -108   -136    -47    500    -27   -126   -115   -105    -99    -73    -48    -30    -42    -42 
   -74    -78   -114   -112    -49    -43    -84   -107    -85    -75    -55    -64    -87   -113    -58    501 
   288   -120   -128   -100    -91   -102    -90   -106   -118    -28    -56   -129   -128    -41      0    -66 
  -122   -144   -110    -82   -130   -124   -101   -113    -90    161    327   -140   -121   -109    -97    -92 
   -84   -101   -117    -81   -112   -170   -179   -104    -99   -135   -158   -127    -86    -58    -85   -126 
  -109   -120   -120    -36    744   1006    539    321    818    606    828   1994   1592   1058    207    383 
   132    189    189   1015   1780   1268   1671   1697   1491   1265   1407    728     39    109    -14    294 
   172    -13    322    -21    518   1020    291    234    -67    -27   -100    -76    -46    130   1094    999 
   923    706    258    -16     75    -21    -14    225    305    438    300    -41    -26    -25     16    152 
    -4    355    397    272     59    -28     -9     -7    -24   -100     -6    -39     28    166    461     30 
     0    415    447    754   1156    760    702    610    438    586     78    747    586    654   1044    685 
   853     -1    -24    -91    518     -9    649    481    919    819    748    607    515    293   1003    516 
   583    612    -10    -30    -37    159    263     -3    137    341    835   1019   1287    689   1242    374 
  1070   1110   1317    919    286    -18    611   1222    825    748    328    804    -23    -14    -35     -2 
   443     56     95    -17    421    290    333    518    516    -23    283    989    766    740    235    133 
   554    606    -37    267    994   1308    294   1091    216    641    749    602    -23    200    236    -26 
   667     -8    607    -67    -16   1181    858     -3     -5     -9    369    461    454     19    849   1334 
   737    525   1839    963    589    277    634    314    -15    794   1089    601    355    275    372     -1 
   -13    -23    -72    -17    760    836    575    838   1468   1658   1471   1348   2113   1138    653    840 
  1095    562    554   1773   1644   1100    446    983    452    -10    -24    -65    -30     97    762   1155 
  1259   1590   1862   1529   1572   2015    925   1527   1651   1876   1704   1468   2675   3000   2634   1486 
   798    612    489    547    847    670    889    864    874    721   1236    856   1053    879   1140    830 
   742   2339   2690   2620   1763   1246   1796   1820   1989   1975   1965   1692    918    255    774    298 
   576    990    588   1148   2610   2433   2605   1256   2788   3602   3598   3147   1480   1619   1542   1568 
  1050    417    713   1579   2286    874    504   1121   1109    582    333    986    -41    900    365    594 
  2348   1024   2023   2869   2674    -13   -117    173   1567   1983   1526   2353    756    -55    -24   -199 
  -218    359    803    988    159    425    -91    -46   -335   -454   -282   -156   -187   -185   -169   -320 
  -323   -285    -16    281   1206   2747   2703    840    -44   -146   -124     84    753    570    321   1236 
   -44    -99   -313   -342    -70   -103   -122    -93   -170   -180   -251   -246   -110    -51   1982   2135 
  1457    883    -91   -131   -129    -56    -59    -52    118    607   -121   -101   -285   -323   -106    -99 
   -76   -107   -168   -264   -307   -338   -201   -166   -127     13    439    390   -114   -149   -178   -212 
   -80    -44    -34    -50    -86   -164   -254   -340   -134    -74    -52   -108   -164   -266   -366   -313 
  -242   -220   -103   -134   -202   -216   -282   -217   -196   -300   -191   -145   -103    -31    -69   -150 
  -252   -220   -140    -69    -41    -69    -96   -143   -137   -118   -108   -127    -42   -215   -406   -432 
  -304   -266   -230   -352   -234   -319   -116    -46    -66   -121   -122   -126    -81    -79    -71    -58 
   -34    -65    -39     43    -61    -76    -14   -256   -439   -392   -306   -166   -244   -276   -190   -255 
   -51     29    -32    -34    -23      4     -4    -35    -34    -45    -14    -49    -77    -50    -30    -53 
   -11   -121   -258   -237   -217   -156   -209   -221   -238   -132    -17     16    -79    -64    -73     -2 
   -26    -32    -23     -3    115     34    -25    -34    -29    -58    -33    -49    -70    -57   -103   -114 
  -114   -111   -109   -117    -63    -38    -10    -18    -41     -6    -32    -16     -9     64     50     -4 
   -12    -26    -43    -75    -87    -90    -17    -40    -31    -43    -46    -29    -46    -67    -49     -9 
   -20    -30    -63    -26    -43    -40    -26     -6     66    200    128    234    -17    -53    -45    -63 
   -93   -105    -66    -43    -15     12    -22    -57    -33     -3     -3     80    -12    301     99     47 
   307    254    391    599    597    647    440    133     -6    -25    -45    -34    -22     -7     65      3 
   243     -7    130     81    171     -8    -14     -2    -11    -14    -10     36    181    377    346     67 
   -23    -18    -22    -23    -22     -6    -25    -20    187    143     68    -39    -13     11     79    310 
    21    267    424    625    614     90    292    241     -9    126    129    169    295    342    277    298 
   182    -25     63    482    322     -6     89    228    -48    -20    -49    -43    -11     -5    297     80 
   156    -45     -4   1219     -2    647    212     40    -39    -32     58    -88   -168   -143    -71    -65 
   -28    618    -76    -47    125    727    170    -56    -26     -2     -3    -28    243    996    -46    -52 
   -40   -104   -120    -30    731    -47   -173   -137    -94    -75    351    472    -45    -79    -42     11 
   -43    -96   -122   -110    -95    -16    225    -26   -179   -133    -31   -244   -190      6   1197    -93 
  -170   -184   -165   -123    417    321    -77    -69   -145    -89     -7    -57    -86   -115   -102    -82 
   -49   -119   -127    -68    780   -146   -165    -66    945   -113   -176   -190   -191   -149    157    699 
   -88    -87   -123   -125    -72    -79    -63    -97   -123   -100    -96   -147   -136   -112    421   -105 
  -110    -18    884    -60   -141   -150    -51    -72     66    751   -157   -143   -132   -153   -117   -149 
   -77   -145   -120    -67    -13   -117   -127    -50     62    -20   -188   -153    -59    -32   -132   -142 
    -1    -51    -39    931   -120   -139   -136   -184    -95    -72    -94   -198   -123   -110    -20    -84 
  -100    -53    -57    -75   -123   -135    -80     -3   -124   -186   -126   -185   -100    489   -146   -134 
  -188   -124    -97   -140   -127   -189    -46    -80    -33   -139   -175   -137   -208   -128    -23   -110 
  -126    -80   -131   -114   -108   -103     40    386   -180    -58   -141    112    -79   -174   -117   -103 
    62    -82    -83    -77   -112   -266   -311   -181    -22    -82    -16    -53   -170   -239   -213   -187 
   -23    -10   -205    -69   -122     -6    -86   -163   -187   -160   -157   -242   -204    -93    -87   -255 
  -260   -170   -127   -208    -61    391    -83   -147   -160    -74    -14     37   -261   -142   -125    -21 
  -103    -85   -139   -184   -153   -136   -149    -71   -174   -232   -166    -83   -106   -153   -232    -69 
  -205   -142   -141    -93    -60      0   -287   -213   -279   -248   -157    -77   -171   -203   -152    -36 
   -74   -107   -164   -292   -183   -115   -126   -135   -120    -64   -268   -275   -150   -189   -143    -42 
  -230   -137   -157   -338   -224   -233   -245   -169   -165    -18      6   -140   -117    -65   1044    919 
   -26   -173   -131   1319   1575   -230   -164   -190   -121    -31   -267   -191    -32   -279   -355   -299 
  -238   -160   -225   -102   -118   -176   -325   -173    151   1100    623    236   -119    876   3772    -33 
  -345   -241    -82     59   -281   -261    214   -309   -392   -221   -130   -106   -129    343    261    508 
  -313   -307   -105    670    486    286   -113    691   3912   1385   -254   -249    -78    467   -273    -28 
  1921    -32   -343   -175    -96    -57    -71    -96   -151    -17   -164   -275   -151    -98    -16    188 
   -55    489   1813    218   -253   -238    -84    183   -146     59    806   1461   -222   -169   -119   -159 
  -148   -157   -115   -112    279    -48    -23    554    488    567   1172    534   1431    -47   -229   -176 
   -25    202   -106    -96    -64    -19    -80   -142   -119    -49    -57    -61    -68    -53    -14    -32 
   -64    -17    -77    -98    600    140    -26   -114   -186   -122    319    488   -143   -129    -95    -89 
   -45    -68   -186   -105    203    177    -49    213     -1    -87   -122   -230   -213    -99    736    415 
   -98    -99   -147    -32    916    644   -177   -144    -92    -64    -45    -21     69    -13     -7    -15 
   -59    -22    297     35    -92   -233   -284    -78    370    -38   -118    -70    -18    924   1360    816 
  -255   -142    -59    -50     67    119    461    669    533    595    -15    -64    -35    -17     -6    -97 
  -165    237    338    -86   -142   -187    -46     95    395    449   -215   -107    -64    -26    -12     -8 
   525    666    300    434    203    -25    -23    -15    108    -24    -34    536    232    -31    -46    -90 
   235    529    661    382   -266   -162    -86    -43    -38    -51    -19    -37    -44    -38    -70    -69 
   -11    -39    -37    -26    -31     83     -7    -28    -33    -37    258    264    567    533   -266   -217 
  -117    -50     -2    -32    -21    -39    -45    -76   -108   -122    -60    -64    -50    -34    -53    -52 
   -23    262    -43    -72    -22     11    392    303   -293   -267   -150   -123    -72    -80   -112   -106 
   -61   -108   -158   -185    -92    -30    -24    -43    -65    -50    -35    -74   -125   -111    -88    -87 
   -25    109   -264   -255   -131   -104    -36    -17    -57    -55    -32    -66    -80   -104    -93    -82 
   -78    -73    -91   -100    -60    -36    -56    -62    -82    -95    -60    -32    630    -37    -33    -45 
   -38    -20    -90     15    -47    -73    -74    -17    -16    -10    -27    -45    -14    -26    -36    634 
   812    480     74    -35    -84    -79   1093    757   1208     -4    372    473    668   1133    749    462 
    17    335   1207   1461   1307    621   1086   1131    842    -11    -13    -26    -33    -28    -57    -64 
   237    322    660    122     -1    -36    -48    101     -5     -7    -50    248    954    493    302    346 
   208    -28    -33    -19    -50    -61    -52    -30    -23     -4    381    -33    136    259      9    -35 
   -98    -67    -25    167    -40    130    334    -41    -44    251    420     -5    -11    -15    386    169 
    77    186    -14    406   1059    134    337    182    666    356    248    678     -4   1507   1275    700 
   -10    -61     62    140    -26    -58    -38    -28    156    200    644    689    217    604    111    173 
   194    -45    108    143     54    756    592    658   1142    790    219     33    702     -3    -64    -23 
   257    307    -58    -30    -18    380    243    187    777    412    -40    -64    463    -35    -38    -20 
   -19    249    390     65    317    128    607     -2     -7     33    266    -29    -16    -12    -41    -48 
   -78    -57    484    603    363    -74    -28    -26    -49    376    477    264    -45    -57    -65    -14 
   270    153    180     38    -18    -62     49    -20    -84    -68    -74    -65     53    -23    414    490 
    -1    -24    -40    -10    -22     -7     -9     -8    591    921    413    282    -24     29    -32    198 
   499    157    105     -4    131     69    664    -16    224    117     -9    127    -13    130    183    -15 
   251    719   1074   1285   1494   1708   1059   1077   1137    322    408   1451   1108    857    698    568 
   612    345    600      0      3    686    570    -52    410    524    583    551    161    -28    688   1061 
   814    600   1489    515    -28   1190    716    861    969    878    720    914    269   1043    892    677 
  1443    477    997    509    515    233    905    891    608    -36    -98    -75    560    443    -17    385 
   581    537    290    614    615   1527   1098     94   2022   1167   1565   2759   2331   1424     -6     -4 
  1044   1067    -23    -13    105    -41    196    432    249    -43    530   1053     15     54    -52    -52 
   141    -62    -91    -87   -111    -88    -40    -24     74    -92    242   2555   2928   2270   1339    649 
   460    634    160    -81    -21    532     28    462    460    747    857    -46    242    -47    -56    -71 
   -80    -32   1344   1015     -5    322    531    599     70    342    175     81    -24    -62    -14    -44 
   -65    418     66    -25    -60    -17    170    140     -8    -10     33   1416   2663    891   1420    -36 
   -62    -74   -139   -154    -78    -32    -33    -46    -58    -41    -29    -27     30    189   1190    990 
   800    519    148     -9    -58    -76    -63    -72    -90    -88    -38    -53   -106    -14     85    135 
    78    -55    283    149    -12     -5    225     -7   1180    986    904    548     -5    -20    -31    -67 
   -84   -106    -65    -61    -41    263    -22   1110    751   1129    973    672   1098    847    106     41 
   -11    -94   -108    -41    -64    -51    -45    -80    -93    -69    -84    -83    -96    -76    -74    604 
   971    289    731      7    581    638    571   1341    473    -34    -24    -61    -52    -96    -79    -82 
   -81    -97   -102    -97   -103    -95    -83    -56    -57     -7    230    529    307    -53    -94    -49 
   -28    175    -23    -21    -38    -72    -53    -20    -16    -26    -31    -54    -43    -27    -19    -22 
   -30    -46    -62    -49    -53    -32    -25    -46    -56    -78    -63    -55    -63    -49    251    -15 
   102    127    250    201    111     97    203    174    128    143    197     28    -28    -37    -53    -63 
   -66    -39    -36    -50    -54    -55    -52    -36    226     -8    122     86    121    148    117     17 
   124    135     74    115     89     -8    -21    -30    -35    -32    -40    -43    -28    -29    -24    -14 
   -23    -13    291    -26     17    -14    -34    -36    -24    -31     -8     -4     -8    295    375     -1 
   -19    -37    -50    -48    -41    -36    -28    120    129    125    124      4    639    263    393    208 
    -2      0    -21    -36    -40    -40    -26    -23      0     -8     60    -18    -18     -6     -6     -9 
    59     10     50    135    119    229    -69   -110   -107   -102   -103   -102   -106   -117   -115   -112 
  -114   -112   -106   -117   -107   -104   -101   -112   -108   -115   -107   -114   -110   -104   -108    -59 
     1    -19    -51     -5    370    117     30    -30    -74   -149    -42    690    408    278    -45    -26 
   -22    -85    -15    -20    -49    -56   -137   -150   -115    347   -114    -72    -98   -110    -23     66 
   716    -62    -76   -206    -90    174    925    782    -20    257    407    -94    -42    -31    -92   -158 
  -271   -279   -136    695    -96    -66    -76    -85    252    776    792     63    518   -136    -77    -60 
   -30    -64    -74    -32    -32   -128    -70    -24    -22    -95   -159   -166    -54    744    -39    -55 
   -47    -19    132    457     62    259    564    -47    -70    -54    -51    -97    -61    213    -80   -126 
   -52     -9   1102     -5   -116   -154   -115    396    -22    -46    419    -12     -9    506    -50     -8 
   604    -18    -87    236    205    -70    626    524   -125    -97    -73     -1    926   -122   -137   -129 
  -229     25    -34    -95    121    -47    142    618    -52    -12     -1     -9   -100    231    -57   -104 
   771    -70   -153   -116    -80     16    929    -88    -74    -24   -255    -76    -43    -71    142   -125 
   362    713    -90    -56    -69    -53    -71    344    -77    -61     -1   -206   -184   -193   -150    -16 
  1064    -51   -113    -48   -192    -71    -29    -37    481    -69    357    505    -69    -38    -64    -99 
   -53    -38    227    367     -8   -176   -189   -141   -179    -76    934    337    -76    -84   -135    -13 
   -13    -75    -18    -41    365     64    -48   1055      7    -65    -83    -55    312    940    -41    -46 
   -85    -36   -121    -98    650    233    -33    -91   -118     53    -38   -100    -66    -33    430    115 
   -65    537     72    -17     61    -23    -72     -5    378     -7    -74    -54    -38    -43    510     -5 
   -58   -117   -119    280    -79   -106    284    -31    -22    -63    138    -55    -21    148    287    363 
  -124    -58     44    -60    -56    112    318    685     -5    -32    -70    -93    -51    813   -130    194 
    77   -100    -10    -86    113    -80    455   1129    -27     80   -113   -166    -99   -137   -164    500 
  2419   1676   -158    -51    -42    -70    -39   1105   -108   2472   2182   -247    -21    214    869    -12 
  2620   2112    -40   -116   -173    -59   -116   -162   -156    232   3160    888   -206    -92    -98    -93 
  -122   1777    -78   2462   2385   -351   -158    -51    -80     59   3369   2692    247    -18   -126    -14 
   -72   -120   -198     -5   2341    -18   -189    -89   -177    -13    -86   1838    -72   3301   3394   -230 
  -173   -128   -108    -23   2842   3154     27    -49   -111   -109    370    578    -20    901    935    709 
  -102   -219   -149    -71    -95   1568    -26   3347   2427    -48    -77    -67    -79    -14   2405   2996 
   375    -24    -63    -67    106    -18    798   2483     -7    906    407   -170    -96    -50   -110    922 
   -15   1942    -14    -81   -178   -121    -88    -68    234   1478    -15   -101    -83   -109    -93    -14 
   -18    865    -12   1409    883   -118   -136    -89    -71    674    -74   1618    -10     -2    -84   -160 
   -81   -104    -91    -39   -108   -161    -93   -131    -48    125   -144   -127   -155    880    -23    -85 
  -109   -106    -60    777   -120    602    340    -29    -33   -127   -114    -80    -60    -88    -86   -102 
   -88   -124     -5    -15   -214   -122    -90   1611    -55   -165   -182    -70     54    983   -169     89 
    97    -79    -67   -142   -102    -90    -84   -130   -106    -78    -63   -120    -28    547    -70    -51 
    -5    828    448   -160   -179   -123    -52   1005   -111     38     18    -26    -84    -94    -65    -75 
   -64    -80    -84    -54    -10    -25    -63    -61    -55    -13    -59    -28    -14   -113   -160   -102 
    -9   1323   -111    -49    -29    -46    -94    -68    -45    -63    -46    -41    -56    -60    -60    -52 
   -47     -3    303     23    -90    -57     -4    -39   -113    -84     56   1464   -110    -62    -50    -36 
  -116   -114    -86    -82    -37    -41    -74    -68    -92    -81    -53    -27    -14    -31    -88    -78 
   -59    -85   -122    -82    114   1327    -59    -41    -62    -62   -111   -118    -94   -100    -78    -74 
   -82    -92   -115    -84    -67    -98   -121   -116   -106    -49    -77   -149   -146    -93    -13   1315 
   -77    -46    -62    -32    -51    -88    -58    -66    -50    -39    -73    -88   -100    -46    -65   -101 
  -118    -86    -58    -20    -18    -73   -174   -144    -63    813    254    260     -9    110     -2    -45 
   -51    -43    -18    -26   -104   -115    -96    -39    -49    -74    -76    -52    -37    -11     -8    -25 
  -113   -118   -109     -3    611   1386     98   1440    702   1067   1158    593   1735    745   1173    593 
   761   1574   1093   1018    632    945    836    827   1252   1546    678   1420   1549     -7    971   1772 
   -27   1518    940   1310   1543    189   1711    908   1400    748    812   1279    368    720   1834    673 
  1400   1292   1279   1564   1018   1101   1107    -30    547   1441    -26   1730    808   1287   1776     40 
   627   1053    727    705    262   1021    495     91   1609    472   1030   1090    808    604    399    402 
   463    -30    413   1340    584   1798   1122   1014   1101    284    611   1015   1007   1233    716   1559 
   921    303   1498   1302    899   1527    668    836    766    644    648    164    496   1040    293   1532 
  1128   1096   1225    -25   1349    686    837    814   1080   1017    521    495    862   1196    529   1531 
   832   1120    659    572    595    420    505     71    604   1654    687   1134   1700    112    979    631 
   733    523    977   1416    547   1103    973   1304    381   1147    855    745    910   1507    382    643 
   393     70   1555   1300    460   1004   1040   1014   1262    538    684    644   1727   1564    159   1069 
   269    844    188    638    699    753   1243   1081    562    440    645    364    834   1317    125   1205 
   451    907   2699    528   1552    763   1231    972   1148    639    631    252    923    504    852   1107 
  1443    803   1062    206    915    801    708   1728    677   1164    682   1570   1154    784   1421    989 
    64    391   1232    249    418    410   1570    141    919    688    866    846    983     58     -8   1057 
   601   1258    697    889   1289    976    926   1148   1334    349    323    427    736    -27    610     12 
   879    713   1054    496    982    921    947    192     26    896   1079    958    842   1545    830   1512 
   596   1204   1501    744    724    998   1448    -26    889    163    475   2209    197   1037    887    943 
  1208    489    359    644   1413     -4   1753    677   1084   1122     13   2201   1551   1875   1436    463 
  2263    649    755    555   1234   1466   1007   1385    703    696   1242     -8    286   2212   1600    730 
  2027    344   2225    973    172   2484    341   1203   1068     -9   2209    759   1533   1266    783    859 
  1973   1628    984     -4   1561    161    143   2218   1489     48   1225   1665   1689    793   1387   1410 
   247   1562    598    909   1684   1036   1966   1522   1159   1315   1374   1840    788    613   1287    517 
   795   1901    868    586   1141   1209    816    600    675   1785    317   1725    284    772    932   1068 
  1819    975    449   1361    248   1439   1216    608   1029    563   1555   1516    989   1671   1243    721 
   548    645    759   1857    459   2625    157    995    922    740    644    595    378   1428    502   1477 
  1233    346   1078    179   1426    780    611   2189    878   1202   1192   1029    668    777    489   1243 
    -8    840    834    554   1072    530    921   1358    442   1325   1289    609   1754     74    993    872 
    -8   1523   1665    836   1378   1242    975    646   1066    805    608   1341    580    631   1469    535 
   609   1176     84   1004    931    982   1630    362    639    747    531    587    880   1221   1651   1489 
  1036    969   1202    952   1079   1373    534    826   1179    533    449   1245    121    957    416    800 
  1448    350   1076   1189    916   1144    827    891    902   1011    761    624    778    979   1026   1346 
   890    962   1390   1388    714   1236   1076   1196   1642   1020   1734    415   1657    981   1423    818 
   915   1025   1069   1256   1132    870   1008   1056   1019   1266    978    902    844    815   1009   1135 
   985    871    578    839   1324    379   1045   1048   1394    869   1085   1121    953   1357   1360    944 
  1158   1127   1183   1015   1158   1327   1158   1184   1690   1101   1038   1141    853   1083   1258    278 
   705   1387   1174   1035    873   1000   1054   1019   1063    840    878   1074   1161   1111   1031   1130 
   953   1061   1050    832    733    932    621    974   1123    160    920   1474   1114   1258   1100   1143 
  1323   1264   1055    966    765    932    921    965   1045    982   1060   1012    853    875    963    988 
   894    869   1051    249    743   1392    972   1081   1109   1085   1314   1419   1020   1152    301    992 
  1092   1066   1113   1284   1240   1171   1003   1230   1026    908   1044   1000    958    131   1017   1112 
   951    969    985   1013    857   1069    741    922    885   1264   1104    982   1014    802    853    563 
   613   1170   1128    638   1034    977    915    -21     -9    -45    -77   -106    -82    -74    -55    -52 
   -89   -100   -125   -118    -59    -63    -52    -77    -75    -83   -101   -117    -75    -57    -63    -89 
   -96    -70    -36   -101   -154   -175   -120    -87   -106   -115   -194   -197   -205   -157   -111   -135 
  -115   -187   -180   -146   -130   -134   -140   -156   -209   -247   -209   -124    -86   -127   -164   -205 
  -124    -61    -67    -77   -151   -168   -176   -130   -113   -122   -103   -148   -122   -143   -135   -171 
  -171   -181   -186   -158   -114    -48   -113   -135   -132   -177   -135   -109    -90    -92   -103    -92 
   -80   -111    -92   -143   -135   -173   -171   -193   -153   -117    -91   -100   -100    -91    -70    -32 
   -80   -123   -129   -176   -163   -138   -137   -114   -123   -101   -104   -126   -123   -172   -140   -118 
  -120   -119   -103    -88    -71    -66    -68    -61    -62    -63    -63   -131   -157   -200   -178   -131 
  -132   -107   -107    -80    -86   -112   -126   -131   -100    -94   -134   -101    -93    -93   -114    -17 
   -18    -36    -95   -115    -59   -128   -157   -130   -135   -124   -108   -122   -101   -110    -73   -125 
  -127    -94    -73   -107   -147   -102    -89    -95   -148    -80    -78    -90   -152   -103    -48   -104 
  -177   -180   -190   -196   -182   -144    -29    -61    -88   -111   -110    -78    -54   -118   -128   -161 
  -162   -163   -140   -122   -134   -133   -162   -120    -80    -97   -159   -186   -174   -192   -214   -186 
   -74   -146   -129   -124   -103    -41    -43    -97    -67   -146   -171   -199    -99    -67   -116   -135 
  -158   -113    -92   -124   -110   -153   -186   -214   -199   -201   -145   -170   -105   -110    -57    -31 
   -94   -115    -85   -123   -185   -126    -74    -61   -115   -114   -152    -79    -79   -131   -145   -127 
  -135   -150   -171   -185   -125    -67    -41    -61    -23     -1    -13    -31    -49    -57    -68    302 
   -23    -50   -101    -81   -116    -59    -57    -66    -14    -25    -44    -43   -102   -109    -32   1108 
  1516    251    -29     -3    -14    -50    -66    -25    613   1617   1238     -3    -74    -33    -71     -3 
   242     58   2216   2399   1705    489    129    617    713   1975   1518    783    -84    -69    -82   -137 
  -156    -50    750   1520   1828    863    -43    -20    -55    -32    256    292   2108   2450    661    246 
   244   1172   1185   1662    736   1279    588   -106   -157   -208   -232   -141    -19    640   1326   1060 
   247    -41    -84    -23    263    138    898   1186     43    -39    -40    259    886   1792   1843   1773 
   795    -20    -75    -90    -82    202   1124   1421   1773   1245    661    -29    -48    -12    325   1153 
  1458   1824    632     -2    -11    626   1188   1797   2186   1840   1712    436    -35    -42    -19    931 
  1346   1414   1461   1279    606    -16    -39    -22    103    916   1529   1892   1587    563    265    597 
  1145   1929   2067   1620   1939   1011    114     -6    459    462    799   1091   1698   1379   1397    434 
   -22    -20    238   1474   2117   1824    918    735    532    449    605    994    960    763    674    752 
   405    308    491     30    485    642   1691   1170    979     31      0    -27    244   1146   1009   1163 
   493    763    676    393    619   1070    898    724    605    756    472      0    184    150   1022   1556 
  2598   1507     52    -20    401    325    131    311    216    252      0    -10     -6     80    183    365 
   282    478    396    599    425     47    -52    -46     -2   1228   1664   1037    -18    -19    423    441 
    -5    116    349    238    196    227    185    196    233    245    337    420    502    596    381    394 
   179    308    457    729    513    220     44    321    599    345    -46    -33     -4     -8     78     -3 
     0     -5     -9     62    312    365    531    588    319    333    163    590    771    557    530    334 
   249    434    418    223     -4      1     -5     29    206    112     -9    -11    -20     21     72     66 
   176     91     -6    -14     -8    143     -1      0     94    -12    -17     -6     17    170    -34    -47 
   -50    -51    -32    -37    -43    -36    -57    -57    -73    -73    -59    -51    -56    -57    -52    -38 
   -19    -18    -14    -12    -17     -7     59    272    -48    -67    -50    -37    -25    -38    -43    -35 
   -16    -12    -31    -42    -32    -40    -32    -33    -39    -26    -22    -12     78     -3     -7     -5 
   -13     35    -40    -40    -18    -10     -7     16     76    -23    -39    -61    -70    -66    -33    -25 
   -33    -29    -24     -6    -12     -5    -22    -39      9    327    453    452    945     21    -58    426 
   244    -10     42    -81    -35    -38    132    -36    -78   -105    -86   -109    -74    532    554    447 
   616    880    160    322    548    -17    687    -30    -67    -75    -12    -21    346    -14    919   1078 
  1860    -42    -56    -69    -20    588    597    -34   1051    102    -11    -55    -85    -95    -47    -62 
   177    508     50    826   1083     -7    328    -29    286    649    685    433    996   1143   1317    927 
     0    -62    759     71    -29    -72    -97   -112    -95    -70    -19    549    182   1441   1077    161 
    11    -30    -20    -78    -51    175    882    778   1195   1505   1430   1661   1591    432    -43    -40 
   -63    -61    -37     -2    194    219    -30    -36    -66    -47    271    512     -7    -13    -10    209 
  1472   1363   2284   1184    467    574     -6    -78    -35     38    -14    113    261    861    -39    305 
  1002   1157    816    228   1303   1909    -48    -71    611   1118   1640   1303   1427    -66    -29   -117 
   -95    -99    -85    -44    -38    921   2519   1925    -23     70   1210    989    593    242    354    348 
    -3    -13    567   1017   2515   1355    632    249     94    -67     24    -26    -25   1078    -13    807 
  1035    354    726    926   1350   2315   1112    548    802   1142    -98    182    785   1083    888    553 
   550    312    248    -41    758    988    405    364    -14    -42    -26    -39    -59    196    774   2751 
  2010   1317   2065   2182    -68   1158   1460   1034    -44    -45    309    -34    -22    -98   1882   1875 
    -5    -55    -31     -9     -8     31    308   1001    485    342    565    -15   1039    207    -83    891 
   582    143    425    502     -3    -75    -70    -67    400   1432    523    -17    426    -11     50     75 
   598    662   1097    170    533    -11   1938   1166     -9    -24    -41    -29    154    -17     27    -62 
   -65    216     -2    845    -23    -15    992     -6    -11     93   1259    740    554    -25   -169    -93 
  1250    558     -5    -60    -30    267    589    516    -75    -56    -36    -62    -54    141     -5    231 
  1164    184    -53    -37   2253    -19   -133   -195   -288   -115    -29    -53    -84    -55    -74    -34 
  1014   1777    439    525   1369    598    -76   -122    -37    -26   1188    437    859    237    125    -11 
  -175   -165   -172    -70    -86   -126   -124    -98   -108    -86   1201   2766   4125   3531   4101   3078 
   -56   -148     -5     -2    507    661   1825    864    -12   -115   -198    -54    -84   -104    -84    -88 
   -42    -67    -54    -86    680    721   1435   1125   1948    161   -137   -125     60    -22   1073    652 
  1270   1171    -25   -114   -178   -238   -137   -117    -19    -25    -56   -168   -197   -135    -50   -205 
  -176   -130     -1    -71   -160   -170    -90   -105    -81     23     49    132    -82   -170   -220   -294 
  -144    -90    -48    -50    -80   -112   -158   -132    -94   -101    -66   -112   -253   -314   -245   -229 
  -214   -232   -415   -259    -97    133    -50   -128    -91   -199    -94    -94    -65    -46    -62    -59 
   -64   -113   -123    -32    -58   -231   -285   -323   -285   -241   -109    -63   -385   -278   -145    290 
   219    -98    -82   -165    -73    -22    262    -17    -53    -26    -29    -31     -5    509    -58   -224 
  -318   -400   -250   -170    -33    -79   -250   -206   -139     82    320    -51    -76    -69    -15    -44 
   -64    -41    -69    -47    -54    -40    -39     -8    256   -122   -268   -251   -129    -96   -156   -229 
  -230   -172    -68     31    726    -29    -28    -18    -28    -49    -73    -55    -53    -42    -59    -56 
   -78   -101    -59    -62   -120    -74    186    -25    -73    -78   -126    -85    -45    -40    143    -53 
   -29    -19    -43    -42    -77    -80    -59    -35    -61    -49    -50    -56    -27    -37    -52    -95 
   -64    -23    -25    -44    -52    -27    -32    -27     -9    -41    -29    -17    -25    -21    -24    -48 
   -59    -46    -57    -62    -76    -54    -59    -65    -36    -40    -58    -77    -42    -45    -46    -59 
   -47    -23    -16    -99    -81    -83    -79    -58    -54    -70    -79    -55    -78    -76    -81    -68 
   -46    -48    -69    -77    -68    -76    -53    -91    -72    -93    -62    -26    -19   -113    -98   -127 
  -134    -91    -77    -87   -101    -61    -27    -26    -47    -95    -97    -96   -107   -117   -102    -52 
   -28    -88    -22    -20    -45    -14   1010    160      6    -42    -72    -74    -54    -41    -51    -33 
   434    403    -21    -47    -27    -12    -12    -33    -12    -21    -13    -23     61     39    -29    -16 
   304    139    566    192    446    -15    750    495    -13    510    584    -25    -14    -22    786    228 
   170    -17    296    -54    179     -4    172    902   1742    781    686    -48      1    -56    198    -16 
   -56    672    -33    432   1195    -29    -59    -50      0     -6    636    433    837    -30    710    716 
   963    878   1316    340    124    -40    -21     38    382    -11    -91    241    -74    133    805    -22 
   207      3    342    208    202    495    253    -15     96    224    566    466    836    -14    374    443 
   474     -1    713    130    414    -12     49    -16    849    -23    349    448   1132    380    384   1198 
   666     -8    -23     -3    454    394    675    140    -19      0     23     25    687     56    187    474 
    -3     65    161    -17    998   1532    983    323    188    749    436     67    -54    205    414    -27 
   366    197    -19    578    226    -16    607    113    -46    197    -20    -58    -35    125    861   1678 
   967    584   1920    528    674    447    -47     77    752    -91   1814    153    -10    939    674   2013 
   767     35    927    -17    144     52    413     -9    846   1460    500    909   1236      6     -6     -3 
    -7    -11    459    -13    512     -5    -62    743    -22   1803    139     -8    826    427    324     74 
   674    865    432    783    432    926   1031    161    683   1086     37     -1    373     72    536      5 
   -38    708    -51    884    323     48    431    759     -9    -22   1177   1534    592    -43    370    371 
   684    260    660   1183    -39    387     85     92    192     -4    -43    255     -8    282    -24     28 
   118   1209    340    319    888    794     -4    -18     27    -16    381    108    224    756    -52    -17 
   -73    -21     -8     -9    -40    568     -6    702    478     22     89    632    159    -74    -99    -13 
   274    335    453     -3     -6    -10    -23    -65    878    -32    -61    -41     -7    -54    -36    566 
   -90    -31    -58    -38   -148    -92    -45   -163    -85     23   1342   1745    568   1161    935    629 
   158     -1    194     -3    141    -16     99    -35    895    344    808     -3    -65     -6   -159    -71 
   -46    -21     60    278     -8    803   1034    845    791   1916    263    737    870    917    561     86 
   437     45    429    136    -17    249    710    936   1042    833    224    330    -57     79    516    127 
  1412    430    391   1180    -15    776    -62    686    134    388   1337    -17    527    894    -37     -1 
  1049   1476   1421   1211    824   -136    -57    -43    311    483    821    157   1712    432    115    454 
   235     50    337   1227   1511    -69    278     43   -105     -2    608   1325    959   1024    638   -177 
   -38     -3   1244   1111   1905    974    962    -26    187    -10    -71    -50    165    843   1357     -1 
   -10     92   -146    -68    266   1027   1311   1373    997    -69    207    703    618    631   1240    472 
   390    -85    117     55   -154    -85    357    797   1412    712    204    -97    -62    230    372    721 
   690    971   1174    392    553   1199    995    883    907    -36     94   -110     -6    -86   -135    -26 
   -83    513    564    734    -19     77    343    958    400    139   1160   1027    894    456    619    769 
   607   1033    618   -119    -22    -43    293    -76    -97    -18    -61    -46    366    456     -1   1614 
   342    545    580    284    311    493    490    319    320    565    383    786    557    -86    -58    712 
   535    617    -32    154    531    436    593    652    272   1879    645    709    167    321    193    261 
   364    184    281    733    526    603    859    450    -16      0    470    882    678    665    145    415 
   945    434    155   1195    578    475    249    507    331    220    821    535    235    519    503    421 
   420    582    416    196    339   1047    515    493    413    463    927    125    -26    848    328    409 
   200    214    371    248    566    479    337     53    171    506    610    631    540    562    561    429 
   234    135    339    596   1186    287    -43    894    459    319    171    227    484    439    553    433 
   209    149    167    392    457    258    523    481    532    426    192    240    517    650   1116    375 
   -36   1114    654    516    542    543    743    792    808    577    633    264    498    305    415    409 
   592    503    713    886    727    521    700    770    958    400    -30    900    626    294     -2     -8 
   136    438    809    397    724    757    614    523    629    635    657    524    475    689    806    593 
   269    571    692    215   -157    348   -101   -118    -63   -157   -219   -149    -88    -81    -45   -220 
  -145   -168   -228   -155    -94   -158    -31   -122   -103    -50    -65   -145   -238   -238   -205   2634 
    33   -178   -143   -118     -9    -68    -72   -222   -338   -287   -144   -138   -128    -50    -93   -350 
  -148    -87   -140   -138   -138   -155   -189   -147   -237    356    -91   -253   -250   -225    -38   -137 
  -200   -339   -341   -285   -186   -266   -146   -197   -201   -357   -201   -213   -226   -135   -135    -67 
  -102   -101   -281   -156   -232   -255   -346   -322   -243   -171   -239   -220   -224   -259   -242   -403 
  -364   -294   -311   -380   -276   -279   -159   -183   -192   -113    -89    -94   -107    -65    -57   -217 
  -317   -266   -209   -111   -208   -107   -184   -215   -225   -250   -265   -246   -398   -384   -300   -294 
  -103   -178    -70    629    485    -98    -23    -26    643   -105   -219   -193   -269   -198   -275   -246 
  -298   -299   -288   -294   -137   -121   -238   -240   -109   -167    -12    -94    -81     89    -66    -88 
  -148   -211   -121   -195   -102   -228   -348   -117    -52    -67   -234   -296   -323   -309   -111   -326 
  -318   -210   -115   -195   -129    -51   -211   -102   -138    -97    -42   -103    -76   -249   -150   -248 
  -350    -69    -52   -182   -245   -321   -271   -127   -226   -334   -305   -150   -182   -188   -112    -50 
  -186   -180   -209   -194      0    -12    742   -139   -133   -101   -261   -196   -285   -243   -322   -258 
  -296    -52   -242   -187   -205   -176   -403   -310    -83    362    -50   -107   -161   -152    -56    568 
   -27   -155   -147   -172   -236   -248    -43   -135   -288   -252   -180   -142   -104    -81    -28    -94 
  -264   -260    -28     67    -60   -121   -145   -116    371   -125   -232   -178   -111   -215   -212   -200 
  -142   -213   -293   -268    -86   -121    -90   -103    312   -132   -222   -117   -166    -70    -93   -176 
  -149    -95    -31    -51   -203   -376   -192   -240   -159   -192   -333   -386   -383   -387   -259   -305 
  -355   -355   -207   -278   -163   -215   -206   -111   -198   -209   -220    -93   -250   -168   -323   -534 
  -274   -324   -296   -308   -383   -529   -441   -373   -312   -324   -510   -462   -381   -466   -387   -331 
  -393   -161   -123    -48   -199   -115   -213   -374   -402   -408   -361   -287   -261   -274   -395   -493 
  -340   -239   -308   -366   -439   -228    -51   -116   -285   -462   -221   -282   -187    -10   -247    -89 
   -86   -412   -354   -308   -223   -229   -221   -215   -342   -327   -274   -324   -219   -212   -242   -128 
  -133    -26   -122   -274   -242   -222   -215    -46   -235     -2   -160   -340   -374   -301   -184   -155 
   -74    -95   -149   -239   -300   -493   -421   -226   -160   -188   -212   -144    -86   -203   -103   -250 
  -236   -126   -179   -161   -170   -119   -373   -428   -258   -160    -81    -85   -174   -221   -280   -287 
  -298   -175   -133   -110   -284   -194   -259   -274   -203   -307   -175   -245   -309   -210    -90    163 
  -213   -382   -423   -284    -70   -113   -187   -151   -154   -204    -90   -151    -77   -196   -428   -310 
  -398   -260   -150   -128    -28   -374   -298   -184    -23     -4   -153   -219   -262   -136    -24    -84 
  -197   -118   -108    -99   -113   -116   -153   -307   -395   -403   -378   -204    -70   -217   -172   -409 
  -216   -153    -16    -13    -87   -124    -75    -66    -65   -111   -217   -170   -189   -184   -137   -103 
   -96   -181   -243   -169   -230    -90   -110   -229   -111   -363    -88   -140    -80      7    -97    -51 
   -44    -98   -121   -144   -207   -158   -167   -157   -110    -83    -85    -23   -148   -153   -138    -77 
   -56     41    -82    -96    -95   -182   -183    -51   -102    -96    -72   -118   -154   -166   -201   -162 
  -186   -146   -145   -106   -129   -111   -210   -188   -136   -137    -60    -87   -180    -97   -171   -188 
  -177    -48    -99   -127   -106    -77   -106    -99   -115   -143   -169   -154   -171   -175   -202   -184 
  -209   -201   -205   -163    -65   -110   -153   -129   -209   -214   -220   -224   -243   -267   -228   -232 
  -252   -192   -159   -162   -162   -157   -151   -203   -182   -188   -227   -229   -228   -199   -134   -103 
  -109    -98   -129   -177   -156   -125   -116   -107   -127   -126   -126    -86    -84   -108   -117   -101 
   -80   -134   -171   -224   -206   -180   -152    -86    -53    -77    -82    -24   -105   -115   -164   -146 
  -159   -159   -176   -114   -121   -128   -160   -206   -205   -227   -191   -176   -184   -185   -147   -121 
   -73    -91   -122   -132    -80    -51    -86    -67   2189   1606   1038   1680   1650   1401   1231   1702 
  1822    973    958   1008   1282   1579   1861   1460   1349   1345    903   1549   1701   1613    983   1128 
  1372   1113   2820   1428    962    932   1120    871   1437   1912   2032   1369   1494   1009   1238   1556 
  1970   1735   1995   1483   1203   1038   1229   1186    828    910    620    322   1989   1698   1357   1463 
  1514    996   1537   1766   1187   1058    736    870    749   1083   1045    832   1048   1085    662    483 
   686    539    410    653    935    799   1606   1633   1191   1251    957    426    771   1117    780    736 
   464    789    825    854    898    493   1040   1277    730    806    784    598    228    584    979    915 
  1799   1665   1517   1217   1080    370    889   1168    902   1494    879   1086   1295   1097   1381    672 
   429    828    594    988    876    951    482   1061   1375   1169   2087   1373   1173    451    687    282 
   804   1008    899   1281   1129    911    890    966   1363   1177    880   1093    815   1150    968   1487 
   877   1909   2437    987   1975   1354   1803   1134    845    452    796   1042   1233   1216   1065    281 
   879    828   1022   1301   1037   1155   1277   1125   1120   1483     -4    649    965    126   2301   1374 
  1737   1466    787    695    270   1274   1647    656    940    159    308   1026   1312   1474   1386   1319 
  2106   1007    953   1288    762   1135   1120    285   2452   1517   1775   1933   1414   1603    828   1427 
  1281    550    695    649    875   1030   1209    976   1015   1158   2284    806    715    626    903   1385 
  1294    862   2940   1921   1385   1142    556   1493   1871   1000   1579    668   1885   1636   1628   1559 
  1153   1211   1407   1637   2481   1308    641    718    753   1036   1015    955   2895   1789   1554   1571 
  1715   2126   2416   1524   2039   1698   1569   1660   1554   1511   1667   1200   1517   1217   1922   1744 
   925   1205    439   1197   1150    857   2942   1154   1707   1055   1518   1145   1345    556   1404   1651 
  1126   1592   2114   1173    947    775    951    701   1473   1670   1060   1221    950   1272    930   1155 
  3826    784   1202    578   2071   1005   1498   1255    774   2019    864   1710   2082   2263   1872   1834 
  2095    702    963   1428    341   1053   1740   1444   1134    850   1888    794   2044    703   1519   1824 
   812    492    284   1291    707   1437   2329   2649   1585   1418   1222    494    258    414    692   1244 
  1710   1890   1696    707   1343    324   1435    176   1142    931    438    343    499   1123    414   1317 
  2340   1026     -3     -3    940    526    262    550    834   1521   1637   1368    925    387   1749    565 
  1251    401   1485   1303    401    385    695   1325   1264   1206   1684     -1    584    310    516    499 
   858   1467   1481   1528   1217   1202    820    303   1657    877   1235    738   1094   1170    742    798 
   665    762   1197   1278    441    550    606    163    632    854   1294   1642   1523    754    933    679 
  1060    601   2068    936   1711    689   1439   1065    861    936    881    940   1084   1236    874    790 
   733    156     -9    718    757   1451   1140    828    668    459    956    774   2094    826    954    846 
   750    954   1027    994    776   1182   1322    943   1049   1258   1072    851    406    650   1186    902 
  2093   1005    559    763    955    830   1947    308    326    184   1048   1025    920   1065   1055   1262 
  1413   1211   1523   1600   1035   1015   1068   1856   1392    885   1161    409    693    786    706   1006 
  2779    927    232    628   1234   1379   1096   1255   1359   1336   1316   1269   1151   1320   1145   1204 
  1690   1643   1356   1179   1272    828    788    770    802    752   2136   1005    758    909   1270   1485 
  1114   1273   1456   1228   1330   1303   1365   1545   1362   1420   1458   1032   1542   1630   1317   1370 
  1040   1037   1021    894   1741   1229    860    768   1122   1097    869   1028   1198   1059   1190   1229 
  1130   1264   1368   1323   1552   1481   1330   1153   1097   1049   1031   1144    976   1034   1690   1214 
   613    655   1019   1084   1032   1237   1178    923    836    871    820    836    885    889   1196   1204 
   960    787    837    911    793    812    947   1184   1698    965     93    227    702    904    850   1111 
  1173   1564   1317    969    849    567    784    929    958   1074    778    773    933    786    649    404 
   555   1157   1710   1287    813    786   1126   1396   1249   1456   1835   1928   1326   1012   1030   1096 
  1264   1303   1221   1191   1031   1181   1431   1183   1226   1308   1396   1364     33    -19    -81    -68 
    72     -1    -12   1105    504    142    -58     80    -25    -58    -63     88     -9     82   -105    143 
   -11    -53    -56   -126   -151   -123    360   -109   -142   -149    -72    -31    418    921    -44    -76 
  -190    -83   -102    -71    -26    -69    -48    -48   -160    -72    -96   -227   -223   -243   -192   -121 
   -23    -83   -118   -125   -106    -47    820    184    -37   -119   -165   -103    -58    -33     82     -5 
   -57    -98    -67   -137   -141   -160   -121   -122    -60    -29    -75    -80   -118    -80    -92    -24 
   397    145    -11    -82   -121    -87    -36    -99    -13    -60   -100   -150    -88    -74    -32    -28 
   -36    -23    -38    -31    -45   -117    -75    -76   -106    -67    -31    -50    -59    -25    -74   -151 
  -141   -226   -145    -28    -55    -76    -58    -96    -36    -11    -84    -35    -64    -72    -23    -94 
   -93    -91   -133    -77     81     -5      0   1040    496    -85   -117   -151    -99    -53   -144    -87 
   -86   -160    -47    225    152    527    -13    -41    -39   -115   -125   -130   -115    -46    -23    -12 
   279    975    336     12   -105   -118    -35   -106    -61    -71    215    -85    -79     -1    122    192 
   -78    -85     -8   -118    -99   -216   -162   -172    -20    -85    -16    512     -6   -100    -61    -58 
   -83    -84    -72    -62    -76    -86   -109    -26   -115    -81   -123    -90    325    -70    -97   -232 
  -146   -150    -40   -172   -152   -171   -160   -203   -124    -42   -190   -131   -185   -109   -144    -78 
   -87   -125   -123   -114    -98   -106    -18   -132    -19   -112    -58   -105    -44   -101   -221    -94 
   -79    -46    131    236    -20    -25    -82    -33    -83    -30     60    -34    -52    -93    -86   -121 
   392    -10    685    -30    328    -25    -29   -123   -119    800   1281   1537    942    651    527    789 
    56    961    804    -46    -13    780     -5    -79    -58    -58    561     32   1947   1990   2576    935 
  1197   1944   2439   2139    504    273   -149   -102    -38    -94   -101    490   1191    152    459   1453 
  1246     -5     -3    -52    219    113   -137    258   1697    585   1269    999    726     43   -139    -18 
   -62   -179   -400   -351   -334   -204    -23   -142   -123   1142    878    -57    -83    -74     56    182 
  -177    -72    767   1502   1354   1033   1401    762    355    917   1495     74   -223   -131   -144   -208 
   -20    -35   -105    870   1973    365     13     50   1155     60    -50    -25   1363   1093    970    279 
   668    406    572   1463   1593   1843   1097    738    165    358   1546    311   -122    -82    211     -3 
   -22    581   1221    666   -118    178   1734   1404   1180    530    643     -7    278   1226   1402    691 
   194    -40    -14    667    823    -63   -191   -181    653    969     18    129    228     38    -24    277 
  1489   1645    884    469    930   1123   1089   1732   1842   1123    208    -42    -27   -116    -56    -20 
   -19   -157    271    338    -40    -52    -16    521    978    916   1561   1988    506     14    380    159 
   -55    818    517    659    194     -4   -159   -214    -65    557    -19   -206    -53    -96    -29    -33 
   315   1235   1700   2278   1126    730    -31    -35    527    455    387    324    550    150     70   -108 
  -159    -31    342    498    611    -94    235    -59    -61    -38    270    789    202   1052    927    502 
   118    -37    168    125    683    749   1029    447     -4   -100   -114    -53    -23     15    188    -78 
   -41     50     -9    -50    110    981    418    658    362    -16      0    319    861    539    789    951 
  1316    871    837     -7    -46    -16    209    856      5    -54     -8    104    676    143    234   1188 
   899   1117    803    726    781    698   1166   1168   1338   1123   1361   1046    864    481    585    259 
   621   1161    550    736    256    160    435     83    608   1274   1187    881    598    411    590    691 
   784    918    811    825    903    731    905    912    980    537    763    780   1020    864    450    308 
   768    147    570    995    858    980    812    652   1231   1149    837    415    609    786   1004   1115 
  1120   1140   1210   1259   1439   1484   1732    978    626    301    666    154    495    778    557    324 
   438    187     85     70     -4    279    495    328    169    651    749    889    467    703    790   1046 
  1104   1284    514    -13    376    -12    505    591    335    411    791    733    585     78     -2    265 
   -33    -65    -52    131    248    211     -6    338    632    412    514    590     35    -68    -67    -61 
   930    567    739    936    791    618    861    860    272    649    638    465    729    894    879    662 
   960     -4    381    438    757    665    534    421    204    355    866    419    971    903   1029    894 
   902    965    314    590    673    777    796   1020   1051    705   1189    346    345     43    473    372 
   404    406    608    885    722   1077   1822   1420   1419   1272   1352   1137    628   1020   1265   1402 
  1369   1427   1072    891   1061    705    405    135    606    589    598    957   1085   1023    665    969 
  1586   1029   1310   1311   1340   1004   1032    970    990   1263   1259    984    732   1228   1180   1087 
   779    838   1321   1360   1109   1156   1161   1119    691    306   1140    911   1068    989    861    839 
   982   1081    661    674   1024    846    824    953    656   1004    843    939   1256   1235    917    768 
   999    827    983    458    966    731    859   1085    904    910    791    879    740    618    802    947 
   895    826   1101   1103   1594   1201    929    888    820    764    936    723   1172    895    805    725 
   594    865   1070   1210    380    953    882    899    838   1134   1130    706   1267   1070   1416   1179 
  1092    875    867    871    758    768   1071   1089    754    527    462    579    930   1072    250    807 
   599    607    394   1083    524    352   1087    961   1015   1133    882    542    838    877    597    726 
   780    556    696    216    370    278    565    792    294    473    244    343    575    976    437    119 
   780    962    742   1147   1051    542    413    874    525    722    830    231    409     80    445    499 
   816    728    134    560    462    597    740    693    637    742    751   1046    757    955   1163    718 
   716   1021    888    744    770    156    280    511    496    679    558    388    192    646    834    542 
   387    323    450    383    369    424    633    978    987    735    793   1190   1070   1060    682     59 
   247    186    -23    141    415    -18    -24    534    660    399    455    645    804    799    689    220 
    92   1262    597    232    622    978   1177   1272    321    661   1288   1733    447    142    322    463 
   107   1538   1639   1458    438    -39    -68    -41    -22    239    173   1047   1534    879    617    643 
   707    978    347    996   1533   1837    168     17    196    558    345    757    372    115     83    -67 
   -92    -53     14     30    512    506    658    879    619    500    320    664    389    377    778    287 
    34    130     23     13    120    504    872    -50    682    -18    140     18    256    155    149    619 
   985   1202    664    545    452    739    364    427    416    -34    260    -14     -7     -9    152    746 
  1377    -60   1236    340    694    673    571    489    -21    693    804    822    807    757    540    840 
    87    636    821     -7    828    147    168    281    334    288    463    -40    -11    329    133    546 
   579    833    -25    646    973    443    776    459    283    490    411    371    690    214    989    812 
   437    319    352    196    -10      7     60    270    488    551    631    361    466    339   1272   1085 
   803    356     80    478    581    205    126    294    551    768    505    162     18    -16    -31    -41 
   -20    -16    381    671    944      0    629    133    666    989    520    255    118    660    156    173 
    72      7    530    286    310    347    115     -4    -22    -20     -9     73    538    635    844    467 
   317    293    100    488    758    558    512    705    175     -2    -18    -11     35    155    299    449 
   408    213    239    337    438    452    497    557    776    768    522    226     -6    228    154    441 
   490    715    492    243     52     53    260    290    294    469    668    637    535    410    461    355 
   306    423    633    355    259     35    -27    -12    -11    433    478    736    193    -43    -50    -39 
   -22    -19    -13     -9    114    232    259    104     56     -4    -20     -8    -20    -49    -58    -69 
   -71    -84    -91    -68    -28    356    656    423    660    631    724    828    930    935    743    693 
   698    490    307    375    400    439    311    232    308    282    346    498    418    557    796    969 
   289    -27    -28    -14    135     93     -2      0    -12    -17    -11    -24    -30    -19      7    135 
    29    -21    -21     -2     -5     39    -27    -33    -11    214    724    417    445    434    609    567 
   530    464    471    478    543    287    288    545    575    712    649    449    358    413    350    344 
   138    156    462    570    291    -31    -53    -72    -53    -18    -46    -56    -58    -95    -66    -41 
   -42    -45    -69    -40   -103   -104    -88    -43    -31    -33    -47    -51    -45     -6   1465    807 
   525    245    -71    -16    -52    -43    -23   -116   -118   -191    -89    -95    -31    -12    -33     -6 
   -40    -70    -51   -109   -103    -40     80    407   1667    867    129    210    -16    -25    -31    -33 
   432    280     17    -96    -27    -40     65    397    608    542    -25    -64    -12    -16    -10    110 
   386    600   1230    245    -52    -29    -72    -63    -81    -76    -21    -22     -5    -11    -68    -57 
   -40    -14    -19    -22    -72    -57    -19     -8    249    487    242    465    855    141    -23    -48 
   -66    -27    -52    -66     61   1102    869    103    -68    -69    -35    -51    -23    -32    -47    -42 
    18    -24    702    778     69    128     -3    -40    -42    -57     -9    -36    242    307    -15    482 
  1012    222     33    -32    -87   -138   -139    -90    -61    -58    -33    -71     -4    432    406    393 
   178    -34    -98   -171   -129    -83    -62    -78   -103   -100    -67    -57    790     -1    -87    -21 
   -10    143     -9    -14     94    419     -3    519    556    183    456    224    158    -31   -158   -129 
  -114    -93    -89   -179   -189   -159    -67    -35    244   1423   1416    520    -15    -51    340    769 
   447    205    455    574    -74    -90    -18    647    -89    -59    -45     77    -19   -110   -101    -69 
  -126    -70    440   1053   1338    658    942    -10    -99    -86    -40     -4    560    929    -36    -77 
   -69    397   -100    -81    -68    -73    -29    191    499    771    170     -2    685    943    604    208 
   307    -90    -84     24    750   1077   1356   1171     -1    -45    -74    -29    -25    733   1121    416 
  1266    616    726    -45   -167   -187    -92    -55    -45    -54    -44     11   -135    -60    300    654 
   995   1148    -26    -72      6    -13   -105    -27    399    -39    402    -18    -77    -71    -79   -108 
  -228   -301   -303   -245   -107    668    105    -76    -50     -6    -31    376     88   -107    -71   -145 
   -10   -111    -55    -39    -66    -41    -71     64   1355    266    -81   -103    -95   -129   -190   -165 
   -80   -131   -114    -63   -101    -11     29    -23    -54   -222   -186   -181   -173   -159    -94    -76 
  -163   -154    -26    774   2180   1183   1618    973    -75   -128    -81    -15   -111   -111   -123    -52 
   -98   -137    -31   -127   -175   -113   -114   -171   -154    -55    -84   -144   -102    562   1259   1372 
  1258    338    439    -39    322    389    -62   -172   -132    545    -43   -123   -110    -99    -84    -78 
   -48    -67   -114     -4    389     -4    520   -167    -96    -98    -40    303    -49    -66    -68    -33 
   -68   -103    -72     -7    -20   -148   -189   -151   -105    -81    -77    -97    -89   -112    -12    283 
   113    -84    -94    -56    -61     51    402    336    -41    -58    -36    -10    -32     -3    345    -10 
    -1    -32    -30    -94    -96    -56    -50    -80    -74    -86   -114    -57    -48    -22    172    478 
   978   1127    144     23     35     20     21    459    120    -44    -26    168    -13    161    -26     -9 
    80    118    -11     -5    -51    -67    -91    250   1174   1361   1096    556    351    -20     33    640 
    27    267    -36    -79    -13     66     -7    315    489    423     54    -21    -29     60     -2     -5 
   -57    260   1042   1014    285    -66    -68    -77    176    336    118    720    -43   -101    -55    -41 
   -33    -14     44    -18    -19     45     98    144    182     -2    -70   -116   -101    -80    -75    -87 
  -107    -93    -66    -69    -60    183    595     -2    105    384    309    510    355     -2    -23      2 
   154    197    112    -10     -5    -49    -73    -75   -106   -102    -83    -87    -49    -24    -10    238 
    -1    -66    -14     28     -8      0    -13    -25    -23    -47    -34    -37    -47    -53    -44    -32 
   -19     -8    -14    -42    -58    -51    -47    -34    -44     48     -6   -106    -78    -74    -79   -115 
  -114   -112   -102    -87    -78    -81    -64    -62    -27    -26    -31    -46    -48    -53    -61    -53 
   -47    -35    -59    -13    -23   -142   -131   -145   -151   -139   -133   -122   -121   -130   -146   -134 
  -110   -111   -105   -118   -123   -128   -137   -143   -146   -151   -126   -123   -132    -57    177    -78 
   -39     -1     97     78     -7    -16    -32    -33    -34    -66    -83    -97    -66    -53    -51    -51 
   -35     -9     -2    -38    -18    -18    -28     46    -99    133    -25    -96    -65    -58   -146   -101 
   386   -114   -180   -140    -97    -67    -24    -73   -119    -76   -112   -117   -101    -62    -14    -37 
   -79    -13   -175    120   -128   -217   -139   -145   -120    -90    -57   -250   -317   -185   -168   -108 
   -93   -118    -97   -239   -267   -225   -219   -144   -141   -175   -100    183   -164    -65   -173   -174 
  -111   -166    -90    -33      0   -176   -167   -100   -180   -139    -96    -50    449   -259   -180   -127 
  -117    -70   -119    -98    -38    517   -118    -85   -274   -226   -147   -134   -171   -149    -86   -135 
   -51   -176   -169   -172   -132    -61    -49   -161   -118   -125    -57    -38   -128   -160   -119     -2 
  -141    -71   -149   -164   -144   -150   -139   -112   -115    -80    -42   -134    -72   -145   -149    399 
   -55   -153    -64    -96    -94    -80   -151   -163   -112    -21   -179   -145   -136    -95    -86   -135 
  -112   -104    -72   -132    -48    -31    -76   -225   -116    956    -47    -72    168    -93    -91   -123 
   -83    -37   -116    -20   -100   -178   -154   -211   -175   -156   -182   -199   -121   -160    -87    -27 
   -96   -140    603    297    -61    -44    -54   -122    -68   -170   -128    -32   -157     -5    -71    -87 
   -89   -225   -180    -99   -117   -186   -225    -45    -27    -28   -101     39    914   -159   -182   -155 
  -115   -109   -100   -147   -157    -65   -151     -1   -164   -121   -154   -257   -131    -71    -51   -208 
  -244    -47    -39    -89    -40    -52   -129   -172   -165   -153   -236   -174   -104   -119   -160   -151 
  -192     16   -221   -173   -233   -233   -135   -155   -197   -267   -176    -59    -97   -103    -19    -64 
   -57    -55    -94   -166   -321   -137    -54   -196   -212   -222   -216    -64   -235   -158   -142   -200 
  -130   -239   -297   -165   -148   -203   -234   -150   -108    -97    -35    -74    -71    -61    322   -111 
  -199   -204   -227   -193   -160    -80   -298   -120    -85   -408   -293   -298   -356   -272   -146   -153 
  -264   -273   -121   -167   -110    -73    -79    -33   2718    510   -332   -299   -159   -142    -99    -91 
  -330    -35    282   -528   -355   -337   -369   -229     -8    912   -193   -306   -227   -197   -205   -256 
  -141   -126   3115   1898   -266   -201   -137   -121    -69    -86   -243    -72     -7   -621   -217   -290 
  -296   -177    -27    761   -170   -281   -172   -263   -432   -425   -343   -169   3167   1777   -202   -233 
  -128   -119   -146    -39    -64    690    319   -552   -150   -194   -187   -143    -78    -36   -131   -141 
  -261   -226   -470   -366   -171    -72    395    312    -65   -201    -79   -112   -132    -20    245   1268 
   302   -282   -141   -116   -104    270      8     -5   -196   -293   -257   -217   -300   -230    -35    225 
    66    470    -59   -136   -109   -128   -119    -37    -64    -74    -76   -168   -141    -57    -64    204 
   -38   -135   -262   -358   -169   -119   -131    -86    -11    -58    -90    -74   -164   -191    -80   -149 
  -156    -70   -193   -286   -284   -285   -126    -54    -96   -102    -80   -150   -212   -242   -233   -172 
  -199   -119   -186   -289   -292   -248    -90   -209   -120   -243   -267    -46   -236   -307   -298   -278 
  -139     -3    -99   -179   -154    -90    -60   -123    -97    -72    -73    -83   -252   -390   -412   -241 
  -102   -220   -213   -351   -220     -8   -164   -156   -119   -138   -149   -104    -88   -117   -119   -105 
  -117   -108   -103    -36    -14    -43   -181   -283   -267   -154   -186   -176   -245   -275   -136    -65 
  -143   -142    -21   -115    -83    -99   -121   -123   -120   -137   -117    -85    -75    -85    -78   -144 
  -189    -82     73    -28   -121   -187   -149     -5    -27    -29   -144   -102    -88   -185   -122   -119 
  -129    -92   -105   -115    -95    -93    -65    -96    -57    -79   -152   -125    -71    -67    -41    -81 
   -78    -52    -71    -29   -125   -141   -128   -170   -117    -86    -75    -93   -130   -121   -121   -116 
   -55    -62    -98   -120   -115   -151   -179   -142    -89   -109    -96    -85    -63    -41   -199   -181 
   -99   -100    -80    -61    -40    -64    -68    -70    -83    -82    -74    -56    -72    -99   -115   -126 
  -129   -116    -98    -89    -56    -42     -4    273   -186   -188    -80    -70    -78    -68    -30    -86 
   -85    -63   -118   -129   -113    -52    -29    -61   -103   -110    -73    -63    -78    -76    -61    -49 
    47    656   -105    -56    -41    -45    -53    -24     26    -17    -57    -50    -90   -102    -87     -7 
    -5    -67    -71    -44    -21      0    -34    -62    -48    -47     24    458    -11   -177    -53    -97 
  -103    -56   -101     -8    -34    -81   -139   -184   -126   -136    -32   -132   -121    -19   -193   -245 
  -150    -82    -40    -12    -69   -122    102    -49    -58    -19    -72    -81   -214   -119   -110    -62 
   -75    -71    -97    -68    -64   -158    -40    -52   -163   -110    -82     -4    -16     77     46     -7 
   675   1056    -86    -86   -101   -125    -98   -124    -74   -113    -11    -18    -49    -44    -79   -106 
   687   -134   -131    -92    -54    417    584    213     -4    -19     89    497    -85    -96   -109   -116 
  -147   -182   -141   -192   -113   -123    437    179   -105    -80    -21    -87    -80   -105   -109     -2 
   127    -75    155     -5    -60    -67   -107      4    -14    -58   -142   -105     74    -40   -173    -99 
   417   -120   -226    498   -135   -199    -39    -96   -112    -82    -47    -77   1358    415    -44    -85 
   -85    -62   -148    -73     81   -137    949    -57   -106    -76    115   -146    -76   1843   -103    -45 
   551    -65    -61    -61    -15    806    249    -32    -37   -110    -30    -66   -195    -63    -21    -77 
   -83   -157    197    384   -119   -106   3124   2367    114    -25    -39   -120   -132   -121   -124    259 
  -133   -102     -3    -74    -98   -143   -149    -55    -29    154    -80    -68    550     86   -203     -2 
  3154    114     35   -180    276    -85   -157   -171   -177    -73   -115    -77    -35    -23    -37   -112 
   -92    -36    -73    -86    -42    -20    -82   -121    -71     36    -34   -121   -137    -56     -6    -81 
   -96    -74   -145    -86   -114    -93   -120    -63   -137   -139   -106    -82    -90   -143    412    -58 
  -200   -156   -102   -129   -243   -171    -75   -104   -220    -36    383   -123   -163   -143   -150   -100 
  -132   -134   -167   -124   -157   -139   -182   -128   -244   -169   -197   -187    -11   -190   -192   -161 
  -193    -93    -36    386    -44   -143   -106   -155   -155    -54    -24   -169   1766   -125    -44   -122 
  -167    -34   -260   1454     -3    -62    -69   -129    480    -75   -153   -107     -6   2510   -174   -215 
   -27    -73    -41    -72    -75    -65    583   -202    -51    -81    -48    -61   -103   2637    -52     -7 
   -60   2175   3642    -68    -77    -77    986   2897   -170   -269   -177    -98    -82   -116    -95    -68 
   -46   -344   -171   -189   -159   -244   -175   -169    448     19    -52    116    -35   -103   -109   -102 
  2469   1128   -120   -123   -151    -85    -68    -13    -92    -16   2042   -107   -148   -158   -183   -208 
   -85   -233   1470    278   -162   -302   -326   -251   -145    464    438   -126    -36    664    539    -16 
    -3    211    -44    435   2868    174   -149   -151   -132    -75    -61    -82     -7   -168   -202   -254 
  -243   -288   -124    862    -17   -104    -46    413    -62   -174    -42    134   -113     -4   1970    -65 
   -78   -131   -121   -130   -134    -80   -188   -244   -186   -112   -167   -119    496   1952    536   -123 
   -24    274    -65    -94    -97    -70   -139   -173   -165   -207   -129    -69   -128   -203   -168   -169 
  -255   -189   -163    -83   -171    -56    -20    307    -96   -174    -49   -126   -169   -140   -173   -101 
  -162   -165   -257   -156   -200   -161   -240   -267   -216   -159   -161   -146    -61    -22    -40   -102 
  -174    -31   -178   -156    -17    -11    710    -89    -81    -86   -138   -115   -139   -199   -211   -204 
  -220   -183   -185   -198   -174   -215   -198   -102     56   -108   -240    -96    -80    -90   -182    -73 
    41    -23    -53    -71   -120   -134    -80   -180   -137   -143   -151    -75    -49   -121   -103   -107 
  -132   -195   -113    -85   -154    -48     84   -101   -159   -154   -141    -61    -95    -51    -85    -32 
   -48    -94    -70   -102    -83    -58    -45    -57    -69    -77    -59    -93   -105    -94   -143   -114 
   -56    -58    -62    -91    -91    -68    -70    -44   -106    -88    -51    -50    -48    -84    -67    -64 
   -91    -52    -79    -92    -61    -71   -122    -96   -103   -136   -151   -102    -67    -73    -92    -84 
   -58    -29   -120   -118    -47    -51    -85    -43      6    -43    -76   -111   -101    -67    -51   -104 
   -59    -41    -54   -102   -124   -129    -98    -92    -52    -76    -54    -25    -95    -88    -42    -74 
   -69    -44    -62   -113    -80    -31     44    -16    -54    -27    468    586     -8    -22    380    422 
   -20    -33     81     -4     71    383    -62    -92    -72    -44     -3    259     -3    -14    -31    -44 
   -47    -34    -38     12    -37    -76    -64    -35     27    290    116     -3    189    138    681   1438 
   -34    -37    -84    -71    -62    -65    176    203    236    -21    566    426    -47     65    288    249 
   -49    -41    100    -42    -53    -12    180    929    653     -3    -39    -94   -209   -104   -167   -104 
  -119    -99    -82    -59    229    -10   -124   -139    -77   -117   -254   -139    -79   -103    -66    356 
   462   1063    416    -97    250    -32   -138    -63    -82    -70   -186    -54     -3    295    538    -91 
  -141    -59   1036    -84   -148    -70    -21    -46    -76    -17    -56    -17     42    -89     -8   -113 
  -136    -12     -8    -94   -113   -101   -139   -117    -92   -148   -139    923   1877    -91   -124    136 
   -17    -22    -70    -15    -12     -4    473    149     22    -65    -88    289     38    -94   -144   -164 
  -115   -109    -79   -138   -154    -12    314    -78    257   1772    755    351    -76     52    423    740 
  1156    829    -28    -91   -182    -46    -10    -60   -115    -99    -14    101    732    -18     66    617 
   -11    -90    114    398    -21     40    -63    -74    209    -67    -25    -40    -75    -90   -201    -35 
   -15    -31    -51    -91    -11    -14    237     21    866   1325    -30    -21    158    -24     -1     -4 
  -106   -154    -86   -200    -71    -58    411    445    -62   1306    123    -29   -115   -188   -141   -218 
  -111    -33    287     -5    -55    -10    -36   -114   -163   -122   -129    -93    -84   -165    -73    -81 
   -29     23    -79   1314    -30    -15    -50   -122    -79   -259   -128    -95   -160   -232    -40     97 
     9    -94    -22     -9   -181   -128   -167   -232   -143   -126   -101   -141   -158    312    -52    -44 
  -133   -109    -86   -200    -52    -43   -155   -167    296    -42    -70    -81    -14    -12   -132    -71 
  -121   -164   -105    -80   -150   -133   -191    -65    -67   -127   -173   -135   -143   -188    -59   -119 
  -147   -152    -62   -146    -82   -128   -133    -76   -206   -133    -77    -75    -81    -49    -92   -153 
  -230   -219    -86   -121    -95     -8   -104   -200   -193   -171    -64    -79    -17    -54    429    -96 
  -213   -200   -284   -161   -129    -57    -77    -66   -243   -138   -187   -313   -189   -138   -108    -96 
  -185   -334   -334   -164   -107    -83   1210   1406   1383    -17   -203   -268   -184   -114   -148    -86 
    -9    -35   -255   -170    -63   -313   -228   -232   -145   -152   -258   -221   -254   -159   -225   -236 
   -18     -9    398    -69   -185   -148    -87   -149   -157    -83     24    -91   -164   -277    -78   -165 
  -175   -168   -154   -150   -187    -97    -35    682    -92    -87     -5    -87    -94   -176   -104   -136 
  -103   -131   -133    190    128    -91    -74   -100    -42    359    -69    -53    -78    -95   -125   -159 
   161   1387   -127    -72    -78   -151   -183   -183   -130   -227   -108   -108   -125    -57     -4    -40 
   -17    -64    173   1121    456    -32    -87   -102   -108   -168    -28    775   -177   -179   -181   -241 
  -221   -155    -53    -89    -15    205   -107   -131    -94    -95    -41   -170    -29   1734    -59    -49 
   -62    -50   -148   -202   -177   -118   -139   -190   -240   -319   -276   -325    209    -85    -34    309 
  -143   -146   -198   -150   -125   -206   -105    -35   -150   -146    -65    -96   -162   -147   -155   -121 
   -95   -132   -220   -329   -382   -361    -30   -113    -78    -28   -243   -118   -260   -175   -122   -186 
  -129   -111   -147   -146   -140   -147   -179   -169   -174   -124   -103   -124   -204   -283   -274   -152 
  -142   -270   -196   -154   -175   -117   -225   -152   -158   -225   -198   -138   -160   -155   -158   -118 
   -79    -80   -103   -114   -134   -137   -159   -183   -175   -113   -154   -192   -168   -236   -263   -260 
  -192    -89   -186   -216   -176   -137   -154   -149   -156   -113    -56    -52    -91   -108   -134   -154 
  -165   -175   -185   -186   -171   -167   -194   -195   -174   -164   -109    -66   -155   -187   -187   -141 
  -112    -95    -99    -77    -70   -108   -112   -111   -120   -132   -124   -133   -140   -141   -136   -120 
  -121    -90    -90    -73    -25    -32   -117    -75    -94    -36    -22     -5     -1    -16     -9    -15 
   -12     45     85    -31    -28    -51    -49    -44    -13     -2     -8    112    -23    -38    -24    -41 
  -125    -73   -106    -95    -96    -83    -70    -52     -4     31    -63    -51     -4    -37     -1     30 
   420    621    305    183     76    -31    -38    -53    -36    -46    -37    236     34    330    295    241 
   313    616    747    148    -74    -49     27    -14     -7     -9    274    241    -29    -38    -49    -75 
    -9     93    481     -3    -80    -74    -54   -134    -96    -98    -65   -126    -18    -55   -168   -138 
  -100    -88    -84   -127    -76    -52    -80   -161    -79    -55    -48    -57   -188   -255    -61   -104 
   -73   -130    -80    -90    -66    597   1064    540   -128   -185    -97    -44    715    -23    -75      0 
    20    -21    903   1249    755    -26   -215   -313    -70   -145    -91    -96    -82    -84   -147    254 
   561   1287   -100   -170    -70    -71    232   -142    368     -2     -3   1028   1212    291    -19    -54 
  -231   -260    -47    -90    -51   -104    -43    -53    -64    -67    -69    -52    -95   -153     -2    181 
   -72   -194   2147   1164    -16    -26    895    875    703      8   -198   -196      0     13    -17    -13 
   118    -21    -81    -70   -136    -72    -25    -82   1461    127   -109    -75   2010    529    -64   -141 
   -21    649    329    -50   -190   -180    -68     53    -54    -16      3    -38    -40     80    275    -65 
   -80    -69   1278    -58   -211     -3    -12   -220   -130   -122    -78    266    -64    -95    820    -77 
   -47    165    -21   -105   -122    -15    164    -51   1299    -40   -151   -105   1568    -81   -175    -18 
  -239   -255   -183    -70     84   1450    577    301    445   -142    -42    339    324     38   -140     77 
   127   -111    -79   -161    249    -61    -26   -161     -8    -96    -71   -154    -82    -62    -36   2146 
   958   1160    -66   -246    -82    321    156    567    -90    165    551     64    -60    840   1759    -30 
  -186   -100   1571    329    335    -74    -27    -97   -154    632    -38    261   -112   -217    -39    611 
   -12    -41    -57     -9    -55    -96    -17    -86     74    -90   -120     68   1309    609    -31   -124 
   -25    -27   -175    378     62     94   -135   -177    -92    980    788    322    -78    -63    -34    482 
  1314    -22    -41    -49   -100   -162   -176   -130    -37   -174   -112    -44   -133    -95   -109    -38 
  -123    -81   -175   -142    -97   -164   -171   -113   -106     94   -186   -151   -132    -33    -17   -298 
  -104    250   -170   -241    -65    -26   -219   -123    -64    -49   -155    -92   -241   -173    -51   -402 
  -338   -129   -201   -124   -357    -91   -165   -162   -128   -223    887    -56   -189   -449   -413    849 
  -168   -228    -20    301    -88   -172   -201   -249    -14   -106   -136     -7    -55   -144   -247    406 
  -146    -73    -18   1928   4356    870   -132   -271   -242    818   -130   -210   -156      3   -177   -129 
  -135   -253    443    100    586    722    -21   -134   -273   -245    -48    -55    -82    221   2578   2764 
  1373    -79     -4     92    -36   -224   -199    204   -212   -150   -101   -116   1039   -120    -64    188 
   -28   -128   -234   -293    793    -63   -140   -119    368    264   -118    -75    484    -89    -30   -100 
  -116   1091    -84   -151   -108   -140    185    -66    -91    290    598    -61   -112    -40   2083   1108 
   339      0    711    -86   -212   -102    -19   -197     66    436   -118   -125    -97   -153   -175    -91 
   803     -8    116    589   1321   1067    -10    389   1427   1054    503     -6    -21   -153   -119    -32 
  -162   -202    -41    208   -114   -139   -171   -111    -49    622    984    885    184   1820    905     16 
   240    654    365     30    -56   -137   -123    -94     -2    375    -94   -128    864    439   -100   -182 
  -178   -176    -42    592    114   1248    200    -18     15    -43     -6    536    208    234    344    373 
   -18    -73    787    284    -60    -38   1085   1962    727    -73   -134   -126   -137    447    763    764 
   203    354    140    -45    -28     95    -17    -19     27    689   1040    125    267    637    223    549 
   161    422     -9    -87   -202   -134    -90     28     -6    168    138    122    -10      0    554    155 
   -11     88     -6    -22     18    195    272    358    -14    445    665    534    -30   -131   -212   -134 
   -85    233    -16     -6    -17    -20    -51    -74    -16    185     41    156    581    463    156    280 
   182     50     -3    -10    -16    117    -16    -77   -187   -150    -67    668    406    797    645    369 
    55     22    630   1030    932    662    639     66    -44    -41    -25    -41    -38    -13    174    258 
   -35    -78   -189   -136    -67   1253    979   1007     66    403    697    318    224    -54    -56     71 
   621     -8     24    222    392    123    -34   -102    -36    566    512    -29   -209   -152    -46   1519 
   980    378     -8     -3    291     90    -44    208   1422   1001     -8    -28    710   1148    904    276 
   224     -3     -9    160    260     -5   -192   -201    -21   -157   -119   -215   -122   -144   -189   -149 
  -335   -182    -46    -47    -52   -196   -117   -143   -167   -196    -47    -50    -61    -85    -11    -18 
    71    -45   -110   -309   -169   -202   -111    -89   -163   -141   -301   -220    -95   -158    -76    -86 
   126    -65   -253   -165    -54   -172   -222   -306   -276   -296   -209   -145   -117   -165    -77    -95 
     5    152    -18    669     10    -70    -67    -92    126   1110   1376    517   -150    164    -38   -137 
  -272   -287   -204   -158    -46    -52   -110   -142    -75    -88     17    -78   -115    -46    -55   -148 
  -137   -104   -130    -51     -8    -42    -64    287    -58    -87   -227   -216   -114   -104    -47    -79 
   -49    -88    -24    -62    200    -25    -95    -64    -52    200    773    146   -114    -82     -8    126 
   506     82    -88    -78   -126    -72    -24    -95    -82   -105   -101    -61    -64     -8    255    -39 
   -22    -52    -41    298    568     -1    -31    174    -32    -44    503    -63    -95     -5   -112   -151 
   -17    -60    124    -35    -75    -37   -111     30    507    -67    -19    -48   -122    -85    -56    137 
   605    444    -95    347    -42    -77    -46    235    -14    -74    222    123    566     11    -84    -64 
   -73     24    410   -100    -95    -47    -33    -33    -67    337    815    -32    -41    461    -46     -3 
   -86    595    425    -54   -107   -140   -150   -132    -88   -119    -47    -21    -37    -64    -49    -28 
   260    313     70    356    -16    -44    -57    -54    -22    -55    -89    240    -96   -156   -169   -148 
  -141   -134   -100   -138    -99   -101   -122    -80   -199   -177   -129    -88   -131    -55    -80    -25 
   -64   -134    -46     40     -6    -88    -54    -17    -32    -58   -103   -123    -77   -102   -217   -205 
  -148    -27   -219   -234    -60   -233   -346   -222   -192    -37    -53    -34      8    244    476   -240 
  -124    -98    -50    -45    -61    -68    -66   -143   -355   -240   -244    -62   -201   -227    -73   -315 
  -221   -168   -276   -137   -268   -172    -40    475    300   -170   -152   -179    -95    -13    106    188 
   -46    -61   -131    -79   -122    -55   -116    -78    -57    -53    587   -128   -263   -296   -277   -105 
   -76    102    -46   1025    991    267    -70    -48    470    223    -55     36    -22    252   -114   -121 
   -80    -14     72    -35   -150   -170   -168   -327   -279   -166    -64    -41    -55   1172   1054   1979 
   775    -97     18    -47   -114    -31    180    357    -99   -138   -112    -51     -6    -34    -24    203 
  1768   -118   -160   -105    -44   -185    -60    -46    -63   1660    -35   -161    -15    -13    -74    -95 
  1142    895    407   -146    -98    -64    -13    595   1755   1235   2777    813     -7    -74   -134   -178 
   477     65    -78   1015    -52    -73    -15    112    -80   -118   1306    174    832    -69   -116   -145 
  -101    -51    668    -40    635   1247    645    -74   -228   -128     -8    450    -25    403    674    -38 
   -47     73    -56    -41    740     -3    522    116    -14    -50    -49    -27    153    -28    -19    444 
   892   -113   -197    -92    175    688    426   2078   1347    613    671    566    -54    -93    428     -8 
   187    838    439     -2    140    382     -9    -25    -46    -18    584    792    283     10    663    -45 
   135   1745    251    410    361    366    -75   -100    -63    -59    -34    -54    -70    -94    -88    -63 
   -89   -101   -143   -118    -48    245     53    -45    -22    -43    167    281    -19    215     -9     78 
   -65    -75    -27    -48    -64    -72    -49    -42    -33    -17    -21    -32    -48    -37    -54    -78 
   -72    -50    -24    -14    -18    -43     26    724    835     56    -66   -105    -39    -42      0     15 
   314    181     96    141     -2      0     -2    111    244     44     94    435    156    340      0    -26 
   623    713    773     87    -52   -108    -14    -17     20    -13     -9     -3    204      0     28     -7 
     0    154    133    -10    184    106    101    330    -15     -2    410    410    662    239    -64   -155 
   -69    -74    -59    -92    -98    -74    -13    -30    -13    -38    -15    -23    -50    -67    -51    -53 
   -11    -14    -45    -40    -16     57    772    294    -62   -107    -39     -4     46    -12    -25    -24 
   201    -28    -11    -24    -18    -36    -61    -48    -58    -50    -29     -3     95     31    -45    -14 
   810    515    -55    -35    -55    -92   -117   -134   -156   -158   -148   -157   -152   -182   -173   -149 
  -101    -65    -89   -137   -154   -156   -136   -110   -160   -184   -124    -57    -84   -101    312    221 
   127    -18   -132   -105    -47    -80    -61     -2     81     52    -13   -106   -112    -26     61     -6 
   836    472    -30     83    -17    -93    -30   -118    186     88    -52   -102   -169   -123    -82   -118 
  -106    -36    -39     60     97   -174   -180    -77    535    -18    420    516    -58    -84   -106   -187 
   -99   -166    -71    -37   -136   -129   -139    -95   -110    -89   -127    -99    102   1109     -2   -143 
  -127   -103    -22    -15     81    106    -13    -88   -122   -100   -132    -95    -43     -8   -107    -70 
  -133   -111   -118    -34    -39    -59    -11    363    -62   -118    -87    -91    -51    -61    -64    -30 
   165    -10    -51    -80   -115    -89    -63    293    -85    -48    -98    -72    -92    -13    -40   -145 
   -19     -5    -95    -51    120     85    -18    -49    -96     -7    -12    -47    -56   -106    -82    -63 
   -73    -15    -66    -45    -92    -88    -67    -80   -111   -175    -76   -102   -154    -34    -16    -10 
    96    -48    -92    -60    -50     -8    108   -119   -101    -79    -63   -101    -21    -13    -51    -97 
   -41     98    -51   -118    -95   -136   -178   -111    -98    -34    217    -72   -132   -100    -43     14 
   -16   -148    -77    -21    113   -193    -87    -23   -139   -195   -145    688    588    -95   -122   -104 
   -60   -157   -161    -44    116   -106    -70    -27    -30     15    -47   -132    -87    -24    183   -102 
   -58    -57    -59   -204   -268     71    572    -44    -97    -62     -1    -69   -144     -8    -74   -115 
  -108    -60     37     84    -49   -179   -101    -38    -11    -73    -55    -99    -19    -76   -169    -38 
    37    -24    -55    -12    223    385    -43    280    -35    -91    -82    -18    534     -4    -31   -147 
  -124    -54    -37    -13    103    -39    -28    -83   -142   -167    -72    145    -76    -19    208    321 
   -12   -116   -240   -140    787   1108   1525    -12    -39   -134   -147   -216   -365   -146   1227    -13 
  -189   -248   -301   -412   -162   1290     82    -62    133     27    -65   -173   -364   -336    727   2528 
  2406    261     -2   -162   -138   -363   -684   -233   2042   1549   -261   -397   -478   -609   -144   1500 
  2567    201    -65    162    -20   -309   -608   -397     -1   2781   3559   1006    869   -130   -151   -526 
  -668   -103   3524   1880    -79   -341   -540   -504   -154    568   2255   2089    -20    357    378   -216 
  -460   -226     35   1645   3906   1486    662   -112   -152   -377   -460    -63   3591   2470    270   -249 
  -506   -740   -337   -137   2682   3188    -24    -86   -144   -293   -301   -111   -110    983   3178   1858 
   245   -114   -195   -475   -295   -141   2228   2578    532   -188   -416   -592   -216   -153   2087   3117 
   617   -117   -346   -408   -223   -136   -228    553   3250   3172   1321   -110   -188   -511   -232   -157 
  1393   2749   1378    -81   -168   -265    -65    492   1933   1459    606   -133   -466   -388   -161   -261 
  -218   1058   4478   3416   1723     -4   -173   -296   -122    -17    596   2840   1976    884    -33   -108 
   -84    -35    281    -31    382    -53   -317   -223    -40   -287   -232    586   3624   2531   1682    328 
  -134   -137    -85    306    853   1586   1019    527    -32   -102    -71    -91    -65   -105    -50    -17 
   -65    -89    -63   -189    -70   2618   4407   1154     -8    -12    -85    -46    -81      0    338    918 
   122    -45    -43    -66    -51    -62    -56    -84    -60   -104   -134   -176   -223   -171    -74    490 
  1537    -82    -11    -46   -105     44    -13    -53    -37    -49    -25    -38    -31    -19    -28    -62 
   -51    -72    -47    -82   -145   -193   -188   -139    -91     -8    -32   -169    -94    -89    -55    340 
   665    -11     -6    -37    -33    -34    -29    -35     -8    -27    -23    -54    -67   -156   -195   -193 
  -146    -85    -61    -22    -88   -159    -95   -100    -24    570    422    -24    -18    -26    -41    -42 
    -6     -5    -10    -25    -25    -61    -59    -80   -121   -108    -60    -63    -89    -45    -94   -116 
   -71   -110    -21    828    832    311    218    101    -15    -28    156    168     40     -1     -9    -33 
   -57    -48    -53    -77    -35    -39    -36     -2    -22    -57    -27   -109     -6    551    198     -7 
   -34    -49    -42    -68    -64     61    259    730    243    -23    -68    -57    -45    -86    -59    -53 
   -26    441    262    -33    -13   -129      7    857    948    456     19    -13    393    165    -50     31 
   423    484     -1    -12    -21    -28     -5    -34     -6     58     -2    -16    -18    -30    -51   -125 
   -92   -123    -57   -104    -96     48    -30   -123    -99    -89   -113    -83    -60    -87   -100   -131 
  -141   -145   -147    -17    -89   -120   -126   -157   -176   -188   -116    -40    980     68     50    538 
   -87   -144     27    570    -30    704   1033    -23    -77    -26    -11   -140    -53   1051     -8    -60 
   -55   -105   -158   -162    -47    -50    755    -13    -38    352   -142    -92    356    419    -16    681 
   208    -37   -110    138    -32    -65    -54    921     66    -46    -29    -44   -102    -53    211    -26 
   845    -62    -47    -48   -161    -58     -1    -57    -86    634    243    -82   -147    -91    -85      0 
   -40     88    -10    -29    -52    -46    -98    -47     50    -17    750    214    189    258    -77    546 
  1134    132    435   1048    -25   -138   -175   -108    -90   -104    -33    209    588     -3    -32    -23 
  -118    -73    942    977    868     49     12    797   -113    197   1309    553    533    238    712    -30 
  -113    -78   -131    -98    -29    139   1063    -66    -84    -38   -141    -88    387   1719    774    -80 
    -8    704    -99    764    -37    -21      2      1     36    -34    -55    -67   -113     -2    -35    119 
  1134    -28    599    195    420    204    234    674    513    -89    202    589    -57    641    -98    -26 
    -6     25     67    134    410    -51    -62     53    -46    -88    842    996    541     -9    -28    -55 
   532    214    719    -55    -48    910     -2     60     54     -4    -27    -90      0    281    338     53 
   -25    510    -69   -104    159    -31    128     -8    -45    147    329    206    454   -108    129    600 
   -30    -11    721    383    -49    -59    -10     -1    -79      0    -12    -13    382    -45    -18    941 
   800    770    535    795    839    226    -58   -149    199    420     -5    -31    474    -99   -142   -224 
    -3   -114   -151    -59    -57    -68    -98   -171   -213    -12     22    621    486    556     96    -30 
  -128   -161    287    -25    659   1197    313    -94    -50    -94    -18   -197   -184   -144   -146   -248 
  -256   -211   -131   -169     66    844     11    820   -248    -30    150    -84   -107    574   1044   1737 
  1767    -45     40    -37    -31   -157   -341   -192   -164   -243   -112    -48    -90   -158   -115   1157 
   -17     -1   -121   -166    -40    137    -97    376    -46    -48   -103   -168    194    496    -54    424 
  -106    -89    -75   -212   -185   -151    -86   -159    -44    708    -79   -137    437    -89    -33    214 
   863   1264    392     -3   -136   -130   -133   -191    -23    -50    -74    156    -72   -142   -162   -220 
  -192   -109     -3    574    -82   -165    462   -186    -44    -66    199    769    679    -32    -98    -65 
   -59    -48   -219    507    277    269   -171   -123    -37   -178    -51     -7    113    -72    -74   -153 
    30   -200    -91   -198    -36    -38     -7    -44   -125   -106   -162    -77   -274    570    201    -24 
  -238   -136    -39   -250    -24    -19   -133   -163   -164   -149    535    -95   -206   -117   -186    -80 
   -43    -46   -121    -49    -55   -102    -29    -12    -48    -58   -206   -220   -112   -122    -74    239 
   -92   -168   -136   -140    148   -130   -177    -69   -252    -98    -83    -57   -138    -62    -43    -66 
    -6    -98   -146   -100   -157   -325   -151   -119   -144    -32   -156   -185   -109   -145    844   -111 
   -58    -37    -90    -52    -79   -106   -133   -100    -43    -47    -49    -90   -121    -93   -158   -190 
  -111    -99    -85    -64    -89   -133    -93    -48    749   -102    -10    163    256    251     -6    -34 
   -57    -24    161    -20    190    -22    -60    -90   -148   -174   -110    -53    106    -35   -116    -85 
   -72    -55    985    -27     -7    283    488    298     94    -25    -41     -4    151     53    313    115 
    -2    -39   -104   -161   -150   -123    -18    230     36    -31    -49    -54    637     97     32    226 
    63    -23    -61    -58    -81    -40    -23     75    153     23      9    -52    -72    -77   -101    -86 
   -37    -15    -17    -52   -103   -109    487    -48    -73    -79    -83    -75   -110   -105   -124    -80 
   -73    -40    -41    -76    -76    -73    -96   -114   -110   -128    -83    -47    -68    -88   -130   -130 
   435    -28    -40    -48    -63    -39    -38    -77   -126    -96   -114    -72    -80    -73    -67    -75 
   -90    -96    -65   -101    -99   -112    -75    -63   -111   -131    -24   -129   -124   -114   -126   -144 
  -152   -160   -177   -175   -141   -126   -115   -113   -118   -144   -134   -131   -110   -110   -117   -113 
   -83    -92   -159   -148    388      6    -27    -12    100    -15    -38    -30     -9    -43    -70    -73 
    -3     -9    -24    -30    -47    -66    -44    -63     24    252     49      0    -40    -41    783    168 
    -9    -15     73    245    -28    -27    -28    -60    -42    -85    -23    -11     -8    172    803   1008 
   414    250    197     -3     -2     -9    380    281    277    301    528     51     61    -11    338     30 
    -8     -3     92    -59     65    937    662    171    499    398    675    277    170     96    326    413 
   395    390    -33    223    340    120     41    121     42      0    652    484    530    -41    -31     60 
    66     75    -26     -1     -3    570    707    275    269    431    764    667    108    805    515    297 
    -1    -12    -44    203    800    728    249    185    219      1     90    -40    -63     -4    -23    308 
   729    648    562    474    226    157    332   1167    875    952    500     15    -27     80    163    278 
   -20    293      0    257    157    346    162    550     -2     82    635    530    245    -21    -21    -51 
    -1    755    285    -22    -22     22     -1     97    256    418    169    308    318    288    703    891 
   896    745    767    800    593    616    -12    -24    -53    -23    157   1062    299     31    126    568 
   102    567     89     44    307    -29    -19     93    819    466    768     11    -44    -42    584    286 
   -17    -14    -41    127    305    471    273    287    991    956    247    272   -124    -84    -99   -110 
  -139    -10     -4    -47    -38    -76    -83     87    440    373    189    226    -27    345    259    451 
    30    -50    -27    494    234    -58   -146   -163    -96    -55    -19    147    -21    -66    -97    -32 
   -78    931    804    349    636    529    -29    506    -14    -14    -55     -7    136    559     -7    -33 
   -84    -12    408    669    478     -4    449    537    264    615    675   1517    750    484   1006    853 
    47   1127    171    -13    727    777    388    -41   -147   -116   -134    456    641    -49     87    323 
   711    411    358    538    776    751    -46    -20    202    119    -31    356    -54    -69    -47   -114 
  -187   -171   -184   -236   -201   -261   -228   -238   -187   -139   -150   -148    -60    201     -6    -79 
  -217   -135     22    -37     -5    116    -93    -77   -211   -268   -191   -114   -126   -178   -232   -326 
  -275   -223   -221   -337   -343   -277   -154    -38    -86   -202   -179   -120    -73    -79    -69     38 
    46   -103   -292   -323   -165   -102    -73   -105   -159   -278   -173   -225   -143   -142    -89    -85 
   -50    -56   -111   -118   -111    -66    -85    -45    -57    -59     -8    -64   -186   -247   -127    -39 
    26    -27    -58   -193   -131   -242    -65   -139     -7    -26    -20    -77   -118    -95    -57    117 
   -96    -42    -53    -14    -39   -150   -135   -195    -85    -18     11    -44    -65   -124    -98   -215 
   -32   -100    -28     -7    -49   -126   -168   -133    -72     -2    -75    -36    -71     -7    -44    -97 
  -102   -196    -50    -27    -18    -83    -81    -78    -56    -83    -52    -58    -30     89    -56    -19 
  -154   -124     -4    388    -71    131    -85    -20     -6    -52   -110   -151    -67    -10     -3    -40 
   -37    -35    -13    113    -16    -31    -38    -19    -53    249   -112   -132    -34    -40    -58    233 
   -74    -22     -3    -23    -50    -46     -3    -17    105    169     82    345    182    438    454    343 
   130    -18    290    567    -43    -84    -28    -38    463     35    -16     -4    549    556    584    336 
   569    387    320    279    109    419    255    320    202    238     -5     94    -12     -2     75    -19 
   257     12     53    -20    -23      5    283    165    362    193    357    323    179     44     -1    214 
   222     49    103    300    237    204     -9    273     35    -13    230    108     75     -4    -17    105 
    57    149     68    129    205     70     81     -5      5    181     15     -5     -9    -17    -18    -14 
   -11    -15    -29     -6    281    114     -5    -18    -33     -4    -22    -37    -65    -48    -28    -26 
   -12    -20     -4    180     -1    -16    -47    -63    -56    -39    -35    -45    -44    -29    -16    -32 
   -41    -52    -52    -18     -4    -25    -44    -45    -22    -11    156    -19    -25     24    107    -13 
   -21    -50    -57    -36    -34    -21    -37    -55    -48    -37    -37    -48    -38      3    268    157 
   -17    -23     -5     -3     -1    -11     28    170    189     78     56     -2    -30    -37    -28    -10 
    16    120    208    229    275     -6    -18    197   1127    253    334    261     53    -94   -127    -96 
   -61   -127    -69     -6    -94   -180   -146   -106    -32    -80     49    -49   -134   -118   -110   -131 
  -142    -82    493   1094   1309   1131    573   -136   -166   -157   -159   -150   -209    -42    -28    -38 
   774    226    -56   -151    -85   -131   -244   -138    -94    -27    -19    674   1716   2809   1116    -27 
   -80   -119   -191   -180   -123    -88   -146   -176    -74   -114     -9   -156    -84    -93    -20    -84 
  -116    263    736    920    798   1364    629    226    -71   -169   -103   -179   -160   -166   -176   -152 
  -194   -282   -160   -123    154   -133   -146    -78    351    -48    -23    357    395    -48    -30    770 
   866    -37    -96   -231   -126   -142    -58    -41    -79    115    741   -133   -118    -60    -16    -64 
   -61   -138    -85   -109   -103    -52    -63    -98   -120    -18   1038     -3    -13    187     12    -31 
   203    -37    -84    509   1625   -124    -53    -86   -108   -139    -88    -91     -3    221    -68     31 
  -160   -172   -209    -17    984    504   -162   -196   -190    -97    -97    -83    -30    -35   1362    -60 
  -170    -95   -268    -97   1245   1215   1926   1452   -134   -111   -202   -268   -195    -24    541    314 
  -185   -229   -230   -105    -87   -137    261    -77    321    -32   -190   -222   -378    141   1194   1240 
  1277    501   -117   -105   -250   -194   -174    254    -19   1108     -1    285    -94    -45     96   -156 
  -104   -284    -48   -143   -256   -384   -344   -258   -157   -168   -144    -44   -112    -79   -218    -93 
   -68    324    -33    -80    -16    672     -5   -150   -190   -196   -359   -374   -121   -132   -170   -223 
  -126   -147   -108   -217   -212   -143   -182    -70   -133    -31    -69    -18   -145   -231    -70    -30 
   -66   -121    -11    -51    -85   -105    366    130   -240   -202    -70   -115    -82    -82   -147   -254 
  -244   -123    -45    -23    -67     38   -142   -120    -77    -63    -98   -156   -148   -207   -181   -145 
  -150    -88    820    379     -8    -94   -121   -284   -275   -131   -242    -49    582    -88    -25    -20 
  -434   -325   -236   -257   -137   -153   -185   -301   -175   -257    -77    -25   4383   3777   5509   6958 
  3150    -90   -261   -108    -23    -57    -81   -106     -1    664   -309   -343   -349   -457   -144   -179 
  -262   -371   -437   -403   -359   -371    -79   -224   4180   5896   4351   2046   -146   -128   -111   -243 
  -300   -246   -153    -33   -122   -118   -445   -416   -141    -28    -98   -173   -362   -399   -511   -507 
  -431   -666   -367   -488   -334   -353   -394   -212   -421   -460   -430   -191    -79    -36   -155   -394 
  -545   -656   -206     18    175    -23   -172   -326   -487   -402   -528   -309   -219   -289   -228   -359 
  -389   -302   -542   -630   -522   -206    -94    -21    -59   -431   -388   -577   -412   -273    -83   -115 
  -156   -187   -235   -194   -209    -61    -15     62   -200   -381   -377   -331   -416   -563   -395   -174 
   -85     -2    -33   -274   -222   -197   -421   -367   -262   -123    -95    -48    -22    -36   -103    -99 
  -170   -174   -277   -361   -183   -283   -365   -330   -357   -190   -156    -74    -85   -219    -36   -110 
  -254   -334   -350   -286   -163    -86    -36     12    -26   -155   -252   -472   -519   -479   -313   -242 
  -362   -260   -382   -303   -348   -126   -167   -164    414    -44   -119   -128   -134   -123   -152   -205 
  -174   -161   -169   -177   -245   -389   -507   -476   -393   -295   -311   -462   -501   -319   -266   -121 
  -194   -165   -103   -125   -127   -105    -97   -101   -150   -160   -146   -165   -134   -153   -193   -280 
  -332   -299   -250   -201   -141   -211   -250   -229   -192    -49    -88    -79    -93    -89   -126    -92 
  -122   -141   -202   -163   -131   -147   -156   -174   -163   -218   -238   -189   -163   -192   -177   -157 
  -155   -112   -100    -19    -89   -187   -194   -205   -229   -154   -214   -193   -191   -282   -256   -204 
  -211   -225   -190   -221   -228   -180   -165   -165   -141   -147   -160   -168   -151    -60   -128   -207 
  -262   -269   -260   -253   -300   -326   -292   -266   -201   -194   -212   -206   -181   -167   -249   -287 
  -284   -214   -156   -152   -210   -152   -152    -64    -55   -136   -190   -194   -154   -186   -173   -207 
  -177   -188   -229   -185   -143    -70    -90    -97   -126   -160   -127   -188   -153   -129   -141    -87 
   -88    -19    -23   -114   -136   -143    -69    -93   -122   -149    -98   -107   -143   -149   -108   -108 
  -119   -137   -169   -156    -69   -113   -107    -76   -114   -115   -123    -13    -23    -13    -63     78 
    -3    351    127    197    -28    -36     -7    437    288    -14    -30    372    438    472    102    218 
   691    394     -4    -14   -111    -69    -39    -60     78    838    789    556    526    462     -1    -30 
    38    249    686    463    400    738    374   1131    -26     79     72    -48    -79    -71    -32     -1 
    49      9    472   1229    898    839    696    893    231    227    608    579    949   1056    680    447 
   330    -26     -2     93    231    170     22     89    102     53    123     -4    455    863    699    174 
   240    174    397    132    334    751    345      0    -69     66    471    101    -14    -14    134    465 
   363    479    427    332    421    622    579    707    691    410    575    766   1021    750    484    298 
    21    -13    -17    165    466    472    235    416    866    956    777    452    -11    -48    516    864 
  1294   1450   1331   1238   1338   1484    869    808   1272    809    997    817    594     -9    -80    -32 
   315    549    909    427    232    -11    -36    -44    272    397    617     87    693   1251   1132    836 
   219    500    479    641    978    880   1032     88    -62    313    876    977   1172   1143    576    409 
   487    223    657    744   1036    634    871   1196    921    144    433     -2    478    111    389    769 
   126    -33    -54    238    157    608   1441   1308    943    247    126     73    490    460    610    295 
   670   1086    973    605    304    340    -15     33     -9    680     -7    -36    -63     92    413    607 
  1048   1563   1043    882    801    389    682    958    695    683    714    653    292    433    321    -13 
   311    964   1151   1226    713    624    741    937    692    185    518   1245   1133   1024   1116    521 
   694    752   1480   1291    860   1013    855   1395   1694   2308   2697   1975    625    186    945   1370 
  2205   2283   1745   2250    660   1013   1190   1132   1272    982    537    923   1424   1874   1047   1185 
  1417   1848   1831   2238   1061     -5    -90     -8    938    638    944   1005    861    602    -41    488 
   110    843   1027    601     95    -73   -215   -242    139    740    775    210    213   -175   -153    -80 
   -45     98    -40   -102    -60    -42    -49   -215   -175   -115    -27    195    685    162    982    967 
   -84   -203    -40    115    -11    316    228   -108   -122    -58     10    -97   -190   -137    -40    229 
   -48    -50   -122    -13    -48     55    171    -19    740    307    -89    -92     33    269    297    520 
    59   -100   -125   -225    -45    -20    503    691    975    -24   -158   -124   -122    -70    -10    526 
    43    184    -12    273    -72   -115    143    462    782    529    401    -76   -165   -213   -150    -30 
   568   1121   1149    144   -142   -117    -48    -21    -11    628    384    708    -70   -162   -159   -147 
   -27    290    278     -4     27    -42    -96    -76    -58     -9    191    387    -68   -178   -186   -121 
   -78    -80    -91    -77    -36     43    -21   -102   -156   -132   -122    -64     -3     42     31     15 
   252    225    175    519    607    621    -29   -122   -149    -95    -54    -68    -20    -46    -45     -7 
    87    -11    -86   -136    -85    -52    -14    -13    154    432    610    558    132    268    416    344 
   -30    -48    -85    -25    -70    -78    160    -12    -47    -27    169    480    205    -29    -36    -45 
    26     -2     -5    210    247     33     -6    127    683    399    135    146    -41    -23    -18    -40 
   394    -48     16    -16    -17    926    584     67     -8    140    328     46     24     63    290    376 
   384    555    646    792    427    566    905    688    632    553    717    822    411     -2    296    912 
   756    226    423    434    439    286    382    321    419    377    372    506    379    169     -4     -8 
    -8    159    216    499    242    356     96     36    339    615    511    226    412    430    371    404 
   578    527    413    360    227    159     90    252     -4     -6    302    439    445    486    163     -1 
    -2     -4     86    390    301    -13    202     81     -4     70    214    571    593    411    245    185 
   221    288    219    366    587    475    365    707    515    496    440    381    123    522    374    164 
   372    290    208    253    277    459    761    744    610    227      0     -7    -13     74    181    183 
   154    505    381    336    181    138    349    913    704    625    755    695    546    298    438    691 
   934   1007    820    556    608    701    813    844    998    928    773    792    819    528    696    465 
    -3     -8     97    702     31     72    181    101    314   1225   1797   1415   1043    428    152    112 
   -56    -33    -26     32    130    -10    -62    -88    -42    -42    -21    -17    197   1138    531    -11 
   -76    -68     53   1386   2125   1520    889    192    -30    -64    -71    -66    -88    -53    -23    -16 
   -27    -48    -20    -30    -28    233    665   2048   1525     12    -75    -78    -15    722    857    974 
   662     23    -54   -106    -20    115    -47    -35      6     31    255    218    443     -5      0    660 
   636   1687   1251     43    -25    -18    -21     15    343    755    634    -12    -22    -67    599    441 
   -17     80    156    218    109    -13     -4    -18    890   1153    434    784    955     -4     -7    -10 
   -29    625    546    461    849    575     -3    -28    248    193      9    442     71     -6    -15    -21 
   -19    -28    511    644    571    691    915    -22     31     16    -26   1119   1339    439   1302   1369 
   315    -13    -31     28    218    819    -15    -59   -106    -86    -58    -31    417    528   1071   1430 
   791    -46    -24    104    201    893   1023    134   1839   2064    392     -9    -64    -21    374    444 
   -70    -93   -145   -135   -102    -77    586    371    812   1440    345    -59    -54     76    115    -44 
    63    242    917    729    -29    -79    -84    -60    628    -14    -78    -56    -30    -60     -2     -6 
    73    -13    191   1093    237    -45    -41    -21     -2    -66    -34     -4    -38    -75    -98   -101 
  -118    -76    965     25     -5    887    620    227   1036    598    -27    -53     -1    274    -18    -50 
    92    -28    146    -18    -58    -46    -21    -30    -28     -1     -1    224    607    -34     34   1403 
   669    249    604    371     55    -55    -62    -30     59     50    683    496    363    -43    -84    -74 
   -15    -27    -43    -12    337     28    -52   -142    -95   1227    940    356    520    365    256    -53 
  -156   -150     51    370    441    867     -2   -116   -163   -143    -53    -41   -120   -106    -28    -53 
   -63   -123    -40   1183   1165    577    479    476    -35   -139   -129   -107    813    -45    -32    881 
   -46   -144   -162   -149   -146   -232   -331   -286   -110    -31   -125   -162    -22    704   1282   1097 
   783    454    -24   -120   -122    184   1089    -12    -12    792     44   -105   -188   -179   -141   -154 
  -187   -243   -167   -108   -227   -266   -194    -68    287    709    315    -41    -18    -81   -159   -127 
   609    607    620    682     -1   -172   -229   -201   -187   -100   -162   -188    -84    -53    -86   -192 
  -165   -111    413    679     -6    -58    -17   -122   -218   -143     80    809   1088   1024     84   -184 
  -297   -301   -234    -86    -15    -36    -58    -85    -45   -140   -232   -158    -18    -19    104    -40 
   413   -168   -282   -195   -116     -4    567    493    218    -48   -129   -150   -129    238    975     60 
   -77   -135    -68   -123   -258   -147     -1    -81    -40    -35    386   -172   -256   -224   -198    -78 
   -18    302    232    217     -5    108    -29    425    323    -58   -109   -129   -133   -105   -196   -135 
    -7    -91    -51    -25     98   -111   -172   -121   -116    -54     -2     22     26    470    386    469 
   107     98    -33    -80    -40    -96    -79    -34   -111   -109    -20    -62    112    176    413    -27 
   -31    223     -2    118    243    435    384    696    784    761    473    318     -3     15    154    -24 
   -13     60    -36    -53     -4    -15    298    474    473    -10     -6    551    769    868    854    850 
   680    794    822    689    546    541    516    638    173    -40    -15    146    233    276    347    508 
   805    501    498    275    297    488    743    778    535    561    701    648    750    755    684    772 
   878   1008    568    184    317    674    762   1046    910   1037   1098    563    500    695    496    453 
   621    844    637    710    860    851    630    419    481    508    572    572    446    330    368    565 
   548    852   1155   1216   1205    651    320    482    190    123    239    226     83     99    193    425 
   317    193    254    212    455    512    389    152    161    322    153    380    562    657    836    420 
   372    612    461    427    286    194    201    231     -5     -7    -15     -8    284    565    941    805 
   669    441    104    257     58    -16     53    378    457    301     12    207    263    244    190    307 
   399    310     43    -12     -2    228    216    181    360    351    357    400    136    275    327     -1 
    34    565    632    468    -56    -78    117    279    -23     88    -11     84    436     87    424    -32 
   -21    -32    -71    106     -6    -58     85     -9    -64    -41    181    551    -48    -11    -82    -95 
   249     -9    -13    -23   -100   -116     76    -26    -13   -102    -82   -111   -126     -8    -71   -169 
   519    -55    -48    180    739    749   -103     -1    -24    -86    -84    -92    -50   -105   -154   -160 
   -77   -180   -143   -101    -72    -97   -168    -13    -76   -168     66    -30    445     23    167    492 
   -93    -18    -27   -117    -74    -79    -70    -61    -90    -97   -144   -205   -181    -63    -61    -44 
   -77    -50   -129    -94    -34   -104    293    -22    568    836    -89    -27    -90   -107    -77   -151 
   -99    -34    -74    -16   -106   -106    -76     31    -14    -57    -73   -147   -160   -106    -66   -114 
   -60    -67    -40    -31   -178    -12   -124   -140    -41   -127    -96    -90   -149     29   -118    -73 
  -171   -116   -119   -128   -112   -239    -80    -36    190     59    -22   -112   -126   -139   -243    224 
   -51    -18    106   -116    -75   -125   -149    460   -122    -22   -134   -120   -117   -135   -188   -129 
  1002    941    206    -50    -82    -70    -88    -13   -141     -9    -57    -94    -60   -164    -94    -70 
   -43   1011   -223    -65    -44     -6    -55   -127   -110    -49    319    417    -43     -9    -67    -80 
   -96    -34   -163    -41    -55    -99    -62   -149    -74   -123    -51    -94   -295   -112    719    398 
   -17    -61   -113    -60   -101    -89    -93    -78    -74   -118    -78    -89   -182    -46    -38    -60 
   -46    -84     88   -127    -58   -103   -131     85    -31    -59    -39    -61   -144    -90   -111   -179 
  -177   -246    -92   -104    -60    -76   -163    -55    -77   -134   -128   -138     34   -203    -98    -69 
   -44    -11   -131   -103    -94    311   -124   -158   -169   -200    -96   -210   -131   -115   -111   -122 
  -184   -102    -90   -117   -293    -69    -31   -203    -96   -265   -204   -321   -238     -7    505   1305 
   -65    395    744    -81    -42   -111   -142   -135    -63    -86   -165    -53   -123   -200   -488   -359 
  -152   -163   -100   -317   -284   -530   -264   -126   -118    167    334   3098   4132   1844    531   -117 
   554   -101    -75    -30   -155    -78   -101   -325   -518   -342   -130    -57    -85   -124   -244   -461 
  -201   -246    -89   1508   1695   2356   2289   1206     -4    -51    829   -121    -63    128   -145    -64 
   -83   -285   -406   -359    -67    -27    -36    -52   -140   -290   -165    -89   -114    720    -30    -11 
   184    -50    -82   -127    -71   -196    -49     99    -97    -48    -58    -79   -112   -164    -52    -30 
   -70    -73    -62   -168    -88    -83   -169    -40   -101    -75    -32    -75   -127    -47    -33   -164 
   -32    -49    -89    -35     28    -63    -72    -19    -61    135     -4     -8    114    -47   -147    -93 
  -170    -56     99    291    -13    -58    -48     23     -1    -92    -30    -42   -193    -27    368   -128 
   -71    -67   -115    -14    629   1705   2119   1464    426    100    -11    -49    -60    -48    -48    -20 
    35    -15    271    -49    143    -16   -159    -44    -13   -121   -131    -44    -25    643    963   1066 
   838   1023    372    251    540    -47    -92   -101     -6    -57    -34    -83    -32    -75     80   -136 
  -259    -97    -29   -153    -46    -37    491    161     -1    427      4    -11    -13    -13    -11    -13 
   487    323    255    -35    -90      5    241    332     88    -72   -211   -101    -31   -165    -24     49 
   332    348    274    292    -11     -1    127    197    179     82    378    359    127    -86    -84    102 
   177    -14    -38    -46   -168   -108    -45   -143    -60    -52    -26    -52    -51    -35    -41    -32 
   -35    -30    -28    -38    -26    -21    164    -28    -46    -67    -14     30    206     10   -168    -99 
   -47   -168    -91    -90    -69    -48    -42    -61    -75    -81    -44    -43    -42     44    177     -9 
   281    149    -34    -19     -2    -13    -13    -35   -189   -115    -65   -175    -57    -58    -47     87 
    -3    -15    -13     -4    384    292     -4     45    -28    -42    -31    -11    -55    -56    -45    -10 
   -43    -64   -205   -125    -79   -146     13    229    284    578    538     80     -8    -57    -40    -28 
   -78    -29     -5    323    169     73     24    -12     -3    -15    168    314   -136    -72    -32    -76 
   566    471    609    655    981   1048    768    282    858   1230   1038   1111   1046   1143    531    292 
   531    849    736    923   1054   1536    618    401   1305   1286   1002   1190   1248   1237   1182    976 
   869    667    733    984   1113   1053    935    562    409    778    634    879    471     44    132    169 
   399    381   1062    754    571    878    838    768    918    486    649    647    924   1075   1100   1283 
  1403    731    192    240    361    543    383    166    399    217    399    545    688    214    231    395 
   332    635    469    152    922    838   1003    901    749    589    673    598     -9    -50    153    584 
   571    689    876    698    783    802    572     -4    610    448    108    474    506    527    647    698 
   794    689    714    763    406    685    360     28    828   1017   1117   1123   1472   1213   1032    869 
   733     -2     -2    -29    -21    370    545    405    673    433    477    148    654    587     -8    595 
   474    755    890    955   1490   1072   1189   1016    875    474    672    123    114    -41    -56    447 
   446    580    819     -4    292    681    692    596     96    849    956    679    609    842   1307   1326 
  1174   1182    981    965    669    413    548    287    163    640    540    378    614      8    220   1084 
  1380   1237    997   1297   1194    926    785    852   1148   1027   1399    822    399    603    507    415 
   314     35    361    840    867    588    209    602    537   1225   1298   1207   1168    961   1267   1406 
  1108   1528   1076    331   1136    678    437    356    383    374    465     35   1038   1468   1017    724 
    13    601    373    489    636    401    563    480    489    925    855   1356   1368    832   1281   1104 
  1065    788    608    843    633    -24    626    999    875    122    -53     45    109     -8    436    281 
    56    240    313    542    -47     89    950    922   1446   1200   1114   1017    420     98    437    554 
   906    626    751    939    330     -2      0    120    463     41    -28    -19    -20    387    -20    490 
   994    128    945    718    424    550    -20    -52    231    482    -29    -90    -48    438     -3    876 
   898    832    943    333    -65    -15    -39    -38    -35    551   1173    233    614    734    603    565 
  -126    -96    -58    -24   -133   -148   -139   -198   -119    -11    743    948    -21    -79    -75    519 
   393    121    138     95   1925    940    788    497    380    490   -103   -118   -106   -151   -250   -182 
  -199   -297   -170   -172    -16    299    -16    -96    -67     -3     -7    -15     53    -18    995   1317 
   785      6     -9    298    -15    -82   -109    -60    -52    -42    -69   -104    -88   -152    -44    581 
   -74   -145   -212   -156   -112     36    120     -4   1295   1204   1329    128    -15     -8     -3     -8 
   -18    742    644    183    -31    -43    -68   -174   -230   -165   -206   -155   -178   -122    -80    267 
   282    108    981    902   1116    788    249    -27    324    -12    -23     97    188    484    -21    -37 
   -35   -173   -301   -215   -245    -85    -76    -40    -61    -72    -32     -2    126    996   1013    278 
    -9    229    -35   -152   -150   -105    -57     -9    -21    -19     -2    -69   -114    -89   -122    -31 
   -26    -21    -86   -162   -132    -77    -68    -30    -24    -59    -54    113     71    -87   -123    -53 
   -73     36    -17    -31    -23    -46    -69    -49    -37    -25    -34    -32    -76   -144    -95   -131 
  -141    -93   -103   -123    -49      5    174    -41   -101    -64    -77    -65    -49    -36    -20    -15 
   -33    -45    -33    -52     -1    -21    -40    -99   -118   -141   -223   -142   -101   -105    -17    302 
    -7    -43    -43    -19    -10    135     87    141    258    226    270    183    233     26    271     49 
   -19    -58    -52    -42   -121    -75    -50    -12    219    367    295     53    208    160    271    142 
   270    242    311    312    416    257    255    124     62     -2    -23    -39    -24    -32    -16     -5 
    85    385    497    522     96    -18     -5      6    219     64    133     -1    -19     47    284    233 
   298    336    351    146    -21    -44    -58    -59    -20     -4    154    139    111    241    342    167 
   168    266    477    466    499    384    309    457    546    359    266    234    253    157     -6    -18 
   -16     -9    131     -2     28     95    468    505    116    -19    -22     -3    246    392    176     -1 
    72     58     -4    -44    -51    -48    -30    -14     -2    -14    -15    -19    -16    -38    -23    -58 
   -24     32     56     -1    -10     49    193    222    257     60     -5    -20     -6     22     53    320 
   357    354    303    111    100      0     15     43    189     -4    105    363     39   -122   -112    -99 
   -92    -38    -41    -21    -26    -54    -69    -65    -19    -28     32    -37   -116   -161    -87    -46 
   -48    -95   -132   -136    -41     -1    832    -74    -57    234    139    -34    -87    -58    -37     -5 
   -75     -9     49    -41     -7    -68   -111   -159    -37    272     -7    -57    -35    -51    398    887 
  1126    -11    -73    392    -26     70    -15    270    142    -25    -37    -17    239     -3    239    -37 
  -105   -144    -56    984     57    -79    -82    -67     54    412    779    757    593    -37     62   1159 
   560    -23    -24    -18    -29    -90    -18    -53     92    -20   -134   -148     -5    538     -7    -60 
   -36    -59    -55     -9    -16    222     67    303    643    716    104    -34    -25    -80     -2    -22 
   -12     -7    -18    -54    -94    -91    316    318    -53   -139   -150   -165   -113     26    452     -8 
    -3    520    -15    315     -7    -82    -39    -50    -33    -38    304    195    -74   -141   -121   -109 
   545    667      8    -92   -181    -84    -81     -4    129    -25    -81    -49    -84   1436    379    -92 
  -110    -95    -29    219    155    -72    -56   -141    -98    -92    -11    -49    482    290    149    -39 
   -76     30     -1    -45    -49    -66   -112    949    145   -155   -178   -227    -99     -9   -105   -108 
   -88   -192    -63    -97    -63   -110     -4    295     11     74    -19    333    248     47    -19    127 
   -36    260    -53   -135   -203   -241   -123    -10    252    -66     -5     -3    402     -7   -152    -69 
   -82    -46    192    464     90    172    -34     -5    552    -45      4    520    135    -62   -116   -269 
  -162    -68   -116    -22    -20     -2    777    477    -78    105    -12   -117    -19    157    -66    -12 
  -123    -61    -90   -107   -141   -134   -250   -276   -318   -291   -325   -249   -290   -229   -216   -122 
  -106    -40   -145   -160    -37   -152     -9     -5    -55    -48    -58   -206   -273   -251   -313   -244 
  -320   -346   -536   -555   -520   -387   -299   -262   -256   -121   -153   -178   -235   -327   -198   -227 
   -59    -21    451    -45    -95   -241   -289   -347   -435   -262   -232   -366   -518   -504   -453   -319 
  -257   -334   -354   -280   -173   -199   -349   -418   -271   -223   -100    -76    828    -54    -23   -241 
  -372   -456   -469   -166   -124   -272   -295   -277   -286   -209   -233   -322   -262   -147    -89   -282 
  -396   -384   -219   -188   -171   -102   1000    295    -26    -75   -242   -334   -214    -47    -27    -99 
  -113   -172   -337   -222   -213   -270   -257   -171    -39   -201   -364   -217   -129   -164    -84    -13 
  1031     63    318    -70   -243   -248   -190    -37    352     67    -25   -147   -340   -341   -433   -347 
  -117   -100    -59   -200   -277   -142   -139   -289   -216    -35   1066    508    839   -203   -404   -324 
  -256   -185    -58     71    -24   -105   -329   -221   -251   -225    -16     65   -140   -344   -171   -179 
  -246   -327   -368   -116    488      9    815   -215   -405   -340   -284   -279   -126    -11     -4    -79 
  -135    -88    -71    -58    895   2029   -141   -385   -118   -165   -321   -340   -291    156    992    607 
   516    238   -168   -179   -146   -233   -123     44     -1    -66    -46    -19    -20    297     92   1269 
  -227   -353    -95   -196   -379   -286   -233    -98     20    275    280   1064     74    -18    -34    -79 
   -24     -8     -7    -55    -41    -20     -7   1011    712   1244   -106   -196    -51    -76   -105    -32 
   -86    -81    -32    805    499    858    393    239     20     36    123    341    172    194    211     59 
    -2    370      6    -24   -138   -229   -104    157    283    -66   -122   -130    -36    485    592    791 
   406    324    101    188    155    388    315    527     46     -5     -6    256    441    699    423    -33 
   -45    543    379    120    378    -28    244    661    204    129    234    251    126     80     89    148 
    -2    506    285    379    339    187    334    647    300     70     -5    675    655    652    738    210 
   666    448    309    118    286    -10    357    727    663    282    -21     -5    339    260    188    209 
    84     72    -14    -18    -28    -22    -13    303    440    301    710    818    566    196    301    239 
   608    648    142    -22    -29    -38     84    -22     -3    396    422    495    -26    -10    -10    -41 
   285    299     -3    -27     11    617    357    -11     -1    142    563    491     -8    -18    432    316 
    -7      0    352    880    803    501    202    508    562    179    591   1130    829    643    645   1105 
  1321   2295    923   1819    792    483    399   1312   1829   1530   1729   1000   1027    641   1168   1365 
  1218   1520   1258   1387   1685   1723   1458   1917   1829   1767   2038   1916    677   2228   1218    162 
  1345   1729   1906   1346   1841    920   1266   1479   1627   1590   1494   2093    614   1844   1302   1405 
  1681   1410   1783   1971   1627   1711    553   2004    714     15   1887   1217   1316    599   1150   1242 
   928   1428   1444   1036   1797   2137    586    774    734    839   1207    975   1126   1579    818   1235 
   651   1813    918    -14   1030    878    352    935    824   1315    560   1306   1235   1388    852    585 
   543    929    243    786    934    592   1002   1462    879   1569    783   1153    581    -12    928     65 
  1008   1731   1169   1471   1319    950   1063   1310   1085   1110    590   1186    428    683    637    788 
  1091   1794    915    922    977   1815   1124    147   1740    639    965   1307   1315   1348   1431    917 
  1073   1213    968   1339    817   1458   1127   1112    617   1728   1439   2074    611    995   1142   1521 
  1252      5    372   1025   1103   1252    991   1276    871   1314   1512   1636   1337   1424   1595   1388 
  1068   2026     78    561    435    738    994   1334   1355   2175    743     -6    267    817   2248   1470 
  1556   1118    769   1324   1380   1250    918    805   1772   1087    488    351    217    128    368   1023 
  1695   1157    743   1210   1074    368    931   1773   2251   1830    759   1495    656   1055   1029    971 
   809   1177   2704   1705    785   1077    897    864    916   1607   1162   1691      0    930    618    127 
  1218     39    651    630    851    239    620    592    988    763    635    540    823    951   1208   1292 
  1345    724    834   1613   1110    738    678    575    398    823   1053    694    155    901    951    618 
   313    944   1436    984    831    240    600   2955   1169   1143   1348    619    983   1772    913    968 
  1599    303    520    529    475    318    -54   1408   1172   1100    974   2487   1917    652   1023   1317 
  1094   2171   1349   1973    872   1074    962   1830   2702   1143    956   1269   2495    222   1505    946 
  1169   2001   1021    856    164   1051   2065   1532   1258   1412   1048   1119   1180   1432   1485   1140 
  1081   1942   1150   1526    787   1528   1278    535    835   1068   2553   1542   1251   1023    940    233 
    -6    568    413   1075   1355    894   1204   1537   1380    583   1117   2437    586   1044    581   1209 
   844    870    980   1114   1289   1589   1683    636   1377    730   1796    135    134    984   1662    948 
   617    870    854    646   1000   2121    775   1614   1056   1110   1059   1022   1311   1145    959   1154 
  1993   1019   2362    889    422    -14    484   1158    831    740    173   1021   1040    599    751   1503 
  2005   1637   1007   1432   1399    849    871   1123   1193   1527   1883   1653   1895    772    843    552 
  1033    661    -23   1142     65   1704   1474    570    139   1016   1267   1867   1472   1789   2030   1187 
   725    912    853    804    735    811    814    710    870    835   1355   1316    418   1215    812   1943 
  2509   1165    -10    966   1306   1556   1399   1047   1601   1903   1110   1118    849    558    647    830 
   673   1257    626    874   1055    836    519   1121   1502   1737   1837    729    -21   1320   1185   1296 
   733    814    777    647    702    767    951    806    590    970    857   1025    642   1104    806    223 
   407    232   1063    749   1024    844    209   1058   1177   1349    464   1000    568    592    421    504 
   738    815    487    567    775    863    897    725    578    227     12    132    537    753    800    557 
   635   1177    854   1190    770   1159    633    794    571    825   1064    731    688    607    732    785 
   595    509    790    565    652    710    650    776    462    600    907   1280    517   1180   1097   1278 
   784    959    870    751   1105    818    729    742    800    843    884    736    736    732   1024   1104 
  1000    942    626    804   1108   1577    626   1028    949   1217    849    773    927    898   1000    868 
   851    929    982   1059   1102    873    784    719    989   1105   1056    618    588    818   1295   1786 
  1373   1448   1214   1227    878    918   1046   1442   1253   1042   1365   1186   1089   1143   1180   1314 
  1195   1404   1248   1360   1353   1055    813   1058   1594   1938   1071   1110    924    938    706    825 
   799    892   1182   1268    901    831    834    878    983    857    926   1372   1143   1002   1379   1281 
  1148   1107   1555   1616    -42    -57    -60    181    -56    -39     17     -9    -68    -27    -33    -50 
   -18    -18    -37    183    445      3    -34    -84    -15    -96   -110    -86   -141    -98    -58    -95 
   -43    223    217    678     20    -52   -105    -72    -33    -25    -10     51    186    229    -12   1685 
   -29    -51    -39    -63   -112   -124   -127    -86   -123    -67    -42    -13    -40    421    -34     -5 
   -31     65    -22    304     -4      2    334     51   1128   1565    293     49    -51    -47    -83    -94 
   -84    -53    -97    -34    414    388    -29     -8     -7    265    481    148    -72    453    -38    -72 
   -44    -37   1202    827    127    -57    -97   -118   -105    -87    -83    -82    -88    -28    372    -32 
   -22     -1    272    311    148    785    -74    -43    -29     37    -22     -4   1124    838    274    412 
    -5    -84    -54    -81    -94   -123    -43    -50    199    -39    -31    158     33    277   1454   1467 
   -11    -21     70    697    811    -86   -106    -62    -36    159     -1    179    -25    -87   -125   -139 
    -4    -31    866   1181    203    -38    -18      0    833    579     79     -2    174    557     -5   -135 
  -204   -106   -100    -25    -88    421    -16    -34    -31    -48     85     16   1005   1198   1124     -1 
   -29    159   3453   1175    -14    -31    517    962    -79   -140   -172    -38    434    707    -11    -69 
   -33    -69    -64    -87    399    375     32    -65    149    266    -25    566   4159    688     -1    728 
   123    -19   -133   -118    -96    103   1529   1710   1390   1433    356    -55    -64    -64    -22    377 
   945   1168     49    196    -56     -5   1494    -24    -15    361    263    -25    -55    -31    -38     -7 
   799    195    952   2588    765    -25    -60    -51    -66    -31   1059    306    -42    -10    -82    -46 
    35    -48    -25    -33    -71    -21    286    -11    998    512    -37    -37    -17   1351    738    -13 
   186     -2    -53    451    -27    -91    -40     -1    -19    -16    -15    -59   -108   -135   -249   -103 
  -100   -233   -104     -1     94   -132   -141   1952   1322    -11    125     30   -125    117    -31   -190 
   -93    -29    -76   -135    -18    -65    -49    -36   -249   -243   -269   -374   -305   -135    -11    144 
   -11    605   1284    239     27    -27     -8     91    682    278    155    -73    -91   -137    -83   -132 
   -92    -68   -152   -294   -354   -393   -328   -212   -127    -22    -75   -145    128   1226    -11    318 
    53    467     -9    140    419    -27    -45     63    290   -115   -167   -100   -144    -76    -81   -167 
  -137    -52    -75   -169   -114   -237    -56    956    270     80    -61    -87   -179   -107    -58    -43 
   -39    -15     97   -128   -248    -73   -243    -35    -31    -47    -34    -67    -75   -202   -161   -199 
   -31    419    767    119    -59    -82   -102    -69   -120    -23    -12    -55    -35    -58   -108    -61 
  -136    -57     -5     -1    -32   -100    -57    -67   -142    -15    732    314     79    -52    -95    -68 
  -119    -14   -129   -153    -68    -67    -84    -82   -114   -139   -151    -80    145    342    -13   -111 
   -45    -56   -119    -20   1703    585    561    -54    -97    -23    -84    -77   -138   -144    -70    -76 
   -94    -55    -28    -69    -81    -88    -51     91    532   1505    483    -10    127    -31   1405    657 
   936     40    -97    -92   -137   -111   -141   -111    -61    -16    -25    -47    -41    -34     -5    -62 
   -51    136   1772   2211    473    289    -22    -23   1637    610    568    225    -32    -32    -38    -19 
   -36    -43    -12    -20    -36    -35    -15     40    219     -9    -63    -23    279    267    130    430 
    -8    -20    235    218    155     -6     66     -3    109     12      0    -31    -39    -26    -11    -13 
   101     37    -16     -4    -51    -30    -51    -32     91    -13    -34    -39    -56    -25    -13    -15 
    45    284     12     36    -14    -16    -45    -11    -16    -33    -40    -40    -51    -59    -69    -59 
   -73    -75    -47    -55    -71    -49    -50    -50    -39    -26    -53    -37    -64    -68    -71    -73 
   -95    -61    -69    -52    -34    -49    -62    -56    -57    -51    -45    -49    -36    -50    -76    -31 
   -15    -24     -4     26    -64    -35    -63    -53    -38    -58    -85    -67    -53    -63    -66    -57 
   -44    -46    -40    -25     61    -27    -51    -26    -54    -66   -103    -66    -43    -51    -66    -20 
   -25     21    -18     52    396     93     52    -19    -43    -26    -39    -43    -15    -19    -16    -11 
    -2     52    -19    -40    -75    -26    210     -3     -2    -44     -2    153    -27    -16    720    725 
    42    -12    -16    -35    -45    -69    -94    -45    347     74    -35   -105   -111   -150   -151   -128 
   -89    -58   -108   -133    -36    -17    -82    -60    533     -5    -69    -52   -114   -127   -129    -72 
   -69   -106     -1    -25    -39   -196   -148   -144   -120    -96    -30    -14   -103   -125    -44    -14 
   -73    -18    991    637    -29    -15    -64    -90    -65    -19    -11    -84    558     -4    -32   -113 
   -41     44    421    700    918    608    -44    -80    -68    -56    -88    -32    900     39    -45    -26 
   -89   -169   -125   -104    -98   -126     -2    503    -44   -104    -45     -3    421    627    536    247 
  -104   -136    -99    -75    -79    -45    378     13    -40   -101    -79   -146   -100   -110    -72    -90 
    65    367    -87   -167   -120    -26    113    341    434    162    -98   -132    -70    -68   -100    -52 
   -35    -20    212    -50    -42   -102    318     -4    -24    -85    -13     28    143    -79    -56     27 
   -67    -67    -57    -39   -109   -108    -47    -27    -76    -47     -7    -23    -31     -4    -25    -38 
     0     53   -105    -98    -37     -8    614    -10    -44    521    158    294    183    245    -99   -125 
   -25    -47    -74     -2    135    -17    -74    -43    470    470    -32    -72   -155    -74    -76    -21 
   389    315    -56    602     32     16    -13     59    -69    -73   -101    -31    -87     -5     14    -44 
   -19    -64    724    299     49   -117   -122   -106   -104   -105    -30     74    -59    184    250    156 
    -6    -10    -51    -71    -17    106    -10     25    441    198     68     67    488    301    -34    -62 
   -48    -86    -66   -118    -46    -31    -44    -32    165    305     -5    -27   -116    -72      8    -65 
   -79   -115    -42   -125   -143    -64    -59     79     35    343     -5    -26    439    -83    -79    -36 
   101    -46    -35    -36    -98   -100    -61   -138   -115   -127   -125   -238   -190   -210   -281   -217 
  -157    -85    613    304   1083    772    108   -107   -138   -105   -109    -66    -18    -46    -69    -71 
   -36    -85   -152   -267   -189   -176   -176   -245   -283   -186   -225   -189    395    -22   1278   1655 
  1293    382   -103   -229   -227   -141    -41    -85    -13    -58    -25    -65   -214   -288   -179    -31 
    -5   -141   -144    -76   -162   -259   -182   -183    -12    -51    353    538    -40   -152   -160   -214 
  -122   -104     -8    -59    -11    -48   -169   -121    -15    867   1270    530    282    -68   -219   -233 
  -155   -294   -245   -250    -96    -71    -96   -139   -181   -195   -148    372    117    -29     -6   -100 
  -221   -179    -72    976   2213   1244    176   -132   -170    -81    -72    132    744    477     -3    -57 
  -142   -160   -178   -240   -128    519    575     -1    248    -47   -184   -222   -149    348   1795   1329 
   416    -24    -59    972   1446   1986   2114   2128    300    -16    -59   -120   -186   -227   -116    -27 
   840    257    635    763    -64    -26   -151    -13   1078   1450   1343   1580   1549   1558   2199   1744 
  1484   1346   1024     74    780    -85   -157   -175    -80    -11   1057    244    260   2036    771   1054 
  1030    964   1248   1335   1560   1637   1788   1885   2136   1077    430     81    590    583    831    -48 
   -79   -103    101    555    595    272    225   2444   1511   1440   1660   1437   1353   1415   1304   1204 
  1241   1203   1781   1358   1095    836   1017   1353    503    418    963   1080   1566    795    891    522 
    -7   1852   1178   1076    894    719   1022   1142   1113    966    772    657   1047   1308   1144   1427 
  1495   1495   1109   1606   2108   2131   1913   1490   1004    315    457   1712   1099    958    980   1210 
  1304   1311    900    942    761    766    902   1275   1529   1350   1081   1237   1331   1780   2068   2099 
  2160   1707   1019    237    201    946   1023    964    864    813   1048   1444   1137   1008    735    505 
   376    559    934   1261   1169   1455   1829   1771   1951   1622   1605   1205    624    143    -17    596 
   579    739    670    579    746   1003    696    444    370    231    396    624    765    957    899    967 
   932    995   1153    945    890    835    539     -8    145   1276   1263   1431   1252   1003   1224   1203 
   893    593    829    693    547    803    921   1092    815    579    796    862   1101    876    719    779 
   582     -8    381   1439   1502   1457   1181   1038   1356   1280   1301   1003    929   1072   1098   1227 
  1262   1475   1479   1445   1873   1771   1832   1941   1717   1140    955    377    -41   -152   -152   -164 
  -150   -108   -119    -79    -82    -61    -45   -178   -182   -180   -160   -102    -88    -34   -143    -92 
   -90   -117   -135   -150   -197   -156   -103   -276   -227   -272   -108   -136   -241   -154    -75   -132 
  -137   -208   -226   -188   -150   -137   -129    259    -76   -122   -172   -241   -291   -273   -303   -189 
   -22   -181   -255   -313   -220   -150   -245   -256   -218   -156   -210   -160   -214   -197   -246   -223 
  -229   -161   -107    -66   -199   -221   -150   -139   -162   -131    146     40    -85   -238   -235   -134 
  -188   -224   -168   -145   -209   -113   -156   -236   -253   -228   -208   -257   -159    -49   -128   -166 
  -100   -101   -188   -183    -39   -120   -148   -218   -173   -161   -183   -182   -167   -177   -182   -131 
  -168   -184   -256   -238   -180   -166   -140    -84   -107   -179   -166   -134   -176   -161   -108   -157 
  -109   -156   -192   -203   -208   -152    -28   -163   -253   -229   -248   -133   -168   -152   -233   -204 
  -103   -166    -96   -103   -140   -100   -140   -199    -19    -79    -77    -28   -140   -168   -153   -137 
   -33   -211   -284   -201   -103   -129   -111   -111   -265   -257   -189   -190   -198   -165   -159   -180 
  -184   -256    -90    -57   -169   -119    -99    -56   -177   -135    -64   -135   -214    -59   -127   -274 
  -228   -271   -339   -324   -191   -208   -205   -216   -191   -214   -292   -319   -124   -132   -134   -204 
   -88    -53   -224   -295   -301   -184   -195   -116   -174   -218   -257   -365   -393   -271   -296   -221 
   -88   -153   -253   -242   -283   -265    -60    -70    -58   -213   -154    -30   -227   -379   -352   -210 
  -317   -204   -128   -172   -194   -208   -253   -123   -265   -191    -53    -37   -154   -199   -222   -219 
   -91   -131   -129   -149   -159   -147   -321   -275   -286   -276    -83    199    -84   -118   -188   -136 
  -129    -75   -109     -4    949    -82   -194   -190   -248   -188   -137   -282    -81   2181   -184   -321 
  -402   -380   -313    101   3689   2496    -83   -226   -192    -90   -146   -169   -240   5881   5616    -43 
  -138   -224   -217   -163   -286   -224     -7   5092   -200   -300   -335   -353   -333    -57    -69   -123 
  -392   -514   -393   -351   -345   -201   -245    676   3330    541   -137   -331   -268   -183   -140   -233 
  -211   -456   -533   -238   -258   -375   -426   -422   -219   -360   -369   -445   -400   -321   -312   -216 
  -123   -238   -158    -97   -163   -220   -211   -233    -25   -183    327   -238   -257   -208   -151   -235 
  -280   -395   -168   -242   -452   -498   -499   -338   -258   -133    -70   -239   -201   -189   -155   -204 
  -244   -137    -24   -234   -185   -146   -205   -209   -108    -88   -219   -285   -322   -386   -535   -309 
  -185   -210   -256   -264   -232   -212   -263   -246   -128   -145   -281   -102   -120   -203   -279   -289 
  -275   -174   -102    -65   -238   -388   -612   -382   -598   -249   -139   -308   -286   -250   -362   -259 
  -234   -208   -238   -126   -206   -149   -201   -253   -371   -341   -321    -79    -81    -87   -170   -311 
  -304   -164   -215   -127   -248   -352   -427   -378   -382   -248   -212   -210   -315   -242   -216   -192 
  -141   -223   -392   -177   -290   -148    -52    -87   -116   -151   -132   -160    -74    -96   -130   -385 
  -477   -527   -320   -219   -230   -350   -491   -392   -187   -141    -69    -33    -67    -46    -97   -120 
  -114    -90   -123   -124    -84    -99    -74   -108   -107   -351   -357   -206   -201   -125   -268   -341 
  -213   -136   -115   -138    202    -19    -71    -69   -142   -140   -159   -166   -135   -168   -152   -122 
   -98   -119   -138   -159   -232   -189   -156   -106   -222   -199   -183   -188    -87   -111    -70    -95 
   -70    -88   -122   -102   -149   -180   -122   -123   -130   -140   -116   -151   -183   -128   -158   -193 
  -111    -65   -131   -138   -136   -149   -173   -112   -141   -173   -143   -113   -138   -136   -164   -116 
   -78    -71    -94   -123   -127   -135   -156   -166   -196   -199   -169   -107    -63    -83   -115   -132 
  -167    -69    -79   -129    -59    -16    -75    -71   -113    -64    -77    -91    -92    -89    -97    -91 
   -64    -67   -114   -104    -84    -72    -39    -34    -54    -86   -147    -92   -101   -154   -122    -89 
   -82    -78    -96    -61    -42    -13    -25    -28    -37    -80    -52    -39    -81    -72    -35    -19 
   -10    -12    -71   -116   -172   -103    -50    -23    -50    -39    -46    -44    -68    -52    -17    -35 
   -31    225    520    -15    -64    -71    -66    -52    -59    -32    -17    -32    -58    -75   -123    -83 
