    38    824   1329    771   1214   1112    362    610    312    766    -19    -42    -52     71    801    943 
   316   1176    812    -24    -29    -68    -30   -144   -151    -75    178    154    681    109    331    335 
   -80    -89   -100     -5    -36    -21     56     24    186    656    493    -25    523    -13    -89    258 
   590    700    233     32    189     20    270    789    229    588    -49    -89    406    388    626    782 
   268    135    -84    -14    -23    -48    -58   -140   -177    -52    -15     -1    309     98   -135   -101 
  -136   -162   -208   -270   -284   -233   -220   -224   -164   -158    -67   -278   -292   -329   -289   -237 
  -305   -379   -283   -366   -366   -321   -286   -155   -146   -119   -245   -215   -127   -133   -240   -288 
  -309   -263   -292   -226   -203    -18    -23    -59    -60    -19    258    -98   -177   -191   -205   -236 
  -181   -163    -31     -5    204    166     75    595    165    -67   -110   -150   -135   -121   -116    -29 
   -25    -12    -37    -47    -33    -18    -27    -22    -41    -55    -58    -59    -54    -53    -25    -48 
   -61    -52    -55    -55    -46    -54    -57    -78    -65    202     61      6    -11    -17     -5     -2 
   108    -13     55    -63    -62    388    360    142    365     12     -2    225    314    165    -45    180 
   -41    -91    619    379    421    588     90    163    393     -2     27    -54    363     -3    -56    521 
   320    438    480    -26     43    405    -21    -10     38    311    163    -51    570    604     87    652 
    -3     -7    -23     87    -35     -4    -48     17    -49    634    519    171    615    695    213    -33 
   525    -99    246    -76    371    -21    783    562    754   1215    625    843   1083    904    -65    719 
   -45   1015    169    703    652    657   1239    283     87    -25   1173    -35    -40   -111    178    416 
   597    539    -49    319     -1    -22    -53    392    513    171   -139    -63    -27    525    573    -50 
   -20     -7    -39    -48    -20     77    -31   -108   -120    -65    521    158    -28    -34    -16     -7 
   -22    -11      4    -24    -66    -81    -39    592     88    -16    -35    -35    -28    -21     -6    -15 
   -28    -32    -64    -21    551    254     -1    -19    -30    -37    -22    -23    -19    -33    -41    -49 
   -49    209   -171   -175   -145   -102   -118   -152   -151   -103   -195   -148   -202   -166   -115   -168 
  -182   -145    -74    -45    -86   -134   -117    -96    -74   -156   -202   -127   -113   -102   -100    -72 
   -62   -152   -114   -153    -66   -160    -94   -209   -197    -86   -157   -147   -154   -259   -249   -177 
  -156   -121   -162    -68   -176   -198   -120   -256   -138   -143   -266   -249   -200   -219    -74    -92 
  -101    -79   -113   -147   -225   -197   -148   -360   -363   -383   -333   -139   -342   -273   -107     -4 
  -178   -283   -252   -242   -246   -287   -217   -291   -272   -362   -315   -186    -40   -136    -95   -135 
  -245   -283   -240   -210   -230   -273   -278    -44   -178   -125   -169   -160   -102   -143   -205   -212 
   -96   -183   -342   -287    -64   -268   -153   -175   -134   -156   -125    -84    -17    395    298   -195 
  -177   -125   -197   -121    -75    -20    -57    -84    -57    -19    204     -5   -114    -87    -65    -94 
   -66    -74    -14    -16    -48    -78    -57    -39    -19    -20    -28    -21    -49    -48    -70    -68 
   -56    -77   -116   -144   -102    -78    -85    -86   -138   -119   -100     -7    497    311    930    650 
   595    -57    -51    -63    -23    -45    -94    -61    316    436    279    687    346      0    -78    -74 
   -31    -33    -71    -77    -50    595    333    814    399    206    130    -22    -75    -40    -13    686 
   -11     23    397    402    427    140    -50    -80   -110    -63    -70    -86    -24   -110    -99    -50 
   -93    -40   -101   -173   -194   -247   -260   -183    -88    -73   -207   -164   -161   -180   -154   -267 
  -318   -357   -544   -592   -414   -279   -134   -182   -108   -257   -350   -269   -404   -363   -391   -545 
  -531   -380   -264   -205   -139    -36   -206   -183   -125   -197   -244   -233   -275   -285   -304   -321 
  -188    -51    -52    -57   -109    -49   -126    -53   -107    -66    -59    -74   -197   -168    -50    -10 
   -66   -146    -68   -186    -36    -66    -11   -176   -197   -221   -198   -171   -151    -42    -97    -94 
  -132    -65    -66    -28    -69   -130   -122    -87   -115   -103    -26    -35     -7     77     -4    -25 
   -15    102    -23     71    264    -45    -29    -73    -84    -74    -84    -72    -75    -68    -64    -94 
   -75    -29    -89    -75    -16    -28    -37    -57    -12    -12    -26    -79    -59    -35    -30    192 
   310    404    -44    -27    -70    153    -12    -86   -133    -82    -70    -40    225    -26    200     90 
   -16    -99    -49    -25    -31   -116    -87    -43    -51    113    216    126    -20    -86   -155   -210 
   -85   -101   -115   -157    -89    -56    -26    -20    -53   -113   -133   -148   -163    -87    -78   -112 
  -107    -49    -64    -68    -49    -73   -157   -108   -148   -127   -154   -132   -227   -170   -118    -94 
  -114    -73   -115   -191   -170   -207   -192   -232   -185   -254   -187   -149   -217   -196    -89    -85 
  -200   -162   -131   -206   -249   -266   -336   -247   -214   -210   -207   -124    -51   -137   -193   -166 
  -130   -131   -240   -341   -307   -342   -314   -244   -195    375    -28    -60   -110    -94    -64   -143 
  -157   -156   -172   -147    -59   -135     -2    -26    -10    -28    -40    -53    -75    -90   -109    -86 
  -107    -54   -120     -9    -40    -38    -29    -41    -33    -13    -15     -8    -23    -54     -6    -57 
   -28    -51    -51    -41    -36    -21     -5     -3    -10     -7    -27    -51    -34     90    -60    -51 
   -75    -21    -62    -54     -5    -52    -44    -72    -48    -27    -40   -123   -128   -123    -55    -46 
   -74    -39    -93   -102   -130    -83    -36    -73   -109   -117   -110    -91    -16    -47     -6    -10 
   -50    -78   -102    -24    -52   -122   -108   -173   -165    -29    -49    -63    -92   -119    -92    -76 
   -73    -30   -106   -104   -160   -163    -42    -53   -111   -130   -121   -123    -89   -118    -69   -230 
  -153   -220   -240   -260   -294   -295   -154   -145   -143    -98    -89   -237   -451   -249   -295   -270 
  -337   -308   -371   -218   -225   -197   -111    -63   -129   -425   -260   -197   -175   -193    180   -124 
   -82   -157   -176   -101    -41    -81   -217   -148   -109   -118   -171    -60   -115    -63    -12    -46 
   -58    -20    -56   -162   -132    -65    -94   -140    -43     11    -34     -9     -5     -6    -28    -64 
  -125    -69    -54    -40    -65    -43     -3    -64    -19    -56    -72    -60    -38    -71    -64    -70 
   -83    -89    -68    -46    -58    -58    -47    -39    -17    -81   -123   -143   -144   -145   -154   -131 
  -110    -91    -83   -124    -97    -67   -143   -123   -116   -143   -131   -113   -120    -98    -84    -56 
  -100   -101   -116   -153   -167   -133   -116    -59    -58    -43    -87    -56    -55   -143   -168   -148 
   -79    -83    -71    -15    -24     53    877    441    334    -78   -147   -146   -105    -33    -24    -10 
   755    709    549    535    294    -27   -108    -91   -146   -201    -57    677   1162   1791    999   1582 
   -29   1208    609    431     -4    -89   -126    -97    753    673   1087   1506   1965   1044   1433   1349 
  1276   1752    -22    -76    -67   1182    -13     42    -48     47    299   1063    585    -88    158    -46 
    -7    -59    -42    -55    -31   -102   -192   -105    -17     41   -214   -209    -66    582   -175   -236 
  -180   -139    -87    -83    -55    -76   -174   -252   -286   -258    -60   -130   -118   -138   -156   -162 
  -179   -156   -129   -155    -96   -156   -212    -68   -167   -177   -198   -188   -203   -208   -175   -178 
  -176   -137   -142   -129    -92   -198   -221   -201   -198   -204   -199   -214   -190   -194   -195   -211 
  -214   -176   -136   -170   -165   -153   -123   -131   -120   -139   -147   -157   -144   -165   -166    -55 
  -104   -113   -119    -77    -47    -10    -23   -141    -59    -77   -111    -70   -105    -15    -84    -79 
   219    111    -21   -132   -204    -95   -213   -244    -86    -55    439    -51   -130    -63    -32    -81 
   -50   -186   -121   -207   -119    -67    176    546    -96   -194   -122    -30    -26    501    -96   -128 
  -161   -133   -121    -34    -97   -109   -154    -71    -69    -60   -111   -112   -149   -134   -131    -80 
   -61   -303   -103   -188   -183   -248   -321   -311   -137   -130    -45    -76    -31   -164   -308   -129 
  -166   -205   -230   -253   -225   -235   -255   -175    -60    -46    -60    -96   -174   -236   -243   -125 
  -136   -300   -456   -367   -254   -277   -173    104     -1   -108   -135   -182   -195   -131   -193   -230 
  -259   -173   -228   -135     40   -212   -205   -155   -131   -138   -142   -134   -172   -327   -232    -85 
   -97   -122   -197   -182   -138   -141   -182   -161   -120    -43   -166   -153    -55    -78   -156   -156 
  -129    -76    -75    -84   -119    -55    -53    -82    -66    -90    -61    -71   -138   -154   -129   -127 
  -125   -160   -119   -117   -148   -101   -145    -86    -38    -43     -6    -22      2    -10    -14    -15 
   -51    -28    -24     28    246    -23    -52    -53     -3    -30    -28     -8    149     -2    -24    -58 
   -59    -47    -84   -101    -77    -77    -73    -37    -14     87    -53    -80    -75    -72    -55    -55 
   -83    -43    -77    -14    -27     77    713    352    202    130    -20    -14    -33    -76    -38    -56 
   -54    -58    -84     96    -68   -103   -107    -54    -32   -131   -202   -137   -132   -229   -250   -205 
  -175   -159   -152   -160    -76    -45    -89   -282   -239   -217   -323   -350   -156   -108   -192   -178 
  -253    -94   -108    -33   -200    -99    -87   -121   -213   -187   -194   -148   -145   -291    -19    -34 
  -122   -115   -167   -182    -84    -75    -77   -117      7    -51    -44    636    -11   -107    -58    -84 
   -99    -63    -78    -53   -125    -47    -74    -29     89    -38    -49    -31    -13    -32    -36    -34 
   -30    -20    -26    -76    -75    -96    -20    -28    -19    -38    -57    -46    -25    -33    -32    -21 
   -36    -63    -71    -40    -58    -83    -71    -52    -22    -35    -61    -64    -54    -63    -64    -47 
   -26    -25    217    279    113      9     63    525    801    886    528    146     -8     -2    203    692 
   693    180     18    184    625    977    545    402    630    248    -11    367    985    923    541    757 
   982    689    878    733    643    987    418    -30    806   1492   1500   1323   1087   1209   1378   1326 
  1290   1133    792    400    -31   1044   1158   1737   1635   1345   1385   2051   1855   1878   2339   2142 
  1411    529    956   1778   2409   2279   2765   2239   2308   2929   3307   2848   2360   1751    745   1199 
  1270   1781   2033   2143   2025   2017   2373   2915   2995   1879   1733    765    257    851    846   1427 
  1731   1763   1921   1994   1639   1742   1364    572    -24    128   1082    549    763    715   1039    663 
   542    339    516    565    -28    -33    215    711    341    532    461    374    103    412     -3    -78 
   -79    -39    -64     -6    438    312    255    285    100    -17     44    184    -43    -50    -53    -52 
   -28    -22    -21    -20    -14    -31    -31    -19    -12    -25    -22    -58    -39    -69    -70    -70 
   -64    -54    -59    -78    -54    -51    -58    -60    -59    -71    -38     -1    322    191    160    113 
   274    542    525    544    194    -25    -64    -53    210    579    391    265    748    548    733    341 
   452     -3    -24    -49    -54    684    708    276     17    -21    -47     -6    -30    -18    665    -11 
   -41    -49    -31     -2    172    -50     -4    -19    -63    -78    -15     -5    -50    -65    -27    -26 
   -44    -75   -100   -100    -64   -112    -26    747    107    -25    -57    -70    -73    -85   -152   -156 
  -130   -204   -197   -174    -20    -48    -84    -64    -69    -65   -114   -173   -217   -163   -186   -161 
  -303   -119   -131    -47    -20    -49   -149   -106   -140   -103   -143   -189   -160   -318   -318   -327 
  -139   -107    -76   -124   -113    -95    -97    -69   -138   -162   -158   -252   -237    -85   -120    -91 
  -135   -112    -67   -107    -76    -97   -162    -77   -142    -88    -82   -132    -58    -56    -70    -74 
   -85    -75    -82    -91      0   -112    -62    -90   -147    -71    -77    -96    -90    -84    -76    -60 
   -76    -61   -108    -77    -84   -104    -52    -31    -61    -66    -84    -81    -86    -68    -69    -66 
   -65    -67    -87    438    506    450    685    440    379    325    199    176    252    120    365    328 
   372    470    409    600    490    417    453    900    565    504    110    261    104    741    476    768 
   583    467   1123    705    765    264    110     20    456    305    323     59    444     51    -10    318 
   318    277     -6    -24    271    435     37    160    -22    542    292    524    555    289    206    193 
   -25    -11    109    -36    206    -73    373    264    -11    -59    -79   -184   -166   -129   -101    -45 
   -63    231    -17    -23    -74    -47   -112   -153   -234   -259   -154   -142   -120    -56    -30    -25 
   -66    -70    -19    -45    -61   -135   -187    -64   -174   -167    -14    -24    -32     11    -12    112 
   336    256    -18    -57     -2    -64    -75    -28     29     57    273    271    117    220    546    449 
    -3    867    885    179    388    -21    -11     23    103    218    414    544    554    246    587    506 
    -4    432    130    271    408    243    159    291    280    232    221    280    280    418    459    509 
   667    565    632    433    459    348    366    201    265    159    368    381    200    304    277    250 
   365    481    364    437    631    444    285    290    130    391    560    671    658    739    916    758 
   700    914    655    894    994    777    526    874    893    797    676    839    900    824    926    589 
   937    926    570    337    695    561    677    664    534    675    734    835    412    680    565    407 
    -5     29     20     96    283     -1     -5    -35    -20    -16     -4      3      0     37    264     66 
   172    411    512    153    173    203    183    331    -11     60    108    257    210     45     -1    197 
   438    289    311    617    480    -12    -18    325    -19    177     -8    -15    -38    -13     -8     -8 
   198     30     -9    -36     -9    -70    -46    -36    -16    -35    -26    -52    -57    -22    -39    -31 
   -29    -14    -52    -39    -56    -47    -44    -54    -57    -61    -80   -104    -69    -59    -22    -61 
   -54    -47    -48    -40    -30    -30    -30    -57    -65    -54    -32    -35    -63    -56    -49    -39 
   -36    -34    -27    -39    -31    -50    -64    -39    -18    -31    -34    -42    -32    -28    -29    -29 
   -22    -29    -31    -31    -25     -9    -24     -4     48     -3     67     40     45    239    335    177 
   486    523    -57    -63    -55    -29    -23    -16    -27    -57    -40    -59    -79    -11    163    -58 
   -80    -44    -62    -15    -48    -62    -48    -26    -29    -18    -24    -48    -54    -88    -52    -45 
   -40    -31    -66    -89    -95    -87    -68    -40    -47    -30    -96    -33    -19    -68   -138   -193 
  -192   -186   -171   -122    -34    -55    -19   -185   -119    -30   -104   -177   -248   -269   -207   -134 
  -123    -41    -48    159    -73    433    477    295   -112   -131   -241   -209   -131   -194    -61    -40 
   137     62    755    813   1330    651    554    -35    -70   -115    -84    141    390    183     29    465 
   778    387    -48    -39    -21    402     86    -24    918    141    -24    -30     27    279    182    -10 
   -42    -25    693    -77    -39    884    382    -13     -4    357    203    329    278     21    259    721 
    -4     25    160     71     -7     -8    168    135    224      0    -22    -39    -45    -55    -71    -27 
   -19    -27    -48    -34    -46    -48    -53    -64    -42    -40    -45    -40    -45    -31    -53    -35 
   -61    -38    -28    -43    -49    -39    152    -10    -55    -45    -55    -25    -14    -24     51    138 
   374    -25    -14    252     -9    -44    -70   -106    -24     12     24     -8    -17    -14    -45    -45 
   142     -5     -9    -43    -47     35    322     25     86    249    143    294      3     95    -41     -8 
   -36    -66    -26    164    -33    -38    -33      1    433    -17    -21    -19      9    -37    -70    -82 
   -64   -100   -119    -96    -87    -93   -100    -54    -41     72    -40    -51    -50    -85    -94    102 
   -27   -104   -136    -90    -29    -62    -19    -18     -6    -19    -10    199   1370    756    -43    -27 
   220    793     66    355    498     49    902    893   1688   1729   1014    159    441    876    584    720 
   648    738    401    282    620   1070   1201    706    125    409    793    577     79    872    478     50 
   104    148    128    387    372    253     53    357    643    193    276     71    -18     -7      9    271 
   394    343    256    219    297    225    117    249     55    -19    -18    113     47     37     28    173 
   221    193    297    150    128     -3    -32     36    -25    -59    -67    -68    -75    -71    -47    -36 
   -69    -55    -45    -35    -19    -75    -85    -74    -93    -94   -109   -102   -126   -144   -107    -67 
   -56    -57   -116   -104    -85    -48    -56    -59    -84   -115   -106    -92    -65    -63    -55    -73 
   -60    -45    116    151     18    -14    -29    -39   -101    -63    -46    -42    -55    -16    302     47 
   115     14    303    -22    -43    -37     -2    109    -37     70    553   1351   1282   1355   1442   1798 
   883     69    -15    -53     -6      0   1518   1197   1236   1367   1366    759    312    -20    -25   -108 
  -111    -46    114    -30    177    102     -7    -56   -140   -136    -37   -112   -155   -100    -75    -58 
  -131    -89    -47    -18    -41   -143   -177   -166   -225   -242   -221   -127    -33    -48    -35     -9 
   519    586    -30   -128   -236   -182   -226   -230   -148    -46    -45    -19    -23     -2     20    -41 
   -86   -131    -88   -115   -117    -66     -9    -27     23     -1     93    103     41     -7     -8    -26 
   -39    -19    -24    -14     -5     15     -4     -4     78     34    -11     -6    -16    -12    252      4 
  -178   -190   -189   -159   -176   -147   -145   -206   -205   -216   -235   -172   -117   -164   -213   -145 
  -127    -98   -132   -177   -186    -97   -155   -213   -233   -215   -183   -210   -195   -233   -278   -146 
  -189   -123   -150   -198   -275   -258   -162   -135    -95    -89   -147   -190   -118    -85    -59   -195 
  -200   -209   -159   -156   -151    -55   -199   -288   -307   -202   -200   -258   -273   -170   -184   -173 
  -167   -288   -259   -334   -379   -371   -313   -259   -192   -193    -95   -171   -211   -161   -214    -43 
  -228   -121    -51    -53   -162    -67   -128     52    -22   -106    -94   -180    -69   -229   -208    188 
   -31   -190   -270   -278    -63    -62   -272   -164   -100   -144   -166   -177    -64    425   -111   -300 
  -389   -288   -217   -431   -227    -73   -134   -120   -181   -182   -111   -180   -179   -278   -199   -152 
  -204   -152   -118   -181   -222   -247   -269   -231   -222   -214   -189   -101   -157   -168   -167   -158 
  -192   -218   -216   -204   -183   -189   -200   -171   -127   -154   -137   -140   -110   -145   -144   -127 
  -121   -160   -140   -206   -205   -161   -153   -117   -103    -76    -85    -83    -51   -122   -140    -79 
   -83   -105   -153   -147   -132   -134   -100   -116   -106   -150   -162   -216   -182   -157   -125   -104 
   -99    -75    -75   -139   -171   -158   -172   -153   -201   -148   -150   -129   -111   -129   -110   -122 
  -128   -141   -174   -183   -151   -188   -123   -123   -113   -139   -133   -195   -200   -193   -212   -185 
  -142    -74   -182   -158    -67    -96   -138   -187   -174   -150   -146   -229   -219   -240   -202   -348 
  -232   -215   -263   -215   -265   -210   -153   -316   -307   -342   -366   -175   -205   -155   -141   -232 
  -235   -183   -257   -218   -157    -53   -180   -238    -68    -83    -45   -179   -214    -22    701   -170 
  -234   -111    -63    -79   -121   -105    -82    -25    -86    -87    -16    255   -167   -213   -159   -208 
  -160   -155    -99   -110   -112    -95   -121   -190   -169   -168   -151   -164   -205   -181   -150   -104 
  -129   -151   -200   -201   -217   -244   -207   -149   -152   -187   -178   -175   -183   -174   -180   -181 
  -186   -206   -202   -180   -154   -115   -139   -131   -157   -153   -160   -161   -157   -146   -163   -166 
  -148   -121    -51    -44    -48    -43    -78    -85    -72    -74    -56    -57    -62    -19    158    -91 
   -86    -83    -51    -98   -120    -67    -53    -44    -61    -45    -33    -34    -53    -52    -31    -18 
   -68    -56    -51    -39    -47    -62    -53    -84    -84    -71    -65    -24    -28    -62    -49    -66 
   -79   -108    -93    -55    -49    -46    -80    -64    -20    -91    -57    -34    364    334    -10    123 
   354    -37    -54    -23    279    434     29    803    795    750    852   1146   1196    819    -10    -58 
   277    762   1093    984   1354   1253     76   -130   -119    512    983    -18    -55    565    984   1220 
  1536   1263   1447   1682   1363    711    962    740     -7    108    249    955    928   1110    887   1124 
  1275   1517    -16   -132   -118    -70     18     45    448     85     58    186    287    312    562    -34 
  -120    -97    128    402     -2    243    142     -7    -11     -2     64    364    422     -1    116    484 
   367    -25    -34    -39    -39    -32    -34    -29    -16     58     47     -9     -1     -2    -31    -40 
   -51    -58    -62    -80    -83   -102    -91    -76    -51    -36    -26    -87    -12    -63    -46    -21 
     0    -43    -19    -58    -15    -19    -90    -82    -93    -18    -50    -27    -30      0    -84    -31 
   -44    263     -7    -91   -100   -120    -66    -50    -64    -95    -58    -59     -4    -52    -78    -76 
   -65    -76    -88    -63    -22    -41    -60    -83    -60    125    105    -80    -50    -34    -81    -93 
   -65    -47    -12     97    -77    -35    -62     -9    -46      0    -60    -83   -127    -50    -94    -54 
   -39   -118    -88    -82    -77    -81    -19   -101    -75   -160    -63   -100   -135    -97    -62    -59 
   431    -21   -138     12   -183    -69    -90    -13    -16    -52    -74    -43    -17    -59    -75    -40 
     6   -185    -69    -86    214     17    414    -26    -19    200    -52    -67    643    -81   -187    -33 
   -94    759    662    612    308    -14    -21    -43    -11   1058    -46    -54    -29    -70    988    324 
    60     61    332    212    -13    -43     -9    -23    -59    -74    -45    747    257     11    203    264 
    56     -6     -5     -5    -35    -67    -76    -49   1061    347    -11    112    274    133    -22    310 
    48    -23    -63    -59    -55    -56     46     -6    -27    -33     32    -48    -33    -80    -57    -67 
   -99    -55   -101    -75    -29    -82   -143   -113    -47    -67   -169    -77    -91   -148    -65   -103 
   -65     -8    -93   -102   -102    -25    206    -40    686    -11   -128    -82   -104   -134    -65    -13 
    -7   -105    -47     -7    -26    537    216    -77   -105   -105    -68    -82    -30    -39    -64    -46 
   -98     -2    305    -15    -43   -199   -105   -143   -128    -89    -96   -182   -216   -169    -28    124 
   -81    -29   -186   -138   -107   -136   -181   -182   -305   -447   -333   -212    -87   -149   -181   -124 
  -253    -60   -134    -95    -77   -198   -396   -367   -168   -105   -200   -185   -150   -214   -132   -197 
  -178   -183   -268   -436   -372   -114   -172   -314   -200   -188   -294   -247   -250   -219   -225   -243 
  -320   -366   -281   -420   -373   -280   -166   -221   -185   -168   -159   -160   -190   -233   -319   -287 
  -341   -354   -215   -193   -232   -223   -206   -207   -207   -201   -204   -214   -190   -207   -274   -222 
  -160   -205   -190   -170   -169   -190   -204   -208   -201   -211   -202   -209   -197    -46    -83    -17 
   -17    -37    -24      0    163    -15     16    195    308    415    -74   -138    -52    -59    -55    -20 
    -3    -29    -67    -14     79    -11     -2    -84   -118    -63    -53    -42    -31    -69    -48    -74 
   -42    -87    -72    -13    -84   -114    -62    -60    -46    -61    -65    -35    -30     -4    -50    -50 
   217   -107   -116    -57    -78    -36    -45    -44    -42    -54    -44    -48    -55    -22    -85    -80 
   -98   -130   -113    -99   -153   -182   -173    -77   -103   -107    -70   -132    -99    -77   -135   -144 
   -41    -49   -138   -114    -55    -71    -71    -77    -57    -69    703    -18    -70     81    316    -44 
   -60    -45    280    878    -34    -29    -80    418    -29    -39     26    309     23    -73    -46    475 
  1537    187    -42    -81    -41    -21     -5     -6     80    192    -54     -9    601   1127    -12    -56 
   -79    -67    -28    -18    -19     57     -2    -46     -4    134    416     -6    -64    -76    -54    -17 
    15     -2    112    102     14    320    359    414    315    -49    -55    -41    -17    -11    -32     -6 
   -17    -35     82    197    176    128   -101   -177   -147   -170   -219   -189   -136    -64   -123    -18 
   -51    -60    -96   -132   -274   -168   -168   -174   -144   -102   -134   -206    -31    207    234    -50 
  -167   -197   -128   -168   -146    -86    -71    -63   -156    -37    -29    -19   -108   -158   -161    -80 
   -71   -141   -120    380    661   -125    -39    -20    -52    -91   -178   -197    -84   -112    -95   -252 
   -83   -134   -265   -136   -108   -133    -46   -115   -179   -178   -204   -190   -259   -239   -256   -247 
   -71   -121   -252    -78   -157   -209   -295   -266   -199   -221   -276   -325   -376   -138   -101   -151 
   -97   -264   -240   -305   -224   -216   -181   -271   -352   -333   -252   -214   -184   -130   -246   -221 
  -205   -141   -164   -132   -153   -286   -395   -413   -372   -275   -218   -185   -164    -79   -111    -75 
   -87   -153   -272   -426   -348   -230   -120   -147   -135   -133   -121   -115   -108   -101   -134   -235 
  -225   -197   -159    -76   -129   -157   -106    -96    -90    -93    -84    -88   -108   -118   -111   -115 
   -86   -123   -110    -79    -37    -43    -29    -41    -47    -42    -38    -31    -48    -58    -49    -55 
   -61    -78    -51    -98   -113    -68    -91    -91   -156   -105    -61    -34    -91    -41   -150    -95 
  -109   -203   -204   -171    -68   -164   -120   -111    -66   -159   -153   -194   -156   -153   -211   -243 
  -207    -87   -115   -145   -145   -103   -121   -134   -226   -245   -288   -203   -259   -247   -173   -155 
   -85   -121    -72   -133   -116   -249   -264   -310   -187   -218   -266   -189   -154    -92   -142    -88 
  -219   -239   -335   -394   -374   -361   -338   -347   -319   -343   -338   -227    -94   -169   -288   -360 
  -369   -292   -328   -278   -220   -269   -440   -401   -293   -177    419   -101    -77   -221   -358   -477 
  -303   -145   -198   -156   -318   -256   -110   -247   -429   -402   -374   -277   -316   -259   -214   -181 
  -219   -275   -154    -80   -171   -167   -206   -241   -165   -136   -168   -187    -76   -212   -264    -58 
   -89   -117   -151   -212   -196   -171   -141   -149   -122    -98   -154    -93    -44    -73    -97   -132 
  -184   -216   -214   -202   -190   -197   -187   -190   -170   -103    -63    -84   -115   -117   -137   -131 
  -154   -152   -134   -122   -116    -59    -99    -77    -70    -76    -81   -101    -69    -97   -138   -110 
   -39    -38    -26    -26    -32    -77    -92   -108    -86    -58    -65   -114   -105    -45    -22    138 
   145    -27   -101    -67    -85    -69    -94   -119    -50    -54     -6    -24    -18    161    -17    -65 
   -10    -49    -35   -115   -115    -81    -93    -88    -73    -26    417      2    -83    -28    -76    -63 
  -130   -109    -91   -140   -107   -113    -98    -21    -60   -135    -30    -46    -15     -6     -6     -6 
   -54    -55    -42   -120    -68    -72    -93    107    -81    -53    -53     75    -74     -3    -13    136 
   116    -54    -49    -47    729    -94    -96   -101   -129   -195    -58   -122    -37    238    -90    -40 
   -56    723    -63   -108    -59    -84   -193   -149   -141    -31    -17   -148    -60    -56     -9    -54 
   -54   -102   -103   -144   -180   -173   -108    -55   -127    -78    -84    -60    -61    -75   -112   -105 
  -115   -119   -116    -86    -57    -96    -92   -107    -83    -79    -55    -48    -66    -76    -83    -71 
   -74    -79   -108   -114    -79    -61    -46    -26    -10    -11    -42    -71    -69    -62    -62    -49 
   -94    -62    -15    -25    -72    -23    334     -2    -85    -54    -42    -18    -25    -29    -20    -60 
   -62    -78    -48    487     71    -58    -85    -99   -108    -84   -106    -10    -90    -16    -69    -57 
   -40    -86    -98   -143   -114   -175   -119   -126   -112   -145   -129   -128   -100   -185   -188   -157 
   -90    -78    -99    -47    -37   -200   -171   -228   -127   -132    -93   -203   -168   -147   -201   -125 
   -12    -12   -181   -246   -207   -176    -84   -187   -152    -86   -191   -195   -140    -34    -44   -255 
  -314   -216   -191   -317   -452   -465   -334   -362   -341   -317   -202   -123   -179   -297   -286   -130 
  -253   -296   -431   -191   -269   -348   -364   -274    -73   -240   -216   -330    -94   -148   -151   -197 
  -147   -246   -190   -239   -233    -27   -155   -176   -252   -182   -190   -198   -217   -252   -115    -93 
   -96    -98   -110   -231   -223   -254   -245   -213   -230   -267   -262   -234   -194   -203   -128   -158 
  -160   -129   -126   -113   -114   -136   -137   -128   -140   -215   -187   -101   -115   -155   -120   -122 
  -139   -168   -156   -128   -176   -173   -185   -206   -139   -132   -133   -102    -73    -89    -93   -122 
  -121   -138   -161   -162   -137   -124    -81   -146   -178    -79    -45   -116   -163   -113   -140   -121 
  -165   -163   -160    -84   -166   -190   -113    -40    -76   -151   -221   -163   -163   -185   -209   -176 
  -102   -203   -245   -201   -117   -141   -220   -332   -210   -206   -163   -130     -4    257   -212   -269 
  -247   -165   -201   -225   -319   -295   -381   -324   -304   -215   -152   -211   -409   -400   -396   -388 
  -353   -402   -483   -608   -345   -340   -278   -205   -239   -362   -385   -453   -377   -378   -425   -462 
  -469   -264   -260   -233   -233    -92   -185   -275   -425   -360   -414   -377   -432   -569   -504   -351 
  -284   -179   -164   -201   -113   -145   -241   -275   -247   -307   -436   -516   -459   -354   -210   -188 
  -220   -153    -37   -102   -129   -175   -339   -427   -517   -452   -327   -226    -48    -85    -72    -36 
   -24    -44    -51   -212   -255   -224   -230   -185   -135    -61    -54    -89    -67    -64    -66    -51 
   -74   -102    -81    -96   -132    -77    -41    -36    -53    -57    -36    -41    -61    -53    -68    -82 
   -77    -83    -64    -32    -12    -11     -2    -25     25    164    103    293     -5    -35    -42    -47 
    -8    242    173    324    102     -4    -49    -17    216    -40    -37    -54    -60     57    186    149 
    -6    -51    -56    -69    -71    -20    -63    -37    -55    -35    -21     -6     -9    -35    -76    -75 
   -59    -59    -37    -32     -7     -5     -6    -10    -12    -42     58     -2    -62   -113   -100    -63 
   -35    -32     37    328    -35     92    -35    -39    -11    -25    -91   -129    -49     -8    -29    -52 
   -37    -55    -12    -42    -84   -101    -98    -41    634    455    -49   -118   -110    -91   -132   -261 
  -183   -139   -133   -175   -150   -102    -30    -23   -153   -141   -110   -138   -247   -213   -148   -139 
  -201   -219   -202   -169    -96   -145   -141   -103   -127   -163   -151   -102   -103   -153   -139    -99 
   -86   -110    -73    -71    -63   -161   -199   -165   -139   -125   -148   -133    -64    -82   -126   -113 
  -125   -111   -149   -173   -149   -131   -141   -108    -80    -82    -90   -105    -95    -98    -78   -112 
  -133   -132   -103   -106    -90    -90   -102   -103   -112   -111    -98    -83   -182   -269   -223   -248 
  -283   -221   -262   -340   -342   -267   -269   -236   -222   -202   -209   -178   -259   -238   -212   -277 
  -356   -338   -163   -246   -233   -186   -145   -283   -245   -331   -308   -237   -298   -357   -325   -214 
  -296   -239   -124   -238   -319   -371   -362   -353   -304   -217   -257   -352   -326   -274   -287   -239 
  -264   -364   -459   -427   -281   -233   -116   -133   -188   -131   -226   -331   -256   -361   -344   -305 
  -412   -378   -346   -295   -241   -357   -204   -263   -479   -372   -417   -388   -352   -483   -361   -296 
  -305   -407   -563   -435   -418   -486   -412   -360   -340   -290   -350   -302   -311   -436   -568   -663 
  -614   -625   -533   -416   -234   -439   -274   -307   -299   -193   -295   -418   -665   -705   -606   -527 
  -318   -151   -234   -214   -204   -169    -89   -217   -332   -433   -365   -418   -406   -169    -82   -135 
  -133   -172   -137   -141   -103   -195   -254   -135   -226   -210   -116   -106   -114   -112   -109   -124 
  -148   -130   -169   -154   -107   -127   -173   -125   -126   -121    -94    -89   -117   -157   -160   -151 
  -134   -118   -132   -169   -144   -247   -242   -229   -199   -245   -228   -199   -197   -205   -204   -175 
  -135   -127   -258   -244   -239   -241   -212   -260   -187   -228   -186   -235   -220   -150   -161   -187 
  -219   -204   -196   -165   -206    -91   -142    -67   -127   -110    -85    -80   -177   -170   -198   -221 
  -174   -173    -84    -77    -81   -167   -175   -186   -154   -190   -231   -281   -290   -271   -193   -178 
  -181    -85    -99   -125   -211   -146   -176   -278   -295   -366   -338   -288   -230   -341   -271   -195 
   -56   -121   -129   -161   -165   -249   -272   -193   -260   -262   -313   -245   -205    -91    -95   -124 
  -294   -222   -314   -237   -158   -158   -229   -328   -423   -376   -342   -246   -184   -213   -159   -138 
   -67    -80    -44   -107   -154   -257   -291   -311   -301   -224   -171   -119    -65     -1    -58    -49 
   -85   -154   -263   -260   -225   -253   -257   -182   -160   -118   -151   -152   -122   -146   -121   -138 
  -161   -153   -197   -230   -171   -114    -58    -65    -61    -76    -78    -88    -81    -92    -62    -49 
  -113   -162   -141   -134   -137   -127   -129   -134   -131   -115   -117   -127   -100   -116    -86   -131 
  -112   -114    -73    -87   -167   -173   -211   -159   -151   -154    -96   -133   -137   -128   -102    -98 
  -107   -109   -124   -148   -140   -210   -211    -72   -124   -139   -165   -223   -186   -130    -59    -88 
  -114   -135   -128   -113    230   -117    -51    -82   -182   -133   -104    -71    -98   -161    -68    -39 
   -85    -65    -74    -53   -114   -159    -84   -111   -158   -231   -218   -122   -120   -178   -121    -14 
  -106   -138   -165    -83   -189   -179   -130   -118    -76   -163   -195   -126    138   -225   -193   -188 
  -168   -285   -294   -346   -253   -190   -290   -149   -124    -25   -186    -59    -88    -49    -46    -53 
  -164    -65   -109   -187    -18    -28    -51    -33    411    -38    422     79    -10    -85    301    114 
    36    114    -75    317   1477   1217    263     31    -22    -26   -114   -141    -48    226    -49   -123 
    39    -20    -19    -64    -69    -72    -61    -47    -87    -40    -53    -44    -18     -8    -43    -38 
   -43    -38    -66    -86    -97    -79    -62    -61    -79    -23     -3     -9     -9     -4    -15    -24 
   -42    -48    -27    -33    -15     -3     63    -87   -107    -57    -88   -136   -125   -129    -68    -75 
   -34    -91    -24     -3    -23    -63   -132    -97    -60    -51    -61     32    -92   -155   -147    -57 
   159    -49    -23    -80    -73    -12    -29    -84    -67    -11    -71   -115    -90    -56    -47    -96 
  -140   -138    -86    -39   -111   -222   -172    -81    -90   -109    -38    -13    -74   -110   -147   -107 
   -35    -51     -9    -40    -16    200    -91    -90    -75    258    -28    -50    -35    993    417    -24 
  1727    703   1772    -28    -78   -174    -96    347    -68   -179     41    604   -156   -285   -105    494 
   440    -67   -141   -173   -117    -52    384    -68   -135     -7   -149   -104    -44     35    -11    -20 
    95   -140    -90    -38    -73   -177   -122   -164     -3     89    -22    -20    -48    -55    -94    -98 
   -87    -69    -52    -62   -104   -112    -83   -121   -135    -70   -106   -106   -104    -76   -100    -88 
   -69    -89   -129   -137   -132   -109    -76    -83    -87   -100    -72    -66    -69    -88    -95    -60 
   -61    -90    -61    -77    -93    -74    -69    -50    -72    -82    -73    -74    -81    -59    -53    -69 
   -50    -94    -84    -72    -29    -80    -41    -41    -44    -50    -14    -53    -22    -46    -70   -107 
  -111    -92   -125    -50    -24    -64    -96    -88   -106    -61     57    -25    -23    -81    -94   -107 
   -18      6    -60    -77    -59   -127    -96    -30    -60   -108    -95    -94    -78   -114   -146   -138 
  -137    -73    -66    -58    -12   -121   -115   -206   -161    -81    -80   -117   -131   -181   -137   -119 
   -52    -57   -273   -251   -258   -221   -212   -153   -267   -212   -203   -208   -132    -99    -17   -189 
  -143   -215   -260   -196   -107    -91   -108   -192   -283   -158    -86    608     -1    839    -22    -94 
   -76    193    411    -17   -177   -176   -178    -97     -8    -14    322     84    -57    -68    -58    -61 
   -71   -172   -115   -156    -83     -2     55    -46    -20    -27    -13    -32    -85   -141   -293   -256 
  -218   -123     -7      0    -57    -47    -43    -35    -39    -61    -78   -149   -126   -124    -76    -13 
   -19    -48    -44    -34    -37    -24    -23     -2     -4    207    -12    -16    -21    -10    -49    -54 
   -63    -63    -57    -39    -14    -13     -7     -7    -26    -94   -121   -134    -98   -107   -131   -112 
  -124   -155   -132   -121    -93    -79    -91    -45    -75    -66    -44   -126   -125    -99   -102    -28 
   -17    -62    -66    -94    -80   -143    -93   -101    -89   -136   -136    -20     31    -77   -124   -107 
   -52   -107   -115   -123   -153   -148    -95   -156    -90    -29    -46    -51    -42   -142   -181   -201 
  -182   -175   -278   -174   -205   -234   -262   -185   -164   -133   -308   -258   -385   -344   -224   -219 
  -190   -244   -192   -243   -268   -196   -201   -127   -241   -194   -233   -343   -219   -192   -266   -266 
  -239   -148    -86    -91   -178   -149   -204   -164   -183   -178    -78   -155   -176    225    232    -93 
    47   -141   -154   -132   -126    -82   -121   -103   -135   -195    -99   -105   -167    -81    -73    -48 
   -18    -45    -43    -15    -95   -153   -135   -245   -246   -189   -142    -27    -43    -36    -45    -62 
   -68   -105   -134   -140   -162   -164   -138    -90   -115   -117   -103   -102    -99    -87   -113   -121 
  -130   -115   -134   -153   -147   -112   -152   -140   -139   -129   -112   -115   -137   -142   -137   -114 
  -129   -119   -145    642    -55    -95    -81    198    -95   -132    -35    -94   -202   -262   -199   -110 
   972   -105   -115    -99    -24    169   -108    -62   -115   -138   -138   -129    -47     -5   -179   -131 
   -74   -204   1182    -91    -63    -33    -97   -172   -244    -72     -8   -108    -35    409   -171    -85 
  -149   -135    -21    -99    -50   -136   -124   -170   -149    -65   -119    351    -97     -5    -64     40 
  -130    -52    -97   -120   -211   -241   -260   -242   -195   -110   -279   -130   -179   -301   -105   -139 
  -173   -424   -231   -275   -280   -233   -229   -250   -174   -312   -320   -213   -141   -299   -122    -43 
   -89   -163   -156   -130    685    -63   -353   -357   -319   -186   -329   -248   -216   -151   -205   -139 
  -133    -83   -283   -374   -543   -317   -192   -192   -311   -267   -263   -211   -160   -184   -243   -310 
  -295   -471   -460   -226   -157   -163   -149   -166   -162    -70   -126   -179   -186   -216   -195   -199 
  -169   -122    -82    -84   -120   -153    -81   -127   -182   -132   -154   -161    -90   -139    -83    -95 
  -139   -215   -215   -148   -158   -184   -167   -212   -217   -187   -191    -45    -76     36    374    503 
   299    459    662    631    432     -5    -70    -18    -46   -124    -10    -23     -7    -65    -41     -4 
   -47    -43    -92   -151    -70   -102   -127    -39    -30    532    -26   -120    -19    -92    -53    -38 
   -76    -82    -37   -142     57    246    140    178    -51    -27    -67    -12    185    -90    -75    -38 
  -127    -52    -47    -92    -12    -31     42    -93    -50    254    -61    -59    -36    -57    -98    -70 
   -84    325    -73   -113   -186   -143    -13    -51   -117    -81   -204   -112   -172   -194   -219   -191 
  -324   -594   -230   -105   -126   -140    -55   -191   -152   -151   -136   -168    -31   -126   -209   -235 
  -114    -93   -123    -48   -115    -94    -80    -82    -44     93    -48     37   -111    -85    -19    -43 
   -84   -165   -173   -113    -55    -60    -26     -1    466    -94   -160    -51    -44    -56   -101   -103 
   -84    -12    -19    -15    -47    -34    -78   -127    -81    -64    -41    -65    -94    -43    311     -3 
    -4     -8    -17    -46    -89    -75    -42     27    -12    -23    396   1398   1325    882   1089    928 
   363     -5    111     62    541    397    288    393    436    236    139     -5     66    345    759    759 
   332    414    289    250    141    -11     70    397    259    716    532    483    274     -8     49    135 
   335    394    546     33    168    -23    248    398    416    469    239     -6    153    166    271    215 
   -27    174    479    320    227    214    487     74    -14     -8    -33    -23    -23     -2    -23    -13 
   -40    -36      9    103    -29     58    -14    -16    -21    -52    -67    -25    -46    -85    -40    -29 
   188    -29     -4    -57     -9    257    -81   -176    -85    764    565    -83    -48     69    190    -83 
  -123    -94    300    807   1173    552   1006    751   -101   -149    -98     26    320    664    518    527 
   395    596    435    627    817    654    387    -18     77    424    316    645    689    744    771    763 
   923   1071   1664   1360    514    491    507    381    402    314    321    473    475    429    504    841 
   713    243     80     -5    -24    -19    -12    -20     -4     63    -11    -23    -34    -26    -24    -24 
   374    589    633    615    419    623    621    643    633    625    563    495    244    555    569    635 
   471    357    324    551    383    168    450    123    261    244    191    -12    -16    217    -15    -41 
     9    106      9    199    279    587    430     72    -71    -54     -9     -9    -50    -70     92    -20 
   -24    122     -9    304    -42   -123   -108    -74   -102   -115   -123    -38    156    -44     33     66 
    -5    -69   -107   -138    -64    -99   -120   -122    -69    -52   -134    -92    -30    -22    -56   -187 
  -202   -177   -196   -220   -165    -86   -137   -191   -166    -20    -56    -81   -239   -184   -214   -222 
  -258   -169    -94   -119   -189   -177    -39    -39    -83   -240   -194   -190   -243   -294   -244   -176 
  -171   -276   -243    -76    -15   -164   -227   -243   -119    -96   -141   -131    -69    -58   -191   -253 
  -131    -41    -87   -120   -122    -64    -36    -52    -41     10    160    -94   -150    -95    -30    -31 
   -29     -1    152    142    178    304    573    598    -33     -6    -10     -9    208    193    416    483 
   488    457    458    534    570    264    241     38    -11     -6    -13     25    111     17     37    -12 
    60     -1     22      0    -33    -38    -73    -41    -43    -27    -68    -35    -24    -45    -25    -19 
   -71    -76    -90    -47    -36    -47    -13     34    -32    -19    -21    447    227    -61    -73    -96 
   -38    -57    -72    -77    -29    -63    -35    -38    335    433      0    -88    -83    -34     -1     -5 
   -45     -3    -54     95    131    393    576     58    -40    -81     27    161     71    -37    -20    -25 
   -76    -78    -21    366    422    270    -19    -15    349    -12    -52    -41    -39    -73   -116    -65 
    -1    533    247    -13    -40     58    -23   -134   -130    -10   -135   -151    -36    587    280    -21 
   -67   -152    -63    -90   -136   -110    -54   -156   -208   -199    -54    -32    -80    -96    -85    -76 
   -83    -65    -76    -82   -103   -101   -109    -69    -18    -70    -68    -49    -52    -15    -22    -35 
   -23      9    -26     48    -93    -42    -72    -81    -29    -29    -25    -46    -52    -34     -6    -14 
   -55    -57    -46    -54    -58    -27     -2    174    121    -25    -41     -5     -7    -13     -5     -4 
    -3     -7    225    605    774    784    623    510    574    556    551    589    422    408    118    -14 
   -45    -44    -24    -47    -65    -79    -32    -37    -15    -21    -14    179    -86   -146   -109    -76 
  -106   -104   -122    -70   -103    -58    -61    -76    -41    -58   -107    -84    -86    -78   -108    -97 
   -51    -43    -17    -24    -48    -36    -39    -80    -60    -67    -16    -62    -49    -29     -4    147 
   -14    -21    -20    -53   -129    -90   -110   -111    -66    -41    154    -43    -73    -61    -71    -37 
   -42    -42    -43   -104    -67    -29      1      4     99    512    563     -1    178     -3    -38    -50 
  -122    -67    -19    -99   -159    -95    -75    339    371    143    109    296    -13    -32    -57    272 
    -4    -72    -32      0    132    120    436     50    -21    -39    -37    -55    -56    -39    -84    -70 
   -86      6    -27    -14     75    -23    -42    -55      0    -26    -25    -43      0    -72     24    -37 
   -10     86    -27    -16     -5    -26    -28    -13    116    238    -14    162    176     -1    -30    -43 
   -37    -36    -41    -36    -36     33     -1      0    -11    -19     -5    -26    -32    -38    -38    -33 
   -58    -72    -65    -58    -51    -45    -44    -20    -20     -7    -21    -45    -41    -30    -39    -41 
   -87    -73   -102   -104    -78     -8    252    -18    -65    -86    -79    -54    -82   -105   -107   -125 
  -101    -71    -14     -7    -46    -60    -99    -82    -49    -95    -77    -62    -94   -100    -67    -32 
   -35   -118    -92   -107    -96    -70   -126   -101    -56    -88   -130    -98    -54    -61   -148   -146 
  -126   -124   -134   -146   -156   -102   -139   -102    -78    -77   -116   -156   -186   -152   -107    -33 
   -82   -108    -76   -114   -127    -88    -83   -121   -171   -149   -104    -66    -57    354    -50   -152 
  -157   -154   -100   -102    -76   -170   -131    -73    -69   -106   -101   -181   -240   -228   -192   -124 
  -131   -158   -170   -124    -93    -91    -70    -87   -134   -159   -146   -138    -96    -89   -139   -102 
   -98    -57    -50    -35   -110   -106   -123   -123    -55    -79    -40    -69    -91    -91    -82    -86 
   -84   -116    -95    -99    -65    -51    -86    -42    -57    -70    -73    -75    -89    -83    -82    -58 
   -56    -34    -30    -55    -16    -20    -23    -26    -28    -23    -10    -13    -10    -23    -14    -25 
   -27    -54    -49    -21    -28    -48    -50    -61    -42    -20    -22    -53    -69    -60    -53    -14 
   -38    -40    -63    -59    -98    -70     30    -25    -57    -19    -25    -40    -54    -63    -45    -36 
   -58   -105   -118    -29    -41    -49     -7    -21    -67    -96    -61    -20    -54    -46    -51    -95 
   -59    -68     33     53     88    -76    -84    -72    -82    -92    -94    -26    -27    -53   -113    -51 
    90    -10    -88   -103    -84   -101    -65    -92    -92   -151   -175   -172   -126    -24     -7    -72 
   -40    -29    -41    -51    -52    -40   -147   -174   -206    -49    235     -6   -153   -118   -179   -147 
  -100    -97   -189   -203   -218   -244   -146    -60    -51    -92    -49    -63    -81    -84    -69   -141 
  -166   -241   -150   -122   -123    -74    -45    378    373     88    -19    -29    -56    -53   -119    -88 
  -100    -66    -51    -26    384    407    290    346    281    164    -18    -19    -62    -73    -52    -39 
    78    544    590    223    160     -2     -6    -35    -25    -16    -18    -23    -38    -47     -9     -8 
   -11    -30    -39    -41    -71    -66    -59    -72    -42    -65    -53    -65    -41    -56    -68    -74 
   -55    -64    -64    -50   -101    -78    -78   -137   -122    -65    -58    -47   -107    -90    -73   -105 
   -66    -58    -62    -69    -75   -155   -124    -91    -80    -70   -109   -103   -139   -120    -87   -117 
  -114    -91   -118   -118    -65    -24    -30    -90    -88   -132   -114   -113   -193   -131    -75   -160 
  -131   -178   -168   -117   -113   -164   -207   -165   -124   -152   -149    -25    -69    -28    -66     -2 
    -7    -30    -87    -95    128    701    -21    -42    -77     52    -27    -50    915    907    -40    -99 
   -75    223    662    -22    -52     38    994     96     20    504    617     -9    -22   -109    -14    -42 
   -74    -40    211    659      5    618    827    454    -30    -88    -60    -61   -111    -77    -25    -27 
   -28     -9    188    100    187     63    -34    238    171    -36     71    -42    -26    -21     -5    -21 
   -40    -62    -36    -32     -5     96    197    -18    -39    -41    -50    -55    -49    -14    -24    -29 
   -40    -30    -33     -5    -28    -56    -17     64    195    278    388    282     92      0     12     -2 
   196     -1    -16    424     89      0     97    271    311      0    -27    -82    124    432    274    338 
   592    308    212     -2    251    486     -7    456    -55    -10    -19    -77    -41    511     37    175 
   -29    -47    293     27    533    -50    -36    -23    -54     -3    621    374    269    -10    -62     -2 
   -45    -48    -68    -70    -51    -48    -12    460     62    133    146    -96    -48    -38     -7     42 
   -16    -43    -24    184    602     49    208    -20    -64    -39    108    349    428    530    383    196 
   290    338    -15     86     -8    205    -28    -20    126    257     -7    234    -38    117    -12    -84 
    65    -15    -41    -48     -9    -29    -15    -40    -77    -62    -35    -60   -119    -39    -33    -56 
   -76    -40    -32    -74   -134   -142    -92    -58    -53   -124    -98    -60    -59    -74    -65    -80 
  -113   -187   -170    -91    -21    -23    -71    -55    -54    -43    -44    -56    -59    -92   -105    -82 
   -35     -8    -11    -53    -35    -43    -51    -47    -50    -60    -71    -70    -31    -18     -8    -12 
   -45    -49    -60    -69    -75    -75    -56    -71    -71    -44    -51     -1   -174   -158   -104   -108 
  -124    -83    -42    -83   -105   -130   -121   -142   -142   -201   -211   -155   -128   -150   -136   -106 
  -114   -127   -151   -142   -109   -110   -136   -165   -109    -99   -145   -118    -82    -97   -142   -159 
  -153   -165   -213   -147   -175    -92   -128   -170   -140   -147   -236   -188   -209   -206   -170   -164 
  -216   -247   -204   -247   -267   -155   -104   -140    -96   -165   -157   -153   -122   -296   -239   -292 
  -359   -339   -275   -254   -169   -213   -260   -183   -190   -130   -222   -267   -384   -306   -261   -321 
  -238   -226   -314   -397   -305   -299   -165   -237   -265   -303   -260   -152   -271   -128   -260   -329 
  -299   -233   -220   -113   -194   -188   -214   -139    -90   -183    -82    -74   -226   -143   -149   -165 
  -119    -66    -86   -103    -91    -74    -54    -76    -37   -136    -98   -125    -67    -48    -89    -31 
   -14      0    214    203    -21     12    -42    -65    -66     -6    -21    -70     54      0    278    624 
   509     98     -2     -8    -20    -16    -25    -49    -42    127    196     92     75    202    245     35 
   -11    -33    -31    -11    -15    -88   -116    -76    -63    -65    -81    -85    -69    -55    -52    -38 
   -28    -20    -87   -151   -115   -126    -91   -112   -174   -161   -113   -148   -108    -76    -65   -107 
  -199   -162   -131   -125   -152   -180   -155   -174   -138    -98    -71    -55    -96   -165   -124   -191 
  -164   -189   -170   -217   -211   -138   -110   -118    -74    -93   -140   -171   -212   -173   -212   -159 
  -185   -143    -52    -91    -77    -12   -170   -254   -197   -263   -258   -267   -292   -369   -351   -270 
  -180   -218    -72   -148   -221   -264   -272   -237   -286   -331   -373   -361   -237   -157   -243   -131 
  -115   -234   -210   -210   -221   -322   -379   -437   -371   -261   -186   -205   -136    -75   -201   -140 
  -109   -144   -192   -246   -284   -289   -272   -277   -138    -85     54   -101   -105    -79   -116   -146 
  -162   -205   -142   -180   -177   -113    -95    -35    -79    -72    -41    -79    -75    -78   -105    -88 
  -121   -115   -102    -59    -28    -58    -65    -44    -45    -56    -61    -67    -66    -77    -84    -63 
   -41     -9    -35    -35    -19     -9    -20    -37    -30    -20    -11     -7    -18     24     -3     -2 
   -30    -21     92     -8    -21    -12    225    -12    -48     57     -9    270    277    -12    -14     77 
   -19    189     64    282    111    -33    501     87    192    426    -41    -26     23    -30    113     42 
   -25    -20    -33    359    124     87    412    -24    -14     -2     -6     -4    255    137    -11    -31 
   134     -2     58    260    -35     -9     -4    -22     78    215     49    -24    -16    203    152    372 
   584     -5    184    -29      6    -36    -11    -18    -62     -9     49    339    289   1057    332    608 
   680    921    427    915    771    -15    286    283     62    437    766    241    128     98    369    -11 
   -38    -43    -66    152    493    146    124     93    -25    -20    -41    -12    -39    -22     90    -53 
   106    643     19     26    229    -39    -33    -42    -42    -37    -19    387    -81     -9    746    -11 
     7    110    -31    -28    -27    -36    -34    -34     -8    -70    -17    383     -9    313    435    -30 
   -36    -33    -42    -49    -52    -45    -49    -38    297     40    -13     37    -47    -51    -45    -56 
   -57    -63    -51    -59    -51     54    -24    221    342    485    138    146    420    144    375    104 
   336     85    205     55    684   1014    546    245    274    181     -3     90    430     -5    -33    -21 
   -15    123    170    154    277    142    128    191    -19    -20    -42    -66    -57    -25    112     -5 
   -11    725    436    325    553    -66    -21    512    189    195    439    353    838    -22    411    659 
   907    -13    -43     -1    858    412    296    415    -39    511      9    353    701    151    -77    -80 
  -107    -13    -70    -23    165   -183    -71    -78     -6    -29   -160   -145   -146   -212   -303   -269 
  -148    -60   -177   -225   -140   -117   -107   -175   -186    -95   -266   -369   -337   -206    -91   -147 
  -283   -252   -187   -138   -125   -128    -93   -232   -235   -317   -209    -86    -68   -124   -146   -126 
   -77    -40    -11      8     -6    507    -62    122    172    -32    -48    -49    -52    -37    -28    -12 
   309    594    489    -30    136     62    -38    -76    -72   -101    -97    -80    -55    -36    -27    -37 
   -53    -40    -17    -19    -31    -33    -39    -47    -43    -43    -35    -37    -33    -43    -49    -35 
   -42    -37     -7     95    563    211     -5    -37    -62    -62    -73    -73    -57    -21    -15    155 
   430    677    970    929    139    -27    -38    102    -24    -46     82    377    265     -9    -15    -21 
    -9    363     -5     84    346    394     74    -21    -57     78    113    445    635     60    -69    -35 
   -32    -20      7    -32    -48   -108    -81   -113   -103   -106    -97   -170   -113   -106    -98   -108 
   -94    -40    -62    -94   -101   -131   -139   -175   -168   -183   -127    -53    -83    -26   -149    -50 
   -13    -56   -101   -134   -242   -172   -199   -133   -109   -107    -43   -138    -33    -15     -3    -40 
   -32    -27   -122   -133    -61    -76    -92    -30    262    636    295    370    295    546    335    599 
  1058   1272    837    855    280    -32    365    612    306     -9    369    272    442   1054    924   1065 
  1012    164    -61    -58    -38    -74    -61    -40    -42    -53    -12    -37    -33    -58    -75    -81 
   -63    -57    -59    -54    -49    -56    -71    -62    -58    -61    -60    -69    -64    -75    -59    -59 
   -54    -61    -71    -62    -54    -59    -45    -79    -92     -5     -1    -18     -3    155     14     -4 
    28     -5    -12    -26     40    -10    132    222    171     -2    438    146    426     -5    989    107 
   -25     41    -13    159    -27      6    136    148     -1   1017    -30    -17    -42    -24    -21    -18 
    -6    315     -4     -4    -20    -18    394   1444     21    -15    -16    228    -14     -1    197     25 
   354    -12    871    -27     80    100     18    -21     92    178    -13     -7     21     -6    -43    -55 
   478    -37    -19    505    216     41     -5    -33    -15    -91    -60    -18    638    371   1990   1149 
   536    400    -40    -11    -28    889    -26    -19    -17    864    -24    -53    -86    249    290    -38 
   -24     -7    571    219    116    -17    -26     -4     80    789     45    295    696    110     -4    -26 
   202    473     -4    -16    108    163   1150    -53    276    875    -13    -17     -6    -13    -12    -13 
    -1     32    107      6     94    -30    -17    -18     50    -16    -20    -18    101     -9     31     40 
    17     -1    -17    192     13     -9    106    -26     71    132     -3    -15    -14     44     38    -20 
   452    -13   -125   -132   -132    -82    -97   -119   -160   -156   -152   -118    -93   -125   -133   -139 
  -173   -177    -80   -126   -110   -130    -95   -109    -80    -72    -73    -88   -113   -160   -175   -138 
  -124   -122   -138   -110   -110    -40    -60    -41    -39    -78   -131   -138   -136    -88    -73   -114 
  -118   -150    -82    -49    -22    -73    -82   -139   -170   -150   -159   -126   -211   -206   -220   -200 
  -129   -101   -110    -62   -140   -150   -168   -233   -205   -268   -252   -248   -267   -119    -85    -58 
   -86   -143   -155   -140   -175   -104   -124   -112   -148   -170   -124    -23    150   -171   -141    -97 
  -125   -151   -156   -116    -97    -70   -145   -171    -71     -7    -55    -57     54    642    136     -1 
   -12    -54    -32   -144   -128   -120    -33    361    555    643    837    224    311     70    -25    -88 
  -143    -62    -65    -45    -13     36     64    -20    -33    -16    -36    -29    -40    -88    -32    -23 
   -52    -59    -33    -32    -39    -50    -35    -36    -38    -11    -23     15     -2    -33    -58    -33 
   -29    -19    -30    -38    -34    -51    -29    -14     -4    -10    -34    -95    -84    -50    -44    -38 
   -90   -116   -114   -134   -112   -135   -126   -109    -89   -117    -95    -68    -49    -80   -160   -162 
  -175   -159    -25    243    -14    -84   -157   -118    -69    -93    -72   -130    -79   -114    -80    -15 
   -25    -63    -55   -107    -85   -103    -74    -35    -51   -100    -82    -85   -105    -48   -118    -76 
  -142   -128    -84    -74   -109   -114   -101    -99   -155   -158    -44    -78   -153   -205   -242   -169 
  -257   -284   -329   -246   -265   -307   -282   -155    -85   -100   -173   -268   -188   -249   -295   -316 
  -223   -413   -401   -402   -266   -138   -185   -175   -208   -167   -186   -159   -232   -215   -323   -354 
  -382   -270   -129   -142   -116   -170   -143   -171   -105   -181   -169   -216   -262   -310   -176   -144 
   -83    -41    -82    -96   -104    -99   -164   -122    -82   -140   -123   -131   -144    -37    105    -33 
   -17    -12    -16    -57    -73    -64   -109   -102    -94   -114    -70    -45    -47    -57    -49    -40 
   -65    -82   -113   -117   -125    -97   -110   -106    -91    -79    -73    -68    -49    -50    -87   -108 
  -108   -103    -96    -89    -43   -172   -135    -58    -87    -93    -85    -80    -43    -64    -24    -18 
    48    -62   -135   -171    -26    -16    -48    -56    -64    228    -55    -29    440    410   -115   -142 
  -146    -34    -37    328     -4   -114    -61   -163    -96    -80    -39   -115   -150   -152    -78   -126 
   -64   -101   -127   -127   -161    -83    -39    -45    -83    281   -157   -107   -103    -40    -42    256 
   -28    -74    -81    -77    -99    -29   1684    -26    154    171    -24    265    -22    369    791    831 
   -63   -135    -32    -34    -60    -42    -31   -155    -91   -230   -202   -170    -35    -38    -35    189 
  -237    -67    -22    -10   -118   -127    333    -44   -171   -202    -52    -29    -91   -207   -144   -143 
   -47    -50    -37   -168   -274   -160   -202   -213    -77    -17    -50   -109   -180   -147   -143   -141 
  -258   -337   -114   -152   -260   -140    -66   -108   -104   -129   -144   -146   -163   -173   -188    -97 
  -111   -170   -115    -45    -96    -69    -46    -65    -80    -63    -32    -70    -42    -83    -72    -36 
   -26    115    183    419    188     -1    215    309    430    365      3    -34    -40     -8     24    246 
    -3     52    182    563    150    -79    -30     76    -50    -56    -16    -12    246    -12     54    188 
   352    320    189    -11    -26    -82    -86    259     -6    419    296    432    891    352    199    117 
   -36     -6    -18    -54    140    -15    119    164    121   1152    962    435    188    132    593    171 
   -52     97    -71    -42    -52    -27     68    -11     -5    -38    -55     -7     -2    -55    -23   -130 
   -37    -48    -67   -117   -145   -133   -138   -169    -42    607    -34   -102   -163    -76    -89   -165 
  -200   -218   -213   -205   -190    -99     75    -25   -102   -160   -103   -120   -176   -181   -266   -299 
  -358   -273   -220   -153    -68   -133   -156   -135    -35   -111   -109   -167   -209   -318   -301   -250 
  -255   -116    -72    -96   -126    -39    -42    -57    -91   -144   -187   -221   -213   -173    -99    -31 
   -28    -55    -46    -37    -49    -38    -66    -91   -125   -126    -99    -70    -39    -77    -88    -77 
   -82    -81    -68    -80    -89   -101    -98   -102    -83    -68    -92    -97    -79    -76    -85    -73 
   -79   -102    -97   -110   -101    -84    473    -27    -27    157    808    469    -32    -61   -103    -42 
   -52    -91    -57    403    -91   -121    -70    -33    -12    -70   -153   -159   -115    -95    -37     83 
    27   -148   -169   -187   -140    -68    -95   -152   -176   -142     21    182    252    399   -111   -105 
  -188   -210    -78     -6    -50    -66   -151   -111    -51    -81    496    -72    -85   -161   -162    -74 
    -5     -2    -61    -48   -126    -73    -91     67   -197   -286   -312   -261   -242   -189   -316   -205 
  -167   -104    -45    -64    -60   -317   -295   -275   -283   -480   -518   -578   -415   -346   -238   -125 
    45   -249   -553   -392   -271   -422   -535   -546   -387   -342   -304   -290   -167    -68   -225   -426 
  -331   -273   -294   -309   -241   -225   -241   -336   -345   -218    -86    254   -119   -114   -114    -82 
  -132    -91   -192   -262   -375   -330   -225   -112    -49   -106    -86    -66    -57    -75    -70   -109 
  -192   -186   -148   -125    -40    -82   -124   -116   -114   -114   -147   -133   -150   -106   -112   -114 
  -120    -83    -90   -129   -129   -116   -125   -154   -167   -143   -125   -119    -99   -136    -97    -27 
   -15     45     -7      8    332    -11    -37    -49    -25    -39    -39     56    -17    -33    -30    -49 
   -30    -28    -58    -33   -104    -44    -30    -51    -14    -43    -33    -45   -105    -31    -42    -51 
   -59    -81    -42    -48    -78    -30    -54    -71    -36   -106    -19    -12     12   -115    -89    -74 
   -58    -99    -18    -35    -27    100    -35    233    -19    286    -33    -22    -43    -27    -60    -45 
   -65    -38    -36    201     83     73    -29    812    601    -66   -103    -85    -85    -69   -100    -59 
   -33    -16    -68    -32    -19   -107   -178   -207   -123    -39    -53    -62    -43    270     13   -100 
   -31     41    -82   -143   -163   -133    -39    -39    -79    -82    -44     38    -30    -25    -48   -152 
  -176   -122    -77    -49     -6     -9    -34    -67    -43    -30    -36    -52    -76    247    128     -8 
    19     -9      3    -20    -34    -20    -37    -37    -52    -26     29    160    218     -4    -34    -23 
   -32    -33    -33    -29    -16    -49    -43    -60    -60    -27    -23     -6     -7    -22    -32    -31 
   -17     -9    -28    -26    -35    -22    -28     -5    -49    -89   -103    -72    -89    -85    -80    -67 
  -104    -49    -86    -90    -73   -101   -161   -164   -122   -163   -123   -138   -121   -136   -133   -129 
  -125    -94    -91   -135   -125   -119   -110    -99   -125   -118   -148   -172   -110   -133   -133    -84 
  -167   -160   -126   -123   -107   -158   -106   -165   -192   -122   -119   -132    -81   -108    -71    -56 
   -70    -24    -84    -11    -23    -50    -30    -58    -69    -77    -90   -104    -96   -127    -84   -160 
  -218   -254   -233   -183   -156   -108   -119    -89   -131   -138   -153   -164   -162   -133   -107   -284 
  -216   -181   -114    -57   -176    -89    -61    -58    -52    -73    -20    -14   -190    -84    -83    -36 
   329    185    -23    -35    -13    -20    -52    -57    -23    -23    532    -48    -20     94    -32    -16 
    -9    -46    -67    -60    -55    479    664    691     68    785    -11     43    113     -1     -8    -13 
   -22    -34     52    300     -5    -16    172    -22    -25    -36    -23    -53    -81    -83    -89   -111 
  -111    -79    -71    -70    -42    -65    -41    -33    -60    -65    -63    -46    -52    -65    -31    -46 
   -50    -14    -20    -34    -50    -16     -8    -37     -4    -26    -35    -66    -40    -28     -8    -79 
   -78    -74    -77    -27    -24    171    213    -14    -93   -119    -94     -9    -87    -63    -60    -86 
    -9    -29    -61    -18    -47   -118   -129    -65    -20    -76    -87    -56    -61     -7    -38    -58 
   -51    -42    -55   -107    -33    -71   -107   -151   -111    -84    -91   -111   -125   -133    -71    -77 
   -99    -87   -104   -171   -196   -226   -210   -182   -217   -206   -163   -122    -56    -66    -83    -72 
  -178   -194   -219   -235   -206   -209   -177   -183   -126     -9    -67    -67   -164   -228   -187   -210 
  -229   -241   -346   -260   -191   -165   -103   -104    -15   -180   -193   -195   -118   -110   -128   -185 
  -149   -146   -133   -185   -135    -34    -94   -114    -82    -49    -73    -80   -109   -107    -99   -153 
  -166   -107   -118    -87   -111    -67    -69   -101   -100    -87   -137   -133   -144   -129   -116   -113 
   -62    -92    -58    -65    -50    -40    -19     12    -20    -40    -57    -66    -63    -64    -58    -36 
   -27    -16    -29    -16     -6     49    -18    -30    -51    -51    -49    -42    -45    -70   -118    -74 
   -43   -107   -128   -161   -181   -155   -112    -87   -136   -140   -217   -212   -204   -169   -180   -270 
  -242   -225   -157    -95    -73   -167   -147   -200   -168   -204   -228   -224   -250   -155   -157   -137 
  -136    -83   -216   -228   -250   -195   -279   -261   -235    -59    -40   -114   -146   -158   -103   -161 
  -234   -184   -164   -266   -252   -223   -170   -230   -214   -188   -146   -269   -306   -370   -392   -383 
  -329   -392   -406   -358   -276   -311   -278   -153   -288   -193   -303   -311   -237   -124   -158    -15 
   398    -57    -65   -160    -76   -193    -35   -116   -162    -53   -100   -201   -250   -155   -102     28 
   -74    127   -123   -116   -131   -129    -78    -35    -72   -117   -133     26    -23    -31    -25    162 
   373    719    191    327    213    -56    -70    -80    -63   -113    -82    -77    185    310    318    350 
   271    303    -25   -120   -173   -170   -126    -90    -92    627     89    -30    -55    -23    -39    -50 
   -64    -74    -77    -89    -75    -82    -44    -61    -35    -49    -12    -43    -59    -76    -25    -22 
   -16    -15    -43    -24      0     -1      5     23     73    -14     -2    -25    -42    -68    -93    -78 
    14     -3    -23    -10     -1     17     67    -43   -112    -58    -57    -57    -35    326    304    184 
   129     -1     64    -10    -58   -123    -57    -40    -40    -41    192    433    273    125     90     -5 
   -49   -100    -57    182    286     19    -22     24    -46    -12    -31    -40   -145   -120   -139    -94 
   -24    -36    -82    -81     -3    -98    -29    -50    -87   -144   -109   -102   -104    -49    120    188 
   -30     -6   -167    -61    -69   -109   -133    -93   -146   -101    -70    -74    661    545    -35   -200 
   -74    -80    -64    -78    -24   -122    -49   -206   -302    142      0    169   -133     -1    -30     46 
   -22    857    529   2215    652    -16   1403    659     31    -81    -43    -46    -56    -35     -9    416 
   766    621    824    598    585    -27    -45    -53    -44    -50    -53    -45    -15    -49    -46     75 
   -31     -4    -43    -60    -63    -64    -58    -92    -69    -70    -91    -80    -61    -66    -45    -40 
   -68    -69    -67    -81    -95    -98    -83    -87    -66    -56    -61    -40    421      0    387    556 
   112    176     -1     -3    -55    -37    -29    -46    -55    377    -15    243    426    -22    -37    -13 
   144    -23     -7    -28    -60    -81    -14     -3    235    415    -47    -63    -22    449    -38    -71 
   -85   -103    -84    -26    -22    -41    -14    -24     26    -67    -30     -5    -47     15    -48    -40 
     5    -42    -56    -54    -60    -58   -116   -138   -114   -176   -131   -153   -130     92   -101    -71 
   -99   -114   -168   -146   -181   -189   -221   -152   -131   -104    -95   -162    -87    -35   -163   -208 
  -334   -386   -250   -324   -268   -178    -58    -32   -150    -81    147    -68    -85    -68   -132   -202 
  -253   -293   -138      8    822    -71    -49    669    799    718    822     -8    -91   -138   -135   -128 
   -33    983    399    238    194    277      9     -9   -165   -174   -105    -54    -41    -15    281    124 
   224    353    496    387    575    372    -24     -3     -8    105     48    235    509    535    594    594 
   487    506    677    517    513    687    489    105    267    477    612    539    553    720    769    988 
   910    919   1060    630    132   -101    -91    -96    -85   -107   -167   -152    -91    -99   -128   -153 
  -164   -139    -38    -79    -50    -71    -91   -113    -67    -75   -176   -185   -136   -110    -96    -80 
   -75    -41    -68    262     -5    -80    -27   -119    -55    185    -27    -87    -14    -90    -18    -63 
   -63    -35   -103     -6     93    -16    -70   -122   -125    -52   -124    -61    -52    -55    -85    -73 
   -69    -53    -41    -40   -105    -97    -83    -68    155    -29     -8    -31    -59    -67    178    -33 
   -26    -37    -68    -82    -16    491    -24   -124   -137   -222   -303   -213   -141    -89    -41    -30 
  -145   -170    -56   -167   -185   -184   -265   -246   -165   -284   -208   -124   -105    -65   -134    -70 
   -93   -128   -163   -134    -21    -59   -151   -143    -89    -69   -126   -228   -166   -120   -107   -150 
  -134    -94   -201   -215   -237   -100    -26    -79   -120   -156   -121    -97    -54    -72    -83   -129 
  -130   -166   -125    -85    -73   -118   -144   -129    -96    -77    -92    -91   -117   -107   -102   -107 
   -98    -33    -56    -44    -46    -40    -65    -65    -63    -88    -73    -35    -46    -78    -33   1195 
  1193    416    444    322    307    270     -3     -2    -42    -82   -107    -14   1066   1585    758    932 
  1062   1234   1389    797    466    -27   -122   -136     46   1503   1661    769   1042    606    349     23 
   589    269    207    -44    -85     40   1064   1363   1040   1255    302    425    -53    393   1405   1054 
    52    -68     31    807    672    481    265    389    186     -9    410    707    376     -6    -73    -33 
   -11    -51    -72    -42    -51   -139   -186   -163   -209   -150    -86    -90   -160   -199   -194   -247 
  -138   -127     -9    -34    -19   -212   -228   -181   -173   -186   -343   -287   -302   -246   -257    -36 
   -26    222    -48   -153   -211   -207   -204   -308   -283   -299   -229   -250   -163   -167   -136     -4 
   -66   -208   -171   -237   -275   -279   -264   -227   -197   -166   -126    -74    357    -93   -190   -194 
  -214   -212   -176   -147   -148   -141   -168   -141   -107    -84   -170   -159   -180   -172   -193   -157 
  -156   -142   -132   -101    -98   -123   -123   -150   -160   -152   -166   -164   -165   -160   -157   -134 
  -120   -132   -138   -144   -155   -164   -152    -31    -56    -54    -27    -17    -38    -52    -36    -12 
    -8    -16     -3    -17   -108   -140    -99    -88   -110   -138   -112    -46    -70    -72    -91    -41 
   -23    -99   -151   -146   -173   -198   -219   -150    -81   -109    -60    -27    -10    -46    -85   -178 
  -134   -162   -141   -145    -65    -42    -67    -87    -41    -52    -82   -131   -203   -151   -144   -131 
  -162   -139   -145   -153   -225   -138   -128    -97   -136   -181   -195   -256   -248   -217   -306   -368 
  -333   -265   -188   -166   -135   -178   -171   -255   -299   -313   -211   -247   -264   -338   -245   -209 
  -212   -134   -113   -130   -192   -190   -232   -183   -197   -259   -264   -254   -192   -229    -99    -26 
   -11    -64    -64   -126   -146   -124   -136   -185   -311   -149    -53     -6     75    326    109     -1 
   -46    -26    -28    -60    -58   -127    -62    485     -2    225    729    195    202     62    179    101 
   -35    -12    -56    -41    213    -19     -5    341     62     15    230    205    126    217    107    264 
   328    413      4    203    141     -6     -7    134    150    168    207    184    462    471    397    174 
   -12    -21    -25    -43    -29     -6    120    -21    -18     83      0    -27    -36    -12      0    205 
   -43    -39     64    588    234     17    154    215    106     -8    -13    143    400    -15    -14    -11 
   364     52    565    417    402    294     26    -15    157    227    -47   -111    -84     14     -8    -18 
   -37    -15     58    -31    -11    688    829    379    -56     39    -10    461    250    -55    -39     10 
    -9    -29    104    -10    -43    -48    -27    -87    -79    -37   -146    -68    -44    -30    -89    -44 
   -77    -97    -56   -101   -163   -188   -103    -75    -68    -60    -43    -63    -44    -27    -46    -80 
  -125   -165    -64     -7     71    293     -4    192    -17     26     -4    170    -42    -62    -21    166 
   -49    318    758    -66     -5      0    -24    -41    -39    -15    -40    -33    -41    -85    -81    -53 
  -119    -81    -22    -51    -46    -18      2     -5    -31    -64    -77    -91    -88    -81    -47    -18 
   -15    -10     43     -2     11    -14    -27    -32    -41    -33    -17    -41    -41    -32    -30    -25 
   -35    -30    -26    -29    -35    -24    -33    -14    -39    -24    193    751    473    -18    -11    205 
    -3    -63    -82    -68    -50    -67    -31    -61    193    658     54    -46    -86    -82   -187    -88 
   -10    927     60    -70    -71    -12    556    -16    -55    -47    -11     74     18    497   1198     -2 
   -70    -92    -41    816    -31    -26    -44     87     -4    -77    -17   1212    669    -47    -35    -60 
   426    -35     82    484    407    -20   -133   -126    393    -11    -66   -154   -157    -97   -201   -163 
  -129    -49   -135   -258   -301    -33    -68   -163   -231   -201   -226   -360   -380   -295   -234   -175 
  -312   -281   -117   -107    -65    -88    -54    -50   -142   -214   -254   -272   -188   -330   -350   -160 
  -111   -161   -171   -128   -118   -105   -106   -159   -186   -152   -251   -333   -302   -121   -109    -74 
  -109   -120    -63    -65   -155   -152   -113   -147   -216   -227   -111    -77    -44    -19    -34    -32 
   -43    -84    -74    -93   -137   -112   -125   -107    -26    -34    -55    -73    -94    -56    -68    -73 
  -103   -112    -98   -104   -102    -44     56      5    -30    -60    -46    -38    -54    -98    -91    -64 
   -59    -97    -24    -35    -20    -25    -77    -64    -28     -5    -72    -34    -20    -31    -28    -54 
  -101    -75    -53    -66    -30    -35    -87    -81    -46    -42    -58    -35    -47   -138   -112   -105 
  -104    -84    -76   -116    -57     -3    -13    -42    -51    -73   -164   -138   -112   -102   -104    -19 
    -8     -7    -26     79    -81    -71    -73   -175   -140   -107    -83   -152    -93    -31    -36    -58 
   257     36    -18   -165   -162   -149   -163   -173   -161   -204   -151   -194   -104    195     92     -6 
  -125    -74   -105    -93    -63    -94   -217   -180   -232   -152    -86    -79    -39   -116     67    -27 
   -21    -31    -80   -206   -242   -236   -147    -71    -34    327    -88   -102    -42     -5    -78    -65 
  -102    -80    -64    -10    -51    -15    465   -108   -139    -42    -23    -20    -42    -33    -75    -95 
   -67    -94    -85     80    -56    -75    -44    -21    -17    -28    -41   -100   -100   -100    -88   -102 
   -55    -51    -85    -60    -63    -63    -92    -95   -104    -96    -62    -73    -72    -48    -47    -74 
   -73    -61    -62    -83    -80    -67    -70    -56    -44    -53    -25   -103    -93   -102    -92    -91 
   -83   -101   -109   -115   -113   -180   -160   -108   -130   -124   -150   -108   -106    -82   -106   -138 
  -136   -132   -121    -96    -11    -97   -164   -170   -152   -125   -117   -123   -155   -145   -135   -140 
  -146    -62    -75   -129   -196   -151   -129    -45   -169   -168   -157    -82   -112   -157    -75    -64 
  -140   -167   -159   -126   -113   -141   -168   -148   -105   -112   -158    -92   -115   -251   -273   -269 
  -309   -343   -251   -213   -201   -219   -249   -178   -102   -180   -300   -321   -354   -381   -373   -386 
  -257   -193   -171   -284   -190   -121   -153   -162   -146   -102   -170   -201   -191   -195   -184   -115 
  -161    -71    -58    -23     -3     -9    689    325     53    373    216    -34    -89    -25     -9    -58 
    -4    390    526    686    350    453    269    259    -47    -75    264    -36    -17    -12     -7     53 
    -4     -1    258    124     61    -45    -17    -19     -5     -3     -5     81     43    212    229    530 
   237    254    215    257    223    315    245     48    226    364    426    330    401    175    339    394 
   287    206    155    257   -132    -67    -10     26    -12    -19    -19    -23    -78   -133   -168   -247 
  -188   -178    -75    438    -40     -9   -104    -41    -47   -280   -304   -254   -248   -131   -132    -87 
    -3    -87   -171   -232   -188    -76   -281   -248   -120   -134   -101   -178    -91    -77    -53   -105 
  -175   -143    -62   -176   -212    -23    -99   -171   -168   -218   -111   -109   -154   -165   -249   -178 
   -87   -141    -79   -107   -179    -27   -284   -147   -325   -397   -269   -169   -216   -183   -223   -244 
  -195   -261   -155   -264    -68   -329   -277   -260   -428   -456   -285   -337   -279   -113   -114   -270 
  -221   -141   -318   -221   -120   -400   -257   -246   -234   -299   -135    -27   -194   -107   -190   -128 
   -37    394   -114   -216   -215   -226   -167   -264   -134    157    456    -52   -118    -73     -8    236 
    -4    -58    -23    -37   -126    -45    -30     -6    -31    -56    -27    -18    272    177    -83    236 
   -15    -73    -32    -57    -33    -16     52     18    -78    -66    -46    -62    -59    -29    -74    -74 
  -102    -79    -67   -102   -161   -153   -115   -131    -85   -107    -73    -89    -96    -98   -134   -125 
  -111   -142   -152   -143   -103    -57    -90    -57    -45    -80    -95   -145   -107   -101   -132   -157 
  -120   -123   -132   -167    -91    -82   -119   -114   -129    -98    -89   -110   -149   -147   -102   -136 
  -156   -105   -149   -174   -125   -109   -128    -67    -64    -77    -60    -32    -51    -94   -101   -164 
  -151    -99    -76    -47    -58     -8    -87   -139   -115    -85    -62    -75   -128   -108    -24    -23 
   -67   -119    -54    -78   -171   -149    -96    -45   -114   -135   -122    -73   -104   -124    -84    -48 
   -16   -175    -99    -59    -80    -47    -69   -115     73    912     70    -10    293    163     42    -43 
   -30    122    -23    -52   -142    343    940   1057    961   1608   1079    926    780    478    516    -12 
   -58    -58     -4    747    750    814    363    234     -6    -37    -54    -57    -29    -92    -64    -77 
   -42    -63    -85    -80    -48    -31    -33    -45    -22    -28   -104   -119    -83    -52    -32    -44 
   -35    -11     91    -18    -46    -56    -47    -73    -75    -75    -71    -68    -66    -44    -29    -47 
   -60    -64    -54    -60    -49    -62   -143   -198   -148   -168   -180   -166   -156    -96   -134   -141 
  -151   -127   -111   -132   -255   -171   -157   -234   -213   -168    -87   -144   -152   -230   -180   -124 
  -121   -219   -184   -179   -248   -215   -186   -186   -203   -155   -170   -189   -140   -113   -161   -193 
  -197   -246   -275   -226   -335   -263   -155   -126   -185   -169   -123   -165   -212   -210   -314   -326 
  -277   -309   -256   -284   -230   -198   -160   -127   -208   -209   -173   -199   -174   -142    -95   -104 
  -173   -173   -147   -137   -153   -250   -167   -143   -165   -192    -80     -8    -64   -172   -265   -132 
  -132   -151   -237   -138    -88   -125   -265   -182   -112   -170   -184   -310   -174    -73   -127   -198 
  -132   -110    -59    -88   -106    -25     -1    228    -66    329    -14   -103   -150   -150   -194   -138 
   -54    -84     -6    476    612    844    565    -30   -121   -155   -174   -211   -189   -116    -91    -69 
   -38    174    395    -18    -47   -118   -147   -136   -168   -144   -101   -123   -116   -117   -119    -71 
   -42    -66   -136   -169   -163   -187   -181   -163   -200   -207   -200   -192   -175   -164   -112   -133 
  -139    -65    -64    -93    -69    -72    -45    -49    -93   -120   -156   -169   -149   -132    -51    -53 
  -104   -102     -8   -124   -194   -272   -238   -217   -157   -136    -61    -76    -58    -78    -76    -29 
  -219   -186   -108    -91   -148   -150    -89    -74    -89    -34    -80     -6    -98   -137   -108    347 
   -50   -118   -133    -75   -139   -165   -145   -174   -103   -110   -140   -193    -41    -95    -98   -134 
  -152   -158   -175   -227    -57   -108    469    -13    -39    789    -62   -147   -172    -83   -108   -174 
  -258   -294   -284   -325   -296   -288   -173   -135   -167   -220   -193    -65   -235   -314    -87    714 
  -214   -320   -415    -78   -164   -190   -167    -99    755    -27    -97    499     13    375    -74    -25 
  3785   1869    -95    -91    -16    -41    -76    -97    -16    -67    -30    -32     36   1982   1263    -96 
   -80    -98    -85   -103   -150   -107    -92   -103    -48   -114   -128   -170   -174   -114   -114   -152 
  -169   -203   -161   -148   -149   -167   -122   -137   -165   -170   -146    -95    -82   -111    -97   -108 
  -131   -143   -134    -90   -108   -110    -80    -63    -38    238    722    710   1131   1063    303     -5 
   264     -8    -47    -68    -36     15    497    835    983    964    344    -15    -19    613     -9    -20 
   -52    -16     -2     49    488    959    214     -1    121    -69    -10     -9    -17    -65    -29    -33 
    22    -12    338    -31    140    374    -25    -39    151    143    -14     -1    -31     68    -48     47 
   -96    -31    -57    -21    238    935    165    116    137    -51    -49    -79    -96   -178   -171   -148 
  -162   -126    -76    -80    -13    314    -58   -146    -86    -60   -153   -186   -239   -277   -155   -158 
   -77    -26    430   -141   -203    -46    -28   -138   -209   -226   -148    -34    -40    -64    -45     -5 
   -35   -127    -98    -70   -104    -89    -41    -48    -38    -24    -60    -56      0    -23    -52    -78 
   -87    -45     53    -11    -56    -67    -72    -80    -94    -41     -6    -13    -20    -26     -8    177 
    42    -34    -72    -74    -67    -73    -34    -33    -42    -31    -31    -32     49     -3    -11    -26 
   -30    -35    -41    -31    -49    -40    -57    -55    -67    -44    -66    -89    -74    -70    -71    -65 
   -66    -98   -125    -95    -64    -72    -46    -48    -76    -93    -21    -16     53    -23   -138   -157 
  -118    -59    -80    -68    -53    -81   -106    -70    -31    -29    -36   -157   -183   -107    -78    -80 
   -66    -93   -168    -98   -121    -89    -64     -2   -147   -183   -122   -144   -122    -66    -39   -111 
  -130    -70    166     -2    -27   -118   -123    -75    -98    -74    -53    -59    -40    -90    -56    209 
   -35    -60   -148   -102   -103   -144    -70   -122   -208   -228    -80     -6    -35   -158   -105   -173 
  -148   -117   -107   -105   -113   -137   -226    -48    -48    -74   -155   -121   -141    -74    -39   -122 
   -75    -63    -81   -131   -138   -102    -57   -137   -115   -184   -102    -80   -122    -56     -8    -67 
   -84   -156   -190    -63    -38    -61   -127   -153   -113    -73    -38    -18    -49    -90   -175   -175 
   -86    -60   -125    -97   -129   -128    -97    -38    -24    -17    -21    -48    -94    -25    -28    -64 
   -86    -90    -97    -59    -57    -57    -48    -45    -43    -33    141    354     -3    -91   -102    -86 
   -54    -49    -63    -45    -28    -31    -32     -4     90     25     -8     26    140    -17     60    441 
   639    236    -69    119    327    266    109    187    379    557    275    551    458    606    686    -28 
   600    750    416    317    388    903    983    793    837    524    657    550    382    861    498    197 
   -19    181    124    569    352     47      0    337    394    492    562    578    501     86    113    -12 
   338    404     19     -8    521   1164    949    528    632    933    422    726    386    516    -17    -56 
   -57    -30    237    169    -38    -15   1011    276    -60    -97    -62    -81   -129   -169   -192   -216 
  -143   -197   -127    553     85    -37   -143    259    684     -1    -19    -18     64    463    311    148 
  1603    325    437    -13    578    573    547    464    619    988    644    483    774   1529    654    173 
   208    329    448    234    264    249    612    101    395    128    644    672    -24    120    125    307 
   -11    -12     -6    149    -14    -23    -16     23    178    -20     -4     89    181    201    145    176 
   192    133      3     59    121     -2    -48    -34    -22    -27    -18    -35    -18    -18    -20    -31 
   -40    -26    -43   -116    -95    -94    -96    -81    -51    -60    -74   -104   -100    -83    -83    -69 
   -75    -55    -51    -69    -37    -14    -60    -45    -87    -94    -65    -71    -50    -87    -86    -51 
  -108    -77    -57   -104    -46    -26    -54    -65    -71    -51    -90   -137    -83   -110    -95   -100 
   -29    -30    -52   -112    -95   -113    -70    -71    -89    -82    -64    -46    -55    101    -47    -74 
   -85    -86    -92    -64   -145   -147   -151   -112   -104    -35    -41    -49    -66    -84   -104   -136 
   -97    -74    -68    -72   -122    -30    165    -27    -71    -94    -33    -40    -94   -120    -38    164 
   -25    -53     -6     13    -53   -106   -137    -59    -14    -48   -113    -39    -23     -3    -25    237 
   299    -32     -5    -20    182    -10     74    -47    -52    -11     -4    200      5     53     -7    588 
   712    881    347    124    -40    -59    -37    -14    -27    -40    -56    -37    -30    -10     -3    -28 
   -17    -47    -35    -43    -38    -24    -25    -18     -6     70    148     38     -5     14    -17    -15 
    -9     -2     -8     11     78    158    340    368    120     -1    -19    -33   -104   -132   -127   -107 
  -140   -120    -80    -93   -124   -122   -128   -133   -107   -114   -202   -175   -135   -138   -117    -66 
   -52   -128   -107   -114    -87    -72   -114   -192   -124   -126   -147   -107   -130   -140   -110    -92 
   -78   -133   -109    -90   -151   -120   -121   -101   -102   -154   -160   -111    -93    -65    -80    -55 
   -86   -160   -144   -210   -144   -165   -120    -78   -114   -145   -140    -95    -61   -147   -207   -159 
  -223   -154   -114    -68    -87    -66   -205    -49    -87    -92   -136   -121   -127   -159   -184   -174 
  -256   -227   -298   -362   -179   -106   -103   -118   -104    -52    -98   -172   -114   -130   -109   -163 
  -152   -180    -54    -86    -93    -99    -15    369    -16    -15    675     69    -36   -131    -92    -14 
   -71     -3     30    408    291    111     -1     25    -27     -5    -92    -37    216     -5    -46    -24 
    -1     21    -10      7    188    251    700     14     -9    423     71    -19     -1     41     49     -3 
    62    207    315    392    196    188    128      9     -4    239    153    196    119     -2    110    182 
   149    359    489    489    205    511    434    650    421    970    717    -37    -53    -23   -108   -168 
  -199    -99    974     85    423     68    348    907    533     -9    363    563    112    -17    -41    282 
   332    266    -56    -99    -18    694    -19     83     82    409    -36    -51     -1   1042    417    331 
    -8    851   1163   1027    682    721    193    -54    -46   -152    -66    -81   -123    -99    -33    -33 
   -15    339     63    -69    -88   -133   -144   -120   -158   -235   -117    -99    -75    -21   -203   -135 
   275    -69    -96    -75    -96   -189   -244   -151   -212   -151    -51   -110   -230   -104   -136    -59 
  -215   -227   -279   -197   -203   -233   -198   -157   -259   -357   -323   -205    -27   -167   -245   -203 
  -195   -193   -142   -177   -194   -387   -284   -223   -228    -63    -99   -111   -174   -147    -73    -57 
   -79   -254   -366   -197   -135   -266    -80    -51   -126   -140   -123    -90   -106   -116   -195   -181 
  -137    -96   -166    -47    -55   -123   -150   -140   -151   -150   -128   -117    -80    -73    -80   -136 
   -74    -69   -100    -79    -70    -73    -77    -96    -96    -96    -73    -38    -49    -44    -93    -41 
    -5    -51    -45    337     -6    -58    -49    -33    -54    -50     -7    -96    -52    -84    -57    -37 
   -39     71    -30    -66   -139    -82    -12    443   -136    -60    -40    -30    -49    -45    -81   -181 
  -107    -99    -13    -39    -10   -111    -79    -23    -22    -19    -48    -80    -81    -69    -85    -43 
   -47     -6   -153    -71   -111    -60    -27    -52   -150    -69    -62    -90    -43    -46    -92   -126 
   -50   -140   -103    -49    -76   -209   -204   -293   -207     -4     36   -102   -161   -335   -222    -69 
   -95   -288   -310   -158   -380    -25    -67    -36    -50   -125   -296   -256   -177   -155   -171   -204 
   -60   -132   1616    -51    -98    -15   -194    -62    -95    -93   -116    -35    -15    -44   -111    273 
   -43    -79     20   -162    -71   -107    -67    -15    -17    -19    -67    266    -63    -72    -62     -4 
  -125    -94   -115   -132    -65    -59    -94   -103    -33    -76    -90   -113    -56   -181   -158   -140 
  -144   -136   -142   -119   -137   -136   -114    -91   -117    -87   -133    -95    -93   -102   -103    -97 
  -103   -107    -89    -77    -67    -87    -45    569    884    729    445    723    868    568    589    518 
   520    737    670    350    893   1435   1042    560    720   1146   1201    895    876    729    434    604 
   232   1075   1776    979    753    556    459   1020    593    708    805    765    572    294   1021   1770 
  1460    977    413    123    671    184    336    466    394    133     -4    775   1378   1015    408     63 
   393    481    362    145    796    211    269    142   1200   1080   1100    881    565    274    860    392 
   590    740    344    330    155    -26     -5    242    328   1126    554    -29    -88    -36    -45    -55 
   -22     -7   -111    -49    -84   -106    -51    -43   -168   -240   -203   -165   -149   -138    -70   -101 
  -117   -117   -126   -131    -98   -112   -168   -204   -274   -246   -222   -113    -79    -73    -66    -68 
   -40    -33    -19    -95   -156   -224   -177   -204    -80    -15    -12    -26    -39    -12     -5    -16 
   -26    -57    -79    -63    -80      0    -12    235     -8    -21    -12     -2    175    151    217      2 
   -15     83    151    -12     -9    -31    -25    -11     -1     -8    -11     -8    -21    -41    -28    -13 
   -63   -138   -111    -93    -72    -48    -41    -29   -102    -74    -67    -55    -86    -88   -124   -127 
  -129    -77    -77    -79    -85    -75    -57    -95    -80   -108    -93   -124    -99   -119    -82    -42 
   -66   -119   -115   -119   -149   -160   -123    -41    -66    -49    -61   -156    -89   -114   -127   -138 
  -135   -108   -116    -83    -84   -125   -155   -128   -169   -127   -172   -171   -160   -184   -185    -87 
   -42   -150   -156   -193    -91    -58   -159   -135   -163   -161   -121   -173   -114    -36   -178   -253 
  -189    -66    -91   -247    -75    -34    -56   -121   -143    -92    -68   -125   -146    -48    -34    -68 
  -107    -79    -16    139    -34   -102    129    -31    -82     -6    306      0    -28    -17    -11    -81 
   -63    594    139    377    -57    -21    530     -7     88    189    358    -37   -205   -229   -122    -96 
  -105   -112    -16    499    499    252    155    295    -38   -141   -198   -148    -74    -94   -110    -14 
   158    322    174    106    196    296    -21    -25    -28    -10     38    -57    -81    -77    -79    -69 
   -71    -81    -85    -74    -47    -64    -80    -73    -62   -229   -273   -277   -245   -226   -208   -227 
  -250   -178   -214   -214   -197   -171   -178   -295   -289   -175   -226   -247   -140   -162   -100   -176 
  -192   -196   -160   -160   -273   -265   -128   -189    -96    -24     79   -137   -210   -274   -273   -164 
  -113   -246   -238   -214   -205   -109    -98    -63   -130   -133   -189   -172   -153   -101   -181   -180 
  -209   -242   -129    -64     -5    189    -30   -119    -60   -125   -152   -296   -231   -290   -261   -299 
   -67   -204   -155    -92    -27      0    -64   -144   -394   -278   -270   -241   -384   -139   -119   -164 
  -174   -123   -120   -100   -255   -270   -312   -269   -258   -274   -153   -354   -331   -342   -345   -259 
  -167   -251   -236   -254   -229   -187   -200   -256   -421   -471   -525   -529   -445   -285   -171   -176 
  -224   -162   -136   -160   -180   -191   -192   -286   -253   -275   -224   -163   -134   -124   -106   -103 
  -121   -162   -155   -228   -213   -175   -219   -140   -155    -51    -63    -99    -78    -78   -102   -123 
  -109   -111   -107    -70    -55    -74    -52    -96   -102    -73    -49    -63    -71    -76    -55    -64 
   -56    -52    -90   -123    -93    -30   -131   -214   -205   -178   -165   -136   -135   -148   -121   -126 
  -183   -164    -81   -174   -226   -255   -163   -247   -164   -155   -124    -93   -103   -157   -174    -89 
  -138   -111   -145   -164   -186   -133    -97    -22    -64    -83   -186   -189   -182   -197   -206   -223 
  -137   -153    -82   -115    -69    -83    -38   -188   -179   -179   -228   -153   -152   -152   -132    -34 
  -140    -46    -27    117   -210   -145   -134   -210   -271   -153   -150    -96   -102   -189    -24    247 
   -32   -265   -111    -83   -126   -305   -250   -349   -421   -321   -251   -133    -70   -183   -265   -173 
  -185   -190   -173   -160   -237   -381   -312   -240   -303   -164    -86   -175    -89   -126   -228   -165 
  -180   -261   -385   -384   -280   -290   -210    -35   -157    -61    -62   -129   -102    -98   -133   -165 
  -277   -152    -85   -102    -61     -7    318    236     45    156     -3    -73   -110   -130   -110   -119 
  -105    -61    240    294    -10    -22    159    -30    -41    -81    -58    -75    -78    -85    -52    -26 
   -34    -39    -70    -53    -65    -61    -49    -35    -46    -25    -42    -86    -88    -38    -62    -73 
   -34    -28    180    -13     52    205     47    129    -57    -91    -72    -85    -84    -69    -87    -49 
   -54    -51    -19    -36    -45    -96   -109    -93    -98   -112    -57    -26    -85   -162   -131    -71 
   -85    -48    -76   -123    -71     78    -95    -73    -71   -126   -128   -104    -94   -105     -5    -66 
   -33    -31    -18   -102   -103   -139   -136   -112    -59   -129    -56    -38    -10    -26    -25    464 
   304    247    398    294     -9   -172   -227    -28    121    -17   -138   -102    112    -92   -224    -24 
   927   1324   -192   -260    -76    780    -64   -248   -136    491    -47    -99    -44   1354   1079   -249 
  -157     -4   1142    380    -51    -32     -2    -15    -49     25    499    -38    -90    516    278   1216 
   -57    -84    -71    -59    116    -35    -41    452    679    775    986    -60    279     -5    -48    -55 
   -51    -36    -41    -58     -5    -20     16    173    -63    -18    331    -12     13    -29    -30    -32 
   -11    202    151    -10    -21    -54    -20     -2     -7     24    -17    -22     -7     -6     87    127 
    -9    -31    -48    -50    -57    -51    -50    -40    -61    -68    -73    -93    -52    -56    -50    -41 
   -31    -71    -61    -13    -17    171    -37      1    -43   -108    -99      5    -21     -9    -12     -5 
   217     26    265    -36    -91   -131   -180   -109    -81    -56    -39    -13    -17    -23     -5      7 
   151    -66   -113   -199   -153    -67    125    421    -26    -68    -69    -95    -96   -107   -101   -133 
  -276   -306   -241   -141    -80   -113   -118   -156   -201   -166   -234   -140   -205   -221   -209   -230 
  -161    -92   -174   -168   -178   -193   -191   -213   -178    -88    -68   -140   -154   -162    -98    -74 
  -171   -206   -276   -186   -161   -184   -177   -109   -122   -124   -186   -169   -149   -120   -200   -246 
  -210   -148   -145   -197   -235   -203    -72   -119   -123   -107    -37   -121   -149   -117    -73    -38 
  -147   -200   -158   -131   -164   -134    -33    -30    -24     -9    -31    -17     72    -38    -81   -105 
   -72    -53    -34    -13    -17    -21    -15    -23    -44    -14    -14    230    183     61    -22    -46 
   -11     -5    -11    -17     31    -21    -17    -29     -7     49     83    104    -31   -139    -90   -156 
  -150    -78    -34   -110   -124   -147    -99    -86    -43    -43    -91   -116   -170   -117    -77   -134 
   -83    -31     -7   -112    -82    -55    -35   -106   -143   -118   -115    -73    -66    -13      0    138 
  -121   -113    -78    -54   -130   -121   -116    -94    -50    -35     -8     27   -118   -146    -60   -102 
   -70   -113    -95   -117   -115   -105   -194   -135    -38   -136   -186   -103   -162    -79   -129   -154 
  -188   -156   -201   -121   -237    -40   1347     97    -51   -166    -77   -156    608   -107    -55    -70 
   -12    -76    647   -180    449   -171   -125    -52   -137    935   -171    -94    -91   -126    -49    -37 
  -161    361   -330   -153   -126   -188   -104    -90    -93    -44    -82    -68    -71    -42   -183   -310 
   -66    -76   -195   -108   -101   -116    -85    -80    -97   -134   -115   -229   -186    -13    176   -146 
  -113    -95    -86    -60    -70    -87   -132    -60    -85    -90     33    271   -152    -75    -58    -75 
   -29    -54    -24    -67    -38    -30    -50     -7    366    -94    -98   -105    -96    -51    -70    -80 
   -79    -74    -77    -26    -14    -20    -82   -163   -125    -68    -98   -135   -139    -93    -95   -168 
  -165   -167   -159   -105   -194   -198   -156   -150   -147   -114   -126   -129   -200   -203   -203   -186 
  -182   -181   -180    -88   -102   -140   -148   -160   -137   -147   -149    -97   -121   -144   -186   -149 
  -100   -133    -85   -198   -204   -215   -128   -182   -104    -67   -103   -128   -102    -72   -121   -149 
  -209   -238   -280   -274   -262   -180    -98   -151   -165   -170    -72   -163   -276   -316   -322   -310 
  -407   -362   -227   -148   -142   -344   -280   -248   -275   -327   -236   -248   -183   -337   -381   -170 
   -86   -114   -358   -262   -137   -162   -232   -155   -245   -229   -268   -352    -34    -45    -61   -295 
  -157   -159   -193   -230   -190   -283   -311   -338   -456   -208   -183   -144   -174   -121   -123   -204 
  -239   -177   -222   -260   -210   -182   -140   -115    -95    -97    -67    -50   -134   -176   -155   -135 
  -116     -2     -7    -50    -79   -106    -92   -106    -71   -118   -118   -102    -97   -118    -93    -94 
   -63    -33    -53    -36    -45    -43    -67    -49    -44    -45    -56    -62    -56    -31    -53    213 
   233    210     46     57    223    206      3    -13     -8    -42     63    -13     -4     -6    -12     -1 
    59    -15     59    347    -34    -51   -115    -49    -27    139     -5    -31    -35    155     -3     -5 
   247     -7    -22   -108    -31    -30    215    -13    133     -9    428    478    406     -2    155    -33 
   -73    -71    -31    -22    -44    -44    -52    -64    -45    -64    -91    -85    -99   -110   -132    -59 
   -51    -45    -12    -34    286    284    221    884    642   -109    -78   -148   -146    128    -42     -4 
   -56    -38    -28    -73   -104    -11   -109   -126   -196   -216    990     68    401    -24    -79    -93 
   -57    -37    179   -136   -199   -263   -245    693    -78    -20    282    -44    -48     -6    627    824 
  -107   -166   -220   -191    380    -64    -73    -43    -43    -32    -27    172    371    -97    -78   -129 
  -120    -10    -61    -52    -14    -35    -33    -12    401    581    -67    -31    -79    -83     -8    -16 
   -12    206     -1     -4     -5     -2    -14    -69    -52    -52    -39    100     68    -13    -13     -7 
    -6    -10    -10    -12    -28    -41    -58    -39    205    216    158    295    538    375    -24     95 
   473     69    -31    -48    -64     91    720    738    958    726   1040    922    779    994    374    -51 
   -89    -70    418   1017    993   1080    880   1055   1316    389    101    163    -34    -37     -3    710 
  1477    674    534    711   1013    739     11    -40    687    322     -6     -9   1212   1805   1178   1212 
  1612   1724    813    -20    308   1546    741     22    -54    742   1105    519   1118   1204   1294    787 
   -12    289    321    349    138    -26     30    -79    -42    -15    119    -93   -108    -58    -11    -72 
   -71    -22    -30    -33   -111   -107   -128   -105   -172   -199   -165   -127   -150   -144    -43    -58 
   -91   -127    -97   -123   -105   -163   -151   -101    -80    -56    -57    -23    -63    -52    -91    -48 
   -67    -69    -96   -111    -93    -83    -26    -20    -34    -52    -34    -53    -47    -54    -55    -60 
   -69   -117   -141    -94    -88   -104    -62    -39    -56    -51    -48    -50    -43    -48    -77    -93 
   -93    -97    -75    -52    -50    -57    -57    -70    -82    -73    -62    -80    -76    -60    -72    -80 
   -54    -49    -57    -67    -92    -78   -111   -102   -131    -72    -95   -116   -110    -98    -21     46 
    -3    -68    -62    -62    -58    -77    -97   -131   -150   -130   -105    -64    -37    -39    -52    -64 
   -70    -73    -63    -81    -72    -83   -106   -102    -79    -35    -98    -64    -50    -75    -49    -59 
   -82    -68    -24    -78    -80    -32     -3    -30    -38     73    -27    -35    -27    419    651    267 
   -14    -16    -83    -78    -27    296    805    451    473    757   1094    635    632    -19    -20     45 
    70    -12    -10     -3    337    -57    -38    -56   -117    -63    -31    -71    -80    -67   -107   -137 
   -84    -76   -129   -151   -110   -117    -83   -122   -178   -112   -154   -126   -206   -179   -168   -186 
  -231   -183   -118    -19   -136   -235   -115   -182   -170   -191   -210   -227   -220   -196   -195   -168 
  -132   -158   -186   -108   -167   -156   -136   -145   -149   -146   -163   -145   -154   -183   -121   -137 
  -123   -172   -167   -170   -147   -126   -140   -155   -150   -171   -166   -126   -112    -68   -105   -129 
  -151   -145   -116   -106   -124   -126   -144   -149   -106    -82    -19    -57    -45    -35    -57    -67 
   -48    -44    -36    -57    -93    -76    -30     -8    -96    -96    -61    -16    -62    -44    -86   -113 
   -74    -85    -47     -6    455     -7    -47    -61     54    -37     22     -3    227    292    -49    -26 
   -15    122    -75    -57    -54    -31    -35    -71    -83   -105    -59   -101    -75    -32    -28    -73 
   -68    -69    -68   -114    -68    291    -41   -117    -81    -25    117    -56    -65    -69    -35    174 
   137    -77    -14     -4   -135   -127    -51    224     82    207    -21    -45    -42     -2   -103   -176 
  -164    604   1242     -7     82    -22   1090    -44     -3     -6    264    -50    926   1038   1439   2995 
   519    302      5    -37    -31    -34    -53    -23    -38    -10    -18     -7    -62    -50    220     -8 
   -25    -34    -53    -38    -53    -60    -51    -16    -51   -108    -66     16    106    -57    -61    -26 
   -22    -30    -16     -9     88    -23    -26     92    308    -25    -58    -60    -35    -41    -43    -50 
   -52    -60    -64    -89    -68    -37    -19    -58    -68    -63    -65    -61    -50    -57    -61    -68 
   -84    -72    -42    -33    -11    -13     -9     34     -9    -30    -28    -22    -30    -18     -8    -47 
   -67    -59    -36    -14    -20    -61    -74    -71    -19    -54    -58    -66    -67    -49    -30    -39 
    -2    198    -72    -67    -73    -28    262    287    245     -2    -30    -50    -56    210    451    -39 
   -80    -76    -31    244    323    560    323    -47    -49    -56     86    190    -47    -89    -39    -55 
   -44    -55    129    521    -41    -24    -30     -1    -29    -60    -86    435    -55   -125   -126    -11 
   377    -66     -3     23    669    234    512     25    149    -92   -118   -128    -32    -35    176    -16 
   319    -19    -45    -37     -7    -25    -95   -107   -116    -49   -113    -22    -26    -22    -77    -97 
   -63   -112    -97     40    -31    -68    -25   -104    -71    -74    -71   -112   -129    -88   -131   -138 
  -162   -164   -142   -107   -109    -84    -97    -88   -116    -95    -62    -81   -137   -171   -171   -137 
  -102    -82    -66    -85    -92   -119    -80    -63    -63    -97   -124   -160   -152    -95    -67    -67 
   -78    -77    -85    -90   -100    -99    -98    -70    -84    -96    -67    -49      0    -21    -16     46 
    -1    -25    -37    -25    -70     38    323    109    -45     70    691    -30    -88    -55    -42    -49 
   -94   -111   -100    336    937    507     20    151    -38    -79    -24    -69    -96   -150   -147   -118 
   108    -11    -54    -51    -40    -31    -87   -185   -179   -113   -155   -107   -165    -53    -95    -65 
   -71   -157   -104   -217   -302   -214   -177   -186   -135   -136    -12    -30     36    -66   -173    -78 
  -146   -237   -280   -300   -275   -183   -185    -99    -57     -4   -125   -253   -225   -281   -326   -341 
  -404   -370   -378   -401   -265   -119    -53   -163   -187   -223   -215   -240   -243   -429   -388   -269 
  -314   -257   -111    -55   -144   -182   -169   -172   -160   -211   -189   -220   -137   -226   -144    -53 
   -71    -61   -227   -180   -187   -139   -202   -144    -98     53    -42    -16    -22    -42    -79   -174 
  -122   -114   -105   -112    -41    -36    -35    -81    -60     -6    -20    -57    -93    -72    -81    -56 
   -77    -17    -19     -5    -41    -49    -26    -58   -114   -108   -111   -109   -113   -151   -117   -113 
  -102   -127   -151   -123    -68    -46   -138    -76    -67     -5    -23    -49    -55    -93    -41    -85 
   -81    -50    112    -36    -40    -53    -10     10     -5    307    -11    -60    -38    -32    -17    333 
   162     44    -40    -47     -5    -24    -24    -81   -106   -106    -84    -61    121    -28    -40   -111 
  -115    -31    -40    -89    -85    -57    -77   -111    -62    -63    -77   -107   -146   -137    -64   -107 
   -93   -142   -137   -154   -147    -88      6    -48   -127   -180   -189   -253   -247   -225   -187   -124 
  -157    -85    -49    -30   -163   -148   -175   -206   -375   -346   -385   -279   -162    -55     33     -4 
   -73   -203   -247   -203   -262   -376   -341   -187    -73   -129   -104     51    476   -123   -172   -201 
  -118   -140   -244   -181    -91    -24   -122   -183    -62    569    -82   -143   -162   -134    -96   -118 
   -66   -111   -134   -173   -169   -144    -34    -64   -118   -162   -153   -140   -131   -105    -84    -90 
  -126   -110   -127    -68    -91   -100   -119   -108   -100   -105    -93    -94   -109   -164   -148   -108 
   -65    -63    -43    -52    -46    -36    -37    -34    -26    -39    -60    -67    -55    -56    -38   -149 
  -110   -126    -68    -79   -112    -91   -121    -30    -90   -142   -153    -98   -164   -103   -144    -76 
   -58    -65    -90   -135   -113   -198   -158    -97    -70    -75    -70    -97    -61   -108    -41    -79 
   -88   -109   -108    -28    136    -61    -48    -86    -67    -69    -63    -49    -33    -90   -102    -62 
   -30    -30     -8    -27    -36    -87     -8    -67   -105   -116    -81    -99    -72    -78    -80   -129 
  -173   -211   -213   -214   -252   -159   -188   -127   -195   -215    -82    -82   -183   -211   -205   -240 
  -262   -277   -298   -212   -171   -262   -202   -140    -75   -195   -206   -187   -148   -132   -154   -198 
  -130    -63   -228   -156   -223    -82   -152   -270   -253   -136    -94   -130   -132   -160   -125   -185 
   -89   -222   -148   -134   -200   -223   -157   -104    -90   -109   -166   -179    -80    -84   -203   -125 
   -37    -72   -111    -96   -103   -114    -99   -103   -122   -125   -123   -127   -121    -84   -121   -137 
  -121   -107   -107    -97    -85    -73    -87   -108    -73   -113    -60    -51    -65    -66    -76    -81 
   -75    -70    -56    -57    -61    -35    -64    -63    -79    -83    -93    -78   -120    -75    -72    -72 
   -49    -43    -44    -38    -94   -116   -145   -115    -75   -152   -112   -103    -65    -79    -63   -110 
   -98   -141   -184   -199   -119    -77   -127   -128    -79    -66   -110    -83   -106    -79   -122   -151 
  -184   -173   -139   -193   -197   -105   -112   -197   -136   -151   -105   -142   -158   -184   -132    -89 
  -133   -213   -176   -183   -181   -183   -158   -100   -137   -181   -181   -193   -204   -170   -208   -227 
  -240   -195   -177   -169   -122   -104   -142   -223   -246   -208   -186    -79   -103   -103    -90   -160 
  -171   -114    -98   -273   -317   -268   -217   -184   -118   -118   -156   -162   -149   -205   -126   -128 
  -219   -212   -212   -166   -130   -133   -230   -255   -171   -147   -157   -166    -90   -134   -131   -170 
  -131   -123   -131   -205   -192   -157   -135   -110   -154    -66   -106   -131   -130   -128   -133   -117 
  -125   -114    -90    -81    -70    -87    -59    -63    -77    -70    -90    -76    -79    -83    -81    -82 
   -82    -52    -54    -23    -37    -56    -45    -28    -16    -25    -41    -38    -37    -53    -47    -36 
   -65   -113   -113    -42   -110   -148   -113   -118    -80    -96    -78    -65    -70    -39    -79    -98 
   -50    -76   -136   -110   -118    -89   -148    -68    -80    -53    -10    -54   -102    -55    -27    -77 
   -84    -68    -74   -102   -103    -97    -51    -27    -59   -144   -125   -118   -135    -79    -19    -59 
  -101   -118    -82    -23    -23    -36   -104   -112   -101   -135    -47    210     -3    169    159    679 
   526    945    576    831   1718    863    644   1012    965   1213   1240    130    733   1516   1290    -53 
   415   1505    106   -172    -67    -52    793    -13    -74    507    893    -38   -365   -266   -184   -243 
  -285   -135   -102    154    -72   -129    629   1144    -47   -219   -178   -177   -259   -273   -204    -85 
   -56   -174   -229    -88    -38    122    -88    -88   -136   -134   -127   -141   -109    -61   -123   -131 
    -3    -39    -38   -129   -127   -117   -147   -145   -136    -80    -70    -85    -84    -51    -78    -51 
  -135   -131   -159   -184   -174   -156   -114   -114    -88    -74    -97    -63    -57    -85   -107    -93 
  -101   -103   -106   -101    -95    -76    -99    -92    -57   -264   -312   -265   -266   -246   -253   -238 
  -298   -289   -221   -237   -222   -243   -227   -298   -150   -263   -223   -238   -262   -195   -232   -193 
  -316   -324   -286   -209   -301   -210   -289   -227   -299   -361   -247   -300   -231   -293   -246   -249 
  -238   -317   -262   -350   -375   -315   -239   -196   -334   -228   -230   -256   -207   -138   -234   -215 
  -125   -177   -148   -170   -270   -176    -83   -197   -184   -190   -194   -290   -279   -269   -321   -316 
  -411   -474   -516   -495   -519   -248   -193   -234   -340   -354   -399   -429   -417   -537   -690   -612 
  -588   -442   -277   -177   -259   -204   -246   -418   -235   -200   -320   -471   -622   -441   -267   -407 
  -218    -65    -81   -185   -262   -122    -72   -114   -235   -393   -267    -72   -246   -257    427   -134 
  -132   -148    -61    -11   -121   -116     99    484    -24   -167   -134    -43    -82    -23    -25    -11 
   -90   -100    -43    181    -12    -42    -99    -67    -75   -127    -70    -56    -44    -62    -92    -67 
   -20    -52    -62   -119    -93    -88   -134   -121    -92    -88    -73    -46    -42    -29    -63    -77 
  -122   -114    -34    -50    -82    -72    -73    -61    -63    -82   -105    -96    -69    -11     28     -9 
   -85   -114   -101    -40    -54    -72   -120   -106   -106    -72    -61    -32    -45   -128   -144    -93 
   -78    -91    -53    -88    -76   -132   -163   -185    -89   -111   -168   -196   -197   -177   -121   -133 
   -81    -85   -100   -139   -141    -83    -80    -97   -147   -172   -151   -107   -165   -153   -113   -115 
  -146   -162    -88   -101    -89   -199   -241   -211   -220   -233   -297   -215   -122    -79   -176   -123 
  -122   -202   -285   -314   -298   -234   -241   -198   -176   -151   -110   -182   -102    -25    -51    -57 
  -176   -166   -116    -89    -96   -131    -70    -12    -64    -39    -44    -28    -51   -150   -125   -130 
  -110   -163    -76    239     96    -24    112    -35   -102    -86   -106    -58    -64    -91   -180   -180 
  -100   -122   -116    -76    127    -32    -33    -37    -29    -41    -60    -96   -126    -85    -95    -69 
   -43    365     59     -2    146      2    -16    -13    -22    -11     -5     22     15    177    -10    -31 
   -38    -24    -21    -22    -23    -11    -16    -14    -11     -3     -3    -86   -125    -53    -54    -50 
   -66    -91   -161   -135   -138   -104    -96    -72   -148   -199   -157   -120   -116   -130   -126   -169 
  -189   -104    -96   -136    -61   -149   -253   -181   -151   -211   -160   -120   -179   -193   -111   -103 
  -118    -54   -126   -196   -176   -175   -215   -242   -156   -176   -166   -133   -168   -116    -72   -150 
  -212   -205   -187   -246   -281   -313   -289   -325   -225   -229   -218   -140   -230   -283   -331   -299 
  -308   -256   -190   -164   -198   -185   -185   -217   -136   -195   -176   -232   -282   -267   -295    -87 
  -183   -239   -270   -216   -166   -157   -116   -227    -95   -214   -206   -262   -100   -221   -147   -259 
  -279   -129   -182   -101   -239   -120   -166    -74   -190   -180   -194   -167   -229   -261   -176   -193 
   -91   -163   -120   -112    -65    -78   -117   -168   -277   -325   -345   -187   -150    -73    -53    -30 
    -2     42    181    -42    -95   -110   -119   -106    -71    -60    -81    -45    -38    131     -6    149 
   -34    -55    -61    -38     -1    -21    -16   -100    -78    -54    -36    -56    -42    -33    -43    -41 
   -32     -8    -46    -50   -162   -135   -103   -121   -145   -104    -39    -57    -60    -51    -88    -32 
    -5   -151   -137   -110    -98    -61     38    579     -9    -51    -51    -55    -60    -14   -112   -121 
   -92    -90    -74    -23     -7    -21    -57    -65    -97   -113    -31   -138   -121    -56    -90    -79 
   -68    -43    -12    -63    -38    -35    -67    103   -136    -84    -69    -65   -125   -122   -126    -47 
   -82    -24     -5    105    -37   -211   -111    -44    -56   -150   -162   -219   -166   -126    197    -60 
    37     -8   -209   -165   -138   -128   -196   -255   -156    -65     19   2123    -82   -124    -45   -312 
  -213    -73   -108   -179   -211   -230   -187   -262    -19   -168   -168    -10   -181   -124    -90    -50 
   -62    -80   -162   -181   -199   -224   -242    -87     55   -120    -98   -158    -70    -31    -74   -121 
  -131   -100   -106   -120    -88     43    -99    -86   -104   -103    -58    -88   -101    -95    -80    -91 
   -82    -75    116   -129    -86    -93   -102    -59    -83    -77    -73    -96    -81    -12    215    129 
  -104    -85    -97   -121   -101   -107    -98   -113   -102    -86    -45    -25    -15    -51    -38    -31 
   -42    -76    -59    -53    -41    -40    -36    -72    -87    -63    -35    -51    -53    -50    -48    -52 
   -63    -67   -110   -114   -101    -59     -1    -31    -21    -66    -85    -60    -42   -108    -68    -98 
   -94   -118    -95    -78     -9    -33    -65    -69    -31    -24    -57   -132    -72     -9    -47    -79 
   -54    154     55    169     71     19    -51     83     -6    -17    -55    -35    -42    -28     58    104 
    15    -24    242    168    -39    625    471    -95   -104   -114    -62    -47    474    -35   -108    -34 
   -21    -80   -225   -224    -58    -12    -63    -41    -46    -28    -49   -110   -156   -217   -160   -163 
  -156     95    188    -26     24   -106   -112    -82    -61    -83    -78    -60    -58    -92    -37    -98 
   -99    -26    -35    -66    -75    -82    -75    -82    -78    -51   -103    -74    -85    -80    -17    272 
   197     -5     56     -6     -6    -10    -18    -39    -31    -21    -10    122    484    862    841    758 
   636    639    507    448    499    800    663    499    373    -59    -68    -65    -78    -76    -75    -67 
   -75    -92    -81    -71    -68    -45   -146   -182   -127    -93   -145   -112   -118   -145   -200   -192 
  -142   -135   -125   -101   -200   -169    -96   -107   -132   -182   -186   -242   -169   -173   -242   -234 
  -141   -209   -241   -257   -268   -268   -245   -271   -330   -328   -286   -309   -280   -163   -235   -237 
  -319   -358   -292   -244   -283   -314   -296   -172   -130   -177   -217   -225   -260   -336   -374   -348 
  -233   -215   -161   -130   -141   -114   -128   -259   -279   -263   -348   -333   -421   -389   -256   -242 
  -196   -173   -160   -144   -260   -274   -269   -316   -277   -328   -256   -225   -224   -236    -47   -238 
  -259   -271   -272   -343   -334   -274   -269   -275   -149   -156   -193   -210   -246   -225   -210   -265 
  -277   -294   -258   -209   -174   -225   -190   -115   -205   -148   -223   -241   -272   -263   -308   -199 
  -211   -215   -256   -208   -115    -83    -71    -91   -189   -214   -285   -286   -256   -239   -196   -228 
  -221   -149   -191   -148   -143   -159   -176   -220   -218   -204   -197   -183   -155   -186   -150   -170 
  -133   -137   -128   -142   -130    -90    -92   -111   -132   -157   -149   -133   -138   -101   -138   -109 
   -87   -100   -150   -104    -74   -162   -169   -124   -125   -116    -80    -22   -172   -206   -189   -192 
  -165   -182   -248   -273   -220   -215   -163   -217   -199   -188   -264   -226   -213   -210   -325   -277 
  -209   -170   -141   -122   -201   -199   -215   -224   -218   -284   -219   -281   -248   -302   -239   -240 
  -212   -204   -151   -160   -174   -195   -229   -143   -151   -237   -234   -248   -265   -226   -232   -238 
  -244   -134   -165   -258   -177   -181   -251   -140   -276   -417   -284   -208   -264   -307   -316   -237 
  -170   -211   -275   -139   -110   -358   -397   -284   -232   -174   -159   -320   -145    -85   -193   -201 
  -194    -75   -131   -254   -407   -323   -184   -202   -232   -156    -56   -126   -139   -138   -124   -276 
  -228   -347   -305   -174   -187   -144    -92    -14    -87    -91   -126   -177   -325   -260   -255   -278 
  -163   -109    -62    -59    -46    -36    -41    -72    -79    -60   -125   -105   -153   -129   -104    -33 
    -2     -7    -42    -45    -21     -7    -15    -46    -80    -66    -86    -98    -24     -8    -22    -60 
   -73    -47    -36    -37     -9    -20    -84   -115    -36   -122   -142   -139   -154   -153   -144   -142 
  -126   -125   -122    -66      4    -31   -149   -172   -156   -178   -162   -162   -180   -174   -153   -143 
  -124    -21    -34   -149   -201   -181   -235   -229   -207   -198   -224   -185   -191   -182    -29    -51 
  -150   -170   -209   -237   -216   -253   -233   -223   -210   -196   -173    -24    -30   -133   -189   -218 
  -264   -193   -271   -308   -294   -236   -214   -200    -57    -18   -186   -287   -249   -279   -321   -254 
  -292   -330   -267   -254   -163    -35    561   -221   -214   -195   -290   -268   -153   -157    -50   -127 
  -170    -74    275    897   -191     48    -50   -110   -156    -44    -69     23   -104   -139     26    906 
   573    -83    -19    -61    -63    -91    -42    -42    -73   -101    -91    -11    741    406    -49    -23 
   -85    -95    -72    -66   -114    -83    -54    -65    -16    622    686    -26   -100   -147   -148   -151 
  -146   -139   -134    -95    -57    -23    756    729    -15    -77   -121   -127   -140   -143   -142   -148 
  -140   -100    -29    519    448     -4    -54    -94   -108    -86    -94    -93    -98   -111    -80    -31 
   558    858    345    269    -11    -23    -20    -35     -4     -6    -15    344     37    -22    630      0 
   -27    -72   -105    -56    -41    644    -64   -101    -30    -80    -87    357    489    -14    -94    -94 
   -45   -108     62     -8    -63    -33    -62    -60    472     -9    166     55    -35     44    -48    -66 
    -9     -3    -49   -119   -112    -44    -78    -89    -18    -78   -104    -32    -52    -42    -56   -136 
  -175   -129    -24   -140    -58   -117   -135   -123    -26   -102    559    -81   -136   -235   -117    -68 
  -232    -76   -159   -362   -178    -83   -144    -43   -248   -208   -174   -142    -94   -184   -153    -85 
  -143    -93   -161   -114   -214   -319   -152   -140    -44    -25   -151   -209   -126    -82   -113   -130 
  -123   -100    538    636   -180    -61    -37    -99    -76    -82    -90    -91    -48    -43    -53     75 
   757   -165   -119    -27    -66    -58    -46    -52    -77    -70    -36    -63    -96    -85   -116   -110 
   -40    -82    -69    -41    -45    -56    -84    -60    -69    -71    -90   -111   -123    -30    -95    -49 
   -37    -52    -58    -41    -44    -54    -57    -60    -77   -115    -77    -99   -130    -91   -119   -145 
  -131   -147    -72    -71    -63    -55    -66    -61   -112   -115    -62    -70   -123   -118   -121    -88 
   -97    -92    -49    -31    -59    -94    -95    -10     -9    -96    -95    -92    -88   -138    -41     -3 
   119    -35    -16    -62    160    678    -76    -52   -109    -89   -121    -23    -17    -59    -46    -76 
   -88    -41    -39    -76    -74    -69    -69   -105    -85    -63   -105    -65    -97   -162   -159   -175 
  -186    -43   -105   -150   -145   -129    -49   -105    510   -159   -123    -87    -54   -108    -78   -220 
  -114   -215   -170    -33    -52    -77    -93     -4    372    862    323    -97   -171    -38   -187    -83 
   156    -11    -80    -85    -16    181    -14    489    -33    -70    -95   -106   -120    -74    -45    -75 
   210     -1    240    -37    -37    -46    -74   -106    -99   -134   -131    -24    -66    -25    -16    -37 
   -35    -53    -83    -87    -52    -58   -107    -69    -24    -76    -76    -82    -65    -66    -53    -69 
   -90    -90   -112   -121   -100    -76    -79    -76    -62    -55    -65    -66   -100   -103   -103    -99 
  -115   -100    -82    -66    -44    -81    -93   -136   -120    -31    -32    -65    -99    -76    -59    -55 
  -156   -127    -98    -66   -140    -90    -42    -12    -12    -64   -140   -115   -104   -123    -97    -46 
   -47   -136    -56    -76    -29    -94   -103   -168   -139   -156   -122   -186    -94   -102   -194    -42 
   -58    -23    -27    -61     64    -60    -73   -102   -169    -68    -39   -122   -193   -145   -167   -119 
  -206   -130    -76    -83   -163   -257   -164    -95    -93   -112   -194   -157   -150   -158   -178   -175 
  -177   -169   -165   -169   -184   -227   -155   -278   -282   -246    -87    -76   -207   -302   -191   -188 
  -175   -191   -237   -240   -237   -285   -379   -311   -164   -262   -248   -152   -214   -172   -142   -108 
  -144    -60   -175   -358   -398   -317   -247   -190   -204   -201   -197   -150    -97   -113    -69   -109 
  -261   -134    -83   -173    -25   -140    -68    -76    -65    -45    -52    -46    -26   -115    -10     23 
   -86     -5    -98    -57    -56    -44    -53    -38    -47    -31    -48    -33    -60    -68    -51    -74 
   -65    -57    -74    -87    -78    -80    -76    -95   -102   -118    -93    -81   -155    -64    -56   -116 
   -96    -43    -73   -169   -102    -67    -50    -54    -16   -103   -136   -172   -151   -123   -170   -134 
  -121    -35    -62    -57    -86    -85   -149   -255   -262   -221   -143   -214   -114   -100    -80    -30 
   -69   -103   -102   -216   -213   -162   -232   -116    -82    -67   -148   -212   -154    -66   -100   -118 
  -197   -258   -208   -215   -223   -201    -31   -101   -264   -255   -175   -194   -146   -211   -271   -223 
  -247   -338   -378   -213   -231    -46     -1    -41    -58   -154   -239   -261   -211   -246   -292   -287 
  -333   -218   -103    -51    -25    -26   -100   -129   -152   -237   -153   -188   -129    -98   -207   -378 
  -223    -39   -114    -64   -191   -235    -97    -95    -94    164    -51   -121   -134   -191   -186    -81 
   -53   -150   -148    -58    -40    -30    -15    -20    -86    -58    -59   -104    -43    -49   -113    -76 
   -92    -71    -70    -98    -71    -98    -19    521    -22    -32    -60   -161   -148    -88    -69    -44 
   -64    -30    -32    -22     -7    -43    -11    -36   -146   -108    -76    -54    -38    -13    242     72 
   -15     -3    -25    -28    -10     56    361     -5    -17    -30    -16    107    -37    -10    -35    319 
   850    471     -8    135    -39    -24     38     18    227    -27    -64    -53     -6     85    -47    -66 
   -31    -85    -87    -44    -44    101    -54    -19    -86    -69    -19    -81    -73    -97   -142   -167 
  -171   -169    -78   -132    -98   -110    -86    -28   -101   -133   -147   -218   -217   -197   -195   -195 
  -143   -161   -130   -194   -119   -145   -119   -201   -205   -226   -266   -361   -333   -278   -265   -250 
  -315   -162   -100   -187   -339   -253   -165   -281   -390   -366   -319   -295   -317   -274   -200    -72 
  -182   -302   -327   -208   -197   -138   -225     -4    -48   -219    -27   -238    -63   -185   -121   -306 
  -233   -240   -139   -180    -57    -52     -4   1062   -187    -73   -162   -152   -241   -225   -169   -156 
  -153   -157   -122    -31     -6   -168   -129   -126   -134   -169   -187   -151   -142   -174   -243   -225 
  -206   -178   -215   -148   -152   -161   -159   -169   -174   -160   -168   -174   -195   -196   -175   -191 
  -141   -113   -137   -132   -134   -143   -143   -143   -147   -158   -164   -169   -154   -120   -119   -138 
  -111   -124   -122   -109    -92   -133   -174   -147   -106   -143   -132    -87    -43    -24    -93    -66 
   -74    -24     -5    -44    -98   -105   -144    -56    -86    -13    -17    -38     12    -10    -72    -28 
   -70    -87   -102   -121    -93    -33    -40    -26    -28    -26    -31    -68   -109   -126    -45    -80 
  -101    -94     -8    -52    -51    -86   -120   -187    -56   -128   -117    -80    -76    -86    -76    -37 
  -142   -101   -166   -254   -209   -206   -142   -109   -168   -124     -4    353    -51   -175   -140   -183 
  -244   -240    -96   -128   -135   -110   -198    188    579   -105   -132     -2    -21   -115   -129     56 
   429    404    -64    -47    -35    359   -123   -194    -61    -22   -104   -114    -86     -1    -90   -178 
   -34   -167    -31   -108   -201   -160   -185   -159   -162   -140    -39    -38   -174   -153    -99    -21 
  -121   -101    -74    -45    -40    -72    -39    -37     96    -57    -45    -70    -17    -38    -67    -70 
   -33    -16    -10    -11    196     87    -13    -24    -59    -13    109    377    164     52    -12    -27 
    -7      0     -7    -20    -27    -19     -4     -7    -10     14     -5     -7     -4     10    -11    -23 
   301    250    418    329    -16    -37    -14    -24    -33    -31    -18    -26    -33    309    355    217 
   195    -29    -55    -22    102    -34    -34    -47    -49    -57    -23    -32    -44    -16     -9    -54 
   -30    -40    -81    -84   -110    -90   -106    -99    -68    -51     58    -33   -103    -96   -102    -76 
   -95   -130    -77   -104   -131   -119    -72    -32    -45    -87   -121    -98   -121   -127   -149   -138 
  -114   -207   -139    -70    -51    -73   -125   -142   -131   -132   -133   -131   -131    -73   -126   -115 
   -48    -70    -28   -157   -102   -108   -106   -114   -107    -91   -105   -146   -140    -70    -84    -26 
  -109   -119   -104   -107   -110   -108   -113   -170   -138   -118   -119    -68    -40   -100   -125    -80 
   -57    -35    -52    -72    -73    -81    -97    -69    -31     -8    -32    -51    -28    -35    -36    -32 
   -51    -67    -52    -52    -27      7    120    -10    -13     23    -13    -22    -20    -13    -19     -1 
    -7     41    205     57     87     68    230     67    165    235    241    177    317    217    242    166 
   -60    -73    -48    -30     -6     -6    -18    -61    -45      1    312    343     56    -86    -87    -94 
   -70    -46    -51    -47    -80    -46     -5     -2    -11    -23    -76    -90   -138   -172   -134   -107 
   -72    -48    -65    -46    -81    -38    -34    -98   -126   -155   -165   -125    -69    -64    -46    -77 
   -50    -86    -51    -35   -107   -132   -188   -236   -188   -153    -98    -95   -152   -171   -144    -78 
   -61   -125   -173   -195   -264   -268   -241   -209   -204   -234   -233   -202   -109    -59   -116    -69 
   -89   -160   -238   -248   -247   -162   -203   -169   -170   -121    -28    105    -49    -37    -52   -112 
  -127    -33    -40      0     86    -79      0    292    545    392    480    579    583    552    729    401 
   993    334     95    893    283    847    677    671    378     -5    -22    -29    -27     55    139    191 
   775     48     75     -9     -4     27     -8    -24    -22     -2     52    271    322    528     10    269 
   283    226    435    503    331    284    315    474    652    727    595    226    383    488    298    397 
   311    363    277    440    419    483    530    425    245     43     -9    -12     -6    -43    -62    -56 
   -24    -69    -27    -35    -27    -24    -35    -55    -51    -26    -53    -58    -66    -65    -88    -75 
   -54    -32    -15    -43    -75    -57    -24    -94    -78    -93    -48    -40    -40    -19    -19    -19 
   -44   -103    -70    -24   -109   -123   -110    -45    -16    -54    -24    -22     57    -22    -85    -85 
   -56   -119    -89    -67    -26    -45   -107   -123    -55      0    -49   -105   -117   -119   -151   -219 
  -204   -255   -253   -216   -222    -89    -39    -89   -249   -182   -174   -209   -204   -153   -150   -108 
  -194   -152    -47    -31    -21    -78    -19    -25    388    541    871   1021   1552    984   1371    971 
   737    508    775   1063    679    394     11    596   1615   1428    468    960   1625   1063    400     -9 
   388    648    221    -21    -16    914    965    -20     -5    948   1063    373    128    -13     -8     96 
    -8    -23    193    372    -25    -23    220    502    452    197     31      5     -8     -4    -19    -46 
   -61    -69    -61    -22      3    112     79     70    -20    -29    -27    -40    -42    -45    -53    -27 
    -9     -3   -107    -84    -46    -44     -1    157    -76    -83    -53    -55    -82   -129   -105    -93 
  -112    -90    -90    -54    -40     -5    -79    -70    -44    -69    -30    -48    -64    -53    -12    -17 
   -16   -116    -33    -56    -39    -37    -38    323    698    -30    118     94    359    644     -9    211 
    -8    -97    -57   -113    -41     -8    -47    448    155    -16    -82   -102    -54    -59    -25    370 
   592    345     -2    -42    323    -63    -21   -161    -96    -77    142    107    272    697   1537   1079 
   -12    299    732    539    -12   -101    -62     -8    246    -66    427   2065   1071    163    -34     -1 
   366    -46   -100    588   1288    417    -71    -45    702    561    -63    -70    -38    -37   -102    -82 
   -37    503     -2    -23    -41    -27    -48    -94    -81    -66    -52    -75    -76    -76    395     -6 
   -57    -75    -44    -49   -115   -107   -106    -73    -95   -122    -68    -23    -16    -30    -62    -48 
   -37   -130   -105   -105    -97    -92   -103    -93    -90    -57    -37    -72    -55    -73    -94    -94 
  -114   -146   -137   -108   -117   -114   -102   -101    -88    -75    -58    -47   -117    -87    -39    -20 
   -82    -72    -84    -41   -137   -122   -139   -117    -35    -49    -13    203    344    -43    -47    -95 
  -109   -144    -90    -15    152    -78    -45    -60    -44    239    -11    -43    -82    -70    -76    -16 
    -3    -17    -77    -89    -92    -87    -51     -2     61    323    213    310     -5    -31    -68    -32 
   -73    -72   -113   -100    -45    -40    -72    -80    -59   -100    -78    -70    -87   -118   -199   -244 
  -230   -174    -66   -128   -166    -69   -186   -199   -110   -164   -220   -271   -416   -400   -318   -254 
  -159   -280   -208   -244   -251   -157   -177   -154   -208   -294   -267   -224   -181   -153   -227    -44 
  -119   -145   -122    -95   -107   -121   -151   -138   -130   -101   -216   -306    -89   -105   -149   -161 
   -39    -72    -35    -32    -33    261    -28   -165   -201    -75    -93   -206   -167    -13     78    146 
   314    344    594    253    -48    -34    203    -14    -47    -50    -20    -34    -26    -32    -32    -34 
   -42    -34     53    399     19     11     56    -28    -18    -23    -32    -31    -41    -52    -25    -18 
    -8    -31     -9     -9     15    434    342    311    671    923    626     -1    -29    -38    115    -30 
   -72    241    654    646    225    512    579    375    -35     -5     12    -23    -77    -78     96    168 
   -24    -17    -42    -50    336     -3    -73    -39    -58    -74    -75    -39     -5    -99    -55    -65 
   -70    -44     52    -74    -37    -80   -101    -98    -24    189    -73    -51    -73    -84   -114    -18 
    -8     80    -67    -74    -56    -25    -65   -112    -62   -132   -238   -257   -165   -215   -196   -149 
   -58    -10    -21    -16    -34    634    198   -117   -277   -144   -160   -201   -183    -20    167    -17 
    87    -48     40    384    -13    -41    -70   -146   -126   -158   -149    -42    -72    -50    -74   -119 
   -55    -46    -28    -95    -68   -112    -30    -97    -66    -58    -77    -25    -83    -41    -45    -66 
  -102    -53    -83      6    -33    -36    -30    -67    -35    -37     -8    -43    -63    -69    -28    -53 
   -55    -27    -32    -41    -42    -34    -57    -63    -62    -55    -50    -28    -34    -45    -43    -61 
   -48    -45    -60    -93    -89    -74    -67    -55    -35    -49    -69    -82    -74    241    338    249 
   140    217     -1    -28    459    817    669    108    -22    -16    235    592    737    345    368    318 
   450    280    573    212    -45    -22    -12    205    626    686    395    386    120    573    442    739 
   413    454    507     82    379    921    993    950    821    421   1119    536   1478   1438   1406   1057 
   259    773   1366   2012   2322   2159   1430   1895   1604   2397   1943   1669   1671    796   1459   1866 
  2221   2607   2064   2062   1038   1465   1432    988    579    792    862    920     -3    685   1043    686 
    48   1055    355     33    -23    -95    547    444    -57   -194   -135    -79    -52   -102    -22    -21 
    76   -109   -169    -64    -44    -93   -191   -101   -140   -149   -152   -127    -95   -106   -162   -128 
   -58    -71   -119   -158   -122   -128   -109   -146   -150    -47    -26   -111   -108      2    -39   -118 
  -141   -108   -106   -130   -138   -148    -85    -36   -102   -130    -62    -51   -120   -131   -116   -127 
  -145   -132   -128   -109   -106   -105   -132   -116    -70    -68    -69    -71    -65    -74    -68   -100 
   -92   -100   -107    -98    -89    -59    -78   -112   -123    -58   -124   -144   -102    -38   -108   -146 
  -132   -152   -130   -172   -216   -257   -204   -219   -165   -251   -203   -166   -235   -141    -78    -56 
  -132   -182   -218   -149   -162   -157   -207   -202   -170   -179    -67    -32   -102    -91   -213   -188 
  -193   -241   -162   -261   -293   -380   -304   -225   -174   -171    -84   -191   -238   -172   -300   -240 
  -252   -275   -327   -238   -254   -163   -158   -207   -128   -287   -264   -396   -447   -454   -444   -300 
  -380   -357   -198   -110   -185   -190   -328   -281   -248   -321   -463   -461   -376   -468   -445   -269 
   -64   -296   -268   -359   -300   -214   -318   -338   -358   -343   -393   -369   -274   -185   -106   -231 
  -170   -176   -140   -192   -140   -244   -414   -455   -421   -302   -155    -89   -164   -158   -204   -142 
  -176   -164   -211   -393   -279   -271   -258   -119    -82   -115   -138   -153   -138   -155   -181   -180 
  -229   -138   -123   -151    -49    -76   -121   -116   -117   -111   -134   -147   -164   -217   -149    -92 
   -79     -5    -52    -53    -84    -92    -86   -103    -99   -114   -121    -92    -84    -67    -56   -101 
   -80    -78    -90   -154    -73    -41    -36   -121    -52    -38    -75    -73    -82    -64    -47    -55 
   -74    -94    -59    -31   -111   -107    -80    -84    -79    -88    -68    -22     54    -14    -44    -41 
   -18    -59    -77    -92    -74    -87    -53     45    234    417    125     59    -19    896    718    -18 
  -100    -85    -69    -80    -75    -84    -64    -95    -81    -78     -4    138   -105   -127    -82    -93 
   -72   -138    -70    -50    -74    -71    -99    -56    -71   -259   -173    -94   -106    -71   -164   -167 
  -127   -208   -225   -190    509    -41   -291   -254   -145    -87    -61     40    -33    550    798   1195 
   609    970    -88   -181   -142   -175    -39    592   1441   1730   1646   1658   1208    905    117    -60 
   -52    -93    -49    -32     54   1097   1477   1737   1501    990    791    391    239     40    423    219 
   370    294    880    962    781    646    559    510    290     29    522    332    715    172     10    628 
   587    564    480    442    330    180    244    343    395    315    -26     -4    290    507    288    179 
   277    112    -10    -19     -7    163    261    -22    278    -30    -13     -6    -43    -55    -60    -83 
   -76     -9    -58    -30    -59    -48    -59    -16    -51    -24    -38    -70   -116    -84    -51   -120 
  -109   -158    -79   -108    -67   -113   -112    -82    437    472    395    -70    -54    -44   -132    -54 
   -83    -60    -88     64    -12    338      5    -58   -165   -101   -101   -132   -100   -173   -156   -153 
   -54    -68     44     93    -87    -88   -166   -182   -144     -1   -176   -144   -299   -195   -203   -140 
  -164   -184   -168   -249   -231   -167   -114   -369   -316   -445   -353   -360   -368   -478   -458   -547 
  -441   -204    -34   -213   -295   -274   -393   -322   -326   -266   -359   -429   -418   -446   -364   -216 
  -212   -244   -250   -240   -203   -205   -168   -393   -468   -372   -363   -366   -267   -125   -207   -191 
  -198   -137   -131   -141   -366   -421   -372   -320   -329   -290    -62   -121    -71   -101    -93    -91 
   -84   -143   -132   -109   -112   -136   -151    -63   -118    -71    -43    -44    -21    -33    -61    -52 
   -20    -50    -35    -81    -59    -82    -84    -92    -94    -47    -47    -61    -43    -57    -96   -137 
  -126    -62    -78    -86    -71    -86    -54    -56    -65    -81    -79    -93    -79    -56    -13    -51 
  -107    -68    -30    -36    -75    -63    -81    -48    -40    -42    -59    -50    -64   -107   -135   -110 
  -100   -100    -91   -103   -131   -124   -130   -127    -70   -164   -191   -208   -153    -88    -96    -85 
   -84   -112   -114    -85    -99     -7   -102   -109   -144    -92    -62    -52     -2    -20    -81    -61 
   -59    -61    -61   -117    -76   -111     -5    -20    -72    -75   -110   -105    -54    -13    -64    -94 
  -175   -140   -143    -93   -199   -186   -243   -180   -122   -134    -29    -76   -132   -195   -179   -116 
  -146   -243   -259   -297   -288   -137   -138   -119   -114   -146   -128   -131   -101   -118   -174   -211 
  -199   -117   -123   -108    -83    -76   -117   -144   -172   -113   -111   -139   -154   -138    -28    -89 
  -109    -66    -76   -115   -111    -92    -78    -95   -138   -160   -104    -57   -101   -128    -70    -83 
   -93    -89    -65    -40    -27    -19    -67    -42    -27    -34    -27    -22    -42    -35    -26    -15 
   -17     62     70    -40    -14    -15    -38    -23    -18    -30    -28    -76     -7     45    -20    -64 
   -51    -44    -58    -45    -10     70    -11    -75   -117    -66    -27    -49   -107    -81    -43    -33 
   -58    -35    -22    -18    -75   -151   -105    -53    -38    -70   -101    -81   -118    -37     -1    142 
    -7    -77   -139   -121    -79    -42    -45    -73   -105   -141    -82    -13    -19    -22    -77   -154 
  -112    -55    -63    -62   -120   -208   -225   -170    -63    -52    -38     -6    -87    -61    -36    -52 
   -38   -114   -144   -161   -121   -145    -84    -56     30   -108   -111   -112   -117   -128    -86   -112 
  -106   -122   -176    -46    -32    -10    -71   -127   -128   -115   -118   -114    -64    -53   -112   -138 
  -110    -40    -19    -52    -74    -47    -67    -68    -83    -77    -24    -68    -41    -42    -10    -12 
   -17    -50     -3      3     15    -39    -11    874    254    420    529    247     10    188     24    224 
    -7    -25    -42    -29    140    -15     -6     -3    -15    -29     -2     17    113    -14    -10    -22 
   -25     -5    -10    -17    -12    -26    -22    254    255    243    235    268    151      0     97     69 
    22    270     22    -93   -123   -107    -62    -40    -89   -132   -181   -131   -152   -142   -140   -102 
   -86    -62    -92    -73    -37    -69   -116   -141   -109   -142   -154   -193   -121    -93    -70    -82 
  -104    -84    -89    -86    -40    -78   -122   -101   -123    -62    -93   -102   -118   -154   -142   -104 
  -118    -73    -59    -72    -95    -74    -23   -140   -169   -229   -236   -213   -208   -200   -184   -130 
  -150   -162   -158    -39   -204   -292   -220   -213   -208   -236   -216   -230   -295   -247   -215   -187 
   -97   -110   -179   -190   -182   -101   -135    -83    -53   -152   -188   -215   -182   -124    -35   -123 
   -92   -119    -59    191    -13    -72   -157   -106   -160   -130   -136    -36    -94   -106   -158    -73 
    -9    -76   -173   -224   -131   -201   -113   -154     -3    -65   -104    -98    -67    -28    -68   -133 
  -140    -50   -131    -12   -118    -18    -19    -43    -56    -54    -51    -60    -66    -57      4    -28 
    -1    -88    -44    -49    -55    -55    -47    -72    -80    -59    -36    -39    -59    -43    -42    -45 
   -55    -55    -44    -30    -60    -55    -37    -17    -14    -10    -38    -31    -20    -28    -26    -61 
   -30    -17    -57    -69    -99    -99    -78    -79    -43    -36    -86    -75   -127   -113   -105   -146 
  -196   -171   -112    -88    -52    -22    -17    -92    -84   -122   -102    -68    -81   -207   -163   -120 
  -147   -114    -76    -52   -142   -146   -181   -219   -117   -168   -184   -140   -115   -140   -102    -77 
   -60    -87   -134   -191   -211   -168   -167   -123   -116   -117   -115    -35    -27   -114   -112   -114 
  -117   -189   -212   -143    -61    -66    -92   -106    -36     22   -177   -142   -121    -61   -147   -200 
  -136    -35    -90   -168   -190   -109    -16    -63   -119    -52    123    -99   -139   -152    -63   -228 
  -185   -197   -155    -20    -13    -86    -84    -58   -104    -77    -64    -41   -146   -151   -126   -135 
   -38     47    -40    -77    -96    -67    -22    -18    -63    -95   -125   -132   -102    -40     -7      0 
   -19    -34    -34    -22    -27    -27     53    173     90    -18    -17     89    249    186    258    137 
    66    157    361    432    353    616    257    266    189    297    140     66    -11     -6     43     -4 
    -8     46    213     -5     -3    -48    -59    -29    -27    -25    -33    -22    -49    -36    -38    -42 
   -76    -75   -116   -115    -86    -33      4    -80    -54    -53    -13    -40    -75   -142    -98   -166 
  -143   -143    -82    -18   -112    -58    -22    -17    -53   -106   -133   -121   -108    -31    -85    -70 
   -32    -76    -39    102    294     -5     22    -13    -62   -137    -69    -89    -80    -61   -119    -90 
   -36     -8   -137   -102    -38    -29   -161   -152   -127   -102   -140   -123    -58   -107   -109   -190 
  -178   -136    -96   -128   -228   -160   -118   -124   -147     69    298    -26   -232   -277   -133   -108 
  -132   -241   -140   -154   -155    -47    -32   -128   -110   -192   -160    -70   -115   -102   -117    -92 
  -170   -146    -45    -93   -214   -199   -225   -138    -73   -165    -46    -43    -57   -116   -146   -142 
  -177   -207   -135   -162   -120    -80   -157    -80    -87   -116   -109   -132   -136   -134   -139   -112 
   -95    -80   -105   -122    -62    -58    -77    -89    -78    -91    -82    -95    -89   -106   -119   -124 
  -121    -54    -49    -78    -92    -74    -71    -81    -87    -84   -111   -102    -77    -72    -75    -59 
   -88   -109   -121   -129   -108   -158    -66    -67    -98     -1    -58    -19    -69    -70   -108    -64 
  -100    -45   -131    -71    -40    -17   -109    -82    -80    -52    -72   -120    -71   -104    -64    -51 
  -116   -131   -108   -105    -75   -133    -74    -70    -97   -138    -69   -173    -97   -111   -119    -25 
   -70    -99    -90   -120   -133   -205   -131    -54   -112   -147   -101   -172    -91   -187   -127   -114 
   -75   -100    -88    -36    -62      9   -208   -178   -262    -59   -111   -130    -82    -71    149     39 
   -84    -24    -94   -130   -136    -82    741    150    -86   -154   -154    -86   -129   -130   -180   -267 
    53   -245   -207    -57    570   -101   -115   -180   -139   -141   -127   -247   -112    -23   -178   -331 
  -174    -11    -44    -57   -157   -116    -57    -93    -87    -21   -113   -160   -136   -170   -153    -89 
   -45    -98    -57    -44    -43    -67    -89   -139   -186   -111   -159   -140   -128    -87   -117    -93 
   -48    -76   -125   -131   -151   -168   -169   -151   -130   -158   -140   -130    -97    -80   -110    -89 
   -92    -95   -109   -104   -112   -179   -184     -8    -83    -97    -44    -39    -48    -86    -81    -35 
   -37    -44    -36    -26    -46   -114    -94   -103   -108   -143    -54   -109   -128   -141   -125   -106 
   -26    -54   -107   -100   -142   -137   -144    -92    -90   -199   -214   -117    -72    564    -75    -49 
   -80   -165   -107   -132   -218   -148   -135   -113    -45    -49    -37    -49   -106    -93   -115   -116 
  -161   -244   -215   -190   -152   -133   -101    -42    -79   -131   -155   -115   -159   -192   -204   -249 
  -258   -265   -271   -169    -33    -99   -161   -155   -112   -240   -299   -187    -61   -163   -127   -206 
  -128    349   -113   -199   -103    373   -115   -150    -37   1456    310   -181   -115    -26    742    -28 
   -48    191   1414    565    -14    489   1132     76   -133    -67    -18    931    340    531   1402   1506 
  1438   1063   1697   1805   2496   1226   1321   1029   1517   1283   1107   1045   1255   1333    988    916 
  1141   1371    907    887    829    845    743    736    738    863    588    447    581    479    703    711 
   660    490    339    438    541    474    681    638    834    577    430    552    712   1012    594    373 
   -73   -125   -158   -169   -142   -159   -121   -121   -163   -182   -153   -101    -88    -76   -129   -168 
  -155   -182   -199   -116    -27   -165    -84   -102   -129    -96   -158   -179   -116   -107   -157   -151 
  -162    -78   -173   -174   -186   -203   -117   -165   -162   -123   -148   -119   -201   -174   -134   -141 
  -174   -110   -125    -65    -92   -153   -117   -163   -115   -155    -88    -38    -31   -131   -102   -103 
   -91   -198   -252   -204   -198   -252   -231   -215    -81    -86   -310   -283   -197   -144   -123   -268 
  -134   -258   -308   -376   -200   -127   -237   -524   -568   -323   -140   -176   -197   -151    -81   -137 
  -179    -69    -48   -209   -433   -419   -300   -105   -251   -183   -142    -79    -27    -30    -46   -160 
  -274   -465   -387   -255   -118    -91   -122   -164    -76   -108   -108    -71   -107   -154   -342   -345 
  -232   -167    -85   -119   -103   -113   -107   -101   -106   -136   -134   -190   -234   -196   -124    -55 
   -38    -35    -49    -40    -29    -17    -23    -39    -84    -68    -50    -18    298    264    377    108 
   114    188    177    304     -4    -44    -15    -26    156     92    140    292    415    165    435    451 
   412    144    356    547    482    459     12    194    176     94    304    629    683    515    559    473 
   368    515    237     68    201     58     -3    146     -1    578    252    283    201     98    293    121 
    19     68     -5     68    -19     -9    492    568    406    495    154    550     91    175    153     -6 
     2     -1    155    603    859    578    536     -2    220     27    301    108    311    507    857    426 
   402    -10    296    345    -20    214     60     -1    273    446    497    906    508    233    420    750 
   481     69     42     85    318    228    342    150    335    289    653    784    591    381    425    361 
    90    -22     -4    275    166    281    241    468    785    854    331    615    456    199    -12     -4 
     0    229    216     75    136    369    673    381    438    669    418     -7      0     -2     -1     -6 
    45     -2    296     42     -5     59    120    206    185    170     93     -2    -17     -6     -5     47 
    76     -2     -3     91    130    289    311    274    112     48     74    129    192    254    211    147 
   226     93    258    509    748    810    639    191    644     -5    -40     -2    -21     -7    -15    413 
  1043   1110   1163   1044    413   1105    584    469    112    -21    -26    -11    796   1311   1675   1699 
  1936   1284   1040    793    568     -2    -24    -50    -29    988   1101   1617   1385    722    403     -1 
   289    655     22    184    -61    -51    375     87    508    412    -11    -60    -97    -31     78    -44 
   -32   -108    -66    -70   -151   -157   -195   -181   -163   -133   -147    -60   -104    -97   -113   -115 
  -152   -207   -175   -226   -215   -238   -207   -229   -194   -244   -283   -215   -182   -205   -302   -214 
  -248   -232   -262   -231   -230   -168   -210   -267   -276   -258   -210   -276   -227   -241   -187   -197 
  -237   -317   -280   -218   -225   -224   -211   -142   -236   -194   -199   -158   -163   -147   -237   -204 
  -134   -174   -152   -123   -101   -145    -86    -71    -68    -46    -49   -120   -125    -93   -122   -121 
   -58    -30    -78    -40    -60    -61    -43    -30    -55    -55    -81    -86    -67    -29    -21    -19 
   -17    -15    -34    -21     -7     -6    -17    -39    -60    -63    -37   -134   -122   -160   -133   -109 
  -130    -96   -145   -108   -170   -125    -88   -124    -80    -76    -98    -77   -112    -89    -57   -126 
   -47    -87   -111   -132    -94    -23      0    -18     50    -98     70    -55    -81    -68    -15    -82 
  -108   -127    -41    186    -44    -17    -62    -23   -115    -67    -58    -35    -66   -115   -105   -104 
   -18    -51   -130    -84   -155   -120   -171   -171   -129    -82    -99   -102    -71   -123    -80   -186 
  -156    -70   -254   -101   -212   -136     61    -58    -94    -46   1696    318    -44    461    829   -192 
  -190   -133    -65    599    -50   -113    -12   1730    197    184    -44    -83   1157   -162   -196   -177 
   -62    -70    -46    -27   -118   1176    701    -21    -73     -2   -107   -122   -202   -163    -74    -82 
   -45   -127    -34    -46    -80    -68    -36    -45   -118   -269   -163     -4   -128    -37    -43    -41 
   -23    -55    -68    -22    227    -24   -145    -31    -63   -144    349     -4     -7     33    -40    -20 
    -2    -14    -20    -54    -44    -56   -137     73    131    -19    -21    -35    -29    -15    -25    -43 
   -57    -86    -81    -47    -50    -95    -78    -78    -62    -51    -90   -117    -49    -36    -94    -98 
   -79   -154   -242   -202   -168   -151   -162   -162   -245   -208   -131   -196   -169    -84   -118   -196 
  -238   -235   -172   -139   -179   -180   -228   -199   -150   -122    -88   -104   -169   -216   -200   -232 
  -131   -182   -215   -205   -184   -177   -130    -90    -66   -155   -159    -87    -72   -198   -226   -318 
  -270   -275   -250   -176   -158    -89   -213   -119   -101    -64    -61   -186   -178   -185   -217   -219 
  -145   -122    -33    -62    -41    -75   -108    -29    209    203    -15   -100   -124    -89    -65     56 
   -24    -55    -14     -1    194    -21   -117    846    424    901    710    154    308    -40    526    628 
    49    446    380    943   1259    895   1474    697    323      9    111    113    580    142    -16    -41 
   -13    -63    -46    -16   -112    134     69    -67    -34    -32    -54    -48    -51    -49    -83    -88 
   -81   -103     -8      4    -19     -1     52    -34    -29    -51    -41    -27    -54    -62   -104    -56 
   343    238    350    307    399    455    455    276    370    429    126    -21     -8    237    266     55 
   142    387    540     -5     -8     81    184    -20    -23    -14    -16     13     32     -9     -5    382 
   243    -23    138    -38    -61    -29    140     -2    102     93    -17     45    158    203    -10     -1 
   -68    -88    -68     -8    -41    -29    -52    -67    -76    -37     -6    -51    -38    -58    -88    -64 
   -34    -72    -50   -120   -121    -58    -29    -47    -11    -10    -36   -114    -62    -27    -66    -98 
  -132   -137   -150   -161   -194   -225   -223   -132   -102    -56    -31   -133   -184   -191   -206   -203 
  -236   -198   -190   -215   -139   -108    -97    -35    -59   -141   -136   -184   -168   -198   -198   -170 
  -244   -189   -166   -186    -79    -68    -84   -112    -98   -127   -128   -123   -186   -281   -206   -194 
  -238   -115    -18    -75    -96    -73    -82    -71    -63   -150   -162   -117   -133   -111    -60    -35 
   -23    -23     -7    -16    -16     -1    -53    -76    -59    -88    -40    -24     -7    187    233    118 
   -14    -10     39     -4     13    -10     -2     36    123     54    132     -6    -17    -32    -13    117 
    16     -5     -6     -4     16     36   -127   -145   -141   -132   -158   -160   -126   -115    -99    -84 
  -150   -172   -136    -89   -167    -89   -129   -111   -231   -245   -144   -162   -135   -197   -211    -99 
  -139   -211   -110    -85    -46   -139   -220    -87    -77    -11    386    -60    -84    -92   -198    -68 
   -30   -104   -140   -163    -70    -63   -196   -111   -132   -100   -144   -147    -72    -77   -197   -147 
  -133   -114   -118   -138    -31     28    671    -18   -106    188    -57   -133   -115   -206   -121   -120 
  -147   -198   -115    -46   -121   -216   -111   -175   -250   -345   -255   -370   -356   -258   -182   -110 
  -100   -190   -295   -131   -213   -215   -173   -164   -291   -258   -229   -144   -146   -127   -193   -269 
  -104   -136   -259   -299   -251   -316   -402   -410   -396   -246   -223   -210   -364   -244   -202   -229 
  -292   -251   -246   -294   -382   -472   -301   -211   -145   -213   -174   -159   -115   -136   -130   -148 
  -151   -211   -269   -171   -115    -76   -125   -114    -97    -59    -59    -90    -91    -84    -73    -66 
   -42    -66    -96   -144   -167   -157   -109   -105   -111   -132   -131   -132   -122   -122   -125    -49 
   -15    -57    -88    -64    -37    -48    -34    -48    -27    -46    -54    -94    220    156    -11     77 
   186    332    166    -37    -71    -26    -16    -41    -90     -1     17    314    575    337    243     -6 
   -10    -10    196      0    -40    -30    -53    -15     -2    639    265    408    144    473    341    375 
    67    208    407    -34    427    324    625    310     -9    396    735    761     -9     90    271    353 
  -104    -58     46    220    -78    -81    -58    -31    -98   -116    -53    -24     -6   -109   -104    -41 
    -7   -137   -116    -51    277    -95   -182   -138   -157    -46    -71   -199    -99    -84   -153   -146 
   -25   1028    -33   -191   -255   -124    -51   -113   -156    -87    -12    -54    -76    -37    633     -3 
  -158   -187   -103    -18    -51    -90    -38    -63    -53    -63    -56    103     78    -23   -108    -19 
   129    -17    -30    -30    -59    -63    -61    -57    -19     65    -21    -36     -3    -44    -24    -27 
   -51    -50    -47    -24    -34    -41    -39    -71    -55    -44    -68    -38    -41    -48    -70    -87 
   -65    -63    -67    -84    -85    -58    -93    -91    618   1244     49    -22    859    146    -86    -23 
   -89    -51     -6    103    -29    731   2239    908    314    691    786    -96     -4    230    153      7 
   171    -39    708    351     59    -11   -106    -34    -19    -77    -82    -33    -99    -34    -39    262 
  1813   1129    512    330    203    161    -63   -106    649    -42    547      9    -20    900    385    -63 
   -71    -80    -23    -66    -51    -25    -74   -159   -129   -205   -252   -166   -204   -341   -314   -305 
  -471   -477   -423   -341   -270   -161   -362   -338   -344   -357   -348   -291   -498   -647   -514   -543 
  -497   -222   -153   -288   -274   -239   -318   -310   -266   -318   -466   -552   -451   -404   -354   -230 
  -172   -212   -272   -396   -355   -279   -274   -330   -348   -212   -123   -152   -142   -180   -177   -213 
  -277   -257   -196   -213   -154   -106    -11    -60   -114   -177    -95   -114   -111   -136   -161   -118 
  -117   -200   -240   -107   -137   -215   -197   -172   -227   -191   -252   -206   -209   -198   -239   -261 
  -223   -236   -249   -173   -193   -238   -210   -170   -203   -176   -170   -198   -133   -147   -222   -253 
  -185   -247   -171   -264   -224   -257   -179   -107   -120   -131   -225   -221   -231   -204   -236   -234 
  -284   -233   -163   -227   -185   -144    338    -47   -175   -141   -114   -225   -334   -376   -274   -150 
  -203    -98   -140     -9    -34   -231   -172   -130   -231   -319   -309   -258   -244   -290   -164   -108 
  -169   -235   -230    -79    -68   -199   -177   -170    -65     88   -154   -196    -96   -138   -242   -261 
   -39    -39    -28    -42   -228    -87    -66   -104   -206   -223   -161   -259   -319    -53    -65    437 
   -89    -86    -24    -61   -177   -206   -359   -392   -440   -444     21    -97   -145   -183    -27    869 
  -116   -278   -115    -92   -217   -397   -322   -233   -193   -204   -275   -216   -117   -136   -174   -126 
  -116   -310   -383   -230   -235     -5   -243   -222   -261   -180   -192   -142   -139   -107   -176   -269 
  -326   -145    -47   -131    -68    -71    -69   -101    -77    -87   -182   -243   -193   -186   -141   -121 
   -24    -12   -121   -136   -146   -129    -96   -170   -145   -172   -234   -137   -117    -55    -58   -121 
  -176   -179   -153   -152   -174   -167   -173   -177   -148   -128    -35    -11    345    -30    -26    -34 
   251    -93   -152   -140   -148   -165   -167     63    422    525    144    100    -10    167     50    -43 
   -26    -79   -113   -121    119    -17    234     -8    -25    -53    -34    576    -19    -56    -45    -96 
  -114      5    -53    -46    -59    -27    -33    -30    415     55    -54     -4    -34    -75     -6    -41 
   -12    -31    -24    -14     13    329   1179    300    429    189    -16    -46    -89    -26    119    485 
   -30    -89   -122    -51    -46    -54    -68    -54   -109    -85    -69    -73    409    -33   -161   -225 
  -112    -88   -111   -157   -143   -146    -52    -34    -71    -83   -119   -207   -279   -259   -281   -191 
  -237   -224   -165   -173   -105   -135   -173   -209   -185   -205   -127   -217   -174   -217   -217   -185 
  -224   -181   -173   -161   -124    -97   -101    -61   -181   -119   -175   -130   -127   -107    -90    -79 
   -86    -65    -41    -27    -48   -100   -107   -111    -65   -126   -108    -83    -94   -106    -85    -88 
   -63    -88    -95   -108    -93    -93    -91   -101   -128   -144   -151   -133   -132   -125   -129   -130 
  -155   -136   -109      0    -16   -110   -106    -50   -113    -79    -72    -84    -64    136     -5    -35 
   -41   -118   -112   -126   -159    -80   -103    -99   -116    -27     38    -99   -113    -78    -73   -107 
  -146   -156    -74    -76    478    -50    -86    -92   -142    -99    -88   -109   -111    -84   -152   -167 
   -13    -53   -103   -165   -111   -109   -106    -84    -58   -136   -113   -154   -152    344   -100   -119 
   189    -68   -141   -138   -100    195   -110    -82    724    776    288   2066     35   1799     -4   -127 
   -58     -7    -39   -188    -88   -117   -174   1895    356   1243   1423   -137   -191   -101   -123   -194 
  -214   -180   -116   -106    100    -76   1381   -172   -229   -231   -116    -96     73    -51   -103    -94 
   -56    -97     -4    -12   -104    -93    -56    -22    -63    -16    -70    -60    -59    -45   -127    -81 
   188    -53    609     25    -60    -66    -81    -66    -85   -107    -93   -137   -146   -110    -87    -12 
  -143   -124    -56    -98    -81    -76    -79    -97   -113    -98   -109   -145   -127   -127    -98    -84 
   -83    -73    -55    -41    -73    -73    -72    -78    -62    -68    -87    -93   -194   -267   -307   -285 
  -244   -253   -262   -243   -268   -213   -187   -197   -159   -231   -304   -378   -364   -323   -222   -272 
  -150   -253   -202   -192   -162   -139   -282   -344   -329   -351   -279   -140   -222   -107    -21    -70 
  -142   -162   -176   -192   -284   -270   -279   -234   -161   -195   -204   -207   -265   -228   -185   -187 
  -182   -162   -195   -163   -185    -90   -105   -205   -230   -269   -191   -224   -190   -130   -113   -193 
  -204   -211   -104   -128   -153   -180   -203   -172   -142   -164   -252   -396   -378   -414   -351   -272 
  -256   -235   -333   -309   -254   -145    -69   -259   -324   -292   -297   -225   -220   -295   -327   -441 
  -530   -396   -230   -164   -214   -197   -201   -180   -186   -205   -154   -264   -385   -526   -524   -391 
  -269   -132   -212   -243   -150   -128   -139   -131   -238   -322   -312   -316   -311   -273   -113   -122 
  -166   -133   -104   -100   -140   -167   -169   -124   -186   -182   -184    -95   -146   -165   -119    -52 
   -77    -81    -61    -21    -55    -70   -129    -88   -131   -177   -179   -144    -96    -96    -83    -55 
   -48    -66    -94   -124   -135    -33    -31    -52    -51     -4    -39    -71    -59    -26    -85    -79 
   -71    -68     -2    -22    -37    -42    119    132     -7    -44    -16    -52    -36     75    162     -8 
     0    -29     34    253    -18    368    -37    -59    -21      8    661    261     -9    259    -23    -27 
   492    -42    -49    -59    -68    145     -5     -1    -11   -102    -75    -75    -35    157    -39   -147 
  -103    -92    -57   -103   -100    -55   -113    -60   -100   -122   -149   -127   -136   -111   -155   -161 
  -120   -132    -87   -120   -130   -150   -176   -136    -73    -46    -51    -62    -71    -23    -84    -81 
  -111     45    -57   -137    -68    -54     27   1077   1745   1881   2090    734    159    -67     -5    -21 
   -74    -51    -15     37    698    987   1145   1445   1222    -12    -23    -28    -58   -104    -80    -27 
   163     84    168    373    907    838    -23    -25     -6    -31    -54    -57    -71    -48    -51     -4 
   414    287    316    -23    -53    -42    -54    -65    -49    -65    -57    -43     -6    -31    -49    -31 
   -20    -43    -52    -60    -67    -51    -45    -51    -50    -24    -34    -50    -19    -13   -112    -85 
  -118   -105   -131    -96    -92   -133    -81    -80    -65    -68   -100    -78    -61   -109    -70    -72 
  -107   -128   -141    -84    -64    -83    -44    -66    -96   -103   -191   -123    -86    -84   -158   -145 
  -163   -139   -153    -65    -80   -146   -146   -232   -141   -178   -147   -148    -94    -63    -95    -72 
   290    -13   -144   -149   -144   -105   -113   -153   -112    -52    -30   -120    -75    -21    -24   -182 
  -149   -134   -134    -84   -136   -249   -268   -186    -95    525    -83    -71   -199     35   -117   -148 
   -35    904   -248   -253   -159    133   1554    -85    -98   -116    847    -49   -206   -153   1059   -165 
  -196   -228    296   1585    -95   -135   -133    395    -54   -172   -146    197    -94   -162   -215    952 
   271    -99   -159   -102    113    -47   -112   -118    -88   -141   -184   -149    667    -39   -121   -146 
  -115    -94    -96   -143   -150   -130   -137   -168   -221    -80    -78   -159   -118    -98    -63    -41 
   -81    -94    -89    -60    -82   -119    -92    -85   -120   -104    -71    -57    -39    -58    -60    -57 
   -75    -86    -83    -68    -70   -102   -102    -63   -162   -135   -136   -160   -209   -191   -111   -153 
  -189   -167   -179   -139   -106   -240   -125   -115   -115   -202   -231   -174   -142   -167   -150   -204 
  -160   -100   -169   -111   -137    -59    -83   -203   -215   -123    -61    -59    -73    -77    -63   -107 
   -71    -72    -29   -102   -177   -193   -175    -24    -52    -30    -43    -67    -20    -73    -46    -26 
   -58    -88   -146   -109    -67    -83    -37    142   -117    -81   -127    -28    202   -131   -103   -157 
  -164   -190   -163   -134     63   -117    -51   -115   -144   -122   -289   -283   -291   -369   -244   -206 
  -186    -11    -54    -93   -158    -39    -54   -109   -199   -173    -93   -157   -224   -256    -45    -38 
   -72    -15    -42    577     -8   -137   -219   -214   -252   -296   -268   -196     31    190    232     -4 
   579    297    -62   -140   -168   -169   -144   -167   -183    -18    -14    147    252    546    268    -30 
  -109    -66    -93    -81    -47    -88    194    168    193      0     -2    -17     -5    -66    -47    -78 
   -60    -34    -49    -14    -14    160    140    155     93    103     -7    -26    -25    -47    -24    -36 
   -74    -95    -70    -65    -56    -53    -34   -106    -91    -81    -55    -38    -71    -62    -81    -68 
   -43    -34    -43     10   -114   -173   -171    -83    -95   -102    -54    -49    -19    590    319    -25 
   380    128    -21    -58    -89    -91   -119    -55    -33    -39    300    265   1393    892    364    -36 
   -31    -80    -63    -79    -43    -56    -84    127    370   1648    721    310     51    -61   -105    -76 
   -69     20    -81    -39    234     -3     -3    -21    520    578   -158   -177   -125    -79    -27   -208 
    28    334    -88   -122   -109    -72    -76   -225   -235    -94    -60    -68   -209   -112    -18    -66 
    60     -4      0    -38    -87    -86    -52    -15    -55    -77    -50     13    -82    -73    -27    530 
   273    936   1105    -17     -6    -44    -43    -63     -5    -65    -90    -37    387    -30    -20    595 
   -41    -43    -26    -39    -40    -36    -55    -75    -44    -18    -77    -39    -22    -46    -90    -10 
   -25    -11     -9     -1    -27    -30    -26    -32     31    -25    -53    -93     -2    118     -8    -18 
   -10     -5    138     68    -10    -15    -29     -5    -41    -38    -60    -38    -57    -86    -46    -41 
   -52    -57    -29    -39    -36    -34    -73   -111    -93   -101   -121    -72    -88    -89    -41    -49 
   -49    -44    -62    -83   -123   -108   -144   -173   -167   -118    -93    -48    -42    -31    -11    -55 
   -90    -86   -110   -138   -155   -178   -128    -89    -38    -57    -17    414     96   -161   -129   -148 
  -160   -135   -119   -142    -74   -115   -154   -119    -28     51   -180   -214   -186   -235   -194   -180 
  -189   -219   -162   -160   -143    -79    -51   -194   -177   -213   -242   -236   -220   -218   -164   -153 
  -263   -160   -141   -107   -198   -250   -225   -147   -134    -89    -51   -161   -252   -299   -260   -201 
  -127    -81   -126   -155    -91    -16    -20    142   -134   -185   -145   -126   -120    -62    -24    -57 
   -33     32     -9    -26     -2    -49   -112    -85    -22    -42     -8    -56    -71    -70    -59    -62 
   -61    -54    -66    -83    -66    -18    -11    -28    -61    -94    -99    -94    -98   -101   -100    -92 
   -88    -52    -15    -22    -17    -62    -56    -55    -57    -73    -80    -68    -65    -66    -44     -8 
    13    -12    -17      0    248     -3     -1    -24    125     -5    -51    -44    -51    -94    -75    -43 
    -4    509    173    -10    -46    -33     -9    -57    -14     -8    -67    -74     41    107     11    -19 
    -4    -10    -39    167      2    306    308    -62    -82    282      9     33    -58    -41     -3    -12 
   279    228    558    380    -15    -68    334     50    209    -50    -42    -58    312    604    234    -15 
    -6    -47    -46    -10    -21    -21    -63    -47   -120   -102    -84    -81     49    430    -53    -65 
   -89    -59   -161   -199   -118    -46   -164   -136   -113     48    169   -100    -69   -150    -36   -170 
  -180   -147    -76   -153   -192   -150    -74     84    -48    -91    -99    -42    -80    -66    -63    -59 
   -81   -130    -54   -100    -56    -82    -74    -42    -18    -15    -38    -65    -58    -57    -48     40 
   106     -3    -58   -115    -55    -48    -47    -60    -43    -30    -18    -24     -7    153     -6    -68 
   -67    -61    -46    -42    -82    -62    -35    -20     32    202    188    -12    -45    -37    -36    -47 
   -42    -55    -54    -56    -48    -26    -30    -22    -37    -49    -40    -21    289    545    139    207 
   378    572    128    -28    -27    -29    -14    -32    134    561    733      6    -17     -5    448    -22 
   -38    -49     63    -10    -14    131     -4    -14    130    407    104     42    -74    -39    -67    -21 
   -48    -13     36     -3    -23    -28    -14     58    346     -7    -47    -90    -73    -99    -64    -43 
   -23    -56    -99   -111    -71     -3    -19   -119   -115   -150    -95    -70    -84   -118   -215   -218 
  -194   -110    -59    -63   -237   -162   -118   -107    -45   -116   -159   -195   -131   -168   -182   -160 
  -142   -185   -250   -185    -61     89   -142   -197   -210   -146    -82    -85    -59   -166   -252   -284 
  -294    -99    -38    -95    -60    -67    -85    -79    -80    -60   -179   -260   -271   -262   -201    -97 
   -44    -12    -52    -32    -18      7    -38    -96   -201   -134   -151   -124    -59     -4    183     -3 
    -7    140     11     -4    -29    -60    -66    -65    -26    -18    -21     65    -11     -7     15    -18 
    93    141    419    338    280    345    -17    -47    -32    -55    -50    -63    -85    -69    -56    -26 
   -41    -63    -52    -71    -49    -84    -58    -72    -50    -51    -12     -1    -39     -1     24    -10 
    -5    -67    -83    -84    -91    -60    -80    -53    -54   -116    -53    -37    -34     -9    -44    -52 
   -56   -108   -101   -102    -58    -36    -62    -42    -21    -88    -54    -71    -40    -38    -88   -101 
   -95   -108    -92    -91   -110    -68   -109    -82    -67    -75   -121   -124   -153   -164   -163    -90 
  -104   -150    -95    -97    -97   -109   -168   -117   -110   -119   -183   -208   -166   -170   -184   -157 
   -88    -47     -3    -73    -71    -55    -53    -99   -128    -75   -110   -228   -227    -96     10    140 
   -90   -108    -69    -89   -140   -173   -111   -172   -186   -209   -114    -20    -72   -104    -89    -41 
   -76    -87   -106   -123   -120    -97   -152   -140    -76    -37    -34    -55    -18    -28    -28    -35 
   -97   -107    -60   -102   -100   -101    177    418     74    -10     -1     83     -2    -47    -50    -10 
   -32    -28    -47    -14    105    -16    -26     -1     96     -2    -13    -12     51     67    113    -13 
   -20    -10    -20    -10    111     95     -3     18     66    204    188     27     -6     16    342    126 
   114    478      1    -24    -17     -5    -29     36    258     90    -19    178      0    215    231    -29 
   -30     -6    271    287    349    560    350    -20    -39    -17     -1     -7    -49     46     36    275 
   603    561    585    484    -17    145    426    311    530    154     -3     -4    -11    -29    -41    371 
   167    -74   -107    -94    -79    -22    -58    -26    -28    -39    -96    -97    -99    -43    -81   -147 
  -130   -141   -114     51    729    696    477    -16    -37    -77    -70    -60    -53    -53   -137   -150 
  -112    -66     -4     -7    351    850    -36    -54    -87   -102    -91   -140   -176   -107    -85    -47 
   -50    292    722    -41    -15    -66   -109    -69   -109   -134    -75    -90    -79   -118    -78   -142 
   -86    -76    -99   -123    -63    -83   -110   -102   -106   -125   -202   -225   -256   -150   -137   -111 
  -120   -124   -118   -132   -124   -123   -131   -163   -179   -148   -151   -129   -106   -151   -140   -143 
  -121   -121   -112   -121   -128   -140   -137   -147   -110    -79    -97    -95    -88    -76    -78    -88 
   -86    -92    -85    -79    -87    -69    -65    -28    -51    -40    -54    -91    -81    -57    -28    -63 
   -57    -50     -2    -93    -60   -106    -59     27    -13    -52    -98    -98    -80    -28    -83    -66 
   -62     -9    -60    -65    -25    102    -83   -103   -154    -45    -44    -51    -43   -120    -73    -83 
   -93    -95    -80   -120   -125   -175    -37    -38     51    -46   -100   -100   -103   -127   -138   -106 
  -128    -74    789    -16    -49   1001     -5   -122     -4    -56    -68    -12    -70   -123   -172   -177 
  -173   -170    683     -4    -75    -86    -73    -35    553    -92   -122   -129   -141   -107    -69     40 
   -27   -116   -164    -13    284    -72    -58    -92    -18   2844    -87   1429    210    235    -84   -108 
   -11    154    -58    124    588    325    441    -70    328    -51    322    -98    -36    -35    -39    368 
    -3    382     -7    232    819   -137    -61     -3    -84    -25    -36    -49    294    -10    -33    -12 
    73    565    -64     77    -23   -131    -85   -111    -99    -70    -57    -86    -60    -65    -61    -42 
   -32    -29   -140    -66    -80    -88    -82    -88   -111   -101    -86   -107   -105    -76    -71    256 
    91    -11    114    238    288    209    237      0    183    135    304    169    209      9    -30    -27 
   -20    -24     -8    -25    -27     84      1    249    175    -28    -64    -76    -70    -96   -106    -84 
   -91    -74    -36    -53    172    294    -63    -67    -97    -79    -87    -68    -51    -69    -87   -112 
   -88    -47    -21    -50    -58    -75    -67    -56    -49    -64    -57   -113    -71   -122    -80    -41 
   -37   -111   -116   -112   -102   -132   -130   -154   -126   -107   -113    -43    109    -27   -148    -78 
   -51    -76   -113   -123    -93     21    -28    -91      9    517    276    -19    -11    -12    -58    -72 
   -61    -30    164    -16    -21    521    819    381    596    130    158    -31    -83    -53     -7    726 
   111    765    142    436    389    -41    -37    -12    -36    -60    -43    -66    -68    -86    -38    -54 
    -2    289    -21    -35    -34    -42    -63    -62    -68    -98   -106    -66    -64     -8    -36    -55 
   -64    -51    -43    -51    -36    -44    -59    -70    -48    -33    -21    -23    -33    -49    -46    -27 
   -31    -40    -28    -13    -29    -22    -17     -9    -63    -23     -9     -4     -4    -24    -26    -60 
    94    114    -74    -93    -58   -100    -72    -56    -46   -118   -125   -121    -91    -62    -15    -30 
    -8    -16   -105    -66    -44    -44    -91    -82    -71    -20    -47    -29    273    107    -59    -44 
    61     32    198    158    -83   -100    -59    -75   -104    -13    -46    -83    -52    -61    -16    478 
   804     26    -32   -120   -107   -167    -35    -49    -92    -13    -52    -24    -58    255    466    632 
    30    576    142     -1    295    -78     28    785    184     -9     -9    -44    -17    -37    137     -9 
   441    971    -33    -96    262    -86    -93    -56    -85   -125   -167    -70    -58    -69    -59    -28 
   -35   -130   -141   -138    -92   -104    -52    -25   -104    -97   -163   -114    115    -55   -136   -138 
  -136   -130    -99    -82   -143   -243   -186   -246   -160    -69    -54    -80   -143   -151   -122   -108 
   -97   -158   -163   -130   -152    -97    -92    -78   -111   -137   -133   -112   -100    -98    -71    -53 
   -92    -64    -67    -74    -87    -84    -94    -90    -96   -100   -112   -108   -108   -121    -95    -91 
   -72     81    281    309     -3    -21     -7    254    562    -11     29    215    402    185    695    441 
   762    755   1061    778    634    520     -1    -34    -62     -6    -13    739    598   1072    751   1113 
  1078    698    489    205     37     55    642    287    522    381    878    589    763   1374   1567   1643 
  1149    934    626    740    647   1145   1617   1941   1534   2052   2400   2729   2534   1662   1397   1207 
   713    882   1294   2491   1973   1801   2510   2446   1408    522    660    624    141    -47    -23   1076 
   504    142    -37    -44    273    -26   -248   -230    -51   -125   -104    -29    -12   -170   -140   -142 
  -108   -155    -95   -213   -296   -210   -225   -151    -65    287    -67    -64   -117   -110    -72    -52 
  -101   -238   -293   -310   -172    -20    323    -21    -10    -20    -39    -36    -22    -67    -94   -110 
  -187    -51    -57    260    -26    -41    -26    -29    -14    -12    -19    160      0     -3      9    -23 
    -9    -42    -63    -71    -45    -61    -37    -35    -18    -21    -38    -35     -9     -7    -29    -35 
   -41    -25    -22    -31    -37    -29    -24    -19    -26     26   -152   -152   -168   -154   -155   -180 
  -173   -147   -184   -238   -199   -176   -117   -245   -202   -183   -192   -160   -188   -210   -258   -271 
  -228   -252   -301   -210   -216   -242   -178   -249   -160   -169   -136   -194   -272   -186   -148   -209 
  -167   -135   -135   -168   -233   -109   -125   -171   -224   -266   -162   -116   -178   -127   -198   -174 
  -178   -267   -202   -159   -278   -332   -262   -242   -153   -170   -134   -127   -206   -225   -212    -96 
   -22   -155   -219   -199   -253   -129   -184   -160    -68    -82   -121   -142     -9    163   -166   -213 
  -233   -210   -184   -143   -108    -39    -25    -58   -167   -138   -110    -49   -201   -243    -70    -85 
  -152   -130    169     82    -54    -57    -79    -73    -24    -84   -131   -117    -21    -74    -48    -55 
   -74    -27    110    -95   -102    -89   -122   -136   -132   -177    -48    -10   -136   -177   -140   -144 
  -120   -136   -133   -115   -116   -118   -152   -112    -98   -143   -143   -120   -128   -118   -175   -160 
  -144   -147   -127   -126   -174   -134   -103   -103   -117   -102    -69    -82    -94   -123   -149   -144 
  -101    -90   -127   -161   -204   -189   -120   -140   -157   -180   -170   -115    -97   -127   -173   -159 
  -101   -196   -145   -153   -205   -189   -214   -165   -149   -163   -188   -167   -128    -87   -188   -153 
  -153    -73   -103   -171   -127   -153   -143   -130   -141   -104   -123   -172   -206   -175    -87   -109 
  -174    -59   -120   -165   -160   -196   -172   -124   -162   -169   -152    -56   -116   -233   -163   -249 
  -189   -205   -178   -159   -132   -103   -101    -82     -4   -145   -168   -171   -229   -206   -196   -164 
   -81    -30    -30    -58    -29    -12    156   -177   -131   -114    -20   -113    -75    -52     84    -38 
  -180   -214    -88    -87    -66    -89    -12    349   -101    -60    -49    -25    -49   -105   -139    -31 
  -125    -67    -53    189    231    383    588    -11     24    -35    -43    -96    -67   -105    -80    -46 
   342    -14    617    121    -37     19    -41    -94   -101    -99    -87    -92    -92    -97   -148    -95 
   -84    -68   -119   -157   -178   -164   -131   -152   -153   -133   -124   -135   -112   -155   -134   -120 
  -162   -176   -161   -140   -142   -146   -143   -144   -143   -120   -153   -142    396    363    438    234 
   139    236    132    211    -34    -21    -37    -49    -38    502    581    644    814    802    915    797 
   710     -2    -12     53    -32    -26    630    901   1225    742   1015   1284    780   1361    623    356 
   370     -7    -12    888    466    927    814    618   1151    828    880    776    125    449    -23    -17 
   275    -24    155    174    -31     -1    322     -3    -21    -65    311     -5    -20    -27   -151   -115 
  -147    -57    -26    187    -93    -53   -138   -114    -92    -48    -67   -185   -127   -181   -163   -174 
  -136   -158   -204   -227   -226   -149    -83    -76   -225   -160   -207   -134   -171   -190   -246   -322 
  -335   -276   -163   -125    -73   -165   -170   -214   -142   -189   -194   -271   -185   -238   -246   -186 
  -109    -45   -161   -163   -192   -138   -135   -104   -138    -70   -135   -133   -112   -103    -90   -151 
  -107   -144   -125   -115    -82   -110   -105   -143   -138   -151    -89    -43    -93    -79   -101    -85 
  -100    -77    -88    -79   -124   -130   -107    -51    -11    -40    -40    -45    -24    -36    -22    -23 
   -28    -56    -52    -56    -24    -17    -24    -35    -24    -10    -21    -34    -31    -37    -24    -31 
   -64    -32    750   1211    787    689    783    568    359    379    911    578    333    374    509     -2 
   -33    -23    -18    -35    -17    -16    -57    -68    -38    -16    -13     -6    -35    -14    -25    -25 
   -51    -41     66    517    149     74     61     -5    186    -23    346     56    154    105    -33    -12 
    32    181    264      0    152    299    -32    -37    -17     -7    -30    -26    -55    -81   -107    -80 
   -36    -14    116    -34    485    -18     -8    690   1352   1085    429    278   1270   1184    -19    -11 
   319   1435    260    139    -10    -12    242    156    528    427    848    319     86     33    -66    135 
   290    -27    -28     -4    401    886    997     -4    281     19     91    -11    -16     84    210    197 
   225    422    507     -7    -13    444    444    223    281    287    191    230    288    127     21    -40 
   -13     20    -10     28    218    143    144     81      0     37      6     93     -4    106     43     63 
    62    -20    -22    -12     -1     -5    -14    -19    -11     -6     -5     -6    -25    -24    -24     -9 
   246     10     -3    -23     -4    -59   -114    -75    -38    -42    -43    -46    -60    -64    -30    -70 
   -66   -102    -48    -86    -38    -83    -69    -45    -41    -79    -40    -71    -67    -69    -39    182 
   -68    -45    -21    642    397    -47    -76    -24    -23    -37    -21    272    976    201    -20    -39 
   590    530    -25    -85    -24    -16     90    -23     -9    254    181    -40    502    809    587    -49 
  -127    -91    -83    -75    -85    -62    -82   -106    -69    -30    242     -8    -72   -180   -101    -81 
  -116    -71    983    663    133    -87   -102    -23    -28    -37   -125    -85    -61   -150   -102   -122 
  -163   -165   -224   -139    -58    -28     75    -56    -50    -34    -73    -78    -94    -47    -97   -140 
   -80    -27    119    -51   -105    -55    -24    -44    -49    -51    -33    -55    -36    -69    -69    -53 
   -87    -73    -82    -83    -62    -43    -50    -93   -139   -139   -135   -134   -113    -72    -83    -78 
   -79    -67    -65    -61    -78   -104    -76    -80    -89    -99    -38    -45    -55    -52    -52    -49 
   -48    -62    -64    -62    -60    -70    -69   -121   -157   -147   -130   -177   -198   -198   -171   -220 
  -144   -168   -199   -200   -125   -212   -182   -171   -241   -291   -222   -220   -280   -144   -156   -166 
  -143   -169   -220   -199   -199   -234   -280   -207   -112   -119    -63   -135   -148   -131   -121   -235 
  -103    -78   -101   -132   -170   -167   -222   -142    -97    -41   -131   -132   -245   -199    -38   -163 
  -167   -185   -203   -232   -260   -234   -207   -159   -208   -191   -321   -329   -488   -438   -502   -423 
  -505   -558   -413   -356   -254   -445   -408   -434   -421   -458   -346   -493   -406   -541   -505   -285 
  -206   -192   -319   -369   -313   -279   -256   -303   -295   -300   -257   -319   -241   -154   -161   -237 
  -122   -100   -118   -113    -11    -50   -227   -246   -297   -236   -191   -103   -156     35    -48    -18 
   -11    501    -13   -186   -289   -260   -155   -178   -192    -68    227    -12    -46    -39    -45    -90 
  -191   -297   -230   -258   -221   -186   -100    -42    -82    -80    -45    -37    -19   -104   -128   -140 
  -156   -132   -128   -127   -116   -127   -138   -126   -117   -133   -143   -117   -119   -136    -97    -95 
   -16    131    366    337     91     -3      0     67    185     75    -27     -3     64    142    259    -10 
    -3     -3     -5    -49    -15     50    376    487    579    471     -2    -41    -35    -15    -41     -5 
   -38    -48    -11    280     71     56    173    -16    -56    -44    -17    -81    -44    -51    -75    -32 
   -24    -39    -25    134    -44    -74    -65    -90    -79   -114    -92   -105   -108   -116   -109    -40 
    -3    -61    -90    -89   -105   -149   -176   -112   -140   -130   -110    -80    -45    -43    -45    -94 
   -83    -97   -147   -134    -52    -80   -115   -102    -17    -39    -33    -47   -130    -70     -7    -48 
   -55    385     89    -39    -31    247     42     98     -2    -68    -17     56     -9    -25    253    271 
   132    -65    -33     78    124     20    -36     23     75    247     89    148     -3    -34    -79    -61 
    -8    203     86    135    262    385    393    135    -18     -5    -31    -31     -8    -14     61    -29 
   -40    -37    -20    -34    -47    -53    -59    -64    -41    -43    -57    -36    -37    -59    -62    -56 
   -55    -54    -54    -63    -63    -68    -60    -50    -27   -121    -62    -59    -63   -169    -99   -100 
   -65     -2    -90   -111    -70    -69    -51    -66   -103    -95    -37    238    -41    -96    -10    -65 
  -147   -177   -198   -102   -104    -76     99    -78    -60    429    -24    -72   -106   -145   -140   -125 
   -52    -21    -43    408    -92    -97    -33   -184   -133   -118   -173   -179    -78    411   1619    704 
   933    -39   1066    -41   -146   -151    143    -29    -22    -23    826   1111    545   1041    286   1670 
   210    -48    -80    -32    -75    -67   -102   -111   -143   -112     -4   -168   -229   -218   -211   -242 
  -408   -363   -194   -151   -155   -239   -173   -150   -115   -126   -172   -215   -236   -407   -395   -157 
  -133   -186   -211   -168   -131    -56   -103    -96   -126   -125   -214   -216     -9    -26   -109    -84 
  -187   -168   -149   -174   -142    -94    -97   -137   -103    -26    -43    -86    -83   -161   -160   -182 
  -209   -167   -106    -83   -105   -127   -112   -104    -69   -101   -143   -110   -121   -144   -110   -112 
   -91    -84   -105   -108   -130    -67    -61    -85    -79    -79    -89   -122   -140   -120   -110   -107 
  -105   -102    -55    -88    -35    -45   -104    -62    -60    -55   -115   -115    -44    -37    -21   -118 
  -111    -88   -113   -145   -163   -134    -99   -123   -102    -72    -78    -71   -136   -195   -149   -137 
  -115   -166   -147   -125   -101   -118    -96   -107    -89   -128   -223   -188   -158   -119   -192   -224 
  -186   -160   -136   -151   -131    -90   -122   -226   -175   -185   -186   -171   -261   -195   -134   -166 
  -130    -72    -24   -161   -174   -166   -153   -141   -184   -139   -153   -172   -207   -126    -49    -30 
  -139   -113   -112   -143   -136   -170   -159   -154   -189   -202   -158   -130   -108    -94    -95    -40 
  -147   -200   -241   -177   -187   -168   -128   -155   -134   -122    -99   -122    -47    -67    -69   -120 
   -33    -30    -71    -88   -158   -120    -90    -73    -89    -29     49     23     -6    -23      6    177 
    -7    -20    237     66    -61    -74    -45    -34    -21    -22    -19     74    185    374    -12    216 
    16    -18     -4     -7    -10     11    -15     -3    -28    -14    -21    -22    -18    -17    -32    -41 
   -43    -54    -58    -59    -41    -38    -22    -33    -51    -51    -28    -72    -71    -85    -79    -92 
   -65    -74   -110   -173   -198   -221   -253   -178    -47    -99   -162   -162   -151   -161   -133   -191 
  -242   -269   -271   -224   -157    100    -92   -217   -227   -209   -116    -76   -194   -220   -296   -285 
  -208   -116    -92   -218   -277   -206   -178   -107   -189   -257   -207   -186   -235   -224   -150   -116 
  -250   -267   -192   -147   -135    -87   -172   -188   -152   -178   -159    -91   -163   -293   -229   -211 
  -279   -151    -89    -79    -69     -3    -60    -58    -79   -172   -307   -170   -213   -233   -127   -204 
  -315   -282   -103    -42    -23   -114   -115   -193   -103   -160   -178   -135   -129   -279   -292   -168 
  -207    -96    -85    -30    -86      0    -88   -146   -134   -134   -260   -275   -241   -327   -198    -72 
   -22    -74    -34    -71    -98    -95   -110   -176   -218   -157   -178   -114    -34    -33   -103   -106 
  -129   -177   -203   -138   -109    -89   -133    -92    -94    -44     -8   -124   -100   -104    -85    -93 
   -96    -52    -33    -59    -36    -81    -47    142    -24    -23    -16     60    -22    -26    -12     82 
    -6     -4    -22    -22   -104    -93   -121   -148    -44    -71   -165   -170   -167   -127   -145   -187 
  -132    -72    -35    -89   -167    -61    -73   -181   -153   -261   -204   -270   -329   -275   -138   -140 
   -77   -151   -239   -285   -221   -157   -118   -224   -325   -327   -269   -171   -211   -155   -204   -113 
  -118    -61   -231   -190   -306   -231   -239   -201   -131   -137    -29   -206   -113    -42   -178   -175 
  -139   -167   -187   -176   -164   -227   -102    -19   -111    -82   -128   -454   -487   -475   -398   -263 
  -183   -199   -317   -293   -154    -95   -136   -138   -230   -270   -262   -239   -184   -146   -176   -252 
  -308   -199   -171    -62   -107   -188   -184   -132   -267   -193    -62    -94   -162   -199   -196   -172 
   -90    -98   -129   -169    -50    -44   -243   -152   -241    -62   -161   -189   -132   -100    -48    -96 
   -33    -74    406   -101    -65    -99   -159   -189    -71    -84    -85    -78   -108    -92   -148    -83 
  -155   -132    -98   -105   -142    -64    -91    -76    -96   -123   -105   -111   -108    -88   -133   -111 
  -122   -112    -68   -110   -136   -155   -125   -116   -125   -114   -106   -116   -109   -128   -145    -71 
   -77   -111   -194   -123   -122   -157   -135   -187   -221   -173   -124   -150   -139    -98    -35   -180 
  -190   -135   -144   -199   -301   -332   -314    -39    -67   -101   -125    -52    -66   -212   -187   -141 
  -222   -218   -181   -192    128    -83    -73    -73    -91    -41     18   -140   -135   -222   -136   -184 
  -224    -44    -10    -31    -56    -90    -62    381    -24     -7    -80    -85   -120   -143    -54    472 
   452    -29    -62    -20    628    371   1106    331     -1    421    -55    -88    -51    -62   -131   -142 
   243   1277    959    -69    -47    121     26    -90   -106   -136   -144   -163   -144    -89   -168   -193 
  -299   -181   -222   -175   -203    -66    -99   -190   -245   -232   -254   -284   -268   -188   -124   -329 
  -169   -196   -170   -268   -250   -221   -258   -314   -324   -211   -103   -182   -365   -191   -174   -200 
  -239   -221   -179   -173   -193   -196   -271   -230   -279   -306   -225   -181   -125   -196   -204   -176 
  -174   -184   -177   -217   -241   -225   -232   -214   -208   -184   -269   -270   -239   -236   -291   -293 
  -272   -298   -295   -248   -228   -219    -85    -80   -112   -114   -102   -103    -95   -100    -62   -102 
  -113   -107   -110   -149   -185   -180   -190   -225   -213   -152   -143   -119   -140   -135   -134   -116 
  -168   -249   -251   -239   -236   -256   -194   -214   -193   -168   -178   -190   -120   -156   -255   -245 
  -205   -179   -159   -162   -249   -261   -146   -152   -141    -85   -123   -170   -222   -214   -194   -175 
  -207   -292   -276   -152   -176   -189   -135   -187   -229   -216   -289   -264   -264   -193   -186   -181 
  -165   -146   -147   -127   -126   -185   -220   -211   -175   -174    216   1058   1545    429    -89   -122 
  -105   -120   -137   -147    -87   -121    -96    -33   1531   3040   2382   1041    554     91    -32    -30 
   -73    489     -1    -25    -38   1613   2861   1866   2383   1637    595    -29    287     -9    438    242 
   123    397   1434   2015   1500   2401   1721    723    110    426    343    214    111     93    171    796 
   769    568   1037    819     58     -4    237    147    170    221    440    270    457    380    324    669 
   435    -24    -16    131    198    207     98     34     -7     19     76    284    547    374    -22    -93 
   -80    -80    -97    -63   -104    -81    -88    -95    -58    -84    -71    -71   -102    -77    -99   -146 
  -125   -144    -97    -71   -119   -102    -79    -18    -20   -129    -96    -95   -149   -123    -86    -69 
   -18   -107   -103    -41    -44    -94    -93    -94   -104   -147   -130    -84   -131   -105   -155   -127 
   -57    -80   -107   -101   -129   -139   -204   -185   -151   -151   -170   -175   -203   -127    -64    -67 
   -53   -153   -192   -250   -279   -152   -143   -125   -205   -250    -92     55    -37   -106   -194   -133 
  -260   -323   -204    -67    -69   -255   -327    -53   1167    -29    -75   -161    -19    -89   -199   -110 
   -10   -123   -215   -305    -17   1595    172    -77   -146    716     75    -96   -131    283    -25   -117 
  -134    433   1326    110   -124   -165    -18    -25    -49    -93    -30    -58   -155   -116    112    104 
   -25    -91   -141   -101    -82    -59    -78    -61    -80    -78    -69    -53     -5    -82    -66   -113 
  -113    -85    -47    -42    -32    -29    -63    -20    -27    -15    -86    -56    -82    -82    -60    -40 
   -48    -59    -58    -58    -30    -25    -17    -48    581    701    905    681    801    433    326    337 
   639    756    411    226    372   1168   1279   1280    963    620    523    478    804    616    695    849 
   850    786    876   1698   1253   1267    272    496    527    654    241    281    458   1001   1089    618 
   984   1048   1486    249    468    490    594    930    344    455    480    914    240    416    724    922 
   473    285    817    624   1015    328    291    359    573     -9    359    335    442     61    -37   -151 
  -207   -127    -99    -63    -25     -6   -106   -111   -119   -107   -132   -110   -139   -226   -184   -128 
   -85    -85    -60   -129   -176   -168   -135   -133   -150   -117   -147   -139   -121    -89   -131    -58 
   -83   -220   -208   -148   -117   -109   -114   -132   -147   -187    -74   -145    -50    -84   -164   -194 
  -181   -148   -100   -112   -132   -147   -144    -95   -151    -51    -74   -100    -94   -106   -112   -114 
  -101   -102    -86    -69    -76    -68    -30    -91   -145   -116   -124   -147   -118   -110   -105   -131 
  -114    -93    -90    -25    -40    -69    -66    -82    -94    -56    -44    -53    -87    -80    -75    -72 
   -29    -11     13    -23    -26    -13     16     -9    -27    -14    -22    -40    -17    -14    -17    -36 
   -50    -59    -50    -38    -30    -57    -87    -69    -64    -70    -71    -17     -6    -22    -36    -14 
   -20    -21    -25    -64    -38    -52    -10    -47    363    229     63    -17    -27    -20    -35    -35 
   -33     -6    -10     22    -14    161    -36     27    -44    -44    -38    -28    -68    -51    -50    -24 
   139    133     19    228     -6    -16     81    203    -56    -63    -66    -53    181    -15    121     -7 
   661    339    -47     -7    -36    -70    -77   -114   -134    169    155    -20    -21    -19    169    -42 
  -127    -92    -85    -88    -85     43    380    320    378    -42    293    -48    -65    -49    -22    -73 
   -77   -103    -18    438     78    220     -2     66    -31    -55    -55    -42    -37    -49   -141    -34 
   -44    -62     90     -9    -31    -57    -70    -46    -31    -30    -50    -87    -23    -50    -19    326 
   -32    -42    -72    -80    -71    -78    -78    -69    -89    -80    -69    -51    -29    -26    -56    -67 
   -79    -77    -77    -76    -73    -77    -84    -69    -59    -26    551    353    348    358    139    -17 
    -4     89    -15    -12    189    -31     87    825    105    -12    199    414     -3    -30    -47   -106 
   -39     -5     -8     45     78    -97    -62    -50    -25      3    -50    -20    -42    -25    366    358 
   565    -20    -69    -51    -99    -63    -16   -120    160     -2    -33    156    648    922    -28    -69 
   -58   -120   -129   -121   -147    -16    -26   -126    -72    -62     84   -116   -145    -85   -156   -110 
  -157   -104   -126   -149   -150   -112    -28    276   -139   -220   -184   -188   -185   -211   -203   -212 
  -326   -278   -213   -122    -22   -101   -291   -277   -283   -268   -277   -221   -205   -296   -224   -277 
  -209    -81   -116   -204   -237   -153   -133   -156   -153   -139   -212   -203   -267   -196   -117    -60 
  -118   -130   -128    -95    -89    -71    -86   -116   -158   -149   -137    -63    -51    -92    -94    -98 
   -93   -103    -76    -88   -145   -154   -141    -80    -19    -72   -120   -108   -108   -103   -122   -100 
   -87    -72    -87    -82    -82    -38    -46    -83    -67    -54    -36    -39    -57    -61    -65    -70 
   -53    -69    -43    -43    -78    -65    -56    -36    -26    -38    -20    -75    -59    -53    -65    -43 
   -40    -58    -96   -103    -54    -45    -84   -101    -91    -35    -56    -56    -59    -19    -54   -107 
  -116   -125    -71    -68    -92    -94    -38    -99    -80    -61    -32    -51   -130   -142   -112    -66 
  -105   -148   -205   -151   -185   -114    -78    -43    -83   -163   -166    -81   -101   -115   -162   -123 
   -79    -56    -50    -31    -29   -137   -109    -79    -91   -125    -78    -31    409      0    -35    260 
   234    106    -41     51    833    489   -102    -43    -58    285     -4   -126    933    779     -8    -26 
   411    290    -89   -142    -94    -85    -57    -48   -135     92    230    442    -17    283    -42   -123 
  -154    -86    -67   -104    -44    -84    526     48     69    -48    141    -31    -23    -43    -51    -88 
  -100   -159   -133    258     -5    120     31    -30    -36    -13    -26    -36    -71    -63    -69   -105 
   -27    -25     -2     -1    -22    -38    -17    -23    -33    -56    -53    -55    -42    -29    -24    -40 
   -26    -46    -56    -35    -16     -5    -11    -14    -22    -18    -25    -52    -37    -11    -15    -20 
   -63    -33    -15    -33    -16    -44    -44    -57    -57    -39    -40     84     52     37     -8    226 
   -14     -6    -54    -59    -93    -80    -20    -22    555     -6     62    -27    -20     43     -4    -43 
   -43    -87    -74     65    -21    201    113      9    -12    -24    461    346    205    -10    -40    -40 
   -16    -61    -24    -30    -35    -33    -52    -14    -14    -81   -119    -76    -19    207    -32    -57 
  -132   -111   -139    -71    -81   -150   -196   -199    -86    -21     13   -117    -46   -138   -192   -209 
  -119    -33   -129   -209   -153    -99    -44    -96   -161   -137   -133   -173   -107    -27     -6    -85 
  -149   -151   -115    -45    -74   -158   -127    -71    -77    -58    -55    -49    -54   -148   -130    -49 
   -46    -30    -71    -87    -69    -61    -66    -82    -50    -40    -93    -11    -16    -56    -49    -58 
   -48    -35    -28    -34    -40    -40    -74    -83    -71    -36    -51    -35    -30    -13     -6    -26 
   -36    -38    -24    -56    -60    -56    -46    -49    -19    -29     -9     -1    -11    -24    -24    -21 
   -51    -39    -35    -30    -39    127    -48    -45      8    -19    -52    -16    393    -29    344    991 
   943    572    118    -49    -47     -1    -36    -55    -23     -6    -45    -45    102    136    -29     11 
   -42      0     52    -15    -40    -78    -41    -80    -63    -48    -16    -36    -17    -38    -42    -78 
   -75    -96    -37      0    -46   -109   -156   -104    -58    -24    -56    -42    -26    -22    -52    -76 
   -97    -50   -124   -103    -79    -76    -22    -25     16    -89    -88   -123   -135   -134   -104    -70 
   -22    -40    -40   -133   -217    -94    -91   -199   -281   -261   -209   -225   -292   -180   -154    -64 
  -184   -311   -198   -176   -224   -168   -172   -143   -188   -355   -352   -264   -105    -93   -216   -166 
  -135   -179   -153   -148   -152   -190   -319   -338   -167    -86    -70   -134   -129   -103    -80    -97 
  -114   -135   -169   -194   -202   -141    -67    -41    -68    -72    -56    -46    -42    -34    -57    -74 
   -46    -57    -71    -62    -53    -57    -54    -42    -54    -71    -65    -77   -103    -87    -71    -52 
   -58    -67    -57    -38    -24    -42    -60    -59    -58    -80    -59    -44    -41    -39    -47     -5 
    -4     -4     -8    -19    213     -6    178    -35      1    736    -78    -72     -3    -42    -41    260 
   -49     -1    -41    372    -79     -4    903   -108    -67    -31    -60    -29    107    -39    -34    -48 
   210    -50    -30    553   -136    -66    -21    -73      3    -39    -20    -80    -20    -17    -57    -48 
   455   -106    -65     -4    -77    -17    -15      9    -45    -22    -18    -38    -43    273   -114    -76 
    40    -62    -74    -53    -29   -141    -74    -71    -64    -31    -16   -129   -107    418    -67    -44 
   -16    835   -266    -44   -130    335    637     -3   -110    -90    553   -118    -31    -39     93   -153 
   540    -68    925    514      2    -93    -84      0   -119    -36    -19    -36    -52    -48    -18    818 
   382    -40    -91    -80    -52    -69    -42     72     99    254    -15     38    528    -11    -51   -111 
   -54    -24    -23     -9    138    177    101    -17     -2    211    -12    223    -97    -45    -19    -23 
    59     68     10    135     10    153     98    233    650    -76    -44     -8     -9    154    186    132 
   390    143    170    137    384    644    -52    -85   -123    -87    -67   -102   -112    -89    -98   -134 
  -118   -124   -105    -87    -73   -100   -104    -65    -73    -82    -74    -54    -92    -57    -46    -53 
   -48   -103    -82   -113    -95    -93    -80    -60    -55   -129   -150   -111   -108   -106    -88   -150 
   -96    -89   -139   -117    -93   -108   -147   -182   -119    -97    -87    -90   -115   -141   -115   -164 
  -135   -133   -121   -136   -252   -208   -152    -93   -119   -103   -137   -103   -145    -53    -65    -50 
   -89   -228   -227   -133    -82    -92    136    -37     98    -58    -11    -47    -29    -71   -119   -126 
   -73    -41    -53    -52    -35    -31    -58   -112   -169   -151   -188   -182   -140    -96    -86    -29 
   -50     -1     -7    -36    -45    -83   -106   -117   -152   -118    -38    -42    -65    -75    -19    -19 
   -41    -84    -58    -58    294    -39    -47    394    -50    -75    -87    -57    -42    -31    -40    -41 
   -47     -9    -63    -63    -41    -72    -72    -34     40    175    175     -2    -27    -19    -20    -15 
   -38    -42    -64    -42     -3     24     -7     -9    -13    -13     31    118     -1    -21    -13    -33 
   -54    -76    -49    -74    -73    -29    114    -66    -91    -10    -79   -125    -84    -63    -22    -57 
  -109    -71   -179    -83    -91   -142   -129    -97    -97    -72     64   -139   -167    -79   -166   -233 
  -169   -100   -141   -169   -139   -168   -179     -4    -63   -184   -148   -203   -266   -290   -294   -224 
  -157   -185   -185   -229   -149   -277   -323   -325   -450   -452   -390   -245   -227   -245   -218   -127 
   -76   -281   -298   -396   -503   -467   -376   -337   -308   -316   -407   -313   -166   -100   -206   -233 
  -297   -325   -338   -292   -380   -455   -404   -356   -276   -152   -115   -219   -338   -341   -274   -223 
  -271   -310   -343   -574   -400   -101   -379   -203   -195   -341   -332   -337   -271   -268   -280   -393 
  -585   -276   -227   -488   -327   -215   -198   -218   -246   -191   -206   -251   -424   -459   -310   -340 
  -345   -311   -216   -218   -171   -200   -181   -167   -191   -201   -292   -173   -213   -185   -112   -209 
  -213   -182   -247   -290   -221   -218   -237   -198   -215   -200   -218   -130   -145   -171   -175   -226 
  -252   -193   -187   -193   -141   -172   -184   -178   -157   -134   -213   -224   -246   -225   -198   -199 
  -135    -97   -105   -194   -186   -170   -118   -238   -232   -269   -224   -187   -263    -89   -170   -182 
  -172   -123   -109   -102   -181   -205   -305   -240   -130   -265   -214   -264   -276   -310   -261   -246 
   -94   -237   -246   -375   -274   -220   -250   -244   -245   -267   -324   -330   -227   -215   -355   -321 
  -378   -302   -329   -344   -440   -322   -322   -220   -160   -124   -336   -433   -377   -487   -448   -539 
  -478   -479   -363   -360   -302   -134   -116   -365   -574   -487   -538   -566   -666   -613   -479   -433 
  -415   -377   -262   -198   -273   -402   -351   -375   -313   -402   -452   -413   -381   -380   -340   -311 
  -257    -39    -94    281    124    -58    -73   -139   -215   -234   -220   -219   -165   -184     -3     96 
  1169    820    -42    -86   -130   -244   -204   -261   -234   -133   -159    -68    -79    -51    -96   -123 
  -159   -151   -206   -150   -184   -245    -89   -120   -146   -149   -130   -116   -114   -121   -115   -164 
  -123   -176   -188   -143   -145    -62    -66    -56    -40    -29      3     -5    -14    -26    -63    -49 
   -28    -35    -99   -152    -76    -89    -63    -54    -25   -105   -112    -88   -108   -113   -110    -88 
  -146    -73    -33    -68    -91    -37   -158   -252   -215   -221   -226   -163   -133   -136   -148    -96 
  -119   -133   -116   -111   -153   -100    -74    -88    -85   -112   -183   -136   -127   -168   -112   -214 
  -212   -224    -75    -74   -129   -120   -106   -241   -209   -185   -207   -157   -199   -175   -168    -72 
   -46   -157   -167   -132   -176   -221   -201   -277   -142   -155    -23    -46   -115   -124   -162   -183 
   -30   -121   -136   -293   -291   -313   -266   -257   -274   -191   -162    -94    -60    517   -194    -96 
  -200   -236   -221   -166   -168   -219    -49   1399    -54    -32   -147   -153    -82    -62   -138   -137 
   -50   -101   -211    -92    986   -292   -105   -144   -137   -127   -123   -115   -113    -51   -149   -283 
  -313   -144   -272    -92    -51    -57    -63    -65    -46    -52    -36     62    -59    -85    -55    -86 
   -41     70    -12    -14    -34    -21    -34    -26     12    149    -19    -49    -44    -70     -3    466 
   298     -1    -29    -16    -34     -7     82     -5    -36    -27    -42     80    105    515    368    310 
   437    679    717    539    353    -12     -6    110    -42    210    399    462    295    486    744    668 
   339    421    -33    391    692    104    634    635    694    532    387    123    -21    -60    632    879 
  1252    994    401    990   1157    820    150     70     72   -100    -60     91    410    433    704    313 
   607   1183    702     32    -20    -25   -100    -90    -49    267    168    262    110    663    386    544 
   340    223    -60    -72    -16    333    797    765    767   -164   -172   -135    -50    -45   -113    -56 
  -187    -69    -17    107    465    881    -76   -149    -31     63    -83   -153   -112   -225   -268   -273 
  -127    -91    286    -98   -122   -110   -105   -142   -139   -144   -148   -227   -248   -190   -258    -48 
   -78   -143   -143   -138   -130    -97    -90   -157   -217   -222   -176   -224    -64    -62   -105    -70 
   -88    -89    -69    -48    -59   -118   -134    -78    -87    -28    -38    -86    -91   -115    -72    -44 
   -40    -59    -59    -55    -35    -36     -9    -39    -45    -42    -44    -49    -54    -70    -71    -64 
   -76    -67    -47    -27    -80   -149   -147    -98   -139   -114   -141   -198   -134   -117    -91    -63 
   -85   -141   -170   -187   -104   -176   -142   -103   -135   -170    -90    -58    -24    -94   -196   -238 
  -223   -176   -172   -191   -115    -99   -157   -103   -103     72    -19   -170   -185   -162   -202   -115 
  -171   -132    -16    248    353    -75    320     -5   -148   -171   -196   -218   -102   -203   -250   -142 
  -128   -152   -209    -95   -118   -151   -159   -250   -236   -166   -271   -272   -351   -239   -169   -124 
  -134   -187   -118   -283   -158   -128   -232   -300   -197   -184    -95   -306   -162    -66    -33    -89 
  -168    -70    -92   -178   -219   -201   -112   -172   -290   -363    -79     15    -87    -67    -88    -27 
   -52    -42    -79   -177   -227   -157   -378   -236   -158    -29    194     -7    -51    -48    -20    -44 
  -121   -236   -116   -100   -184   -105    -15    -33    -16    -53    -60    -42    -66    -73   -118   -156 
  -109   -113    -71    -66    -33    -12    -61    -82    -80    -78    -84   -108   -124   -100    -99    -87 
   -56    -32    -33    -68    -85    -91    -75   -104    -66    -53    -50    -49    -66    573     -3    -16 
   -21    -76    -92    -89    -31   -143    -97    -82    -47    -28    -33   -120    -96    -89   -128   -111 
   -77    -61   -200   -109   -137   -114    -66    -28    -99    -97   -122   -103    -89   -183   -118    -99 
   -12    -55   -118    -98    -62   -132   -164   -186   -149   -139   -182   -114    -84    -89    -46    -85 
  -132   -130   -217   -226   -349   -324   -263   -269   -225   -199   -151   -108   -121   -130    -81   -205 
  -214   -308   -328   -355   -382   -353   -307   -225   -130   -174   -119   -171   -240   -207   -208   -245 
  -260   -437   -399   -253   -263   -223   -262    -79   -242   -301   -217   -183   -241   -204   -365   -385 
  -209   -267   -309   -165    -92    -64   -145    -28    150   -147   -150   -184    -82    -35   -126   -180 
   -43    -67    -72   -121    -73    -45    -84   -122   -103    -44     -1    -23    -15     69    -54    -55 
  -149   -150   -147    -98   -111   -112    -59    -26    -70    -52    -79    -73    -32    -71    -93   -110 
  -105   -126   -138   -105   -122   -128    -87    -91    -67    -42    -73    -63    -76    -68    -65    -74 
   -57    -69    -75    -32    -51    -43   -284   -257   -251   -219   -214   -257   -262   -254   -312   -324 
  -281   -262   -235   -251   -227   -226   -230   -263   -189   -156   -100   -215   -208   -182   -120   -152 
  -173   -218   -215   -191   -161   -138   -201   -221   -180   -176   -186   -222   -244   -169   -206   -213 
  -192   -202   -164   -213   -201    -96   -104   -191   -266   -258   -195   -258   -187   -211   -220   -300 
  -253   -212   -172   -220   -127   -176   -198   -193   -106   -171   -205   -245   -202   -205   -270   -224 
   -12    716    -71   -208   -224    -31   -102   -260   -245   -192   -253   -237   -287    -17    279   -124 
  -181   -153    -88    -53   -222   -211   -200   -206   -372   -375   -268    -96   -179   -250   -297   -160 
  -134   -296   -283   -207   -204   -263   -370   -295   -261   -185   -171   -327   -317   -190   -308   -337 
  -307   -317   -289   -370   -294   -327   -156   -193   -252   -244   -231   -291   -258   -243   -299   -295 
  -239   -318   -221   -197   -180   -190   -232   -212   -255   -260   -241   -259   -245   -222   -275   -270 
  -185   -199   -174   -201   -197   -247   -256   -238   -268   -247   -231   -252   -239   -193   -178     81 
   -45    -21    -32     -2    -17    -13    -43    -25    -30    -63    -46    -39    -11    -59    -37    -60 
   -41    -52    -28    -10    -29    -11    -53    -10    -12    -30    -85    -70   -119    -93    -70    -47 
   -49    -98   -128    -93    -98    -55    -19    -66    -45   -110    -70    -84    -92    -67    -63   -128 
   -92    -97    -49    -41    -90    -84   -161    -73   -106   -109   -109   -116   -170   -176   -145    -80 
   -74   -139   -169   -283   -217   -224   -140   -161   -150   -137   -139   -108    -71    -73   -227   -228 
  -262   -195   -255   -146   -139   -103   -111   -118   -108    -57    -50   -220   -193   -200   -157   -219 
  -164   -135   -181   -143   -133   -135    -50    -45   -152   -128    -90    -76   -106    -72    -52   -148 
  -134   -161   -130    -41    -19    -76    -70    -42    -54    -45    -18    -18   -104    -94    -63    -66 
    59    -12    -41    -35    -20    -22    -20     -6     -9     -2     36     -5     67    120     -4    -38 
   -17    -17    -15    -17    -36    -21     -2     -1      2     -2    135    144     -2     -7      0     97 
   215    267    260    303    367    458    359    350    -30    -28    -71    -69   -130   -118   -101    -87 
   -48    -74    -87   -133   -104    -53    -48    -98    -95   -168   -129   -132    -84    -53    -46   -121 
  -137    -86    -67    -91   -123    -87   -124   -133   -184   -141   -143   -107   -121   -137    -67   -106 
  -128   -160   -133   -124   -198   -278   -245   -195   -137   -101   -161   -116   -128   -171   -170   -185 
  -156   -138   -220   -229   -192   -121   -111   -111    -64   -147   -165   -143   -199   -230   -183   -166 
  -170   -169    -85    -98   -131    -96   -166   -163   -168   -157   -170   -129   -222   -210   -170   -160 
   -91   -181   -127   -202   -158   -225   -257   -183   -190   -209   -207   -224   -199    -49   -148    -92 
  -199   -199   -195   -180    -84    -93    -74   -125   -193   -238   -121   -115    -70    -77   -129   -124 
  -134   -102    -84    -73   -129   -131   -164    -99   -105    -54    -30    -66    -71   -101   -114    -88 
   -67    -69     -7    -16    -59    -22    -29    -50    -84    -76   -108   -141   -103    -82    -51    -51 
   -57    -61    -67    -38    -15    -82    -77    -87    -96    -71    -58    -60    -88    -88    -71    -63 
   -10    -78    -39    -23    -43    -19    -22    -74    -67    339    546    -22    -30    -10    -46    -45 
   -13    -79    -67    -40    -54    -14   1266    879    -22    -20    139    -57    250   1151    167    130 
   397    -25     -4    340     48    -52    -99    -86    -52    -47    -27    -98   -119    -14   -108   -140 
  -160   -132    -99   -161    -95    -74    -27    -54    -84   -108    -52    -95   -104   -178   -184   -179 
  -198   -109    -99    389    877    837    154    -71   -182   -179   -188    -69   -197   -201   -107   -137 
  -139    -33    -29   -174   -252   -111   -108   -217   -117   -204   -104   -108   -162   -171   -224   -200 
  -181   -239   -196   -187   -301   -314   -270   -141   -121   -166   -104   -102   -193   -150   -200   -206 
  -268   -297   -306   -242   -101    -90   -114   -138   -139   -171   -145   -158   -188   -206   -226   -182 
  -133    -84   -105   -123   -100   -127   -122   -113   -107    -83   -114   -175   -146   -104   -122    -84 
   -27    -15    -42    -37    -39    -36    -11    -39    -36    -34    -28    -26    -44    -37    -35    -50 
   -35    -25     10     -7     52    -14    -30    -38    -28    -51    -22    -18    -28    -25    -14    -41 
   -56    -10    -49    -46    -50    -57    -18    -91   -103   -113   -133   -152   -135   -115   -108   -149 
  -129   -127   -113    -31    -67   -162   -133   -112   -137   -122   -146   -170   -186   -171   -113   -106 
   -27    -41   -121   -114    -74    -41    -50   -128   -107   -101   -105    -91   -113    -41    -48   -124 
   -90    -80    -78   -115   -127    -71    -67   -136   -158   -130    -52    -16   -148    -69    -67    -87 
  -122    -47    -75   -123   -150   -208   -122    -64    -82   -247   -166   -111   -111   -149   -115    -19 
   -51   -206   -163    -85     -2    -63   -177    -71    -61    -45    -43    -49    202    177   -156   -151 
   -51    174     22    -20    105    -26     -1    -41    117      0    -26   -147   -136     -9    -29    242 
   108    232    -22    -22    -41    -27    -53    -29    -43    -68    359    316     20    -14    -27    -32 
   -14     -9    -11    -14    474    184    -16    515    427     34     -5    -19     -5     -4     -4    -29 
   -47    -34    -54    -26    174    334    142     -5    -12     -2     -4     84      0    -12     -3     -7 
   274    117    312    -34    389    377    492    399    289     30      7    433    496    407    204    -31 
   190    435    441    682    476    332    103    -27    180    -18     19    -18    -64    -15      0    -18 
    58    -30    -37    -22    -62    -34      0     -6     -6    -45    127    185    -34    -23    -62    -54 
   -30    -39    -35    -14    -42    -25    -41    -15    -27    -84    -74    -79    -95    -81    -52    -26 
   428     97     -5    -22     -3    -22    -49    -29    -39    -95    -98   -140   -133    -48    -24    366 
   288    -40    -82     76    805    417    -78   -132   -147   -146   -160   -191    686    261    -69    -96 
    -9    256     92     -7     -8    111    -33    -60   -134    582     43    -41    -94    -52     -5    -14 
    -8    147    634    753     63    -59     64    -15    -49   -101    -43    -40    -38    -11    -24    -24 
   -12    -20     10    -56    -38    -43    -29    -11    -28    -16     -3    -22    -36    -39    -33    -15 
   -20    -12    -13     -5     -4    -24    -36    -17    -29    -16    -51    -51    -42    -20    -23    -45 
   -10    -24    -50    -62    -43    -40    -34    -43    -40    -47    -41    -49    -17    -75    -25    -25 
   -68    -66    -32    -57    -74    -73    -74    -71    -48    -48    -67    -36    -64     -1    -18    -56 
  -105   -154    -98    -68    -45    -61     -8    -71    -32   -119    -80   -116    -84    -57    -54    -61 
   -82    -88   -102    -43    -85    -60   -129   -175   -126    -57    829    -13    -88   -119   -134   -115 
   -70   -175   -166   -249   -337   -196   -102     88   -118   -216   -180    -70    -69   -127   -210   -185 
  -232   -259   -220   -178   -265   -260   -222   -241   -127    -91   -169   -237   -209   -254   -297   -232 
  -229   -230   -171   -347   -260   -290   -160   -137   -164   -206   -140    -83    -54   -134   -215   -341 
  -369   -186   -378   -199    -16    -30   -119    -81    -28    -23    -49    -54   -163   -222   -104   -235 
  -156    160    -23    -35    329    318    148    505    618    394    110    -24   -104    -56    292    -16 
   238    638    515    312    363    366     -1    389    102     -4    187    -29    -22    345    370    128 
   -37    -15     46      0    502    389     -6     -5     12     82    122     35     -3     29    147    155 
   307    305    447    279      9   -246   -223   -143   -157   -144   -178   -119    -86   -148   -170   -107 
  -127   -123   -222   -205   -122   -179   -200    -85    -49    -31   -103     -6    344    -66   -136   -215 
  -192   -130   -216   -155    -68   -109    -55   -107    -19    265   -114   -227   -132   -197   -153   -107 
   -88    -11    -13    246   -188   -161   -154   -167   -176    -75   -176   -127   -188    -95   -104    -49 
  -116   -233   -179    -27    -38   -151   -125   -252   -195   -236   -233   -204   -172   -247   -247   -289 
  -141    -95   -100   -138   -346   -180   -106   -165   -335   -244   -291   -358   -348   -392   -161    -75 
   -79   -222   -241    -89   -140   -270   -214   -330   -399   -332   -377   -211   -231   -162   -336   -198 
  -193   -184   -147    -14    -86   -319   -261    -47    -44   -226   -251   -214     -9    -52    -92    -98 
   225   1038   -147   -288    549    439   -205   -174   -173    -99    -95    -74   -113    -51    -31    -20 
  -163    -54    -38   -187   -210   -162   -115   -104    -35   -141    -96    -69   -108    -83    -86   -112 
  -110   -210   -142   -104    -96    -48    -98   -111    -80   -105   -108    -84   -102   -121    690    493 
   777    450    653    594    488    233      6    557    809    832    559     42     99    628    229     96 
   105    170    319    135    159    152     86     -5    -40    -38    -11    -24    -28     -9    405    367 
    -6    -30     43    127    160    -43    -23    112     -4    -18    -39    699    244    -38    -39    362 
    98    102    -41    -54    -58   -104   -130   -168   -127   -131    -90    -99     -9    -26    -32    -55 
  -142   -122   -164   -189   -181   -177   -145   -127   -131    -24     14    -11    -97   -170    -60   -102 
  -156   -257   -204   -158   -165   -256   -147    137    488    -54   -165    -29    -61   -165   -272   -227 
  -146   -152   -259   -202    -40    741    -23    -62    -10    -38    -68   -119    -93    -59    -87   -188 
  -205    -39    311     87    -47    -55     -1     -8    -44    -56    -75   -105   -155   -173    -80    -28 
   170    -29    -44    -37    -21    -31    -29    -41    -72   -107   -115    -82    -26    112     51    -12 
   -13    -30    -13    -16    -18    -30    -33    -28     -4    -12    -20    -36    -34    -25    -21    -14 
   -20    -14     -7    -20    -20    -28    -27    -42    750   1337    229    -63     -1    934    484    -12 
   -44    419    -35    -28   -146   -104     45    -43   -116     66    -31    -55    -86    -13    -21   -142 
  -170   -124   -157    -68    -88   -109    -74   -152   -128    -72    -13    -88   -122   -179    -45   -156 
    46    151    -93    -57    -14   -114    -17    565    168    -46    -59    -79    -94   -101    -11   -134 
  -142    -25    -74   -112   -122   -180    -65    -70   -204   -105   -121    -87   -213   -123   -202    -66 
  -149    -55    -68      0   -114   -207   -110   -113   -132   -119   -130   -103   -130   -261    -11    786 
   326    -73   -178     -9    -59     71    -26   -160    -73    -59   -141   -240     -2     -1    -71   -225 
   -91    -58    -44   -108   -107    -59    -74   -231    -81   -154   -210    -27   -189    -94    -75    -14 
    -1    303     -4   -112   -132     60   -227   -226    -77   -106     74     25    -21     22    578    250 
   -13     -4    -60    -51    -45    -43    -28    456    762    755    789   1183    710    854    734    189 
   423     76    -41     19     10    271    267    597    781    937   1335    873    432     -6    -36    -33 
   -52    -46    -32    -17    -20    -38    -75    -56    -66    -43    -58    -75    -41    -62   -110    -76 
   -82    -52    -52   -113   -101   -125    -54    -44    -37    -22    -37    -99    -68    -63    -68    -99 
  -113    -48    -82    -42    -45    -60    -45    -59   -108   -114    -90    -99    -81   -119   -126   -146 
  -104    -97    -63    -29    -72   -143   -190   -244   -225   -152   -135   -109   -151    -58    -55    -76 
   -56   -115   -172   -196   -277   -284   -261   -198   -194   -235   -119   -125    -77    -36   -123   -168 
  -175   -205   -226   -311   -371   -399   -350   -245   -184   -154    -60    -49    -69   -128   -120   -178 
  -275   -301   -353   -274   -274   -261   -181    -70    -52    -56    -51    -67   -130   -177   -142   -134 
  -128   -219   -201   -115    -23    -36    -68    -20    -30    -27    -68    -55    -67    -72   -153   -143 
   -70     -8    -10    -50    -16     -8     -9    -18    -27    -17    -23    -68    -77    -34    -16    256 
   -16     -3     -5    123     37     -2     -9     -2     62    186     32     22    332    252    156      0 
   206    275    191    129    293    247    337    300    171    -61    -75    -37    -37    -75    -88    -65 
  -122   -141   -167   -123   -147   -152    -68     -9    251    -36    -33     -5    -31   -157   -194   -165 
  -176   -193   -144   -103    -98   -104   -130   -115   -158   -173   -130   -182   -182   -239   -207   -152 
  -162   -264   -187   -245   -309   -298   -311   -224   -221   -299   -251   -168    -67   -175   -273   -259 
  -328   -250   -215   -103   -199   -278   -349   -341   -246   -148   -120   -274   -252   -279   -103   -156 
  -122   -247   -320   -327   -302   -205   -215   -165   -273   -320   -278    -96   -158   -173   -312   -328 
  -268   -203    -33   -200    -56   -202   -202   -271   -160   -228    -34   -174   -332   -309   -453   -181 
  -247   -143   -196   -188   -273   -204   -252   -174   -249   -359   -434   -583   -338   -345   -158   -201 
  -218   -229   -191   -198   -168   -218   -265   -254   -332   -174   -166   -123   -134   -135   -105    -55 
   -67    -60    -27    -62    -19    -82    -10    -54    -57     57    -28    -46    -50    -65    -50    -29 
   -30    -27     -6    -16    -59    -62    -82   -110   -120   -113   -116    -95    -67    -55    -44    -34 
   -53   -105    -65    139    226      2    186    439    469     -8      0     -6    -11    -57    -72    -39 
   630    604     33   1019   1330    806    303    569    740    376     -8    -26    152    800    807      2 
   359   1096    425    483    196    959   1070    729    525    337    739    163     -4    -25    367    624 
   -61    -45    641    203     34    -31    -39    253    457     11    -82    -73    201    -50    -21    171 
   407    524    697    -49    500    615    255    -94    -31    -18    -30    -90     -2     17    280    915 
   -74    -45    -60    -58    -71    150    595    211    -73    -85    -43    -39    -19   -177   -175   -202 
  -120   -115    -62   -141    -34   -102    -63    138   -123    -59   -154    -95   -159    -77    -33    190 
   -68    -83   -223   -199   -110   -265   -140    -87    -29    -52    -16    -26    -26    -69   -137   -220 
  -185   -126   -246   -193    -70    -38    -50    -51    -35    -10    -63    -82   -128    -51    -92   -118 
  -106    -94    -66    -15    -23    -37    -48    -48    -33    -37      0     -9    -51    -49    -93    -63 
   -48    -47    -56    -74    -66    -57    -57    -35    -36    -34    -39    -48     29    -27    -11    -36 
   -16    -14     -3    -10    -38    -47    -74    -60    -90     -1    -15    -22    -42    117    185    177 
   236    -12    -75    -85    -50    -26     -4     96     -3     24    -26    -13     -5    476    385    -22 
    43     32    -17      0    123    348    473    -56    -45    -47     -8    -19    -55    -62    -58    -48 
   -32    -51    -42     -5    -19    -37    -43    -73   -100    -96   -124    -91    -46    -47    -56     29 
   359    163    133      0     19      7     -1    -50    -70    -28    -37     -6     -9    245    893    149 
   677    336     -8     -1    -39    -36    -94    335    -94    -49    849   1360    422    -22   -157    -59 
  -125   -153    -87    -67    -24    -63    -82    -18    115    -44   -154   -243   -134   -220   -165   -137 
  -112    -83    -78    -69    -36    -31    -52   -112   -119    -86   -169   -158   -144    -77    -84    -86 
   -83    -57    -39    -38    -60    -65    -53    -83    -79    -79    -76    -66    -89    -89    -71    -61 
   -57    -44    -50    -25    -48    -67    -50    -85    -78    -82    -85    -89    -90    -87    -80    -74 
   -67    -77    -87    -85    -83    -59   -125    -73    -79   -101    -88   -103    -48    -61    -90    -78 
  -118    -64    -84   -165   -140    -80   -113   -102    -70    -41    -86    -91    -81    -95    -43    -66 
  -131   -115    -36    -36   -100   -125    -86   -118   -121    -79   -102     32    -52   -192   -194   -109 
  -127   -199   -223   -120   -155   -215   -181   -111    -71    -53   -228   -215   -154   -187   -214   -172 
  -100    -95   -197   -173    -98    -10   -124   -198   -184   -210   -248   -195   -241   -246   -240   -204 
   -88    -81    -48   -210   -201   -175   -234   -334   -239   -278   -307   -305   -216    -91    -63    -72 
  -234   -171   -125   -140   -210   -115   -213   -285   -278   -327   -146    -49   -117    -69    -68    -50 
   -45    -89   -102   -251   -218   -191   -261   -164    -98    -68    -37   -116    -68    -85   -108   -100 
  -132    -94    -82    -95   -156   -134    -94    -52    -55    -59    -99    -73    -52    -58    -47    -38 
   -37   -123   -104    -71    -47    -29    -31    -75    -52    -58    -77    -82   -107   -104   -121    -96 
   -36    -44    -43    -39    -48    -47    -59    -65    -68   -108    -99   -112   -110    -12    346    722 
   561    513    786    402    259     -6    403    373    451     -5     -9    -10    780    463     86    106 
   897   1224     -7    487    726    697    407    -33    428    890    919    542    -13    341     23    297 
   245    -36    -45    -57    -10    144    623    748    559    -44    -85    -80    -12     61     23     -5 
   -47     -9    -64    -59    172    -10    -63    -62    -34    -48    -82    -71   -149   -104    -19    -38 
  -132    -91     -2     88    395    668   1335    985    504   -105    -99    413     52     -2    -29    -52 
   224    171    -11    257    185    -25    -51    -67    -47    -17    676    227    166    361    354    -29 
   -47    -80    -10    230    -96   -156   -135     -1    -80     38     59    104    -62    138   -114    -69 
  -127    -94   -106   -102    -21    -72    -16    195    -22   -165   -200   -232   -104   -219   -142    -58 
   -84    -22    -31     11     55    107    -37   -133   -107    -78   -125    -72    -54    -47     -5      0 
    38    174    261     -1    -27    -28    -51    -71    -57    -41    -24     -5      5      5    261    157 
    76    202    -13    -35    -36    -66   -106   -103   -131   -114   -126   -186   -113    -72    -64    -32 
   -28    -36    -24    -98   -124   -121    -96   -123   -179   -102    -91   -145    -71    -37    -29    -39 
   -51   -148   -119    -93    -93   -120   -112    -77   -120    -33    -33    -13    -66    -83   -176   -133 
  -112   -120   -113   -155    -60    -61    129    -70    -60    -89    -64   -196   -145   -160   -203   -149 
  -156   -107   -116    -97   -111    -88    -79    -42    -83   -148   -201   -186   -134   -115   -129   -124 
  -146   -179   -176   -101   -145   -148   -171   -208   -208   -185   -182   -213   -187   -175   -263   -136 
  -104    -29    -77    -91   -101   -106    -56    -40    -87    -62   -130   -278    -75   -115    -62   -168 
   -44    -26    -63    -65    -11    185    914      5   -209    465    -54    -78   -137    -57    -54    -77 
   -96    -63    -54    108    -76   -250     68    -44    -53    -46    -24    -32    -51    -45    -46    -44 
   -47   -107   -150    -51    -56     -4     -8     -4    -18    -29    -28    -23    -17     -9    -28    -17 
   -24    -38     -7     -2     51     -2    -29    -47    -28    -15     46     78    112    -11    -25   -151 
  -128    -73    -70   -157   -182   -125   -100    -52    -57    -93    -83    -98   -189   -160   -156   -125 
  -149   -137   -167   -266   -121    -68    -76    -93   -149   -185   -136   -153   -138   -146   -176   -150 
  -113    301    155    -23    -39   -126   -127    -87   -124   -118    -92   -163   -170    -33    -60   -110 
   -94    -23    -87    -72    -93   -122   -218    -97   -130   -111   -115   -156    -96    169    -94   -162 
  -149   -118   -201   -282   -145   -115   -148   -255   -190   -144    -57   -147   -202   -141   -179   -177 
  -133   -139   -115   -239   -304   -374   -313   -171    -37   -147    -38   -240   -168    -18    -31    -45 
  -178   -220   -286   -233   -163   -104    -82    -90   -194   -178    -71    -69   -170    -95   -176   -230 
  -273   -213    -35    -68   -107   -155   -176    -67    -43    -56    -47   -183   -333   -281   -227   -254 
  -138    -86    -92   -124   -118    -53    -18    -71   -130   -231   -195   -204   -230   -136   -112   -103 
   -90    -84    -45    -65    -45    -90   -108    -98   -101    -85    -98   -137   -155   -145   -148   -137 
  -165   -133   -140   -108    -87    -84   -116   -128   -213   -137    -69    -88   -158   -114    -27    -65 
  -117   -117   -144   -169    -77   -189   -166   -104   -139   -168   -164    -85    -91   -199    -44    325 
   -48    -38   -175   -183   -104   -219   -232   -221   -217   -209   -215   -184   -141   -184   -135   -234 
  -256   -196   -230   -214   -143   -207   -189   -171   -196   -216   -248   -201   -218   -248   -179   -189 
  -194   -212   -209   -164   -194   -201   -219   -201   -210   -166   -176   -139   -121   -115   -211   -233 
  -169   -255   -251   -243   -239   -213   -165   -226    -79   -195   -153   -265   -246   -238   -267   -274 
  -292   -252   -164   -327   -293    -15   -228   -192   -307   -201   -226   -240   -158   -259   -293   -221 
  -308   -182   -137   -142   -113   -104   -124   -140   -140   -234   -297   -320    -92   -156   -125   -119 
  -131    -65    -32   -107    -66   -116   -160   -140   -107    -41   -130    -46    -27    -46    -65    -80 
  -111    -74    -41    -98    -82   -104    -86   -172   -159   -142   -150   -175   -185   -122   -131   -134 
  -169   -183   -150   -109   -207   -231   -207   -198   -189   -170   -144   -149   -179   -176   -159   -150 
  -159    285     -8    -35    -50    -15    -66    -96    -22    -26    -35    -76   -132    -89    357    -11 
   -69    -67    -34    -47    -69     -5    -18    -30    -90   -137   -131    282    -16    -46    -79   -107 
   -86   -104    -50    -22    -46    -54    -93   -108    119    -51    -63    -49    -54    -89    -86    -50 
    87    -54    -66    -89    -89    202    -13    -52     -7    -36    -55    -46    -88    -39    -94    -90 
   -65    -86    -92    -55    -46    -40    -73    -95    -66   -140   -208   -212   -109    -56    -57    -57 
   -45    -37    -22    -17    -44    -11    187   -166   -191   -101    -94    -26    447    -23    -83    -13 
   -33    -53    -48    425     -2   -121   -153   -143    -75    360     10    -37    129    -37    -86    -64 
   -16    -21    -60   -176   -174   -106    225    256     58     17    -39    -78    -40    -45    146    -51 
  -163   -113    -93    418    392    270    211     -9    -36    -35    -45     -3    -42   -119    -82    -86 
   562    795    576    349    -10    -34    -26    -19    -14    -63   -117    -93   -105    325    493    235 
    98     -2     -6    -15    -15     -1    -28    -66    -66    -73   -106   -166   -153   -133   -124   -125 
  -144   -118    -91    -99   -129   -103   -112   -104   -261   -205   -158   -147    -76   -132   -217   -220 
  -192   -195   -177   -123    -75   -212   -188   -171   -159   -162    -66   -109   -102   -200   -140   -154 
  -115   -111   -151   -184   -187   -138   -122   -126   -146   -189   -134    -49   -100    -89    -99   -193 
  -190   -222   -272   -188   -216   -276   -278   -163   -133   -102   -106   -139   -194   -231   -239   -236 
  -244   -249   -216   -267   -280   -141    -93   -122   -181   -109   -113   -173   -250   -199   -181   -147 
  -262   -245   -109    -86    -94   -156   -100   -142    -72   -124    -99   -109    -41    -58   -140    -98 
    16    -40     -3     96    183    415     74    -82    -31   1805   1946   1585    860   1001    517    -24 
   -26    -15    212    -36    -70    -68    -62    -55     -8    -73    -67    -25    -57    -67    -72    -72 
   -82   -102    -99   -168   -201   -221   -189   -174   -103    -47    -60    -50    -44    -50    -59    -61 
   -88    -70    -96    -76    -55    -39    126    153     39    171    -16    -32    -31    -34    -17    -10 
   -12    -28    -10    -74   -117    -48    -40   -100    -45    -12    487    -11     64    -22    -30    -52 
  -118    -73     -4     -4    -41    -25    -10    200    329    -25   -101   -126   -120    -46    -82    -56 
    -6     -9     -6    -35    -45    176    442    257     94     42    -38   -101    -62     -3    -71    241 
   -33    -42    -11    907    733    404    -33    -44   -107   -101   -105   -214    -71    -93   -124    -38 
    -9    -21    -41    -71    -47   -164   -124   -125   -222   -208   -217   -269   -251   -195   -104    -17 
   -16   -177   -333   -181   -239   -209   -303   -332   -423   -485   -454   -221    -45     94   -200   -208 
  -289   -232   -249   -243   -310   -427   -600   -605   -319   -250   -135   -187   -152   -154   -125   -147 
  -115   -177   -300   -418   -525   -392   -265    -54   -103   -133    -51    -39    -72    -76    -74   -112 
  -118   -136   -102    -90    -32    -80    -87    -54    -67    -63    -53    -29    -11     65    -25     -8 
   -15    -29   -100    -69    -50    -68    -36     -1    -38    -19    -10    208      0    -54    -44   -111 
  -116    -91   -104    -98   -108   -111    -90   -109    -77    -59    -84    -76     -9    -30    -30    -50 
   -42    -32    -33    -33    -57    -10    -27    -38     -8    172    -18     -3     -2    104     -8    -17 
   219    -33    192    172    124    -33    -34    -50    -45    -51    208     -5    168    118    648    -11 
   100     -6    -33    -24    -90    -52    -23    -15    -46    318    -20     77    -65     92    328    -25 
   -48    -48    -79    -17    -48    -41    -55    -54    -73   -117    -85    -37    -51    -58    -55    -97 
    -9      0    -39    -95   -146   -154   -260   -139   -129    -90    -83    -37   -147    -51     -1   -152 
   -81   -290   -153    -40    -43   -124    -71   -115   -157   -224   -200   -126   -121   -168    -99    340 
  1650   1014    -64    -75    -71    -29    -96   -153    -95    652   -107    -62     18   1199    927    -42 
   -40    -56    515    -87   -128   -105    -70    -73    -51    -92   -112    -40   -124    -68    -62    -59 
   -64    -82    -46    -44    -80    -90   -126   -152   -134   -136    -90    -74    -92    -67    -73    -75 
   -67    -97   -117   -128   -144   -155   -133    -86   -107   -128   -111   -109   -110   -121   -114   -116 
  -107   -119   -133   -117   -101    -41     43    -11    -26     -1    -27    -37    -47    -29    -17    -46 
   -70    -58     -9    404     90     -3     -4    -26    -28    -18     -1    -37    -50    -68    -47     17 
    75     -6    -10    -43    -35    -46    -13    118    -55    -67    -90   -116    -15    -44    -18    -23 
   -47    -56    -33    -33    -18    -59    -54   -111   -110     12     38    -33    128     -5    -29     -6 
   -39    -56    -67    -56    -87    -83    -11     -2    -37    -21    -38    -38   -102   -111   -176   -112 
   -62    -75    -74    -21    -63    -80    -41    -25    -69    -82    -87    -96    -38    -18    -74   -101 
   417    -18     -2    336    196    -61    -53    -13    438    270   -129   -103    -57    347     -9     -6 
   406    286    -48    -76    126   1425    466   -174   -159    -71    -12    173    -21     -6     34      0 
   -14    164    978    675   -142   -132    -66     25    471    408    214    161     84    -23    -55      4 
   -31    -91    -75    -53    188    649    419    235    278    262     -5    -24    -18    -47    -79    -66 
   -53    100    439    369    255    291    272     24     -1    -14    -51    -62    -41    -42    -58    -58 
    73    117      0    -38    -31     65    -59     39      3     17    -11    -47    -44    -25    -12     42 
   -28    -61     -9    -27    -35    -36    -42    -81     37    -62    -27    -42    -82    -32    -84   -110 
   -90    -79    -35    -16    -84     -5    -64    -86    -97   -129    -95   -102   -145    -65    -68    -20 
    76    -40    -36    -72   -137   -184   -165    -88   -107   -151    -95    -99    -94    -22    -37   -130 
  -134   -100   -117   -112   -133   -168   -264   -233   -190   -100     -6     73   -222   -171   -141   -103 
  -144   -146   -261   -272   -253   -255   -141    -93    -41   -128   -202   -206   -160   -195   -129   -177 
  -107   -185   -286   -177   -192    -86    -63    -95   -133   -148   -180   -206   -236   -156   -216   -209 
  -196   -173   -118    -73   -104    -82    -53    -72   -114   -175   -197   -238   -233   -208   -141   -141 
   -61    -45     60    -22    -28    -26    -70   -118   -127   -182   -119   -132   -112    -58    -42    200 
   170      4    148     -1    -17    -20    -46    -61    -95    -85    -43    -16     60    196    235    322 
   181     -5    133    -12    -22     -3    -39    256    153    -17     -8    -83    -57     20    581    679 
   860    856    797     -4    -41    -65    -51    110    -38    -81    -72      7    351    620    198      0 
   -57    -35    -70    -38    437    330    -36    -27   -103    -23    160    169    287      7    207     11 
   419    361    468    -14    192    398    458    349    186    443    328    271    269    498   1024    775 
   153   -114    -63    -61    -39    -25    192     60    346     58    846   1285   1466     23   -146   -203 
  -169    -57    461    916    322     62   -100   -121    -89    -61    -13    -49    -76    -33    -71    -18 
  1029    730     -2    -67    -96    216    532    -43   -151   -199   -224   -131    -86     14    542    540 
   541    -48    -14    -32    -40    -89   -140   -171   -180   -125    -76    -51      4    219    452    520 
    18    -12     72    -29    -88   -161    -50    365    203    538    502    455    196     58    111    671 
  1113    932    283    780    728    341      6     -3    144     85     -2     -7    398    304    235    142 
   -16     -9    -46    -31    -26    -20    -12    -12     27     49    -26    -37    -29    -24     -6    -30 
   -75   -111    -79   -101    -87    -55    -40    -12   -109    -76    -75   -107    -65    -44   -127   -126 
  -163   -182   -123    -99   -104   -194   -203    -91   -124    -77    -57   -118   -185   -156   -151   -107 
   -81   -163   -122    -96   -150   -174   -111    -86   -139   -110    -78    -76    -67    -59    -26     -9 
    -2    -52    -72    -57    -77    -95    -94   -135   -108   -117   -137    -40     -7     48    102    106 
    -7    -99    -39    -77    -95    -57    -78     23    273      0    184    887    292     -7    -36    659 
    35    742    556    526    867    946   1666   1300    606    283     -9    767    470    625   1107     -4 
   -16    928   1764   1446   1159    743   1054      1      4    -29    356    776    379    -18    310    758 
   777    574    221    -15     41    -91    -65    -46    -32    115    225    217     -8    -66    -87    -96 
  -169    -84    -31     23     28    -28    -48    -46    -33    -58   -127   -126   -115   -141    -65    -58 
   -41    -26    -55    -55    -55    -33    -24    -48    -56    -59    -73    -76    -84    -99    -87    -91 
   -69    -51    -52    -54    -80    -87   -118   -102    -84    436    935   1116    475    584    115    -51 
   -41    -71    973    630    500     -5    -11    423   1058   1095   1173    720    -74    -73    -35    -51 
   -20    485    -35    -80    -66    -45    -18   -133    -87   -121   -167   -104   -105    471    797    -49 
   -53   -147    -23    737   -106    -88   -114   -118   -132   -184    199   1506    473    -80   -127    -63 
   610    -82   -122   -263   -238   -203   -356   -288   -158   -126   -177   -294   -268   -248   -214   -198 
  -306   -349   -388   -356   -298   -216   -173    -64   -205   -261   -273   -229   -239   -276   -147   -179 
  -256   -247   -182    -91    -13    -29    -86   -159   -112   -184   -301   -229   -324   -373   -147   -148 
   -46   -156    -50   -101   -119   -126   -224   -275   -299   -486   -525   -319   -353    -92   -160   -134 
  -160   -150   -157   -130   -145   -240   -390   -458   -432   -346   -136   -116   -127   -138   -190   -161 
  -112   -128   -157   -181   -229   -225   -196   -144    -41    -81   -113   -139   -101    -93   -117   -109 
   -68    -77   -103    -63   -118   -104    -88   -122   -148   -108   -108   -128   -114   -100   -102    -72 
   -48    -94    -52    -21      0    -46    198    124    -46    -54    -31     57    -35    -48    -51   -105 
   -36    -49    -29    -10     45    180    -14     20    -12    -47    -69    -76   -149    -81    -96    -68 
   -94    -96    -82    -95    -53    -98    -97    -77    -68   -121    -66   -118   -119   -110   -139   -106 
  -139   -126    -73    -22    -39    -58    -75    -45    -94    -83    -64    -51     -6    -74    -45    153 
   -25   -107   -143    -51    -63   -131    -87    -61    -43    -43    -90    -30    -77    -69   -131   -130 
   -13   -132   -125   -126    -97     -8    -80    -61    -43   -149   -130    -97   -109    -77    -88   -111 
  -112    -71    400    932     35     -4    -74    -90    -29    -53    -34    195    -15    -93    -68    -25 
    56     -3    643    972   1077    609    -34    -57    -12     -9    -55   -102    -96    -74    -12     -6 
    47    903    -14    -77    -87    -73    -66    -61    -72    -83    -74    -69    -70    -96    -38    -76 
   -90    -43    -16    -44    -49    -39    -57    -53    -65    -46    -45    -44    -62    -65    -38     -6 
   -13     19     -3    -13    -26    -23    -21    -21    -20    -39    -46    -13     -8    323      0    -14 
     0    388     29    -58    -50    -80   -137    -85    278    359    428    317    386    138    -35    -73 
   -44    -12    -21     92     74    599    422     61    231    698    270    -81   -117    -21    261    359 
   310    -50    174     14     -6    -41    -44    -84    -55    -69    -35    -35    -20    -42    -48    -13 
    24    -60    -32    -80    -73    -34     81    -30    -85    -21    191    236    142    207    -26     14 
   -40    -54   -179   -135   -115   -189    -79    129    285    -42    -63    -41    -67   -102   -165   -182 
  -249   -149   -184   -171    -27    -23    -71   -134    -27    -21    -57   -173   -175   -246   -217   -266 
  -172    -54    -18    146    -88    -35    -22    -17    -78    -36    -73   -123    -78   -158    -83     -7 
   326    -57    -85    -63    -23    -23     -3    -16    -35    221    -88    -79    -45    357    169    124 
   185    309    452    373     43    -60    108    -10    -39    -21    369    442    317    142     -9    -21 
   -31    -36    -30    -12     -9    -30    -17    -42    -52    -34    -42    -54    -71    -64    -61    -50 
   -46    -33    -49    -40    -86    -81   -105   -134   -113   -114    -73    -14    -22    -42     94    132 
   -15    -98   -103   -164    -97   -158   -157   -159   -108     43    -80   -122    -83    -79   -130   -173 
  -183    -96   -122   -174   -140    -98    187    -12   -151   -199   -134   -182   -137   -188   -154   -133 
  -181   -167   -101    228    513    -51   -114   -117   -220   -189   -246   -272   -266   -258   -172    -87 
   -81    191    -60    -55   -120   -110   -234   -215   -148   -229   -233   -274   -235   -285    -91    -90 
   -93    -64   -129   -129   -128   -171   -254   -207   -258    -92    -57     -9    -20     -9      5   -197 
  -124   -106    -54   -203   -250   -225    -53     48     14    -47    650    622   -239   -279   -210   -149 
  -186   -160   -126    -77   -139   -136   -179   -122   -139   -105   -180   -126   -108   -161   -139   -127 
  -153   -190   -171   -226   -197   -145    -75    -87    -82    -95   -119   -131   -116   -120   -115   -115 
  -123   -104   -113   -107   -133   -124   -123   -143   -161   -135   -141   -153   -174   -173   -147   -130 
  -146   -205   -185   -180   -180   -176   -175   -175   -183   -170   -189   -185   -144   -113   -100   -114 
   -82   -139   -138   -112    -99   -153   -133    -71    -80    -98   -137   -113   -137    -83    -84   -110 
  -116    -94   -116   -133    -84   -100    -89    -75   -110   -113    -55    -73    -56    -78    -98    -97 
   -95   -101   -113    -75    -44    -77   -105   -109    -95    -93    -69   -168   -144   -131   -107    -93 
   -63    108    -17    -38    -15     51    193    -10    -44    -27    -91    -81    -83    -60    -45    -17 
   -57    -31    -24    -31    -87    -61    -44    -64    -96    -89    -75    -86   -108   -143    -82   -102 
  -110   -138   -109   -101   -175   -131    -87   -104    -74   -124    -98   -111    -64    -81    -29    -20 
   -78   -138   -161    -82   -135     43    -31    -36    -23    178    -18    186    -34    -92   -137    -97 
   -65   -116     68    334    523    433    415    444    228     -3    -43    -80     -2     -8    -11    515 
   660    537    632    586    415    368    263     92    151    420    214    187      3    194     54     35 
    87    -13    -14    -13    -20     44     -9    -12    -25     19     93      0    110     -2     -9    -19 
   -24    -11     67    141    523    270     -2    -29    -40    -53    -44    -40    -52    -34    -59    -47 
   -44    -14     -8    704    505    140    109    361    153    196    227    288    432    244    371     84 
   320     43    -25    -35     -8     -6    -36    -67    -31    -15    -10    -25    -21    -20    -42    -57 
   -71    -67    -43    -69    -29    -41    -55    -31    294    119    -31     10    -23    -31    -50    -92 
   -97    -60    -87    -97    -57     -4    127    -69    -44    -76    -96    -54    -99   -183   -221   -218 
  -194    -60    -73    -45    -58     69    -38    -72   -115    -47   -106   -124   -130    581   1273    -41 
   -32    -46    -38    -73    -28    -21    -28    -48    -51    -56    288     58    -29    -11    -10   -114 
   -61    -61    -82    -71    -41    -81    -85     -6   -148    -91     -8    -23    -50    -70    -50    -38 
   -32    -43    -66     -9     78    -57    156    112    -17    -25    -61    -72    -50    -53    -61    -82 
   -90    -70    -64    -42    -33    -64    -86    -96    -98   -105    -99   -101    -96   -110   -108    -97 
   -93    -67    -59    -81    -95    -85    -92   -101    -92    -89    -85    -83    -83   -100    -77    -70 
  -109    -46    -68   -101    -63    -91   -124   -196   -202   -159   -197   -166    -71   -107    -56    -33 
   -35    -16    -49   -131   -183   -146   -149   -166   -138    -96    -40    -83   -100   -104   -123   -103 
   -86     77    -58   -155   -162   -105    -82    -64   -105   -168   -130    -47   -119   -122   -118   -132 
   -87    -64    -70   -122    -55    -87   -169   -162    -30   -187   -220   -178   -149    -88   -166   -165 
  -288   -275   -238   -316   -391   -315   -283   -348   -415   -207   -160   -207   -235   -217   -209   -220 
  -253   -352   -246   -339   -204   -269    -91   -128   -163   -150   -179   -366   -274   -211   -231   -267 
  -225   -131   -202   -243   -254   -222    -87   -191   -310   -257   -186   -139   -172   -102    -11     85 
  -171   -220   -260    -25   -203   -236   -127   -214   -208   -205   -163   -135   -211    -77    -54   -161 
   -43   -166   -255   -224   -227   -214   -185   -148   -121   -128    -74   -105   -132    -96   -158   -187 
  -161   -162   -174   -216   -159   -174   -184   -191   -155   -172   -152    -51    -55    -61    -38    -50 
   -87    -65    -99   -118    -89    -87    -95   -106   -144   -236   -305   -278   -222   -242   -287   -304 
  -255   -307   -289   -188   -135   -121   -220   -297   -267   -230   -255   -324   -322   -251   -245   -293 
  -250   -210   -196   -247   -297   -256   -176   -184   -272   -314   -385   -430   -374   -349   -269   -216 
  -314   -320   -332   -265   -182   -226   -262   -247   -268   -258   -308   -296   -185   -255   -258   -281 
  -349   -203   -290   -186   -144   -178   -207   -225   -172   -124   -107   -155    -77   -218   -353   -255 
   -81    -49   -127   -109    -89    -65   -204   -185   -181    -49   -148   -287   -180    -58    -35   -224 
  -176   -166   -103   -102   -203    -99    -10    -73    -98    -92    408    211   -229    -59    -47     -3 
  -142   -127    -73    -69    -63    -33   -100   -125   -171   -251   -174   -126   -118   -176   -268   -190 
  -147   -112   -155   -194   -362   -376   -243   -254   -244   -209   -180   -331   -317   -326   -251   -253 
  -277   -346   -343   -265   -257   -271   -204   -159   -249   -239   -265   -262   -258   -274   -260   -246 
  -240   -230   -213   -165   -160   -178   -192   -210   -244   -256   -272   -288   -254   -224   -228   -195 
  -191     -4    -17     -4     -7    -19    -29    -28    -25    -30    -49    -50    -50    -51     -9    -19 
   -25     -9     -9    -65    -95    -81    -48    -62    -86   -102   -129     49     -8    -17    -16    -12 
   -60    -47   -159   -129    -80    -68    -81    -90    160    304    -22    -12    -30    -85    -38   -126 
  -130    -83    -55    -70    -69    237    141    -27     -9    -17    -75    -72    -79   -132   -114    -72 
   -80    -78     49    -46    -56    -43   -112   -136    -84   -167   -191   -185    -32    -44    -48    -24 
   -57    -34    -79    -57    -19    217    -56    -69   -102    -20    -60    -55     96    618    112    263 
   255    236     -3    477   -129   -129    -22    -65    -44    849   1153     -2     41    103    554    249 
     5    -53    -21     -7    -13    -91    688   1118     24    -33    -29     48     90    -10     -4    -33 
   -13    -62   -110    654    371    -15    -24    -40    -44    -32    -11     73    -15    -30    -37    -86 
   735    374     -6    -18    -33    -24    -21    -34    -33    -21    -55    -48    -54    300    211    -15 
   -27    -54    -60    -55    -70    -51    -56    -59    -62    -50    -10    -17     43    -27    -53     79 
   233    220    -39    -17    -16    -32     35    -48    -61    -24    -49    -45     -9    -43    -37    -77 
   -36    -46    -89    -23    -57    -68    -47    -27    -25    -21    -60    -40    -30    380     29    -26 
   -18    -59    -60    -33    189    -28    -17    -28    -38    -42     82    -27    -36    -16    -42    -68 
   -48     -8    -25    -23    -19    -10    -45     -9    145     -4     -3    -41    -67    -56    -31    -15 
   -48     77     26    300    209     -5    -43    -26    -51    -75     46     -7    -54    -84    -51    -83 
    -8    133   1010      6    -25     -8      7     -8    -31    -15    562    765    220    632    640   1867 
   719    235     34    508    -13    -45    -16     68     13    257    654    431   1004    -14    209     83 
    -7      0    -14    -31    -31     -9    302    823    498    611     21    363    -25    -22     19     -5 
    -6     -6     -8    267    372    287     -6    -12    178     -9    -16     -5    -15    -21     -4    -10 
   -22    -17    -25    -43    -37     66    -19    -23    -23    -40    -43    -28    -23    -24    -24    -32 
   -52    -41    -15    167     96    390    170    -24     -4     69    387    242    378    142     75     -3 
   -14    181    543     23    -43    139    -42     96     60    154    -32    -17    -11    197      7    611 
   154     -5    224    -38      0    -12    150     -6    -10     24    127    125    282    108      1    -48 
   -52    -22     23    304    155     19    -16    152    101    473    111    182    -30    -86   -101     -4 
    26    -10     96    -19    261    -67    467    126    -15   -107     23   -121    -44    -88    -55    468 
   -31   1088    -72    187    648    983     -6    -21   -149    -62   -109    -44    394     44    187    -62 
   -23     38    146    -17    261    -93    -65    -63     -7    219    154    -19   -101    221    -18    -40 
   -48    341    291    -67    -88   -116    -25     81    262    -44    -33    -17     -4     48    276    242 
   -43    -12    -86    -54      0    305    295     10     -2    152    165     49     -5    -41    225    -42 
    -2    247     -5    225    129     76     52    126    169     -7     -4     11     -4     -5     85    -14 
    -8    -15    -22    -39    -26    -23    -27    -34    -41    -36    -35     -4    -19     38    -29    519 
   420    -35    -12     -2    -64    -16    -35    -11    -21    -54    -48    -84    -42    -47   -188   -190 
  -237   -226   -125    -51    -75   -113   -114    -36    -61   -103   -112   -214   -299   -275   -197   -221 
   -46    -74    -99   -188   -194   -143   -119   -214   -264   -271   -324   -222   -331   -166   -152   -116 
  -228   -364   -280   -367   -393   -466   -362   -407   -315   -330   -256   -271   -164   -307   -401   -312 
  -439   -411   -264   -345   -480   -378   -365   -384   -337   -132   -136   -194   -275   -361   -282   -298 
  -354   -538   -453   -213   -256   -194   -116    -50   -166   -195   -306   -284   -276   -320   -332   -238 
  -122    -86     76    -48    -50   -173   -192   -264   -264   -204   -134   -153   -196   -171    311    459 
   195    -75   -129   -188   -205   -218   -242   -237   -230   -167    -45    200     80    168   -130   -180 
  -243   -213   -215   -231   -208   -192   -135   -104    -51   -126    -63   -141   -186   -217   -208   -198 
  -205   -200   -196   -238   -202   -153   -171    -79   -156   -175   -203   -186   -175   -177   -195   -185 
  -201   -190   -153   -157   -106    -48    -53    -76    -41    -34    -26    -57   -104    -59    -61    -84 
   -24    -30    -23    -51    -95    -84    -57    -72    -24    -78     79     -6    -66    -66    -75   -101 
  -119   -124   -139   -111   -109    -58    -41    -49    -66   -110    -67    -80   -117   -108   -115   -144 
  -183   -128    -87   -111   -130    -89    -68    -23    -21   -110    -79   -122    -71   -103    -88   -125 
  -144   -136   -113   -119   -126   -102   -192   -139   -189   -129   -153    -89   -157   -198   -195   -115 
   -81   -223   -150   -112   -130   -111   -141   -144    -86     -3    -52    -94    -41    -94   -207   -143 
   -56    -50    -28   -143   -152   -139   -107   -121    -19     -8    -20    -54    -56   -164   -162   -159 
  -234   -158   -129   -145   -280   -199   -141   -107   -138   -136   -132   -146   -101   -118   -122   -150 
  -172   -273   -186   -264   -128   -197   -148   -118   -168   -134   -107   -127   -145   -165   -150   -120 
  -145    -99   -145   -101   -103   -172   -169   -128   -141   -144   -170   -158   -125   -114   -144   -151 
  -126   -105   -150   -136   -110    -91    -77    -85    -77    -81    -87    -95   -116   -100   -143   -154 
  -137   -109   -182   -162   -134   -143   -121   -139   -127   -118    -80   -129    -73    -58    -52   -115 
   -88   -123   -122   -118   -131    -94    -83    -47    -86    -85   -104    -93   -149   -150   -130    -59 
   -76   -136   -132    -96    -72    -90    -52    -66    -55    -33    -80    -43    -43    -51    -75    -62 
   -44    -85    -48    -11    -39    -61    -41    -98     -3     79     -3    -22    -57   -100   -131    158 
   -38   -165   -149    -59    276   1063   1253   1455    865    720    -15    -47   1288   2605    872    766 
  2553   2680   2240   1568   2257   2991   3203    967   1126    801   2339   1145     -6    652    790   1665 
  1184   1852   2306   1977    599   1241    -35    -88    -85    -59    -64    -45     -5    163    715    219 
    34    -72    128    -66    -89    -85   -106    -91    -94   -118    -59    -80    -48   -114   -171    -55 
   -67    -69    -72    -82    -72    -96    -92    -57    -32     -9    -23    -50    -53    -42    -76    -62 
   -89    -86    -84    -94    -69    -58    -55    -63    -59    -60    -68    -78    -83    -93    -77    -87 
  -103   -103    -94   -105    -98    -91    -69    160    478    488    437    364    -11    -47      5    199 
   108    -21    -19    221     -2    404    833    348    398    178    -28     13     -5    285    156    302 
   358    -21    384    545     45     -1     -6    -28    -14    -20    -12    154     61    392    -25     73 
   263     -3    -29    -23    -50    -49     47     68    -11    -31     32    -38     14    -64    -54    -34 
   -82    -92    -80    -44    -59    -78    -53    -43    -42    -56   -121   -147   -154    -98   -146   -130 
  -124    356     16    -69   -121    -17    599    -53   -101   -115    -36   -121   -171   -176    642    307 
   -57    -95    -33    392    -39    -60    -18    130    -90   -109    -86    412    151    -28     13    -21 
   226    -44    -33    -32    -37    -47    -24    137    179    786     -5    102    -55    -35    -32    -37 
   -58    -78    -34     -7     45    -26    568     57    -20    -53    -31    -15     -9     -4     -4    -16 
   -27    -31    -81    -25    -23    -42    -25     -6    206    195    154    159    120    265    280    132 
   257    286    124    -25    -19    -14    -15    -13    -22    -25     17    -14    -13     75     -8    -15 
   -33    -17    -36    -81    440    450    -40    -10    -10    136    315    563    443    261    308    -43 
   -89     26    695    367    324    485    264    480    837    421    -18    177    -61    -90    -58    -11 
   370    425    655    -27    -44    -45    -55    -31    369    -11    252    543   1124   1388   1827   1855 
   704    -24    -39    -32    -11    506     14    461    395    449     -1    604    262    770    264    -64 
   -63   -151   -137   -153   -174   -235   -158   -204   -154   -174    -29    168    -84    -44   -138   -134 
   -74    380    -57   -122   -281   -144   -186   -170   -110   -159    -28     -6     -8    -27    436    -28 
   -62   -213   -168   -203   -249   -210   -152   -104    -14    192    -15    280    -59    -74   -144   -136 
  -145   -226   -175    -86    -39    -58    -13    -28    289     -4    -38    -45    -68    -70   -125    -39 
   -62     -6    -31    -39    -53    -43    -51    -74    -77   -104   -112   -114    -80    -77    -45    -24 
   -53    -55    -44    -47    -51    -74    -76   -110   -115    -92    -79    -78    -35    -30    -30    -37 
    -3      0    -11    -25    -58    -39    -27    -25    -43    -46    -78    -22    -43    -35    -46    -51 
   -95    -85    -68   -130   -122    -58    -53   -109    -39    -58    -65    -55    -79   -154   -158    -99 
   -41    -83    -60    -99   -112    -73    -78   -134   -122   -153   -142   -134   -145   -140   -157    -84 
  -143   -141   -157   -170   -182    -60   -123    -77    -61    -70    -51    -34    -29    -65    -53    -49 
   -89   -130    -35    -13    149    -66   -105    -48    -17     -7   -103   -233   -163   -167   -133   -244 
  -356   -354   -271   -320   -185    -88     80    -73   -212   -190   -178   -189   -257   -401   -412   -273 
  -293   -238    -92    -17    -22   -123   -141   -239   -261   -269   -336   -268   -116   -226   -233   -115 
   -37    -53   -181   -205   -200   -162   -207   -230   -160   -113   -258   -150   -178    -96    -22   -132 
  -114    -76    -67   -101    -99    -82   -170   -208    -83    -95    -94    -22   -103    -41    -49    -67 
   -93    -82    -25    -88    -66    -28    121    -15    -52    -85    -97   -133   -171   -163   -145    -66 
   -65    -86    -57    -62    -24    -83    -87   -110   -137   -159   -125   -107   -106   -105   -119   -103 
   -74    -56     35    492    638    853    335    314    655    386    135    -42    -46    -23     -8     32 
   262    407    503    377    236    278    235    106    -19     -3    -25    -19    174    -17     69    331 
   605    153     -9    111    -71    -24     70     83    -48    370    -17    393    741    695    414    301 
   358    368    274     65    -26    -50    174    -54    247     41     -8     -8    199    -17    468    127 
   656    157    -47    143    -55     -5    -74   -165    -58    -18    375     88     -5    -11     50    -15 
   -46    -79    -77    -79   -152   -136   -181   -117   -158   -115    -63    -29    -32    -61   -104    -74 
   -39    -67    -46    -84    -94    -72   -107    -61    -38    -30    -16    -74     -9    -30    -39    -23 
   -39    -43    -39    -90    -91    -40     -9    -27    -51    -34    -25    -48    -53    -73      0    -73 
  -108   -100    -48    -19    -27     -6     -6    100    -17     -3     -2    107     -4    -55    -89    -45 
   -21    -12    -23    -12    -15    -23    -44    -30    -23    -50    -43    -65    -55    -25    -35    -51 
   -49    -41    -52    -69    -52    -51    -52    -58    -94    -56    -23    -70   -125    -54   -109   -154 
  -145    -93    -37   -120   -160   -161   -173   -103    -76   -112    -52   -103    -80   -117   -137    -98 
  -146   -162   -126   -125    -98   -106   -107    -60    -77   -133   -167   -135   -135    -45    -68    -78 
   -97    -89   -170    -85    -95    -62   -115    -55    -24    246    995    -35    -56    -54    -12   -180 
   -89    -51    -42    -96    -88   -168   -134    -55   -108   -156    -16     -5   -260   -225   -194   -178 
  -186   -358   -356   -262   -147   -254   -274    -79    -52   -191   -204    -59   -119   -177   -383   -356 
  -294   -156   -253   -232   -104    -51   -125   -107    205    625    -62   -298   -362   -321   -277   -293 
  -204   -181    -59   -132   -233   -158    -89     79    -26    175   -132    -74   -161   -171   -147    -30 
   -44    -60    -84    -25    384    141    155   -124    -70   -117    -94   -131    -82    -21    -38    -39 
   -39    -44    -33    -35    -36    -46    397    579    369    -37   -131   -135    -42    -37    -32    -27 
   -22    -45    -69    -35    169     46    -52    -78    -61    -23    -28    -55    -31    -42    -12    -16 
   -14    -20    -57    -61    -60    -19    -26    -13    -72    -48    -28    -32    -76    -43     97    -25 
   -41     -6     38     -3    492    222     -3    145    435     -3    -29    822    483    -75   -100    -59 
   -58    -64    -41    -53    -54    -22    -10    -54    -10      0    -69   -101   -108    -62    -63    -71 
    64    -25    -48    -50    -67    -41    -12    -66     23    -43    -76    -15    -87    -32     24    -11 
    67    -41    -37    -15    -54    -79    -63   -101    -43    -47   -134   -173    -56    -20    -74   -132 
   -21    -73    -24   -142   -123    -57    -58   -108   -168    -82    -46    312   -250   -137    -68     -3 
  -188   -157    -60    -49    -53   -104   1098   -100    -40   -138   -131    -86   -169    -83    -91    -94 
   -72     80    -20    -37    -96    -97    -40    -41    -55    -99    109    -45    -53    -17    -25    -16 
   -14    -33   1001   1116    497    115    -59    177     35    -24    -12     -2     -2    -80    -36    504 
    16    317    -11    -83    -24    -17    -12     16     59     -6    -26    -23    -12     -6     -3    -29 
   -69    -30    -18    -28    -38    -28    -23    -15     -7     -8     -3    -18    -37    -91   -118    -48 
   -10   -104    -74    -88   -113    -90   -171   -185   -176   -143    -24    -70    -48    -43   -130   -155 
  -144   -137   -137   -130   -155   -180   -142    -24    -51    -39     -9    -70   -136   -101   -165   -151 
  -176   -157   -152   -165   -137   -127   -185   -105    -23   -125   -104   -201   -164   -172    -66   -129 
  -146   -122   -231   -184   -134   -167   -203   -195   -201   -123   -127    -58    -93   -110   -100   -241 
  -198   -126   -183   -150   -262   -299   -257   -278   -181    -66   -111    -95   -118    -70     -8    -90 
  -196   -280   -362   -305   -349   -250   -210   -116   -107   -218   -182   -173   -109   -147   -115   -392 
  -264   -446   -315   -187   -134    770    -35    -54   -135   -128   -152   -141   -356   -360   -385   -334 
  -214   -233     85    -50   -138   -184   -156   -143   -180   -324   -371   -331   -319   -224   -194    -49 
  -112   -168   -175   -163   -130    -86   -183   -266   -253   -191   -239   -176    -86   -123   -155   -165 
  -161   -157   -115   -170   -198   -214   -199   -152   -156   -130   -170   -169   -158   -143   -131   -119 
  -119   -143   -131   -133   -148   -141    -68    -85    -49   -107   -144    -28    -11    -58   -157   -149 
   -20    356    -50   -114    -69    -42    -65    -80    -46    -44    -79   -156   -120    -27    -56   -138 
  -108    -62    -96    -70    -36   -110    -61    -75   -104   -136   -155   -102    -71    -98    -22    -54 
  -103   -197   -137   -116   -117   -160   -185   -195    -50    -48   -126   -101   -141   -192   -213    -85 
   -95   -204   -216   -210   -159   -117   -125    -87   -140   -277   -224   -207   -240   -237   -313   -246 
  -224   -146   -165   -191   -108   -239   -257   -144   -284   -259   -259   -271   -137   -133   -116   -237 
  -154    -68   -176   -155    -57   -120   -232   -251   -253   -183   -119   -253   -198   -103   1047    -12 
  -157    -41    -11    -80   -126   -218   -255   -110   -160   -182    -46   1016    367    -44    249    -76 
   -41    532    -37   -203   -112    -81   -110    -16    497    580    215    524    -33    -55     25    -23 
  -115    -87   -109   -107    -86    741    748    789    497    -24    -54    -35    -39    -50    -38     -1 
   -38    -76    257    206     59      6    -69    -93    -90   -110   -110    -73    -44    -57    -83    -87 
   -79    -93    -95    -99    -94    -81   -115   -100    -94    -90    -81    -79    -82    -78   -123    -89 
   -94   -138   -151   -175   -119   -126   -114   -110    -92    -84   -107   -114   -122   -144   -176   -187 
  -204   -161   -132   -153   -148   -107    -86   -118   -154   -149   -192   -212   -185   -170   -155   -173 
  -161   -134    -82    -99   -130   -121    -76   -118   -136   -146   -117   -113   -226   -219   -172    -90 
  -126   -199   -174   -121   -140   -113   -113   -105    -82   -101   -117   -138    -76    -38   -113   -113 
   -79    -27    -57    -83    423    740    -75    -50    116    -32    -41    -56    193    412   1246   1023 
   327    227    613    440    -11    859    243    965   1836   1251   1358   1918   1591    489    774   1222 
  1957   1089    874      8    814   1391   1140   1225    621    633    196     71     70    587    468     -2 
    -1    300    194    209    291    221    178    -31    -75    -48    -34    -53    -52    -16    117    -11 
    -4    -17    -12    -16    -34    -40    -54    -45    -49    -21     -6    224    168    104     -6     -5 
    -8     89     -3     -1     -7    -10    309    278    -44    126    364    -24    -22     69     -5    -35 
   -45    -87    -97    -67    -82    -26     -7    370    -49    -88   -107   -139   -153   -105    -67    -22 
    -3    -41    -54    -59    -38    -46    -60   -104   -133   -177    -90    104     -3    569      3    -93 
   -72    -71   -130   -134   -110   -170    -60    -66    -12   -162    -96    -58   -171   -131   -164   -187 
  -180    -62   -155    -47   -110    -33    -63    449    220   -103   -133    -65   -110   -186   -266   -280 
  -200   -294   -287   -258   -104   -110   -299   -381   -299   -297   -358   -449   -478   -378   -501   -356 
  -246   -258   -136   -262   -318   -418   -323   -364   -299   -270   -219   -245   -188   -279   -233    -83 
   -90    462    -28    -51    -89    -76    -66    -34   -100   -132   -133    -15    417   -122   -101    -37 
   258    383    235    218     79   -117    -58    -72    -47     99    -35    139    146    384    450    503 
   355    259    -51    187    -27     -2     61    -48     -7     -7    -17    -20     -3    328    351      0 
   364    437    119    -24    -79    -48    -30    -22     -5     -4     -9    -14    -34     40    201     36 
   -36   -105   -110    -93    -90    -99    -80    -74    -84   -119   -122    -81    -58    -64   -131   -161 
  -157   -136   -157   -135    -95   -103   -118   -154   -120   -135   -140   -142   -169   -153   -134   -192 
  -137   -139   -116   -148   -163   -159   -130   -122   -115   -155   -138   -126   -161   -160   -129    -59 
  -142   -203   -196   -145   -102   -140   -149   -168   -171   -173   -176   -171   -136   -195   -207   -187 
  -139   -119   -234   -179   -291   -303   -170   -113   -157   -136   -204   -151   -150   -238   -190   -137 
   -18   -138   -148    -69    -15   -157    -91   -168    -95    -95   -233   -206    -94    253   -100   -139 
   -59    133   -115   -160   -158    -46    -71   -211   -163   -137    -31   -113   -138   -107    -60   -124 
  -190   -187   -116    -81   -196   -117   -142   -104    -91   -112   -100    -99   -110   -168   -159    -88 
   -42   -127    -79   -109   -138   -122   -153   -156   -145   -135   -141    -94    -82    -78    -87    -85 
   -82    -98    -86    -89   -113   -129   -125   -123   -105   -109    -84    -66    -83    -40    -26    -21 
   -34    -46    -70    -56    -52    -34    -49    -20    -22    -44    -83   -165   -131   -136   -135   -191 
  -155   -133   -212   -157   -114   -105    -45   -135   -203   -155   -159   -132   -185   -144   -140   -205 
  -173   -108    -93    -48   -141   -133   -106   -150   -103    -95    -54    -17   -120   -157   -102    -90 
   -52   -109   -152   -110   -108    -87   -109    -96    -29    -54   -122   -102    -83    -89   -110   -159 
  -173   -183   -199   -129    -74    -18    -41   -128   -127    -51    -61    -52    -77    -77    -85    -41 
   413   1119   1064    173    240    -93    -61    -41    -17    -37    -40    538    988   1111   1495   2015 
  1383    481    -23    -40    -32    -80    -31    208    -39    319    848   1416    831    -52    -35    -60 
    -3    -59    -73    382    764   -109    -70    -12     81    -82    267    464    393    441   -102   -114 
   -50     -5    -95   -121   -102   -122   -155    -40    -81    -18     -9    -71   -121   -123    -85    -80 
   -85   -106   -116   -140   -135   -137   -132   -118    -85    -97   -122   -120   -109    -96   -133   -144 
  -132   -145   -144   -120   -106    -83    -64    -95   -101   -109    -95    -98   -108    -98   -110   -127 
  -101   -108    -91    -18    -34    -18     -6    -20    -15     -9     26    -20    -20     -3    -22    -21 
   -37    -73    -92    -78   -128   -100    -83    -77     -4    -18     -8    146    352    -61   -102   -107 
   -89    -72    -36    -62   -118    -93    -60     -9     -5     17    -48   -106    -94    -90    -99   -111 
   -94   -122    -74    -24      0    -35    -24    -77   -111   -156   -131   -205   -169   -123   -110    -96 
   -86    -40    -13    -21    -78   -144   -151   -149   -208   -182   -169   -183   -193   -186   -121    -50 
   -14    -99   -207   -228   -151   -169   -217   -156   -160   -142   -184   -188    -96    -38   -113   -166 
  -229   -227   -176   -243   -184   -284   -292   -316   -197   -146    -48   -122   -151   -159   -136    -68 
   -96    -81   -139   -239   -246   -117   -117    -56    -38    -73   -112    -96     -5    197    -23    -83 
   -82   -116    -86    -92    -56     -5    -15    -45    -38    -15    -12     -9    -76    -89    -80    -40 
   -40    -16    -40    -27    -24    -59    -70    -72    -50    -45    -42    -21    -30    -59     -9    -27 
   -26    -14    -24    -18    -25    -20    -19    -24     -4     51     -4     -7    -13    -82    -92    -64 
   -83    -74    -80    -27    -46    -18    -38    -39    -30    -41    -76    -91    -77   -106    -25     -3 
   -96    -84    -67    -20    327    371    -18    -71    -91    -19    -19     -6    -18    -96    -72    -82 
   -91    -38    -13    -50   -102    -92    -12    -21    -30    110    -35     39    -13    -40    -20    165 
   -41    -90    -40    -56    -44    -77     -2    -70    -26    -35    758    874    554    887    477   1506 
  1170    170    440     52   -178    -53    263   1388   1776   1072    951    514   1475   1219    726   1063 
   753    130    694   1259    886    791    616     -9    -42    -67    -86    254     90     -8   -110    -25 
   465    185     72    132    578    513    144   -113    -48    -53    -49   -137    -95    -26    -44    -63 
   -74    -14    -38    -32    -79    -37    -36    -63    -81   -161    -80    -65   -167    -67    -45    -41 
   -22    -12    -46    -53    -69    -76   -126   -102    -58    -99    -22    -48    -81    -53    -79   -119 
  -134   -116    -91    -96   -102   -100   -113    -56     -3    -15    -15    -35    -42    -44    -43    -22 
   -34    -24    -37    -36     -7   -176   -246   -255   -159   -136   -194   -222   -106    -83    -88    -82 
  -145   -162   -157   -178   -231   -159   -150    -78   -172    -63   -121    228   -114   -163   -164   -114 
  -180   -158   -187   -146   -118   -170   -153   -157    -68    -63    -39    -62    -65   -106   -120   -176 
   -49   -107    -99   -154   -211    -61     37     -3   -115    121   -116    -63   -115    -67   -110   -147 
  -152    -97      8    663    -79   -136    -45    -46    -91    -90   -116   -123   -202   -234   -200   -115 
    -7   -145   -174   -237    -98   -100   -117   -155   -193   -376   -485   -352   -204   -148   -133   -141 
  -113   -141   -162   -204   -224   -153   -197   -260   -172    -66    -90    -55    -90   -103    -49    -62 
   -80    -31    -12    539    189   1736   2800   3290   3041    364    -71    -18     -3    -98    -76    -83 
   -52   -140    108    697   1246   1319    -92    -65   -110   -148   -234   -236   -191   -202   -255   -129 
  -171   -135   -126   -207   -156   -165   -124   -115   -118   -148   -123   -138   -124   -108    -82   -136 
  -154   -175   -190   -148   -122   -154   -151   -153   -121    -97    -76    -72   -139   -141   -245   -290 
  -256   -278   -346   -287   -212   -237   -304   -317   -286   -320   -214   -212   -165   -142   -182   -259 
  -292   -293   -213   -150   -288   -385   -345   -212   -109   -127   -142   -182   -136   -235   -362   -359 
  -246   -310   -305   -262   -156   -167   -290   -191   -306   -352   -363   -345   -432   -243   -189   -226 
  -215   -191   -205   -235   -197   -398   -401   -362   -194   -217   -294   -199   -160   -120    -88   -233 
  -271   -200   -294   -420   -430   -446   -478   -304   -292   -269   -120    -71   -413   -571   -351   -393 
  -478   -582   -402   -502   -499   -341   -326   -240   -140   -297   -384   -339   -323   -320   -462   -427 
  -618   -618   -529   -356   -221   -111   -209   -338   -230   -193   -141   -222   -221   -225   -388   -346 
  -240    -90   -153   -156   -220   -178   -240   -221   -169   -119   -103   -182   -136   -172    708    -75 
  -147   -175   -166   -221   -204   -171   -122    -66   -153     14    128    -10    -41   -112    -84   -137 
  -148   -167   -149    -89    -51    -63    129    237     -5    -33    -55    -42    -29    -60    -69    -82 
   -23    -20    -35    -31    -38    -58    -45    -36    -52    -25     -2    -88    -81    -10    386     10 
   -28     94    102    -33    -31    -57    -48     -9    -35    -53    -28     -6    206     12    532    946 
   138     67    -19    103    194     -8    -30    -46    -41    -23    -32     55    325    -34     53      0 
   552    708    590    181    -40     -1     26    -50    -34     30    -13    -27     -4    -28    269    321 
   -55    -49    -14    -15    -73    -27    182      0    -29    -20    -51    -51    -58    -62    192     -4 
   -22     51    320     -9    -22    -55    -84    -84    -77     45    496    329    301    -97    -78    -40 
   -75    -30    -35   -108    -91    -21    192    184    -73    -96   -227   -231   -225   -146    -68    273 
   -47    -26    246    539    512    -10    -16    -89    -81   -194    -78     -3    367     53     -1     -5 
     8    224    229    350    126    234     48     51    128     -5    -11    -11      2     -2     -5    157 
   229    221    780    694    306    -12    -26    -26     40     66     74    -19    -21    -17    -44    -16 
   -10     -9    -26    -16     12     55     66    252     31     25     -5     -1    168    203     76     -5 
   491    457    193     42    427    275    -12     -5    115     -5    -22    -16    -24    425    275    262 
   342    401    509    275     -2    307     93     50    -11    -35    331    472     -3     -4      9    219 
   232     51     79     48    304    337     84    247    638    259    170    618    326    297    264     70 
    -5    231    167     -8    290    683    563    356    657    392    240    -44    -27    112    384     71 
    11    606     59    -11    -18    -31    142    577    436    119    272    147    -21      0     62    -56 
   -98   -101    -71    -24    -17    592    956    481    -18    -24    135    -65    -79   -132    -96    -53 
   -25    -27    -76    -58     -2    -18    -53    -35    -42    -74    -33    -60    -33    -48    -97   -137 
  -125    -98    -78    -84    -96    -38    -74    -23     -4    -15    -39    -49    -73   -104   -139    -98 
  -119   -106    -14    -54    -41    -35    -21    -25    -19    -60    -68   -112   -111   -100    -79    -13 
   -24    -12    -19    -18    -33    -28    -52    -42    -56    -57    -61    -52     12     -5     -3    -12 
     0    154    207    214    241    163    113     -3    -11    -97    -52    -54    -53    -51    -62    -86 
   -70    -82    -68    -32    -21     -3    -42    -34    -25     -8    -65    -44    -30    -28    -53    -51 
   -21     85    125    -39    -45    -44    -44    -67     48   -103    -95    -72    -11    529    219     -3 
   -53   -106    -80    -94   -131    -47   -111    -76    -98    -43    461    358     79    -72   -157   -116 
  -110   -127    -89   -116   -146   -100    -33    446    584    259   -137   -161   -119   -141   -171   -149 
  -303   -261   -198    -75    -29    872    345   -247   -239   -182   -221   -220   -235   -266   -193   -262 
  -144   -102     -4    287   -162   -290   -273   -142    -97   -206   -155    -95    -39    -96   -164    -39 
   136   -102   -161   -188   -121    -25    -41    -95    -68    654    182   -140    -68    -19   -106   -101 
  -125   -105    -28    -67    -96    -51    148    893    -14     -8    494    -82    -95    -91    -86    -36 
   -66   -113    -88    -42    591    397    671    799    -80   -111    -81   -103    -87    -96   -105    -80 
   -83     31    319    580    729    -80    -78    -59    -55    -52    -41    -64    -50    -64    -23    314 
   554    277    -66    -96    -50    -70   -121   -144    -95   -118   -138   -174   -153   -144   -141    -71 
  -174    -80    -65   -106   -145   -119   -161   -169   -207   -182   -192   -169    -79   -148   -135   -130 
  -155   -128   -176   -164   -180   -169   -175   -163   -171    -51   -139   -142    -62    -27    664   -122 
   -76   -137    -72    -96    -82   -154    -82   -174   -113    -83    -30     -4     -2    -10    -94    -66 
   -95    -99   -140    -68    -67    -23    -51    -69    -88   -132   -222   -238   -230   -191   -137   -176 
  -198   -353   -101   -113   -187   -301   -312   -345   -366   -308   -246   -145   -128   -120   -170   -153 
  -167   -219   -312   -381   -165   -116   -187   -225   -191    -83    232    -40    -55     -5   -104    -83 
   -25    500    580     83    -36    -90    -55    -35    -31    -52    472    -10    -25    -12      9    -10 
    46    599    -90    -95    -25    -54    -74    -33    -23    -55    -15    -40    -74    -52    -53   -109 
  -130    -21    -67    -91    -38    -28    -44    -40    -32     -8    -43    -62    -33    -97    -33    -20 
   -13     -9     -4    199     72    171    153      4    -34    -34    -78    -70    -62    -50    -40     -5 
   -31    -41    -42    -27    -33    -44    -17    -46    -25    -73    -86   -102    -50    -30    -27    -72 
    -7    -28      3     -2    -26    -15    -71    -71    -73    -30    -60    -56    -82    -59    -42    -18 
   -10    -49    -46    -80    -87    -74    -52    -94    -80    -92    -97    -80   -117   -129   -105    -66 
  -122   -111   -184   -137   -117    -74   -104    -89    -97    -16    -67    -64    -79   -140   -117   -175 
  -147   -125    -88   -136    -61    -14    -45    -88    -45   -133   -135    -79    -95   -211   -283   -313 
  -183   -105   -169   -190   -141    -64   -123   -233   -116    -28   -143   -175   -126   -166   -187   -301 
  -287   -156   -104     24    -72    -31    164      4    -32    -19   -105   -136   -206   -230   -114    -65 
   332    -36     -5    -32      1     46    -12    -52    -88   -116   -157    -18    -68    231    -31    -18 
   -13    -29    -16    -19    -22    -49    -71    -88    -35    -58     41    -28    -11    -14    -18    -31 
   -28    -37    -38    -30    -38    -28    -39    -13    -32    -14    -11    -22    -22    -23    -26    -31 
   -26    -12    -20    -16     13     26     58    143     -5     -3    -22    -14     57    293     -5    -19 
   -32    141    -44    -24     -8    -51    -58    -37     96    -24    -36    -53    -32    -33    287    -18 
   402    456    111    -17     37    731    350    378    512    491     93    201    -35    466    367    132 
   153     -4    -15    -14    -16    233    111    -11      0    -52    -14    -53    -85    -40    -20    -17 
     1    -56     -8    -32    -19    -71    -70    -43    -81    -59    -72    -80    -24    -30    -50     -2 
   -29    -16    -52    890    320    275    445    363   -104   -117   -119   -102    391    -16    -12    -60 
   390    -24     -3    -20     -7    222    227    -50    -87    -26    -50    -32    -94   -100   -100    -16 
    17    -34     -3    433    -39   -127   -107    -37    -52    -57    -99    -90    -66    -41     83     -7 
   -35   -115    -92    -75    -85    -64    -25    -25    -25    -28    -15     76      8    -17    -60    -53 
   -22    -47    -17    -33    -69    -48    -46    -29    -11    -12     -8    -25    -16    225     -2      0 
   -31    -60    -51    -49    -45    -37    -32    -41    -37    -16     -8    -12     -5    -26    -99    -60 
   -50    -61    -62    -59    -13    -95    -44    -71    -80    -29     -1   -142   -132    -88   -119    -72 
   -10    -74   -169   -161    -99   -105    -74     -2    -58    -90    -54   -100    -75   -111   -128   -102 
  -114   -116    -81    -56    319   -107    -89    -84    -91   -129   -196   -232   -132   -128   -125   -105 
   -78    -53    -98   -123    -81   -112   -210   -209   -164   -167   -178   -160   -149   -121    -88    231 
   -98   -108   -127   -159   -292   -269   -195    -30    349   -189   -103   -145   -188   -124   -164   -320 
  -383   -162   -159   -199   -198   -162   -119    -57   -112   -271    -94    -72    -48   -109    -78   -105 
  -128   -200   -197   -110     -5     63    179    -27    -25    -15     -7     -2    -18   -130   -124   -104 
  -121    355    -14    -24    -43    -77    -54    -76    -43   -104   -124   -139   -119   -155     62    132 
   -24    -40    -46    -31    -38    -29    -68    -88    -89    -48   -128    -23    -18    -56    -27    -14 
   -43    -45    -58    -64    -59    -32     -6    -87    -16     42    -50    -11     -5    -27    -31    -30 
   -29    -53    -53    -39    -74    -32   -101     85    -92    -25    -59     -6    -25    -32    228    -69 
   -62    -14    -26    -97    -35    -24    280    638    263     45    -54    -58    -66    -79   -113    -98 
   -56    123    118      3    455    -46    -63    -86    -50    324    -16    330     61    -36    -39    -67 
   -56    -16     77    -48   -102   -101    302    -32    479    173    -98    -77   -122   -148   -124   -147 
  -190   -209   -168    -57    -24    -31    -63   -264   -223   -186   -221   -316   -462   -367   -365   -431 
  -313   -334   -118   -105   -262   -199   -276   -403   -510   -525   -335   -408   -522   -352   -434   -289 
  -119   -296   -207   -261   -352   -428   -520   -441   -352   -384   -297   -386   -294    -88   -153   -303 
  -220   -223   -198   -226   -235   -248   -249   -282   -474   -226   -106   -104    -89   -101   -133   -134 
  -163   -152   -178   -150   -122   -249   -142    -44    -66    -48   -117   -138   -127   -104    -95   -111 
  -116   -138   -189   -104    -96    -79    -46    -88    -87    -76    -89    -81   -100    -89    -91    -93 
   -55    -69    -88    -95   -136   -142   -128   -159   -159   -153   -176   -141   -122   -139   -146   -103 
   -56    -56    -32    -61    -79    -47      2    -15    -68    -48    -54    137   -126    -78    -73    -25 
   -47    -83    -32    -29   -131   -119    -81   -155    -58    -78    -77    -71    -66    -18    -65   -179 
  -253   -139    -96    -82   -196    -86    -80   -101   -113   -157   -128   -180   -235   -252    -56   -123 
  -166   -174   -109   -156   -252   -230   -257   -152   -302   -265   -324    -72   -146    -67    -30    -76 
  -181   -196   -149    -98    -48   -282   -343   -395   -145   -181    -77    167    -45   -282   -386   -207 
  -171   -189   -350   -410   -303   -182   -314   -139    -18    -36   -294   -380    -75   -104    -94   -147 
  -310   -397   -455   -387   -310   -198   -160    -85   -212   -147   -191    -97   -157   -247   -264   -185 
  -209   -310   -193   -126   -119   -114    -89   -130    -82   -103   -128   -184   -319   -125   -335   -275 
  -117   -142   -143   -111   -140   -109    -54   -103   -160   -318   -141   -210   -223    -58   -131   -194 
  -110   -126   -148   -114   -143   -109   -114    -77    -85   -119    -21   -136   -186   -138   -104   -169 
  -178   -170   -125   -120   -117   -126   -142    -83    -36    -37    -20    -11     12     21     40    -40 
   -54    -38     -4     -2     -7     98    105     -7    -29    231    375    344    -22    -23    -54    -28 
   -30    -20     86     35     -5     -7    136      7    272    -26    -16    -54    -18    -50     21     62 
    27    -48    -33    159    -22    418     70    -54   -109    -68    -56    -21    175    285     -1    -10 
   287     18     -6    -19    -23    160    435     -2    -13    -36    -68    -21    -42    -45    -66   -137 
  -159   -116    -46    -22    339    276    -94    -78    356    702    682    137   -111   -113    -96   -120 
  -145    -70     -1    -61    -84    -75    -11    120   -105   -147   -243   -194   -217   -259   -161    -56 
   -63   -137   -111   -124    -75   -121   -140   -209   -122   -198   -220   -193   -130    -75   -133    -95 
   -93    -49    -47    -83   -112   -127   -181   -182   -185    -97    -26    -59    -44    -37    -21    -23 
   -45    -55    -87    -91    -97    -90    -25    -10    -15    -15    -13     19     -2    -17    -26    -18 
   -20    -26    -24     -5    166     58     -2      4     28    -15    -27    -23    -14    -38    -25    -19 
     2    -55    365    211    122    -14      0     -4    -33    -12     15    162     -3    -11    -64    599 
   560    236     91    127    270      0     -3     98     55     16     -1    -57    644    612    284    198 
   166    130     -7     -5    -11    -24    -22    -18    -56    563    592    279    254     -1      7    -23 
   -30      0    -49    -31    -25    -53    445    664     48     94    206    313     -3    -36    -13    -45 
   -18    -24    -43    464    611    189    269    593    428    342    291    343    -31    -13    -35    -63 
   494    728     36     -9    161      0    -68    -37    265    -29    -29    -41    -35   1223    801    303 
   -25     -3    -23    -34    268    410    -12    -54    -71    -50   1038    827    625    -44    -20    -49 
   -53     -1    505    348    -35    -36    -63    986    728    459    -60    -41    -39    -56    -36     88 
   -15    -58    -68    -60    763    872    627    -53    -44    -46    -53    -42    -43    -39    -45    -36 
   -58    828    946    828    -40    -34    -46    -46    -30    -46    -57    -29    -25    -44    400    445 
   449    -24    -24    -29    -31    -34    -40    -39    -36    -30    -79    -71   -135   -175   -108    -90 
  -127    -10   -139   -114   -188   -225   -116    130   -105   -117   -146    -66    335    -69    -79   -213 
  -118   -194   -284   -192    540    -67    -67    -49    -69    115    -22   -111   -146    -60   -103   -189 
   -90    -60   -119   -138    -88    -98     -4    -54   -128    -61    -33   -132   -161    -38    -26    -14 
   -27     -9    -92    693    -21    -34      7    259    114    -38     29    -15    -80   -104   -162    -65 
  -112    -88   -217   -245   -131    -14    -39   -104   -205   -129   -244   -361   -247   -163   -151   -222 
  -166   -196   -105   -249   -202   -149    -66   -149   -177   -250    -89   -251    -46    185   -124    -42 
  -124   -102    -92    207     -2    -44   -117   -112   -178    -24    -75     -2    -21    462    -11    -95 
   -52    -76    -93    -93   -167   -139   -129   -106    -15    -40    -93    -21   -123   -178   -190   -206 
  -165   -151   -192   -220   -261   -139   -159   -217   -117    -96   -235   -209   -197   -187   -193   -207 
  -168   -223   -211   -188   -208   -150   -160   -159   -133   -181   -188   -196   -197   -195   -214   -220 
  -219   -196   -164   -136   -112   -137   -136    -93   -117   -113   -154   -150   -152    -73   -101   -121 
  -162    -89   -178   -198   -157    -82   -101   -149   -154   -155   -113   -125   -134   -156   -148   -201 
  -196   -222   -192   -179   -179   -134   -158   -152    -67    -96   -206   -183   -230   -213   -209   -181 
  -155   -140   -181   -141   -147    -66   -107   -164   -117   -135   -181   -130   -112   -136   -158   -113 
   -79   -105   -135   -177   -208   -227   -316   -288   -269   -260   -104   -218   -121   -113     -8    -51 
  -164   -189   -209   -120   -146   -168   -199   -150   -218    -26    -76    -16    310   -136   -249   -204 
  -147   -105   -130   -110    -91    -13   1209    -15   -105    -43    -46   -196   -116    -97    -55    -30 
    -4    -14    649     55    -24    -10    -56    -43   -146    -38    -24    -38    -68    -35    -42     70 
   -86    -51    691    -29    -30   -137    -60    -31    -23    -69    -75    -50    -43    -33    -21     -9 
   -42    -54   -131   -101   -102    -98   -111   -111    -90    -80    -77    -61    -49    -78    -89   -135 
  -124   -105    -99   -132   -155   -167   -147   -161   -121   -130   -125   -118   -104   -113   -152   -106 
   -57    -73    -86   -159   -140   -104   -162   -189   -146    -45    -84   -142   -102    -73    -71   -165 
  -141   -163    -95   -138   -170    -71    -90    -65   -132   -143    -91    -76   -126    -65    -68    -95 
  -135   -195   -103   -144    -74   -111   -142   -152    -68   -168   -117    -41    -98   -155   -197    -91 
  -123   -180   -143   -199   -198   -127   -127   -152   -116   -176   -137   -166   -144   -118   -153   -188 
  -269   -299   -219   -206   -145    -56    -88   -186   -134   -109   -150   -165   -250   -267   -319   -361 
  -335   -179     -5    652   -301   -189   -141   -104   -130   -188   -152   -192   -292   -242   -188    -54 
    51   -337   -323   -218    -21   -139   -189    -50    -73   -157   -200   -109     62   -132   -270   -337 
  -264    -40    -68    -88    -80    -75    -56    -99    -41    -81   -211   -230   -258   -192   -113    -51 
   -77   -104   -135   -121   -116    -56    -80   -178   -132   -150   -146    -86    -58    -79   -111   -128 
  -124   -134   -140    -92   -128   -129   -114   -119    -59    -23    -39    -49    -63    -39    -28    -54 
   -78    -99    -99    -88    -83   -118    -83   -103    -27   -105    -93   -118    -71    -85   -174   -196 
  -166   -116    -91   -219   -172    -63   -137   -129   -133    322     51    -81   -153   -114    -95    -84 
  -143    -79     -1    -77   -165   -188    -75    860    793    -53   -142   -116   -153   -145   -174    -56 
   -68   -178   -203    -89    828   1357    -57   -104   -109   -158   -167   -131    -84    -66   -185   -324 
  -341   -192    -96    373    -44    -27    -95   -161    -72    -23    -48    -48   -261   -233   -300   -361 
  -159   -244   -105   -206   -330   -318   -323   -282   -176   -292    -89   -233   -401   -515   -407   -212 
  -252   -306   -288   -379   -339   -397   -459   -424   -479   -561   -512   -461   -293   -186   -344   -252 
  -358   -402   -462   -386   -348   -352   -459   -413   -323   -196   -175   -440   -302   -290   -209   -192 
  -255   -264   -296   -334   -454   -293   -183   -143   -268   -267   -285   -270   -258   -241   -278   -280 
  -267   -289   -205   -176   -177   -291   -294   -332   -362   -330   -282   -249   -267   -277   -281   -262 
  -184   -188   -248   -239   -268   -294   -229   -189   -161   -223   -231   -224   -210   -168   1526   1381 
  1353   1017   1398   1138   1274   1334    977   1429   1322   1336    761    810   1007   1305   1065    666 
   611    786    740    656    652   1112    903    453    377    998   1402    996    901    582   1124    863 
   670    313   1024   1232    681    256    711   1253   1290    485   1004    847    320    667    103   1134 
  1563   1129    179     48    765    990     47    -72    -29    -16    -10    -91     60    572    664     -7 
   -65    -56    -60    -60    -79    667    811    518    -23    -98    -21    -11   -146   -321   -193   -288 
  -267   -238    -45   -195   -147   -168   -180    -78    -83   -114   -291   -211   -272   -221   -155   -198 
  -355   -352   -366   -332   -172   -185    -80   -145   -166   -231   -164   -164   -232   -361   -314   -287 
  -290   -158   -251    -75   -168   -192   -210   -141   -151   -182   -279   -264   -279   -297   -204   -207 
   -81   -170   -126   -112   -146   -149   -135   -177   -198   -223   -205   -230   -162   -103   -160   -116 
   -82    -67   -110   -117    -99    -93    -85   -111   -119    -98    -82   -125    -98    -60    -36    -52 
   -73    -83    -59    -67    -76    -95    -89     -6    -29    -22     -8    -42    -52     -8    -13    -17 
    15    579    727    378    -41    -73    -55     -2    -75    -94    -63    -45    -14    -16    263    131 
   -13    -51    -66    -37     -6    -74    -55    -28    -27    -18    -58    -45    -25    182    -39    -27 
   -41     -5    -48   -105   -122    -89    -68    -99    -52    -46    -20    -79    -57   -119    -65    -91 
  -174   -158   -139   -104   -151   -105    -67    -72    -56    -56   -132    -59   -103    -72    -58   -101 
   -91   -140    -47    -64    -56    -96   -104   -164    -60   -110    -77   -172   -160   -161   -143    -90 
  -113    -63    -96    -28    -46    439    753    589    -49    -65   -103   -117   -116    -75     -5     -9 
   974    166    142    812   1132     37    -81   -123   -105    -57    -44    -32    219    800    413    667 
   511    681    328    -13    -43    -34    -25    -16     -9    -15    310    286    338    282    514    313 
   288     56     79     60    -32     -4    -20    113    273    423    414    225    137    164    149    136 
    31    131     25    -67    -51    -12     91     50    -21    -16    -10      5     -7    -27    -30    -21 
   -95    212    -58    -86    -58    -24   -131    -88     21    -70    -92    -98   -117   -102    -70   -150 
  -123   -105   -142   -133   -140   1205     -9   -138   -134   -134    -84    -66   -164   -108   -119   -137 
   -68   -117    -22    -62    -82   -109   -105    -91   -121   -179   -161   -132   -129     -1    -99   -108 
   -42   -131   -160    -90    -93    -78    -87   -110    -36    -22    -42    -25    -47    800    554      2 
   -63   -113    -17    -99   -102    -43    -63    -64    -91    -91    -59    369    594     -3   -242   -140 
  -128   -187   -233   -185   -220   -194   -132    -60    324     -7    -75   -250   -228   -222   -191   -221 
  -283   -274   -152    -79    495   -104     -6    -62   -233   -199   -163   -147   -209   -278   -333   -265 
  -300   -215   -228   -139   -108   -256   -269   -280   -200   -229   -255   -279   -218   -177   -279   -257 
  -121   -109   -199   -181   -191   -213   -215   -218   -217   -180   -204   -277   -294   -238   -148   -195 
  -198   -251   -270   -238   -212   -214   -234   -256   -259   -263   -223   -158   -160   -158   -191   -171 
  -184   -196   -224   -214   -202   -190   -208   -185   -136    -55    -57     75     12    -41    -51    -12 
   -33    -67    -81    -91    -49    -48     13    -52      0    -17    171    -32    -40   -108   -103    -97 
   -38    -47    -76    335     -2    281    164    113    -19    -71    -89    -82   -100    -71    -62   -101 
   161     -6    -47    -54    -82    -63   -138    -33    512     -7    -13    -56   -105    -26    -38    -95 
  -118   -143    -87    -76    -17    326    -16    -58    -63    -61    -99    -78   -130   -185   -282   -200 
  -250   -222   -214   -212   -131   -169   -123   -213   -241   -294   -327   -385   -321   -356   -327   -330 
  -263   -238   -264   -206    -76   -146   -250   -200   -165    -34   -131   -207   -290   -137   -125   -175 
  -199    257    -23    -59    -87    -66    -42    -41   -196   -229    -84   -167   -136   -229    -78    -79 
   -65    -82   -114   -128   -126   -208   -240   -127   -123   -163   -168    -84   -105   -107    -93    -93 
   -95    -73    -94   -185   -115   -121   -151   -136    -96   -103   -113   -108   -140   -135   -106   -122 
  -155   -131   -150   -129   -112    -59    -75    -68    -44    -45    -58    -74    -61    -66    -65    -98 
  -104    -86    -43    -93   -111    -65    -23    -70   -128   -159   -134    -90   -119   -117   -137    -54 
  -120   -128    -94    -83   -132   -125   -102    -75    -73    -99   -112    -82    -74   -136   -124   -113 
  -116   -145   -148   -131    -61    -84     55    212     -4    -73    -81   -137   -146   -147   -165   -169 
  -175   -127    -95    -29    300     67    -85    -73   -137   -124   -107   -187   -258   -259   -241   -123 
  -105    -65    -70   -153   -116   -205   -201   -140   -263   -324   -262   -253   -249   -204   -103    -83 
  -181   -176   -173   -202   -237   -228   -206   -105    -81   -204   -169   -109    -45   -143   -243   -179 
  -182   -222   -307   -248   -204   -212   -267   -270   -168   -135   -156   -226   -179   -127    -97   -148 
  -175   -223   -277   -311   -284   -231   -148   -141   -156   -175   -160   -102    -83   -125   -139   -203 
  -252   -188   -161    -88    -99   -113   -111   -149   -165   -187   -182   -122   -130   -185   -153   -155 
  -102   -117   -108   -105   -130   -149   -146   -129   -116   -126   -164   -132   -130    -88    -94    -89 
   -79   -100   -123   -115   -110    -97   -106    -85    -58    -75    -62    -62    -82    -58    -82    -71 
   -65    -96    -67    -58    -29    -52    -77    -74    -89   -115    -78    -91    -70    -89    -89    -93 
  -100    -63    -62   -102    -74    -91   -115    -84    -46     -2    -31    -20    -26    -43    -37    -53 
  -103   -125    -71    -83    -57    -31    -26    -39    -70    -48     -3    475    369    -28    -71    -90 
  -124    -55    -11     -8    136     -3    -59    -32    -33    233    -18    -49    -64    -24    172    171 
    -2    172    513     -8     23    271    796    -54    -96    -87    -61    -22   -108   -122    -18   -106 
  -164   -193    -87    -25   -115   -158    -70    -38    -86   -138    -71    631    117    -41    -59    -13 
   454   -129   -172    -31    -30    -35   -107    -79    -46    -59    -86    195    -23     -2    -68    -94 
   -47    -65    -41    -91    -94    -69    -63    -57    285     -9     68    -88    -82    -75    -90    -71 
   -60    -73    -44    -45    -72    -72    -95    -61    -87    -82    -60    -78    -64    -64    -73    -61 
   -62    -61    -73    -77    -94    -67    -50    -54    -74    -68    -71    -79    -71    -56    -53    -70 
   -77    -81    -78    -57    -31     -8    -49    -60    -20    -24    -35    -21    221    190    267    269 
     0    -28    199     81    -50    -29    -25     -8    -13    -21    -28    -48    -35    -10    -31    615 
   447    -41     47    272     72    150    -87    -59    -91    -43     -1     -5    391    242    258    367 
   589    279    139      4     -1    -82    -96    -77    -68    -10    -12    188     49    -19    -89    -98 
  -119   -146   -165   -128    -92    -92    -72   -122    -98   -118    -80   -130   -122   -191   -178   -158 
  -126    -63    -92    -96   -145   -174   -167   -165   -131   -158   -239   -185   -155    -72    -48   -102 
   -26   -132   -131   -150   -140   -196   -142   -173   -247   -169   -107    -82    -74    -83    -96   -102 
  -104    -55   -101    -50    -85   -195   -118   -114   -100    -32    -39    -70    -19    -25    -14    -39 
   -18    -28    -96    -84   -123    -83    -28    -35    -36    -44    -50    -53    -44    -65    -49    -59 
  -121    -77    -55    -94   -121   -103    -90    -67    -65    -88    -91    -81    -99   -106    -97    -58 
   -65    -81    -65    -72    -66    -53    -61    -70    -81    -82    -65    -51    -33    248    -42    -15 
   329    -90    -60     -6    -19   -130   -164   -181   -171    -80    -77    -87   -107    -54   -102    -48 
   -74    -58   -130    -13    -92    -62    -78    -99    -80    -91    -84   -111   -126   -139    -96   -125 
  -137   -138    -80   -195    -80   -138   -106   -103   -128   -168   -235   -116   -131   -203   -135    -57 
  -139   -138   -249   -230   -255   -326   -273   -241   -218   -264   -258    -88    698    -67   -140   -316 
  -347   -388   -324   -352   -412   -443   -252   -217    -96    -17   -109   -224   -359   -241   -346   -298 
  -387   -434   -291   -200   -228   -366   -242   -158   -256   -431   -159   -155   -335   -420   -287   -193 
  -130   -236   -319   -252   -143   -184   -318   -146    -44   -170   -251   -145   -119   -113   -151   -149 
  -233     -2   -156   -235   -177   -136   -130   -154   -129   -181   -148    -88    -50   -168    289   -110 
  -145   -150   -123   -163   -153   -108    -65     -7    -14    -53    -55    -66   -177   -174   -162   -201 
  -226   -248   -225   -172   -189   -186   -165   -123   -132   -156   -133   -133   -144   -154   -127    -92 
  -125   -150   -121   -123    -81    -95    -76   -142   -104   -118    -98   -102    -94   -111   -123   -160 
  -119   -124   -194   -109   -147   -103   -160   -157   -112   -119   -157   -193   -177   -153   -132   -154 
  -160   -103    -50   -152   -213   -139   -103   -128   -141    -97    -62   -107   -117    -62    -39   -122 
  -104   -171   -210    -91    -50   -161   -168   -133   -141   -126   -118    -60    -71    -88   -201   -188 
  -214   -183   -187   -176   -201   -190   -104   -152   -142   -179   -152   -172   -106    -64    -72   -186 
  -169   -244   -246   -144   -125   -147   -238   -155   -104    -77    -64    -38   -207   -175   -147   -171 
  -151    -75     37    795    506     -9    -88    -93   -211   -184    -15   -112    -77   -118    -15    376 
   439   1167    391     -3    -54   -137   -173    -45     50    -80   -168    -22    -30    -32    497    -48 
   -34    -27    -66    -94   -133     61   -104   -168    -41    -77    -51    -58    -63    -57    -71    -29 
    31    -83    -19   -128   -149     -9      0     -7     69      5    -19    -19    -32    -13    -30    -30 
   -45   -114    -33    -54    -53    -15    -16    -44    -90    -86    -47    -88    -63    -72   -107    -31 
   -43    -96    -41    -43    -58    -80    -23    275    -48    -60   -107   -101    -53    -71   -129    -73 
   290     77    -64    -45     -4    -87   -116   -105    -52    -78   -162   -178   -143    -43    -11    -24 
   -90    -77   -107   -101    -95    -69    -82   -175   -243   -235   -111    -73    -27   -110    -99    -25 
   -82   -119   -133    -96   -151   -189   -159    -24    -57   -148   -182   -108     -4    -56   -133   -113 
  -148   -151   -199   -176    -89   -132   -272   -425   -414    -91   -112   -166   -154   -137   -189   -194 
  -226   -219   -272   -356   -361   -345   -176   -148    -99   -139   -187   -277   -269   -342   -354   -383 
  -308   -200   -319   -318   -260   -200   -122   -242   -347   -318   -272   -279   -331   -215   -164   -312 
  -324   -270   -167   -134   -182   -282   -222   -232   -201   -175   -171   -261   -274   -277   -216   -180 
  -157   -121   -167   -166   -180   -175   -157   -143   -191   -190   -209   -194   -156   -128   -107   -186 
  -142   -146   -147   -153   -145   -121    -99   -109   -113   -108   -123    -78   -100    -79    -84    -99 
  -112    -77    -72    -61    -54    -69    -86    -93   -101   -112   -113   -116    -97   -137   -145   -113 
  -180   -160   -113   -127    -81   -137   -149   -162   -207   -158   -198   -112   -158   -200   -239   -217 
  -204    -91   -181   -216   -185   -221   -167   -160   -136   -187   -165   -139   -193   -223   -134   -138 
  -186   -159   -198   -160   -155   -183   -219   -243   -163   -141   -202   -103   -159   -245   -232   -189 
  -180   -211   -261   -212   -203   -203   -106   -176   -125   -256   -278   -285   -292   -202   -226   -252 
  -252   -132   -168   -178   -205   -180   -287   -361   -284   -346   -275   -326   -263   -272   -259   -162 
  -266   -219   -156   -234   -290   -244   -294   -186   -174   -128   -172   -158   -243   -437   -267   -219 
   -70    -41    318    -58    -66    -17     44    -63   -160   -279   -299   -193   -169    -93    -83    363 
    72    -17     74    444    -17    -31   -185   -111    -60    -41    -99    -58    -73    -83    -59    -62 
   -17     -9   1182    834    810    539     -2    -61    -42    -74    -77    -81   -115    -68    -36     -7 
   -16      6    165    -25    -20     -1    -13     39    313     22    226    214      0    -27    -12     92 
    31    -50    -73    -58    -71    -94    -82    -57    -64    -67    -62    -39    -25    -14    -87   -121 
   -76    -99   -109    -80    -42    -50    -60    -50    -48    -55    -31    -81   -111   -109   -142   -149 
  -140   -106    -84    -85    -99    -90   -107    -52    -86   -106   -135   -158   -139   -135   -121   -101 
  -113   -116   -113   -130   -110    -59   -108   -120   -145   -137   -116   -129   -116   -123   -112   -120 
  -165   -119    -49    -92   -119   -157   -117    -85    -45     -7    -47    -81    -61   -129    -93    -18 
   435     55    348    403    535   1034   1224    534    363     59    -88    -33     -5     43    -15    490 
   689    943   1486   1098    242    213     -8    -59    -31     -8    213    129    360    514    523    815 
   556    646    986   1585    -13     14     72    142    337    517    484    191    717    985   1173   1609 
  2229    803    600     25    170    321    510    618    498    666    755    868   1035   1081    651    152 
    43    456    673    523    403    217    103     15    111    156    206     80    -16    196    385    232 
   212    163    189    207    234    202     87      0     -5     -8    197    312    285    121    383    193 
   179      2     -3    -12    -25    -16    -20    524    501    547    360    649    589   1123    806    426 
   267    163    389     39    902    943   1116    913   1289   1615   1494   1619    888    822    469    278 
   128   1020   1166   1330   1199   1355   2494   2200   2289   2049   1719    865    405    452   1133    817 
  1401   1204   1851   2100   1676   1161   1373   1446   1391    703    215    763    655    726    755   1559 
  1273    801    201    361    408    558    320    -41    -43   -158    -99   -122    -79   -103   -138   -171 
  -180   -182   -126    -31    -76    -49   -147    -97    -87   -101   -173   -246   -360   -468   -403   -394 
  -249   -169    -94   -182   -160   -115   -134   -168   -177   -253   -381   -428   -419   -287   -174    -84 
  -118   -133   -114   -138   -147   -141   -175   -213   -234   -206   -148    -91    -78    -83    -86    -76 
   -84    -81    -82   -108   -140   -163   -135    -88    -61    -53    -56    -58    -59    -74    -75    -71 
   -72    -68    -76    -78    -45    -24    -37    -35    -39    -42    -51    -49    -31    -21    -29    -30 
   -47    -36    -19   -122   -152   -141   -107    -77    -94   -125    -83   -101   -104   -117   -142    -98 
   -79   -128   -124   -111    -89    -79   -132    -80    -98   -100   -126   -117    -73    -72   -130   -105 
   -96    -43     -7    -56    -43    -64    -55    -58    -86    -75    -51   -100    -90    -74    -50    -28 
   -61   -119    -93    -81    -84   -137   -125   -129   -128   -134   -144   -159    -41    -49    -73    -57 
   -27    -42    -70    -62      0    -20    -44    -84    -64     73    700    474    294     -6    425    340 
    -1    611    974    433    805    794    742   1546    438     85    -61     -4    590    105    -12     28 
   229     48    387    612    485    933    529    -68    -28     -6    -17    -19    560    312     93    106 
   227    554    878    -21    -69    -42    -50    -12     -7    207    138     -4     -6    107    351    520 
    -7    -27    -30    -25     -4     -6     -1      0    -11      7     -2     -8    -20    -40    -50    -37 
   -34    -23     75     -8    -18    -33    -17    -23    -14    -20     -1    -21    -15    -12    -25    -53 
   -54    -54    -66    -62    -74    -70    -70    -53    -46    -34    -31    -45    -81    -82    -81    -68 
   -99    -50    -26    -69   -118    -91    -79    -89    -66    -81    -93   -127    -91    -93   -117   -123 
  -185   -162   -185   -179   -121    -46   -101   -130   -167   -115     52    -84   -153   -268   -221   -167 
  -187    -98    -24    -70   -109   -176   -204   -116   -197   -145   -158   -149   -154   -170   -162    -57 
   -33   -140    -68    -69    -20   -115    -26    -32      0   -183   -114    -11      8    -56   -238    286 
    -7    -69   -165   -180   -170   -107   -273    -59   1223    720    -88   -152    -49   -147   -127    -80 
   -67   -103    -58   -109    -51    409    -15   -171    -72   -136   -143   -175   -120   -277   -282   -161 
  -119    -71    -76    -49   -143   -169   -219   -203   -231   -168   -327   -356   -452   -455   -303   -169 
  -102    -62   -157   -175   -116    -99    -98   -175   -261   -281   -347   -308   -180   -136    -43   -113 
   -87   -105    -93    -95    -72   -151   -127   -161   -163   -102    -88    -47    -99    -86    -68    -29 
   -46    -60    -31    115     -7    -56    -42    -67     -3    -21    -32    -25      7    -33    -32    -17 
     6     -8    -55    -28     -2   -113   -140   -128   -141    -59    -82   -156    -77    -22    -55   -144 
  -127    -50    -79    -57    -75    -77     13    -18   -113    -79    199    -59   -172   -170   -101    -45 
   -50    -80    -89    -46    -82    -69   -126    -32    -46   -140   -101     33    -29    -34    -80    -51 
   540     -2    -56   -176   -137    -61    -83    -83    -13    -64    -66   -112    -81    269    141   -154 
  -204   -129    110    -34   -109    -74    -47     79    -62    -62    151    106   -138   -142   -156    749 
   732    -55    -37    435    753    286    395    511    290    -90    -23    184   1221    770     40    313 
   -13    259     -6    -54    173    -15    -56     -2    633   1779    689    562    473    -21   -116    -74 
  -142   -134   -102   -114   -134    -57    869    -39    120    -25    -96   -140    -84   -144   -151   -135 
  -121   -177   -121    -29    -70    -73    -84    -45   -101    -98   -115   -114   -114    -87   -119   -108 
   -80    -98   -127    -63    -35    -95    -94    -91    -89    -99    -93    -85    -77    -91   -101    -70 
   -16    -15    -49    -74    -73    -75    -61    -77    -57    -32    -56    -62    -70    -31   -152   -182 
  -187   -196   -208   -217   -185   -164   -167   -198   -143   -107    -61   -173   -246   -279   -245   -264 
  -259   -183   -202   -189   -197   -149   -121    -55   -141   -264   -248   -210   -225   -208   -163   -226 
  -195   -177   -194   -156   -103   -113   -190   -221   -252   -229   -208   -175   -238   -226   -188   -222 
  -206   -116   -138   -240   -230   -296   -327   -266   -189   -257   -262   -209   -195   -126    -37    215 
  -119   -153   -236   -287   -159   -144   -145   -194   -283   -277   -131    -19     -8   -151   -132   -191 
  -208   -230   -308   -256   -247   -272   -201   -119    -32    -56    -85    -68    -49   -101   -113   -173 
  -162   -215   -256   -161   -109    -74    132    918    613    418     -2    -31    -53    364    -42   -134 
  -133    -54    -27    373    805    667    362    293    204     77    -25    -14    -43   -107    104    343 
   114    238     28    -24    -28    -18     -4    -16    -33    -21    -67    -50    -14    -30    -50    -45 
   -58    -71    -51    -54    -67    -21    -37    -39    -17    -26    175    211     96     -2    -20    -20 
   -27    -25    -14    -19     -7    395    227   -155   -161   -147    -98    -87   -132   -150   -135   -108 
  -182   -207   -164   -130   -103   -126   -111    -61    -72    -54   -135   -149   -113   -107   -152    -95 
  -104   -112   -200   -231    -89   -126   -138   -119   -156   -170   -103   -169   -123   -104   -149   -192 
  -112    -74   -143   -128   -129    -79    -55   -100   -232   -184   -119    -79   -210    -97    161    -26 
   -60   -138   -231   -106    -46    -90   -160   -155    -18   -181   -218   -107   -110   -160   -183   -221 
  -109   -121   -208   -220   -221    -57   -149   -204   -321   -268   -244   -325   -400   -138   -178   -408 
  -280   -313   -189   -234   -101   -364   -345   -240   -331   -476   -270   -255   -543   -317   -359   -219 
  -270   -186   -337   -321   -268   -389   -501   -208   -297   -605   -235   -216   -224   -293   -243   -157 
  -139   -113   -254   -387   -172   -303   -502   -221   -169   -138   -190   -150   -111   -155   -149   -136 
  -184   -101   -192   -248   -160   -183    -41   -130    -93    -95   -144   -176   -141   -155   -123   -176 
  -198   -181   -200    -33    -76    -76    -80    -82    -75    -60    -74    -78   -148   -183   -221   -163 
    80     -7    246    405    419    -11     49    -17    -25    -23     38    -39    -60    -34    -53    -45 
   -40    -55    -54    -36    -13    -51    -53    -17    100    -41    -30    -58    -97    -60    -65    -87 
   -75    -95   -126   -134    -52    401    -43    -39    -87   -113    -78   -133   -115    -95    -94    -45 
   -57    -77    -59   -138    -64   -183   -215   -144   -123   -150   -151   -138    -94    -81    -68    -48 
   -90    -54   -148   -129   -160   -121    -88    -66   -112   -131   -117   -133   -170   -157    -81    -35 
   -89   -176   -148    -82   -233   -190   -192   -236   -287   -289   -154   -155   -230   -170   -158   -167 
  -119   -178   -122   -221   -359   -326   -256   -141   -100   -188   -132   -120   -136   -146   -130   -120 
  -167   -276   -241   -200   -121    -45    -76    -47    -76    -88   -153   -132   -112   -123   -168   -137 
  -113   -115    -69    -87    -92    -92    -83   -112    -98    -59    -23    -57    -80    -74    -95    -94 
   -97    -81    -80   -126   -149   -150   -119   -110   -129   -130   -109   -101    -27    -30    -37    -54 
   -84    -74    -62    -40    -35    -49    -62    -75    -61    -68    -97    -75    -66   -129   -165   -105 
  -131   -146    -89    -94   -129   -105   -139   -160   -175   -123   -138   -194   -163   -158   -172   -123 
   -50   -103   -111   -162   -254   -245   -176   -158   -236   -185    -96   -116   -121    -86   -179   -156 
  -202   -287   -294   -245   -245   -300   -239   -119   -135   -214   -157   -170   -150   -176   -266   -239 
  -249   -238   -239   -176   -158   -158   -275   -243   -167   -111   -156   -189   -173   -208   -174   -162 
  -118   -171   -147   -169   -237   -200   -132    -65    -62    -91    -95    -69     -7    -10    -19    -62 
   -97    -97   -120    -64    -59    -22    -37    -81    449    475    212     26    -41    -43    571   -101 
   -61    -71    -58    -84    -88     85     47    -25   -107   -129    -71      0   -174    -89    -54    -84 
   -55    -70    -57    -57    -60   -124   -157   -121   -133   -162   -114    -66    -80    -55    -58    -57 
   -36    -43    -97   -123    -69    -75   -105    -82    -33    -32    -17    -29    -30    -31    -20    -12 
    12      0     15     -7    -26    -22    -25    -14    -17    -37    -32     -2     -9     -9     -8     -7 
   -39    -43   -135    -91    -59    -93   -136    -90    -72    -73    -47    -53    -60    -82   -139   -170 
  -155   -165   -167   -179   -152   -140   -202   -148   -140   -161   -144   -183   -131   -159   -149   -147 
  -119   -142   -183   -232   -198   -151   -151   -137   -165   -130   -112   -127   -112    -94   -129   -162 
  -123   -159   -164   -163   -146   -126   -183   -141   -186   -140   -189   -136   -131    -85    -76   -110 
   -89    -78    -97   -130   -106   -103    -63   -123    -81   -117    -69   -108   -141   -153   -113   -106 
  -166   -181    -88    -46   -108   -116   -171    -44   -142   -204   -215   -171   -118   -128   -167   -102 
   -83   -129    -38    -88    -50   -218   -242   -133   -146    -65   -132    -96   -132   -160   -153    -98 
  -139   -101   -155   -149    -93   -173    -40   -109   -126   -184   -170   -153   -132   -137   -135   -125 
   -50   -104   -140    -76   -105   -147   -144   -156   -150   -150   -146   -122   -109    -66   -144   -142 
   -97   -134   -177   -183   -166   -142   -141   -154   -167   -159   -142   -132   -128   -119   -131   -171 
  -168   -154   -151   -150   -164   -151   -151   -153   -141   -148   -127    797    315     39    584    256 
   -31     20    214    -11    605   1033   1297    657    431    -13    -14     36     15    -20     -4     -4 
   407    360    522    411     44     37    -53    192    -20    -75   -106    -87    -70    103    -25    116 
   428    268    -38   -103   -104    -82   -115   -161   -174   -106    -26    -51    -14     37    -54    -61 
  -189   -194   -166   -149   -205   -255   -195    -97   -171   -119   -100    -78   -140   -294   -175   -254 
  -259   -333   -347   -385   -236   -141    -93   -121    -78    -62   -173   -109   -275   -246   -316   -288 
  -364   -167   -114    -59    148    287    -93    -16    -37   -215   -205   -151   -171   -280   -222   -127 
   389     38    -25     -5     61    -40   -122   -141    -64   -109   -129   -128    -53    740    639    -12 
   -40    -96    -92    -94   -122   -106   -126    -97    -94    -61    -36    -14    -13    -11    -96   -103 
  -120   -120   -106    -85   -101   -101    -69   -102    -62    -64    -47   -109   -101    -78   -102    -59 
   -58    -69    -79    -52    -72    -55    -60    -11    -45    -12     25    -26    -12    -33     -8    -35 
   -29    -24    -49    -36   -137   -165   -139   -133   -214   -224   -169   -169   -156   -138   -108    -61 
   -64   -129   -174   -107   -121   -190   -166   -105   -103   -118    -99    -72    -91    -76   -102   -106 
   -95    -99    -74    -46    -76   -106    -81   -102    -88    -64    -76   -103   -157   -126   -101    -66 
   -48    -99    -39    -66   -107   -108    -84    -88    -89   -173    -96    -95    -17   -109    -25    -20 
   -32    -93    -83    -62    -89    130    -36    492     62    174    -63    -43    297    302    -14    -26 
   -13    -46    235     22   1250   1284    755    -91    -53   -156   -181   -228   -270    -66    -28    355 
    65    -39    -41    -33   -131   -170   -265   -270   -322   -356   -139    -27    -57   -114    -80    -67 
   -34    -51    -71   -121   -181   -302   -220   -129    -90    203    -66    -62    -32    -32    -22    -31 
   -83    -68   -118    -88    -74    -59    156     70    -29    -11    -33    -36    -17    -31    -38     -3 
   -25    -23    -26    444    256     65    141      3     12    -25    183    189    256    338     74     -3 
    -2     65    164    287    161     81    125    228    156    333    402    398     24   -117    -68    -51 
   -49    -68    -64    -76    -56    -80   -146   -145   -158   -165   -109    -33     -3     -9    -10    -43 
   -29    -48    115    -78   -107    -91   -121    -50    -25    -12     39    -28    -68   -112   -109    -63 
   -47    -54    -27    -86    -76     55    184    497    462    255    -13    -88    -18     -1    -50    -50 
  -103    -74    109     99    492    566    262    -10    -50     79    -59    -52    -99    -89    -88    -16 
   -98    -40    -48    -79   -172   -115   -169   -195   -121   -132    -72   -226    -42   -146    -97    -99 
   -86   -262   -129   -178   -190    -28   -103    -71   -206   -154   -182   -108   -196   -232   -305   -170 
  -186   -212    -85    -72    -88   -101    -84    -70    225    -19   -101   -182   -191   -226   -255   -195 
  -162    -95    -19    -21    -31    -19    302    -11    -62   -137   -153   -162   -107   -101    -45    -48 
   -32    -34    -28    -13    -35    -33    -86    -89    -63    -72    -92    -84    -71    -76    -75    -57 
   -54    -60    -64   -102   -111   -114    -83    -53    -80   -106    -72    -40    -32    -48    -59    -74 
   -73    -72    -46    -33    -39    -66    -57    -53    -67    -82   -101    -29    -56   -103   -110    -82 
   -77    -38    -68    -11    127    -51    -41    -19     47    -41   -163   -107   -104   -120    -48    -64 
   317    -13    -62    -31    -56    -58    -67   -118    -42    -28    -68     35    -12    -41    -31    -86 
   -41   -137   -152   -142   -145   -128    -86    -82    597    456    -11     -2    -29    -49   -126   -160 
  -141   -137    -99    -73    -62    260    720    -61    -62    -53    597    -54   -219   -263   -299   -265 
  -283   -209    -81     15   -153    -81   -247    -83   -109    -95   -265   -157   -236   -400   -375   -202 
   -43   -200    -42   -154   -148   -153    -52   -198   -201   -354   -263   -304   -274    -97    -79     -2 
   -76   -117    -80    -32   -180   -224   -413   -250   -229   -292   -165    -37    -50    -86    -81    -50 
   -17   -104   -123   -234   -109   -128   -177   -114    -80    -57    -40    -46    -48    -35    -64    -76 
  -120    -99    -78   -112    -61    -31    -50    -33    -53    -74    -63    -48    -67    -61    -34    -33 
   -30    -32    -48    -49    -60    -46    -72    -65    -54    -65    -53    -30    -29     -9    -10    -88 
  -117   -133   -131   -131   -156   -205   -159   -128    -43    -75    -94    -91   -137   -133   -100    -21 
   -82   -145   -191   -169   -145    -92   -121    -74    -36   -142   -217   -163    -90   -145   -203   -231 
  -209   -159   -133   -146   -127    -89   -128   -218   -210   -126   -174   -179   -215   -290   -157   -153 
  -149   -150    -49   -148   -192   -200   -146   -146   -118   -182   -183   -130   -197   -242   -179    -69 
   -38   -122   -132   -214   -223   -212   -254   -290   -288   -281   -268   -170    -87    184   -111   -110 
  -109   -195   -274   -247   -272   -157   -226   -215    -91    -11     -7   -133    -64    -27   -133   -152 
   -75    567     66   -212   -222    -63    -32    -83   -138    -10    -17   -106   -130    -27    239   -120 
  -154   -236   -175    -98    -24    -53    -21    -13    -34    -30    -75    -67   -142    -52   -143   -117 
   -48    -61     81    -15    -42    -38    -47    -41    -65    -84    -65    -92    -33    -65    -49    179 
   135    117    338    284     69    -20    -40    126    -23     -6    -28    -83    -83   -102   -108    -76 
   -67    -64    -79    -84    -67    -89    -80    -48     -2    -23    -27     -6    -46   -148   -105   -118 
  -196   -176    -88    -58    -33    -36    -92    -50     -3    -81   -157   -111   -137   -142   -126    -85 
   -72    -29    -45    -73    -85    -64    -78   -169   -141   -176   -150    -89    -51    -58    -66    -71 
   -82    -29    -43   -100   -159   -213   -185   -229   -139   -126    -32    -57   -109   -243   -148   -222 
  -278   -278   -212   -168   -208   -157   -261   -151    -72   -107   -163   -139   -176   -259   -241   -267 
  -190   -196   -155   -200   -202    -75   -225   -140   -172   -185   -133   -165   -256   -296   -395   -207 
  -200   -145    -54   -130   -111   -196   -119   -112   -113   -119   -128   -220   -182   -179    -61    -23 
   -14    -60    -80    -87    -67    -81    -24    119    310    -40   -147    842     43    636    392    514 
   -29    -38    -15    190    -31    -50    -49    -88    606    374    -28    -36    -61    -98   -105   -104 
   -80    -79    -77    -44   -100    154    -24    -78    -91   -129   -134   -105   -115   -109    -77   -109 
  -124    -92    -64    -36   -104   -116   -136   -127   -103   -156   -146   -116   -109   -129    -92    -83 
   -46   -135    -82   -120    -82   -113   -129   -116    -91    -68   -119    -88   -104    -98   -126   -105 
  -119    -53    -85    -88    -99   -152   -153   -202   -175   -127    -88   -108   -104   -153   -133    -98 
  -169    -83   -142   -177   -229   -207   -107    -65    -86   -116   -241   -187   -159   -228   -147   -172 
  -175   -173   -185   -153    -97   -195   -183   -335   -264   -218   -224   -200   -196   -184   -192   -257 
  -249   -173   -112   -270   -329   -301   -322   -276   -251   -316   -301   -187   -250   -229   -146   -240 
  -278   -305   -325   -270   -205   -192   -141   -219   -277   -293   -306   -148   -192   -185   -224   -252 
  -158    -43    -90    -81   -134   -237   -325   -335   -137   -135    -98   -207   -260   -191   -150   -147 
  -219   -147   -126   -142   -132   -102   -164   -106   -129   -167   -141   -123    -56    -57    -41    484 
   261    -99    -58   -135   -120    -96    -86    -97   -123    -78   -114   -139    -34    -46    -35     -3 
   -89    -96   -112   -135   -122   -130   -116   -121   -113   -128   -129   -128    -76   -104   -140   -152 
  -120   -112   -136   -132   -124   -136   -132   -121   -118   -110    299    477    427    474    900    905 
   707    753    741    569    513    712    165    -83    -83    -73    -66    -64    -68    -17    -40    -36 
   -52    -59    -12    -33    -21    -36    -14    170     13     -6    302    316    319     81     39    325 
   208    168    324    375    633    105    195    -43    -20    -40    -47    -31    -22    -37     -5    -25 
    -5    -20    119    417    100    -12    -13    -36     87     11    -21    -10     66    388     19    112 
   395    824    386    624    329    642     -2     -3    -43    -61    -26    -13    -48    -47   -128    908 
  1080    -91    -39     -2     -3    -36     17    212    261     -8    -24    -13    -15    -42    107    -47 
   -32    -34     -8    240    187    460    810    512    281      2     -6    176     -3    120     -8    205 
   271    531    499    216    391    328    155    193    -14    184    509    -23     53    337    391    495 
   352    353    329    468    660    121    290    622     28    154    516    547    541    585    568    532 
   478    569    551    537    647     58    301    685    685    601    698    817    889    793    877    862 
   884    949    328    -74    -82    -28    -47   -118   -112    -76      6     79   -119   -166   -139   -156 
  -169    -91    -81    -72   -181   -205   -197    -12    864    -76    -95   -115   -196   -129   -186   -143 
   -24    -84   -171   -138   -114     -6    -73    -79    -94   -192   -122   -181   -150    -59   -209   -275 
  -212   -179   -139   -141    -60   -113   -211   -294   -316   -326   -319   -447   -370   -286   -309   -305 
  -200   -266   -256   -208   -288   -262   -418   -544   -470   -399   -411   -503   -521   -367   -338   -316 
  -184   -351   -302   -370   -530   -431   -424   -504   -617   -680   -658   -456   -401   -303   -326   -444 
  -555   -588   -439   -301   -304   -529   -502   -560   -358   -434   -387   -314   -345   -449   -441   -297 
  -216   -190   -391   -407   -438   -255   -505   -423   -233   -314   -321   -315   -268   -258   -227   -414 
  -374   -459   -387   -378   -360   -174   -178   -238   -240   -186   -162   -171   -223   -157   -177   -208 
  -212   -213   -224   -211   -251   -252   -269   -250   -251   -205   -218   -165   -216   -237   -190   -211 
  -228   -209   -203   -235   -236   -286   -214   -224   -197   -182   -223   -179   -147   -158   -108   -158 
  -199   -142    -57   -158   -194   -166   -131    -98    -77   -143   -221   -158   -159   -133   -181    -88 
  -138   -134   -129    -72    -30    -94   -110   -148   -149   -151   -136   -218   -228   -246   -271   -195 
  -176   -161   -188   -164   -146   -211   -192   -196   -252   -195   -124   -207   -202   -182   -162   -196 
   -99   -162   -196   -259   -288   -274   -248    -94   -218   -198   -211   -161   -171    -84   -251   -259 
  -377   -407   -279   -277   -250   -335   -266   -268   -182   -155   -181   -327   -308   -295   -316   -296 
  -313   -170   -325   -382   -323   -271   -100   -108   -128   -186   -190   -224   -163   -172    -31   -296 
   -68    -22   -270     -7    -65    561    -34    -65   -102    -60    656   1836    282   4431   4841    -48 
   763   -104    211    -38    -57    -77    -94    -18    -38   -137   2186   2180   -168    -93    -69    -85 
  -145   -120    -95    -92    -60   -118   -216    -55   -124   -175   -159    -72    -85    -89    -53    -63 
   -84    -65   -115   -135    -73    -94    -91   -133   -101   -114   -103    -65    -80   -112   -116   -143 
  -128   -123   -141   -125   -149    -61   -115   -123    -89   -118   -101    -60    -73    -82    -59    -17 
    -6    -16    -58   -128   -134   -104    -83   -104    -62    -87   -100    -97    -76    -89    -56   -100 
  -137   -143   -110    -99   -112   -134   -123   -122   -118    -92    -87    -65   -117   -167   -138   -133 
  -134   -129   -155   -150   -141   -145   -139    -97    -90   -114   -164   -169   -149   -118    -90   -133 
  -137   -119   -142   -128    -96    -57   -136    -96   -106    -95   -108   -150   -124   -120   -161   -141 
  -142   -109    -56    -68    -79    -24    -43   -141   -156   -158   -118   -187   -220   -159    -91    -38 
   -13   -103    269    496    -21    -24    -26    -76   -208   -198   -155    -44    -32    -54    -58     95 
   482    253     -9    -36   -106   -198   -196   -205   -190    -71    -32     -4     -9    182    360    344 
    22    -59   -126   -164   -206   -137    -79     -4    220    145    225    243    136    183    232    115 
   -45    -47    153    -18     45    332    349    504    610    420    348    141    160    252    294    572 
    83    186    427    380    419    527    579    558    428    544    490    416    591    254    456    -32 
   -16     99     55    -11    143     55    236     -5    293     -5    145    632    -52    -41    357    241 
    19    234     -6    165    -14    340    -41    -21    961    -24    -35    417    183    -10    300     -1 
   -33     -8    375     -2    -21    641    -36    -48    114    -12    278     62    712    -31    -14    171 
   -10    -24    707      0     19    731    209     -1    -51    537    -29    -27    -36    129     31    205 
   -26    -21    371    353    -43    -79    -10   -154    -27    -95    309    183    319    399    -50     90 
   486    910    230    629   -136    806    297    -45     -2    239   1389    -37    -24     -4    473    -42 
   945   -102   1463     -9   -119    221    342     38    -98    -57    -24    -34    -87    -83    619    723 
  -115   -110    275    442    -60    -65    -71    -22    -44    -63    -46    644     -3    -94    -74    103 
   398    -97    -66    -66    -30    -49    -28    -24    -16    -13    -58    -33     20    493    -68    -47 
   -58    -41    -31    -26    -24    -30    -33    -17    -13     -6    291    -42    -41    -39    -26    -31 
   -25    -34     -6    -35    -13    -12     99    -46    -29    -75    -83    -56    -10    -50    -62    -40 
   -60    -78    -38    -27    -88    -52   -101   -104    -99    -32    -50    -28    -39    -58   -101    -69 
   -44    -83    -94   -131   -134   -109    -48    -42    -27    -49    -53    -70    -84    -46    -88    -91 
  -118    -88    -62    -29    323    -33    -15    -33    -40    -94    -62   -130   -112   -163   -120    -79 
   -37    -32    -56    -88    -55    -68    -95    -79   -188   -162   -264   -226   -206   -200   -169   -103 
  -123    -33    -66   -124   -113    -91   -114   -180   -167   -179   -198   -186   -216   -165   -112   -100 
  -140   -117     -1    205     -7    -59    -87   -118   -172   -241   -156   -133    -45   -127    -74    -40 
   349    262    654    174    111     -6     -3    -25   -132    -98    -95    -45    -38    146    455    222 
   106     -3     -4    -10    334    -44    -67    195    -12    -45    -11    -21    -31    -25    -16     46 
   236    373     12     -2     -1    -13    -11     -4      0      8     -3     32     59     -4     65     39 
    12    291    -17    -50    -37    -45    -34    -51    -54    -64    -60    -53    -48    -40    -36    -61 
    -4     -3    191    284    718    576    268     -8    -49     -5    330    -30    -26     -2    -18    -13 
   -24    231    411    -12    -35   -120   -118    -60    -80    -40    -57     46    503     17    -14    -31 
   -47     60    -23    -70    716    698    596    -84    -30    128    -17    -21    699    737    324    -23 
   -68    -45    -64     52    -62    -75    -94   -155   -129   -110   -105   -119    -74    -84   -114    -79 
   -43   -149   -204   -239   -252   -287   -232   -185   -224   -166   -164   -102    -84    -98    -98   -157 
  -227   -144   -163   -247   -151   -200   -229   -211   -201   -115   -119   -132   -225   -238   -239   -170 
  -165   -117   -279   -324   -205   -194   -134   -127    -53    -72   -115   -133    -82    -71    -84   -192 
  -274   -159   -212   -152    -92    -61   -160   -151   -182   -127   -108    -94   -160   -251   -221   -209 
  -151   -119    -85   -124   -168   -150    -90    -65    -38    -90   -145   -131   -138   -113   -106    -58 
   -87    -79    -77    -81    -89    -98   -112   -142   -118   -112   -115    -82    -56    -68    -82    -67 
   -92    -99    -96    -83   -116    -70    -76    -74    -59    894    865    577    299    705    481    267 
   492    398    591    547    573    415    855    967    666    531    660    486    308    403    610    747 
   666    580    589    487    761    436    198    506    382    265    356    364    174    508    479    693 
   433    744    390    142    344    411    763   1328   1082    663    765    754    555     -3    256     -2 
    87    149    399    202    601    529    367    991    886    471    -28    -71    -91    -96    -53    -73 
  -105    -82    -34    -40    337    151    -14    -32   -110    -78   -128   -143   -150   -139   -147    -34 
   -69    306     -6     -8    -45   -120    -97   -129   -125   -107    -95    -97    -41    -65    -35    -56 
   -18    -20    -58    -85    -97   -101   -111    -95   -152   -157   -181   -150   -120    -94    -40    -70 
   -78    -65    -64    -81    -83   -162   -152   -184   -152   -170    -99    -10    -46    -70    -62    -54 
   -69    -62    -74    -86    -97    -94   -113    -52     -6    -29    -27    -16    -31    -55    -53    -39 
   -46    -42    -39    -46     -1     49     -8    -12    -12    -12    -11     -1      0     -6     -2     63 
    -4     -4    -11    237    -28    -25    -59    -48    -57    -39    -15     -9    448     -3    121    -79 
   -20    -42    -26    -52    -75   -109    -48    -35    -25     -8    -48     61   -150    -97    -94    -43 
   -10   -112   -130    -84     -6    -34    -35    -66    -27   -142   -160   -154    -43    -58    -43    -44 
   -48     49    280    -19    -18    246    -34    539    149    -13     54    852    422    187    561    853 
  1426    476     11   -147   -138   -237   -264    -96    -26    167   -104    -13    522   1019    712    -17 
  -183   -233   -158   -220   -199   -218   -233   -411   -331   -407   -332   -121   -145   -198   -303   -218 
  -305   -270   -333   -363   -563   -633   -527   -424   -216   -205   -254   -361   -288   -270   -294   -331 
  -314   -348   -434   -385   -346   -242   -197   -237   -287   -275   -293   -327   -345   -301   -402   -360 
  -336   -323   -185   -158   -198   -212   -231   -225   -201   -192   -231   -312   -307   -328   -327   -212 
  -155    -96   -111   -172   -183   -157   -150   -186   -196   -217   -200   -205   -189   -115    -68    -84 
  -113   -128   -127   -108   -131   -146   -173   -159   -141   -140    -77   -154   -144    -77    -43   -175 
  -168    -93   -115    -91   -146    -70    -91   -189   -220   -177   -125    -77   -173   -178   -141   -132 
  -107   -201   -175   -125   -233   -149   -107    -61    -17    -34   -119   -109    -69    -11    -63    -73 
   -89   -215    -39    -93    -54   -135   -132   -162   -142    -62   -100   -155    -75    -60   -135   -118 
   -64    -80   -150    -51   -152   -176   -181   -226   -301   -252   -174   -196   -205   -113   -200   -210 
  -143    -97   -121   -229   -379   -207   -117   -164   -149   -183   -155   -278   -230   -160    -67   -217 
   -97   -282   -183    -71   -140   -146   -242   -106   -251   -161    -55   -131   -215   -239   -340   -365 
  -261   -246   -156   -258   -240   -265   -165   -137   -221    -90   -131   -205   -400   -253   -315   -179 
  -220   -237   -192   -172   -136   -150   -117   -114   -191   -300   -230   -293   -161   -172   -136    -83 
  -116   -104   -109   -117   -151   -217   -210   -168   -165    -96   -128   -135   -152   -172   -137   -132 
  -112   -153   -155   -149   -164   -139   -126   -144   -164   -167   -151   -159   -159   -146   -166   -185 
  -159   -162   -125   -122    -13    -15    -11    -22    -17    -15    -14     -8     -6     91     66    -21 
   -11    -13     10    -12    -29    -58    -28    -26    -20    -11    -26    -12    -12     25    381    525 
   243    446    368    177    -46    -53     61    -10    201    274    328    295     65     -1     -6     31 
   -27    -57    -72    -18    -47    -17     -4    115    -15     -2    -59    -51    -42    -27    -15    -15 
    36    -38    -26    -26    -24    -14    -14    253    254    -82    -97   -116   -125    -96    -82    -41 
   164     62    -85   -213   -120    -42   -115   -149    -86    -80   -148   -212   -229    -64    -10    -41 
   -26    -17    -24    256    447    -26    -86   -108    -39    -62    -53    154    382   1317    678    158 
   114    197    301    -14    -45    568    736    291    276    -28    -28    -20    -36    -28    -24    -24 
   -17    -33     91     17    -36    -17    -50    -41    -65    -62    -48    -40    -43    -44    -64    -42 
   -68    -82    -28     -9    -21    -32    -31    -15    -11    -23    -42    -46    -43    -31    -44    109 
    -2    -15    -10    -11    -15    -14    -24    -23    -28    -29    -21    -28     -3     -1     -9     -4 
    -6    228    391    815    503     -9     -3    323    -15   -146    -83    367    806    349    261    878 
   553    -49   -145   -150   -127   -147   -193    -94     88    207    131    -58    -17      4    -37    -96 
   -80     22     28   -123    -59    416    -50    -40   -154    -90   -117   -156    -90    -66    -24    -12 
  -120    -21    -62    -44    -95   -219   -136   -113    -91   -142   -150   -157   -116    -99   -155   -134 
  -154   -219   -232   -203    -57    796    -79   -197   -200   -180   -104   -153   -169   -188   -135   -142 
  -270   -312   -267   -114   -230   -181   -119   -108    -57   -111    -73    294    383    -73   -197   -197 
  -130   -338   -298    -47   -121     65    -45    -21    -11     -9    -67   -176    -77   -129   -208   -176 
   630   -121    -83   -109    -73    -81    -84    -65    -77    -64   -195   -154   -125    -94   -160   -102 
   -98    -50    -66    -64    -34    -40    -68    -85    -70    -59    -79    -66    -30     -1    439    367 
   599    244    346      7    -15     48    467    393    -25    -42    201    739    660    588    159    289 
   306     -6    287    279    110    -52    -55    -95    -84    -63    -69    -37    -42    -13    -30    -15 
   337     30    -25    -69    -89    -38    -31    -29    -45    -41    239     -1     37    590    594    173 
   -55    -39     -4    392    411    -13    -23    487    200     49    323    773     97    -22    -36     -7 
   285    198    453    187    855    944    742    419    631    -14    352    -12    408   1009    970   1037 
   863    706    879    454    717    693     -6    745    -16    514    334    -15    542    855    941    683 
   500    -20    938    562    -29   -148    189    548    -80    -97    -24    -13    -24    -96   -130    503 
   401    -97   -178    -51    294    611    401    320    -74   -164   -130    -64    -50    -34    -54     -5 
  -103    -82    588   1017    681    -73   -190    -68    403   -150   -113    166    992    214    -26    224 
   371     -3    -35   -134    -49     99   -133   -105    -25    -18     32    -16    -25    -25    -31     -2 
   -16    -22    104    -73    -59    -33    -62    -35    -46    -65    -32    -42    -36    -43    -33    -14 
   -50    -66    -48    -53    -16    -26    -36    -15    -20    -28    -20     29     -4    -31    -52    372 
   395    198     18    124    -12    -43     58     -6      2     15    -35    -63    484    431    172     -9 
     0    -35    -59    -13    -13    -12    -18    -52    -67    310    419    212    -24    -24     39    -59 
   -46    -46    -11    250    -16    -55    575    455    394    212    -12    171    -35    -30    -22    -21 
   244    138    -33    642    376    416    492    297     86    -50    -69     14    -54    -36    -25    -33 
   269    223     -7    -32    -35    -20    -44    -74    -49    -74    -45    -40    -64    711    -28    -45 
    78     -7    -20    -59    -20   -103   -135    -72    -52    -62    767    -66    -74     -2    -32    -50 
   -42    -27   -125   -154   -111    -91    -48     13    -27    -22     -8    -24    -64    -28    106    -92 
  -168   -109    -58    -47    290    270     -8    -19    -21    -45    -34    -32    -43    -95    -85    -20 
   -55    180    224     70     -2     57    -15    -18    -24    -10    -32    -56    -51    -71    364    310 
   108    -10     57    227    120     10     -4     47    -29    -54    -53    252    205      0     -5      6 
    -5    -30    -34    -27    -20    -46    -49    -47    -58    -50    -37    -30     -9    -18    -27    -28 
  -137   -103   -122    -91    -40    179    -81    -75    -26    -59    -12    -25    -40   -155    -94   -149 
  -164   -128    346    -18     -8    542    865   1099    -16    -50    -68    -49   -111   -142   -108    192 
   -76    -22    -17    -37    959    -21    -89    -57    -43    -81   -187   -144     -5   -139    -66    -98 
  -149    -47    -39    -51    -46     -2    213    -64    -54     26    -17    168     29    199    -73   -171 
  -112   -108    -80    138    -47    199   -140   -104    -98    -40    -83    -76   -183   -214   -227   -229 
  -189   -175    -13    -81   -195   -123    -88   -108   -113    -51   -110   -115   -328   -386   -258    -53 
   -21   -129    -55   -111    -77    -50    -54   -170   -254   -343   -328   -239   -116   -112   -183   -192 
  -180   -111   -110    -93   -185   -268   -309   -224   -152   -114   -135   -169   -159   -152   -104   -107 
   -81    -81   -134   -134   -135    -87    -44   -148   -168   -147   -118    -89    -95   -114   -108   -123 
  -126    -71    -65    -43   -173   -183   -154   -101    -89   -112   -148   -131   -114   -109    -89   -112 
   -88    -95   -160   -121   -137   -174   -194   -177   -145   -170   -153   -143   -132    -53   -129   -163 
  -134   -173   -182   -221   -226   -238   -223   -183   -103    -28     -9   -136   -163   -105   -130   -148 
  -190   -200   -228   -226   -177   -140   -107    -82   -155   -164   -163   -148   -160   -171   -254   -282 
  -290   -223   -159   -138    -97   -127   -169   -152   -131   -152   -158   -198   -246   -242   -276   -227 
  -205   -139   -141   -234   -168   -144   -212   -231   -236   -242   -221   -335   -269   -232   -134   -133 
  -126   -103    -67   -140   -181   -228   -171   -188   -344   -301   -188    -95   -100   -156    -90    -17 
   -43   -107    -83   -124   -166   -195   -214    -72    -32    -29   -148   -129    -96    -24    -34    -48 
   -74    -47    -20   -146   -102    -77    -19    -67    -91    -80    -89    -81    -91   -142   -128    -59 
  -110    -98    -87    -45    -67    -92    -69    -36    -40    -48    -74    -86    -59    -44    -24    -53 
   -46    -28    -54    -48    -34    -35     -3    -10    -44    -34     -5    -14     12    153    168     79 
    -5     18    133    346    147     71    191    310    558    302   -211   -204   -251   -235   -289   -324 
  -280   -240   -288   -298   -212   -167   -142   -189   -121   -253   -250   -215   -243   -317   -306   -198 
  -297   -192   -145   -134   -221   -201   -245   -244   -167   -205   -275   -383   -194   -196   -142   -115 
  -124   -282   -256   -264   -248   -206   -223   -154   -166   -140   -152    -68    -73    -30   -277   -165 
  -219   -124   -115   -175   -202   -137   -137    -85    428    272    318   -312   -211   -120    123    -10 
   -24   -184    -93   -164   -239   -167    -34     67   -283   -211   -140    -38    -82   -129   -186    -82 
  -270   -368   -390   -233   -144   -179   -140   -168   -118   -138   -206   -181   -147   -162   -293   -404 
  -297   -153   -235   -220   -283   -234   -143   -134   -185   -275   -233   -269   -325   -229   -170   -211 
  -268   -271   -277   -238   -179   -128   -289   -241   -286   -142   -154   -176   -234   -319   -306   -329 
  -298   -277   -243   -260   -248   -209   -204   -277   -223   -270   -357   -324   -342   -339   -373   -342 
  -293   -292   -259   -330   -319   -248   -200   -277   -275   -266   -245   -276   -282   -272   -299   -282 
  -272   -250   -206     29    -11    -33    -19     73     -7    -29    -68    -46    -24    -11    -26    -26 
   317    165     -5    -14     91    -16    -26    -21    -15    -22    -30    -40    -31     86     73     -8 
   -25     21     21    -20    -17    -64    -53    -15     72     -3     47    143    155    156    456    323 
    77     97    146    -25     12    173    157    -11     -6     16     -3    208    353     50     -8     -9 
   -59    -52    -35    -17    -20     10     47    -22    -37    -67    -68    -61    -88    -58    -39    -48 
   -26    -94    -80    -93    -54    -30    -42    -50     39    -27    -38    -60    -76    -30    -36      5 
   -10      6    -11    175    107    -23    -39     92    -72    -45    -21    326    264    792    746    390 
   512    451     75     -4    575     -7    113    200    206    105    232    258    149    106    213     45 
   -28    599    162    -14     -1    137     50     53     77     55     -1    123     89     80    148    108 
     7     -3    340    435    353    440    368    397    396    328    386    347    387    425    247    590 
   917    899    861    816    797    890    796    726    845    872    855    519    756    793    706    751 
   673    785    938    775    703    627    763    848    725    450    266    300    277    396    354    412 
   329    321    274    380    386    400      2    -44     95    377     -3     39    388    345     -2     22 
   291     99    140    208    435    214    336    236    132    672   1146    950    512    683    475    554 
   377    684    804    877   1022    720    529    262    423    586    325    615    491    524    525    626 
   675    831    961    616    715    662    947   1111    375    183    777   1589    838    789   1187   1477 
  1212   1387   1358    966   1421    548    234    249     -5    110    625    -37    -29     83    -56    -51 
   -39     -5    650    522    366    -32     -2    146     14     -3    121    462    376     39     52    541 
   463    497    380    158    283    350    347    343    251    -29    -51    -28     29    269    497    456 
   266    251    295    282    254    269    -18    -17     50     -1    222    363    218    121    224    281 
   317    372    405    382    507    414    313    361    274    238    203    331    396    326    247    196 
   296    353    285    229    241    -39    -63    -64    -57    -72    -94    -82    -96    -73    -51    -73 
   -67    -32    -73   -100   -104    -86    -94   -104   -129   -141   -141   -111    -41    -49    -12    -46 
  -103    -64    -57    -81    -70   -112    -59    -83   -100    -74    -75    -36    -24    -74    -40    -30 
   -48    -53   -109    -28    -74   -115    -73    -56    -20     -4    -33     12     -3    219    -32    -44 
   -47   -115   -121    -76    -52    -14    -76    -78     16    -44    -67    -93    -78    -33    -93    -93 
   -95   -127    -43    -46    -96    -70     32    123    -24   -169   -100   -109    -48    -37   -122    -38 
   -10    750    -27      3    474    563    -48    -96   -192     75    125    -64    -21    -12    103     -8 
    44    342    425    510    -20    -27    -24    -73    -77    -35     69    432    454    145    241    406 
   540    579     -5    329    363    -18    233    384    364    279    175    448    487    708   1094    883 
  1172   1001    475    760    756    796    894    940   1019   1075    899    830    732    815   1183    975 
  1017    921    785    820    751    749   1056   1050    734    743    933   1034   1006    956   -147   -187 
  -180   -183   -170   -180   -199   -169   -239   -243   -180   -188   -160   -108   -187   -183   -174   -191 
  -182   -204   -156   -167   -225   -208   -185   -193    -53   -129   -141   -163   -126    -96   -152   -153 
  -124   -173   -182   -180   -203     81    -24   -146   -148   -125   -104    -90   -194   -247   -168   -161 
  -180   -172     -6    -89   -108   -126   -117   -126   -111   -110   -157    -31    -97    -54   -120    -51 
  -141   -125   -203   -175   -308   -315   -152   -216   -146   -229   -192   -102    -37    -58   -144   -135 
   -36   -144   -250   -220   -216   -204   -257   -282    -92    -57    -13    -41   1183    -21     -3    -42 
  -171   -109   -220   -264   -239    -37    -77    -17    -20    496    -23     -1     84    -33   -106   -223 
  -140   -181    -57    -27    283     -2    -17    -43    -57    -14     -2    -81   -152     34    -16    -25 
   -30    334     -2    -34    -60    -63     -8    460    -17    -35    231    -29    -32     40    308     -7 
   -37    -53    -22    -16     -1    -12     -6    -12    -64    -52      1    152     -4     18    -13    -24 
   -36    -21    -34    -31    -26    255     -8    -11    -81    -32    -14    -48    -30     -6    -19    -10 
   -31    626     -5    -39    -42   -110    -72     -3    -28    -15    -18    -25    -17    -53    236    -41 
   -66    -40   -127    -81     26     -8    179    -29    -90   -105    -50    394    -31    -76    -14   -103 
   -73     -3    -31    -14     -3    -39   -171    -35    711    -34    -67    -30   -133    -67    -33    -24 
   -37    -54    -10    -51      6    214     36    -55    -86   -152   -128   -134    -78    -37    -74    -44 
  -161    -29    -87     -2    -55    -68   -144   -174    -99    -15    -32   -143    945   -364    -53   -133 
   -81    -70    -33    -71   -203    -82     35   -124   -172    206   -180    212    -51   -125    -71    199 
   -66   -129    -79    192      0     52     24     -1    482    -76   -128    -95    243    -56    -25    -48 
    95    483    798    336    547    194    -41    -95    -99    230    -75    -33    -21     80    242    448 
   350    473    458    374     -3    -38    -10    -98    -43    -24     -5     -5    281    456    393    574 
  1069    262    -24    300    -68    -54    -10     -1     33     -9     92    167    333    890    203    -25 
    -6    -42    -42    -26    -23    -43    -53    -58    -53    -40    -13    -18    -10    -34   -133   -142 
  -118   -128   -134   -126   -106   -123    -82     -7    -17     60    -87   -211   -187   -149   -175   -160 
  -153   -122   -125   -108    -43    -33    -21   -117   -253   -252   -201   -194   -164   -212   -176   -137 
  -147   -121    -87    -28   -124   -177   -216   -133   -127   -139   -170   -206   -186   -183   -163   -126 
   -43   -111   -155   -173   -175   -231   -327   -390   -398   -419   -334   -250   -153    -97   -129   -156 
  -184   -232   -244   -248   -333   -314   -308   -321   -170   -156   -102   -132   -221   -100   -183   -164 
  -211   -205   -332   -346   -274   -179   -112    -81   -111   -178   -129   -153    -92   -141   -128   -211 
  -210   -102   -105    -40    -72    -11    -96    -91    -90    -88    -91    -93   -106    -82    -54    -73 
   -19    -57     36    -80    -76    -65    -79    -57    -49    -68    -62    -59    -40    -93    -37     -5 
   -57    -55    -63    -85    -88    -83    -83    -91    -78    -57    -69    -29     10    -35    -37    -44 
   -60    -44    -41    -46    -53    -53    -28    -38     -8    -43    -72    -76    -55    -51    -58    -88 
   -66   -102    -51    -30    -55    -18    -67     -3    -38    -79    -68    -94   -103    -32     83    -61 
   -87    -88    -36     -1     -9    -10    -63    -21    -29    -30    -93    -46    -79    -51    -10    287 
    47    -28    -48    -49    -28     -3     85    183    -43    -50    -57    -65    -56    -33    -52    -96 
   -66    -56    -25    -70    366     -3     -4    -40    -35    -20    488    -32    254    284   -122   -174 
   -99   -169   -109    -70   -125     -5    244    -33   -201    -47     -6    -62    -38    -41    -33    -44 
   -26   -118    103    261    177   1417     48    -15    529    715    -11   -101   -144     -3     -3    -35 
    -4    213    897    309    -21    -47    -50    -20    -31    235    391    587    363    218    -22    -65 
   -51    -58    -63    -68    -50    -23    535    -51    -27    318    147    -12    -41    -58    -49    -57 
   -57    -44    -41    -21    -61    -62    -27     -6    217    -35    -47    -56    -56    -55    -55    -68 
   -72    -60    -50    -49    154    278    -26    -52    -55    -42    -44    -48    -48    -47    -50    -43 
   -14    134    -17    -30    -19     14    -22     -8    114    -20    -41    -24    -14    -30    -31     -8 
   244    354    252    113     -3    249    273    395    165    -10    -11     -9     19    211    315    335 
   407    189    529    179    186     24     -6    430    325     74    248    316    621    611    868    677 
   436    221    407    235     90     -3    443     88    178    438    565    615    664    927    998    904 
   412    256    201    165    -27    516    773    -34    -75    -37    -23    383    -19    -52    629    445 
   -33    -93    -46    -10   1161   1914    531    672    419    -71    -74     36    129    928   2610   1375 
   612   1041   1058    334    -25    -21    425   1369    427    254    359   1023    822    772    732    394 
   290    632   1126    996   1506   1013    150    141     34    134      3     71    102    235    293    489 
    86     -2     -1     -3    147    149    249    201    211    257    318    202    286     64     -4     44 
    22    593    678    639    650    624    578    601    549    654    582    517    637    483     23    -13 
    -3     -1     -9     -6     -8     -4     -8      0     -8    -10     -1    -49    -39    -19    -13    -27 
   -21     20    -46    -55    -49    -16    -38    -24    -76    -26    180    292     -9    -11     -1    -44 
   -44    -38    -52    -93    -51    -63    -29    121     89     65     -9    -24    -34    -30    -28    -42 
   -48    -43     -4     11    108    217     94    322    209     72     -5     -5    -15    -31    -49     -6 
   -50    -15    -15     18    -68    -32     -1    -41    -99    -72    -27    -34    -24   -149    -59    -34 
  -107   -151   -121    -88    -28   -124   -162    165    348    -43   -220    -46    -22     86    -76    -12 
   -34    371     -2   -161    218    270    420    146    383    177   1532   1237    945    665   1002   1486 
   911     63    436    713   1774    829    -10    331    281    392    -20    -34   1227   2215    -10    501 
    -5    416    230     40     76     65    -10    -47    -53    111    105    -63    189     -6    117     81 
    -2     34     -2     65    -12    -15    144    -29     72    109     80    122    163    165    175    149 
   222    139    113    154     47    256    336    199    207    341    233    199    199    133    217    315 
   177    150    174    299    -21    381    -32    -44    -44    -62    -55   -133    -70    -90    -83    -48 
   -86    -50    123    -13    233    123    -84    -39   -177    -22   -109    -84    -62    -79   -104    -67 
   -82    -33     25    -73    -85   -180    -77    -95    -40    455    262   -104    -39    -90    -84    -14 
   -60   -109    -45    -24    -60    343    -25    -77   -119    130    -88    -15    366   1065    -61    106 
  -111   -156   -100   -107   -110   -121   -105   -263   -255   -216   -206   -126   -131   -252   -231   -255 
  -289   -212   -361   -352   -400   -441   -350   -411   -417   -515   -471   -418   -553   -429   -340   -339 
  -294   -459   -504   -271   -256   -270   -571   -544   -494   -575   -442   -394   -288   -272   -329   -418 
  -217   -185   -224   -491   -469   -425   -431   -424   -415   -257   -238   -223   -292   -221   -193   -168 
  -338   -417   -400   -321   -402   -361   -213   -176   -198   -175   -136   -124   -114   -181   -259   -270 
  -249   -231   -204   -134    -92   -103   -104    -84    -63    -28    -49    -73    -81   -116    -90   -100 
   -62    -66    -66    -47    -27    -35    -45    -42    -14    -19    -71    -71    -83   -225   -285   -190 
  -202   -219   -225   -151   -136   -168   -228   -224   -213   -112   -296   -368   -283   -229   -300   -295 
  -138    -99   -272   -304    -67    -24    -76   -237   -264   -207   -162   -188   -242   -122    -92     -8 
  -122    -41    -74   -148   -211   -146   -142   -101   -162   -142   -191   -175    -55   -152   -221   -175 
  -201   -284   -254   -279   -332   -321   -209   -174    -47   -102   -117   -110   -202   -209   -230    -63 
  -154   -260    -59    -41   2221   2639   2340   1628    749    -72    -97   -155   -102   -113   -131   -272 
  -289   -145    -77    357   -155    -95     -1    -55   -140   -346   -128    432   -203   -298   -193   -333 
   -15    -76   -175    477   -109    -37   -224   -149    -46    -76   -194   -116   -218    -52    -48   -179 
   -78   -192    -41   -115   -127   -110   -126   -168   -176   -316   -425   -359   -372   -397   -260    -93 
  -113   -110    -86    -80   -115   -158   -151   -276   -207   -232   -213   -160   -136    -99    -60    -44 
   -70    -65   -106    -80   -108   -114   -113   -173   -162   -221   -193   -134   -126   -124    -92   -105 
  -135   -145   -139   -161   -145   -154    312    248     -9    155    259     -6     -7    -10    240      0 
   244    -11    -25    228    314     51    148    129    -31    336     47    430    -25    584    141    -21 
   165     -2    379    417     89     82    959    429     -7     12    725      9     -4    278    459    116 
   660    154     -5    339   1304    -26      0    368     40    -24     97    109    162    654    348    -12 
   -11    196    133     -7     12     80     57    552    261    427    660    668     -9   1094    578     20 
   204    -56    198     23    335    131    -33    306    921    372    558   2889    -84    -82   -178    -12 
   -14     -7    -30    -91    -24     -5    -19    107    -27    -31   -121   -207    -85    -39    141    -21 
   -21    -34    -50    -67    -12    -31    592   -151   -110    -32     63     88    -22     -7    -13    -24 
   -59    -27    -17    185    -96    -10     54     21     -4     -2    -22    -28     -5    -10    -12    -26 
   -40    -35    -31    -12     -8    152    -10    -27    -24    -14    -20    -18    -26    -19    -42    -20 
   -17    -19    191    109    -25     -9     -6    121    -20      7     98     -3    141    126     -9    236 
    -2    110     25     58      0    -16    133    110     53    102    507     43     -1     -9    -20     -1 
   521    532     71      8     48     30    175    292     22     45    -25     -7    -10    -15    -37     -5 
   -25    192    158     -7    -21    -39      0    -51    -35    -31    -30    -54    172    135    130    228 
   486    563    192     97    374    263    584    144    616     36    555    511    -17    -12      6    -11 
   -48    -45      2    -12    152    -21     34    -28    -36    -49    -51    -14    -10    152    236    548 
   356   -134   -176   -120    606    -40   -156    -52     57    147   -104   -124    -64    185    -65    -75 
  -100   1282    560   -112    -44    620    134    -42    -18    -36    235    254     37     55     -4     66 
   -23    -10    -26    -14     15    343    930   1308   1068    696    433    164    829    436    780     90 
   101     -2    160    142    334    447    434    442    471    734    876    649    322    360     -4    135 
   335    242    388    419    385    434    340    246    337    296     -2    -14    110     -6     11     47 
   119     -2     -6    311    114     -4    147    -19    -74    -37    -52    -15      0      0     33    -21 
   -33    -58    136     -3    -20    -22    -31    -41    -20     26     81    -11    -23    -54    -50    -14 
   -15    -52     38    -37    -67    -10    263    120    -60    -58    -36    -44    -25    -24    -14    -37 
   -57   -105    -46    -27    -25    -81    -32    -37    -39    -63    -36    -17    -43    -75   -123    -80 
   -67    -94   -108    -36    -34    -36    -95    -27     -2    -59    -37    -94    -91    -82   -112   -128 
  -130   -133   -103    -99    -40     -6    -68    -63    -83   -116   -149   -154   -175    -73    -89   -105 
   -80    -56    -26    -89   -141   -128   -136   -154   -138   -115    -69    -67    -14    -75    -72    -39 
   -72   -120   -109   -132   -127   -115    -76   -133   -139    -27    -66    -95    -98    -68    -58    -59 
   -85    -76    -55    -51    -71   -107    100    -14    -86    -50    -43    -19    -75    -89   -101    -91 
   -80    -85   -114    -33    -34    -66    -65    -65    -70    -77    -90   -106   -127   -107   -102    -98 
   -99    -85    -81    -78   -104    -92    -83    -76    -75    -91    -70    -76    -72    -77    -88    -97 
   -91   -179   -269   -205   -100   -164   -207   -257   -225   -174   -144   -123   -143   -140   -103   -248 
  -242   -115   -145   -185   -143   -133   -228   -184   -189   -143   -134    -81   -160   -204   -131   -154 
  -170    -58    -44   -278   -228   -186    -94   -135    -60   -147   -125   -142   -108   -116   -103   -163 
  -255   -243   -180   -192   -248    -72   -182   -172   -179   -229   -192   -230   -162   -185   -184   -176 
  -220   -246   -159   -204   -234   -251   -237   -250   -208   -200   -192   -185   -158   -143   -149     -7 
   -84    -59   -210   -114    -33     74   -130    -15    -10    248    -86    -87     -9   -115   -117   -159 
  -142    556    -89    -32    -27   -223   -135   -186    -93   -101   -151    -70   -108   -116    -24   -210 
  -179   -133   -208   -318   -258   -156    -14   -132   -101   -135   -125   -138   -192   -117    243     23 
  -101    -71    -48    -73   -149   -133   -141   -153   -198   -184   -133   -125    -79   -103    -95    -68 
   -48    -82    -82   -104   -129   -133   -134   -113   -120   -120   -117   -137   -124    -63   -101   -107 
  -134   -117   -116   -112   -124   -145   -135    -93   -126   -122   -136   -189   -198   -179   -129    -95 
  -111    -90   -135   -129   -134   -122   -149   -108    -85   -154   -172   -102    -81    -99    -79    -97 
  -129   -156   -100   -114    -79    -81   -127   -151   -159    -80   -109    -89   -123   -176   -236   -117 
   -95    -79    -62    -96   -162   -213   -105   -126   -182   -137   -162   -157   -149   -159    -67    -15 
   -59    -74   -124    -73   -132    -94    -88   -119   -166   -154   -145    -84    -60    -20     58   -152 
  -190   -176    -94    -77   -137   -136    -30    -23    -82   -198    -57    252   -119   -152   -132    -76 
   -25   -241   -306    -56    -50   -186   -208   -175    -75    -29    -28    -44   -114   -205   -188   -244 
   -27   -133   -189   -241   -205   -183   -118    -30    -48    -55     -3   1351    754    294   -118   -127 
   -82    -68   -115   -110    -90   -120    -54    313   1371    458    -35   -151   -168   -176   -140   -182 
  -155   -169   -158   -152   -165   -133   -124   -146   -148   -171   -152   -158   -183   -161   -165   -178 
  -164   -156   -131   -116   -139   -130   -176   -161   -155   -172   -153   -171   -163   -183   -172   -183 
  -184   -178   -143   -183   -208   -254   -239   -257   -182   -197   -179   -178   -157   -122   -139   -177 
  -166   -184   -222   -247   -266   -129    -68    -52    -72   -138   -139   -101   -115   -161   -192   -163 
  -166   -152   -128   -120    -53    -51    -90   -122   -196   -278   -129   -185   -242   -133    -68   -165 
  -121    -83    -51   -124   -113   -147   -187   -132   -190   -244   -164   -205   -234   -157   -168   -231 
  -255   -246   -240   -181   -173   -107   -115   -111   -185   -234   -208   -291   -236    -86   -149   -123 
  -167   -327    -54    -95    -36   -123    -37    -46    -53    337      0    -65    -13   -103   -102    -72 
   587     -9    -95    -73    -51    -16    383    -55   -178   -109   -187   -199   -174    -22    220     -1 
   -72    -61    330    231   -100   -194   -111   -100   -197   -195   -114   -155   -117    -92   -108   -168 
  -108   -152   -217    -74   -123   -210   -213   -160   -225   -197   -187   -167   -207   -163   -156   -138 
  -118   -141   -109   -112    -76    -46    -42    -51    -25    -50    -63    -71    -35    -31    -97   -114 
   -82    -87   -101    -91    -94    -75   -103    -80    -62    -74    -82   -130    -14     -9     -9     -6 
   -22     -6    -10     40    -11    132    -29    -50    313    -15    317    -28    -28     -4     -4     -8 
    17    556    288    -55    -25    340    220    223    189     -1    456    304    802    -18    461    459 
   -60    -44    454    379    235     34    -29    208     39    707    167     60     59    -63    -43    431 
   192    747    168    134    305    388      0    208    287    -16    -42    -74    330    -55    155     76 
   137    -24    136    316    -99    -24    -58     -4    -58    431    -55     22    298    127    185    274 
  1064    -21    163    -71   1556    -36    203    -66    902    331    -22    -47    636    974    -54    316 
   -69   2562    -12    187    -83    643    540    -26    -80    478    619    -36   -103    -79    853    -20 
   121    -28    332    615     46    -37    -15     -8    -32    -53   -108    169     60    392    198     -2 
    -6    -25    -38    -15     57    -10    -34    -57      9    -53    457    171    -20    -13    -10    -11 
   -16     -2     -9    -35    -30    -48    -73    169    260    -12    -26    -11    -11    -32    -34    -47 
   -46    -50    -75    -46     24    -97   -134   -113   -112   -151   -159   -109    -80    -76    -93    -70 
   -93    -67   -134   -176   -149   -125   -170   -157   -118    -71    -70    -43    -58    -95    -84   -117 
  -174   -126   -117   -127   -147   -156   -129   -109    -99    -97   -121    -81   -149   -184   -168   -119 
  -158   -188   -164   -115   -116   -167   -148   -152   -113   -170   -214   -231   -200   -151   -148   -199 
  -143   -171   -144   -112   -103    -65   -193   -225   -295   -336   -278   -246   -193   -164   -211   -141 
  -101   -116    -95   -198   -276   -236   -283   -253   -232   -188   -105   -200   -297   -224   -176   -103 
  -215   -299   -129   -173   -189   -185   -187   -183   -258   -388   -346   -258   -125   -170   -234   -185 
  -149   -171   -229   -164   -262   -206   -313   -311   -264   -162   -106   -195   -142   -130    -94    -99 
   -93   -193   -140   -254   -200   -177   -122    -55    -54    -39    -23     73    234    190    -23    -60 
   -88    -72    -48    -55    -33    -22    -18    -12      0     58     -1     85    -11    -10     37      0 
   -22    -51     -8     -6     -9    -13     -5     -8     70     -2     55    243      0    -15    314    607 
   542    350    203    525    669    366     27    -45    -71    -93    -66     71    220    209    658    186 
   385    479    137     -5    -33    -69    -96    -46     74     -2    -18    688      0    499    243    -20 
    -3    -11    341    594    277    -14     37      2    154    -66     27    -16    454    609    455    693 
   870    -12    -41    -68    -90    -47   -103    -50    -77    -41    -13     10     54    535      9    -39 
   -13   -106    -56    -79    -79   -116   -157   -158   -159   -170    -51    -21   -131   -145   -205   -216 
  -113   -123   -162   -141   -115   -174   -202   -174    -32   -143   -188   -211   -263   -161    -67   -150 
   -50    -81    -69    -55   -239   -107    -77    -65   -150   -150   -100   -154   -171    -55    -97     -4 
   357   -138    -87    -88    -61    -82    -86    -43    -92    -94     -7    -24    -12      9    -42    -25 
   -88    -84    -43    -58    -65    -66    -70    -76    -83    -77    -77   -104    -72    -55    -51    -33 
   -87   -106   -108   -128   -109   -110    -94    -74   -104    -60    -29    -45    -42    -58    -74    -60 
   -63    -58    -48    -46    -32    -68    -70   -108   -116    -53    -21   -107   -134    -60    -52    171 
  -150   -184   -127    -71   -145   -122   -121    -47   -131   -101    -53    -86    -54   -196   -159   -123 
   -95    -82   -105   -155   -114    -83    -94    -80    -51    -56    -75   -175   -188   -186    -94   -135 
  -213   -235   -178   -149   -191   -186   -158    -27    -66   -168   -216   -139   -239   -342   -408   -363 
  -325   -233   -165    -90    812    995    123   -110   -189   -311   -337   -267   -252   -319   -284   -374 
  -194     -9    -95    -20    -65   -133   -292   -193   -226   -204   -354   -366   -430   -379   -449   -350 
   -84    -45   -160   -178    -53    -78    -75   -219   -280   -232   -458   -484   -434   -247    -22   -148 
  -112    -96    -38   -129   -214   -131    -48   -225   -361   -268   -180    -64    -81   -124   -157   -111 
  -144    -93    -62    -72   -180   -210   -180   -171   -124    122    112    -51   -117    -99    -71    -52 
   -53    -66    -49    -37    -87    -76     97    211    -25    -18    -58    -63    -85    -67    -51    -18 
   -36    -22    -56    -63    -58    -71    -79   -122   -121   -116    -93    -70    -48    -98   -100   -106 
   -67   -160    -96    -34    -51   -104    -38    -71    -25   -140    -77    -88    -49   -104   -201   -158 
   -42    -69    -61    -22    -19    291    -54    -65   -138    -85    -65   -209   -195    -90   -100   -111 
  -126    -75   -100   -102    -27    -66    -95    -36   -134   -149   -127    -89   -115   -123    -77   -247 
  -239   -232   -145   -125   -145   -208   -222   -159   -103   -163   -250   -260   -293   -143   -104   -195 
  -148    -71   -211   -226   -235   -217   -240   -245   -301   -307   -144     50    -32   -101    -58   -127 
   -65   -148   -169   -338   -303   -457   -364   -122    -87      0    -41   -161   -316   -175   -189   -152 
  -258   -168   -353   -313   -182   -247    -98    -65   -138   -222   -167   -183   -127    -66    -46   -241 
  -383   -291   -366   -258   -155   -101   -156   -149   -196   -128   -119   -108   -247   -327   -266   -288 
  -230   -149    -98   -166   -207   -216   -165   -136    -92   -109   -219   -203   -194   -198   -122   -105 
  -149   -144   -143   -150   -128   -111    -96   -114   -115    -93   -167   -100    -52    -82    -61    -62 
   -61    -74    -74    -84    -67    -33    -53    -72    -57    -31    -61    -43    306    -24    -59    -86 
  -102    -71    -97    -68    -70    -42    -66   -109   -109    -46    -86    -97   -114   -130    -51    -90 
   -96    -77    -39    -37   -103    -88    -50    -87    -85   -108    -90    -57    -89    -54    -32    -48 
   -14    -50    -49    -63    -49    -79    -54    -71    -85    -73    -78    -20    156    -28    -59    -47 
   -22     91     -6    408    -28     -7    -35      0    411    169    329    141     66     -5    -80    -27 
   120    527   1146    891   1034    891    106    245     -7    191    200    755    860     -5     -9    -16 
  1554   1396    757    280    -57   1294    -24    -30   1212   2109    352    -44     -6   1839   1204    255 
   201    -21    909    -34    -56    -67    100    -72    -70    -44    180    302    -43      0    -32     89 
   -92    -88    -67    -74   -120    -67    -59    -52    -80    -69    -31    -86    -86    -68    -70    -78 
   -88   -109   -105   -114   -104   -140   -137    -81    -74   -111   -110   -108   -105    -86    -66    -74 
   -73    -77    -94    -98    -89    -26    -49    -38    -41    -44    -66    -60    -55    -57    -60    -75 
   -62    -48     10      0     42    -39    -40    -11    121    -25    -31    -51    -36    606    156    -14 
   238    258    -19    196    204    460     32    191    -57    -53    576    251     -4    340    379    157 
   723    214    370    -36    404    -18    -41    579    547     -5    565     92     -6    440    169    480 
    51    404    183    -16    448    412    -12    414      7    -26    298    473    232    318    587    227 
   165    561    465    -27    143     91    -25    292    135    328    162    551     -4    193    260    406 
   157    -20     -1     68    366    171    -44    -60    625     91    -25     84    163    -47     -7    -13 
    -6     49     78    -43    -25    -16    -86     -9    152    -11    -68    -17    -20     -9    131     30 
   -13    202    -29    -68    833    596     -1     -6    -42    -10     22     -4     -8     -2    208    -53 
   -53   1109    486    115     -2    -55    -10     -3    -21    -27    -17     47     27    -31     97    287 
   105    -33    -47     20     22    -27    -33    -20    -25    -33    -50    -15    222     84     -9    -53 
   -11     -3    -40    -44    -26    -24    -31    -22     38    331    159    -75    -32    -21    -36    -79 
   -95    -20    -29    -85    -70    -36    -28    -10    -90    -28    -24     39    -22    -48    254    228 
   -10    -49    -29    -74    -96    -50    132     78    261    -13     -4     38     78     86    155    438 
   -51   -103    -26     -6     99     -2     -1    -48     83     89    -13    -29    122    -34    -78     86 
   125    181    -41    -23    -23    582      8    157    -12    235    -44    -85    -62    -45    -10    -60 
   -33    -21    356     87    212    -11    582     15    -38    -80    -48    -51    -19    172    658    -37 
   -99   -122    -54    100    -29    -40   -127    474    -57    -56    577   1344    164   -133   -193    -97 
   273    -27    -56    318   1215     33    -10     85    729     -5    -77   -121   -121     -2     -6    -84 
   440    448     97    363    259    468     -6    -59   -105   -119    -41    -10    -81    -16    -23    -22 
   -30    -44    -32    -30    -29    -23     -4    -17    -33    -54    -70    -58    -43    -49    -41    -46 
   -46    -32    -48    -34    -40    -51    -49    -69    -73    -67    -53    -43    -67    -70    -81    -84 
   -73    -55    -50    -48     -9    -60    -44    -11    -42    -91    -78    -48    -42    -61    -69    -72 
   -33    -91    -96    -53    -32    -36    -81    -75    -46    -91    -68   -109    -92    -36    -35    -39 
   -36    -51    -49    -53    -32    -71   -140    -43    -46    -48    -27    -28    -44    -71    -78    -48 
   -41   -153    -86    -99    -53    -46    -72    -82     92    -75    -78    -73   -167   -165   -169   -128 
   -81    -64    -82    -21    -52   1335    -53    221    768     70    -44   1991    528    722    543     -4 
   722    332   2240    349    439   1005   1400    876   2085   3302   3980    690      4    935   1539    -14 
    -1    111    130     -5    -12   -130    -42    960    312    -82    754   1004     20     -3     -3     -7 
  -109    -89   -130    -84    -63   -139    -95    667    -37    -36    -46    -29    195    -17    -82   -101 
  -136   -159   -232   -115    -54    -24    -15    -22    -19     -9     -1    -24    -39    -97   -102   -115 
   -78    -51    -26    -31    -52    -44    -39    -34    -39    -31    -34    -34      0     -5    -15    -34 
   -27    -28    -53    -43    -56    -47    -51    -49    -49    -71    -73    -52    -32    -43    -20    -24 
   -43    -24     28    -39    -43    -31    -13    -11    -28    -65    -64    -67    -18    -30    -47    -47 
   -51     -9     -3    -69    -17    -21    -50    -50    -83    -48    -40    -41   -124   -101    -41    -17 
   -94    -93    -40    -66    -64   -116   -111    -26    -34    -27   -169   -163   -125    -91    -57    -14 
   -45    -36    -92    -91   -120    -56    -90   -116   -111   -108    -28    376    -27    -20    -86    -67 
   -50    -72    -97   -132   -143    -78    396    155    564    327     -8    -82    -73    -10    -36    -99 
   -96   -219   -148     -8    -17    -43    -80    -37   -117   -252   -220    -69   -147   -212   -293   -179 
  -279    -87   -194   -176    -87    -50   -199   -291    -64    -49   -147   -157   -117   -212   -186   -270 
  -127    -64    -46   -158   -128   -117    -30    -44    -37    -52    -97   -189   -183    -30    -42    -77 
  -141   -106    -57    -24    -12    200    -13    -25   -102   -124    -20    -67    -74   -112    -90    -94 
   -54    -63    -49    -70    -55     -5    -31    -44    -76   -102   -119   -119   -120    -54    -77    -57 
   -81    -87    -65    -48    -51    -74    465    294     37     -6    312    266    264     -6    -13     23 
   -17     29     80    259    383    199    449    543    126     -3    -30    182    166    -25     -4    154 
    96    306    -18    543    300    212    666    298     20    148     72    208    325    297    616    223 
    54     -2    362    726    491    -20    245    380     87     -4    514    672    583    639    571   1265 
   719    -39    -58    909    325    -35    -23    470    792    -57    -85    -32    630    868     -1    425 
  1120    702    -60    -86   1439    375   -144   -268   -156    -68     89   -117    -38   1018    607     -4 
   -25    368    -41    -48   -118   -135   -100    -61   -106    -93    -79     -4    106    -24    -14    -29 
   -50    -31    -65    -61    -20     50   -135   -136    -41    -68    -56     -2    -54    -74    -56    -34 
   -22    -24    -19   -104    -73    -81    -65    -72    108    -19    -39    -34    -41    -63    -45    -46 
   -54    -26    -18    -31    -58    -16    -41    -66    -48    -40    -46    -41    -25    -17     -1    -17 
    26    -18    -13    -14    -38    -10     -4    -27    -39    -44    -39    -19    -24     -8    -25    110 
   145    104     46    240     60    -34    -35   -106   -100    -95    -73    -29    202    430    132    -21 
    -4     -1    -14    -57   -171   -168    -80    -21    276    277     73    -63    -71    -81    -49    -24 
   -41    -89   -104    -86    -51    104    -36    -28    -83   -133   -104    -58    -84    -20    -54    -51 
   -73    -73    278    -58   -107   -130   -232   -183   -130   -110   -101    -67    -87   -162   -107    -18 
  -121   -217   -166   -224   -265   -320   -317   -345   -264   -248   -161   -106    -31    -71   -176    -92 
  -112   -145   -258   -371   -391   -360   -360   -228   -117    -85    -20    -16     -1    -90   -121   -105 
  -206   -288   -308   -182   -118    -21    -31     71    -69    340    -19    -46    -35     14    356    -78 
   -34    -38    711    410    377    -23    424     -1    -26    -37    108    -17   -118    -36    -53      0 
   -33    423      0    -32    -74    -79    -72    -60    -72   -110    -53    -51    -28     -5     97    -19 
   -64   -101    -79    -67    -61    -53    -36     -3     20     45     56     18    -26    -44    -48    -49 
   -51    -61    -51    -32    -28     -1     -1      0   -150   -147   -209   -182   -141    -75   -152   -107 
  -200   -264   -164    -90   -124   -100   -107   -120    -96    -85    -51     54    -84   -118   -201   -113 
   -67   -173   -144   -121   -158    -98   -138    -72    631    -77    -25    -98   -227   -173   -263   -189 
   -18   -106    -15    755    -14    -27     -8    -43    -64   -170   -166   -195   -161    112    -63    -93 
   -46    -74    -95    -72   -138    -57   -155   -156   -103   -117   -179   -263   -185   -224   -330   -283 
  -132    -77    -82    -64   -175    -99   -302   -110   -165    -92   -226   -187   -397   -326   -248   -285 
  -196   -225   -106    -94    340    631    923    350    -31   -110   -266   -208   -374   -290   -137   -137 
   -76    -45    -69    -31    209   -122    -58    -19    242   -318   -271    -42    -72   -133   -154    -46 
   -48    357    -63    -91    -66    140   -246   -217     -8   -150    -16   -117    -72    -67    -40    -50 
  -113   -110    -13   -151   -102    -65   -156   -138   -109   -129   -134   -120   -121   -148   -202   -191 
  -201   -181   -151   -204   -145   -146   -134   -146   -155   -139   -153   -157   -154   -185   -225   -208 
  -183    -19    -32    -32    148     -9     -6    -23    -20    -56    -31    -21    -19     -8    -20    -44 
   -57    -36     -6    322    253    303    237    228     29     32      0    106    -26    -49    -37     11 
   315    646    460    513    285    126    105    203     81    -49    -60    -58    -70    -51    227    -17 
   269    203    -26     77    209    -10    -39    -49    -51    -73    -75    -59   -114    -37    258    -47 
    -5     24    -23    -92    -86   -114   -147   -176   -136   -205   -140    -37    -22    -14    -22    -73 
  -150   -182   -190   -216   -260   -264   -274   -208   -154    -97   -129    -60    -91   -111   -135   -157 
  -188   -247   -260   -264   -329   -236   -182   -188    -57    -81    -87   -123   -119   -131   -154   -106 
   -89   -202   -204   -174   -160    -47    -57    -60    -41    -31    -35    -17    -20    -53   -128    -89 
  -103    -68     20    -34    -16     24     -6    145    253    158    -12    -27    -15    -24     10     66 
    86    226    527    544    528    476    202    103     47    111    204    134    175     85    261    409 
   393    350    256    131    153    395    337    114      0     -2   -167   -151   -163   -148   -140   -158 
  -178   -121    -34   -145   -242   -171   -182   -244   -289   -279   -232   -227   -267   -155   -148    -88 
  -179   -254   -181   -125   -228   -296   -354   -283   -180   -232   -186   -233   -277   -213   -324   -237 
  -149   -248   -309   -343   -296   -208   -175   -344   -287   -373   -195   -295   -258   -239   -215   -269 
  -296   -324   -235   -225   -176   -180   -168    -71   -139   -226   -199   -129    -71    -87    -39     -9 
   224    -72   -265   -207    -38    -59   -127   -148   -189   -163    -93   -159   -190   -222   -229   -187 
  -223   -266   -414   -243   -165   -300   -258   -214   -199   -213   -274   -309   -271   -280   -394   -530 
  -198   -159   -163   -247   -199   -248   -166   -146   -232   -272   -356   -373   -354    -96   -223   -136 
  -139   -132   -274   -221   -128   -183   -331   -301   -330   -322   -241   -280   -158   -195   -247   -296 
  -260   -192   -188   -318   -305   -273   -299   -260   -238   -135   -208   -249   -241   -233   -184   -173 
  -210   -186   -195   -183   -178   -188   -124   -165   -185   -168   -181   -160   -160   -198   -162   -183 
  -230   -204   -186   -151   -224   -101    -45    -72   -125   -144   -102   -150   -108   -155   -153   -166 
  -222   -287   -172    -51   -129   -136   -162    -69   -164    -60    -28   -125   -152   -131   -284   -151 
  -153   -225   -107   -125   -139   -161   -204    -77   -143   -225    -94   -249    -64    -69   -235   -107 
  -174   -153    -88   -310    -61   -154   -233   -144   -156   -231   -178   -199   -153   -280   -159   -124 
  -317   -292   -380   -236   -313   -285   -231   -301   -195   -281   -317   -132   -261   -298   -310   -373 
  -192   -292   -199   -296   -368   -238   -190   -145   1156    634   -185   -210   -204    -72   -327   -260 
  -434   -366   -278   -253   -103   -136   -198   -195   -188   -220   -144   -227   -219   -204   -260   -176 
  -254   -122   -243   -290   -247   -192   -474   -223   -199   -254   -142   -197   -166   -112   -133   -184 
  -233   -269   -238   -268    -53   -101   -175   -142   -177   -140   -118   -162   -110    -82    -69   -105 
  -154    -97   -164   -219   -164   -152   -135   -204   -218   -207   -195   -181   -165   -186   -142   -128 
  -147   -127   -103   -113    -97    -75   -133   -145   -138   -153   -149   -149    -50    -27    -30    -31 
   -29     -1    -41    -20    -62    -49    -34     61   -100    -78    146    -44    -40     -9    278    -38 
    -9    -40    -41     -4    719    -87    -71     75    -12    -17    -16    -18     -2    142    239    -72 
   -28    910    -58    -60     25    -36      9    -27    -14     34    135    966    -69    -31    762    -75 
   -66    429    -24    -17    719    448    412    299    828    -52    403    587    -61   -110    -10    -43 
   -56     76    -84    332    171    -11   -100     -1     87    -50   -129   -128    -96    -55    -75    -90 
   -99    358   1038   -142    526    -50    -50    -68    -57    -26     43    -43    -71   -123    410    575 
   -72     -4    -37    -35    -81     -3    -40    171    260    -62     -1    379    290    595    192    -26 
   -27    -99     75    383     43    155    -46    -29    -22    -25    726    318    197    -47    -92     41 
    13    -11    -21     -5    -11    148     39    -15     17    152    -70   -107     37    202    -26    -43 
   -34    -32    -38    -35    -75    -15    -25    -83    -94     43    164    -36    -60    -74    -29    -77 
   -10    -38     36    -25    -75    171    162    809    691    655    245    201     -4    -47    -45    -81 
   -92    -66     -6    290    624    799    251    234     88     77    -13    -21    -30    -70    -83     65 
    59    -11    -21    -97    -26    -67     59    -55    -28     -2     87    -48     -1    -47    -15    -19 
   -29    577    -64   -116   -112     -8    641    539    -51    168    -22     -2    -67   -108    -81   -114 
   -77    -60    -32    329     89    -63    -73    -93    -43   -102   -102   -111   -213   -224   -188   -145 
   -94    -80    -99    -76   -102    -60   -139   -146   -132   -323   -418   -392   -242   -122   -155   -139 
  -199   -241   -273   -257   -209   -199   -318   -303   -266   -265   -217   -234   -189   -203   -236   -214 
  -124   -143   -206   -203   -279   -302   -357   -339   -259   -219   -143   -173   -162   -122   -127   -164 
  -145   -176   -179   -190   -207   -167   -178    -61    -69    -74    -54    -39    -50    -53    -56    -74 
  -133   -101    -77    -75    -35    -41    -34    -48    -23    -23    -42    -43    -49    -48    -50    -55 
   -65    -57    -67    -64    -69    -82    -82    -80    -64    -75    -79    -88    -95    -91    -89    -57 
   -70    -82    -77    -34    -39    -36   -103    -86    -31     59     74   -133   -127   -117    -96   -108 
   -61    -69    374    -36   -110    -81    -35    -74   -141   -170    -87    -93   -157    -40    -73     -3 
   -21    -58   -109    -93    -97   -153   -183   -114   -124   -118    -17    -74   -181   -144    -91   -116 
  -109    -84   -157   -136   -123   -164   -151    -78   -143   -219   -226   -178   -173    -83    -71   -208 
  -168   -202   -201   -190   -106   -125   -228   -200    -52    -41   -112    -92   -170   -126   -158   -123 
  -132   -185   -131   -277   -258    -59    142    -34    -36   -149   -121   -209   -155   -147   -119    -96 
  -152   -262   -225   -115   -118    -70   -198    -78    -99   -109   -109    -72    -48    -68   -282   -326 
  -246    -46    -77   -131    -77    -91    -76    -47    -54    -57    -78   -139   -172   -172    -47    -34 
  -134    -59    -79   -116    -72    -64    -77    -55    -37     -9    -52    -82     -2   -130    -95    -87 
   -99    -86    -73    -84    -94   -102    -83    -78    -74    -13    -86    -91    -85    -79    -59    -83 
   -84    -74    -93    -75    -65    -53    -38    -40    -69   -101    -71   -102    -85    -72    -45    -49 
   -97    -23     14    -43    -62    -90   -138    -74    -48    -78    -88    -45    -17    -28     -6     -6 
   -42    -48    -71    -91    -56    -19    -66    -62     -4     76    -33    -60    -37    -37    -56    -81 
   -51    -39     -7    -28    -46    127    -29    -61    -58    -40    -40    -57    -38    199    443    232 
   202     61    -51    -34    -57    -10    -36    -41    -84    -25    -60    -79    -72     70    563    593 
   -24   -115   -102    -88    -49   -141   -126   -108   -102    -46    -38   -109    -65    -46    -82   -114 
   -96    -81    -40   -150    -54    -51    -71    -85    -52    -33     -6     76    -79    -17    -81    -52 
   -77    -50    -56    -13    -15    -14     -4    -15    -36   -117    -34    -59    -80    -62    -53    -49 
   -49    -29    -36    -41    -73    -82   -118    -98    -57    -88    -68    -79    -91    -79    -63    -28 
   -30    -60    -40    -49    -57    -53   -103    -89    -92   -107   -105   -115   -107    -92    -92    -66 
   -96    -84    -55    -64    -56    -70    -63    -54    -55    -49    -55    -53    -35    -49    -51    -51 
  -115   -232   -254   -173   -125   -133   -219   -158   -166   -140   -124    -59    -82   -202   -229   -232 
  -183   -185   -262   -194    -45    -35   -146   -273   -271   -225   -210    -88   -117   -154   -145   -156 
  -169    -43   -109   -171   -195   -174   -188   -261   -197   -139   -134    -53    -30   -189   -138   -180 
  -183    -65   -229   -202   -272   -389   -335   -283   -268   -186   -244   -190   -145   -196   -144   -229 
  -191   -244   -257   -227   -277   -297   -255   -283   -228    -91    -60    -82    -90   -133    -53   -142 
  -238   -310   -252   -336   -417   -561   -357   -130    -95    -74   -184   -224    -60   -273   -326   -267 
  -261   -222   -235   -145   -272   -107    -83    -91   -284   -238   -272   -233   -223   -290   -170   -296 
  -344   -421   -373   -332   -142   -214   -203   -183   -126   -215   -257   -164   -259   -388   -444   -329 
  -340   -140    -99    -25    -80   -106   -161   -128   -105   -127   -203   -252   -188   -259   -191   -135 
  -105    -44    -47    -28    -45   -100    -93   -127   -135   -117   -176   -157   -146   -145    -88    -54 
   -57    -84    -81    -64    -64    -27    -47    -80   -123    781    730    830    190    417    467    230 
   189    -13    191     73    595    604    293    149     -9    -11    -34    425    -36    -55    -53     23 
   -23    113    317    -14    -15    -12     -3    -48     -5    -59    -92    -90    -77    -62    -36     36 
   -43    -43    -70    -50    -78    -30    -94   -133   -128    -80    -71    -73    -36    -98   -114   -220 
  -189   -235   -171   -178   -172   -152   -101   -172   -147   -108   -187   -257   -289   -300   -323   -292 
  -289   -309   -336   -140   -140   -168   -120   -122   -139   -253   -334   -346   -368   -377   -444   -425 
  -287   -169   -182   -101   -159   -130   -199   -210   -217   -186   -240   -218   -244   -217   -130   -160 
   -82   -113   -100    -82    -63   -154   -144   -162   -137   -196   -147    -88    -85   -101    -95   -100 
   -95    -62   -102   -149   -166   -156   -129   -122   -111    -89   -137    -83    -88    -68    -57    -70 
   -79    -76   -100    -87   -109   -100    -60    -88    -63    -67    -54    -33    -42    -32    -60    -75 
   -80    -88    -91    -64    -49     -4     15      0     41     35    246     85     -4      8     -8    -20 
   -12     16     -6    -48    -46    -63   -101    -60    -18     -6    -73    -52    -96    -62    -60    -26 
   -53    -83   -105    -85    -47    -65    -12    -75    -93   -117    -63    -48     63    -19    -77   -104 
  -102    -85   -111    -65    -79   -102   -150   -111    -94     -1    -66    -89   -172   -138   -105   -153 
  -133    -92   -101   -117   -124   -108     50    -36    -47   -129    -52     -3    -56    -95    -47    -92 
  -102    -86    -80    -35    -81   -147   -167   -220   -209   -147   -154   -198   -213   -204   -131   -116 
  -118   -190   -191   -202   -232   -206   -195   -266   -158   -161   -214   -204   -145    -75   -127    -99 
   -93   -150   -122   -102   -140   -239   -193   -139   -146   -146    358    399    -16    -28   -102    -87 
   -41    -63   -169   -159   -153    -36   -137    -35    208     62    -35    -96    -83     -6    -43   -162 
  -164   -109    -24   -106    -38    -37    -39    -31    -57    -76    -42     -8    -55   -105    -52    -55 
  -109    -10     -4     -5     -5    -18    -41    -54    -44    -34    -67    -76    -45    -85     -8    -10 
    -4     -9    -28    -51    -58    -58    -49    -65    -72    -44    -40   -124   -147   -140   -150   -202 
  -170   -137    -52    -45    -54    -21    -27    -51   -126   -212   -177   -208   -202   -143   -117    -24 
   -62   -107    -91   -116    -77   -120   -174   -164   -175   -144   -178    -48    -10    -34    -78   -134 
   -94    -31   -152   -134   -117    -80    -15    -85    -52    -31    -70    -80    -88    -89    -76    -96 
  -164   -245    -82    -22   -139    -70    -86   -160    -65    -88   -143   -103    -71   -140    -93    -81 
  -134   -157    -52    -28    -25    886    169    -60   -137   -114   -109   -109   -133   -206   -157    -36 
  -170    -17    886   -173    -74   -143   -180   -237   -184   -145    -87   -124   -255   -173    -48    524 
  -276   -120    -71    -88   -269   -190   -107    -77    -46   -175   -139    914   1187    -83    -57    -39 
   -85   -129   -109    -97    -84   -102    -95    -50     -5     -1    -10    -68   -148    -96   -114    -75 
   -90    -88   -100    -84   -118   -100    -70    -75    -85    -96    -77   -107   -105    -76    -48    -73 
   -68    -91    -86    -76    -55    -39    -64   -124   -109    -90    -81   -126   -126   -108    -84    -75 
   -72    -72    -46    -36    -89   -135   -115   -118   -127    -91    -82    -67    -80    -81    -80    -88 
   -52    -97   -126   -121   -105   -111    -65    -52    -38    -50    -96   -120   -145   -102    -35    -60 
   -66    -36    -49    -36    -40    -41    -13    -81   -130   -152    -95    -32    -55    -57    -66    -83 
   -59    -80   -134    -71    -72   -128   -114    -81    -12     -9    -51    -55    -42    -29    -30    -50 
   -22      0    -19    -31    -35    103    188    117      1    398     -6    -66    -49    -12    -14    407 
   601    310    345    359    912    731    519    274    147    -62    -63    -84    -25    359    443   1177 
   642    917    930    927    506    760    266    -19   -147   -147    -49    113    284    488    584    574 
   612    480    380    -40    -58    -68    -58      2    443    -16     -9     43    -12     33     -6    227 
   199    615   1007    944    736    533    -14     -7    120     35    230    225    356    723    919    798 
   863    666    438    197    381    448    473    614    618    506    513    564    404    584    473    272 
   -19    -18     -7      0     43     17     -7     61     80     31    -11    -26    -27    -45    -64    -44 
    -3    -32    -13    -59     58   -105    -41    -70   -129    -64    -38    -72     52    140    -69    203 
  -103    175    -86    169    -48   -107     -9    168    -79    -19    246    -47    733    -68    -19    -89 
   136    -30    -81    -35    364    -74    -14    189     -7    -24    -30    -63    -35     -5    -55    -68 
   -57    380    -63    -11    -18    -16    -92    -48    -68    -47    -13    -82    -57    -16    205   -134 
    97    185    -42    -86    -61    -60   -122   -101   -103    -25    -26     -6   -109     45     78    -97 
    -8    899    -91    -97   -127    119    -52    -23    -70    -18    -11    -17    -93    -25    684   -151 
  -193    -70    519    -69    -36    -42    -61     10    -36   -120    -92    -31    -71   -144    -43   -122 
   -73    -46    -64    -69    -31    -47    -74    -48    -61    -46    -88    -73   -142    -69    -60    -60 
   -39    -42    -43    -50    -10    -31    -49   -105    -71    -81    -96    -56    -49    -51    -31    -40 
   -49     15    -18    -25    -45    -34    -44    -79    -50    -37    -22    -29    -49    -38    -16    -41 
   -30    -35    -46    -55    -77    -51    192    -11     68    555    653     -2    -33    -28    -68    -26 
   -17    175    267    -16    -22     59    413    424    -11    -12      9    -27    -38    -20    579    791 
   -61    -81    -41    -17    -52    -81    -96    -33    -26    -33    319   1059   1426    -35    -51    209 
   -34    -28     25    -12    164    -12    155    476   1131   1426    -12    202    451     -4    119    -42 
   -53    -30    -51    -11    -68    -85    -14   -128   -167   -112   -169   -189   -179    -86   -147   -175 
   -92   -128   -143    -72    -51   -174   -102   -123   -176   -167    -74    -84   -139   -129   -187   -158 
   -43    -55   -157   -175   -205   -220   -195   -193   -168   -145   -159   -243   -136    -31    -50   -117 
  -176   -125   -135   -111   -130   -128    -82   -203   -190    -99    -66    -36    -31    -91    -86    -82 
   -59    -44    -72    -10   -146   -107    -34   -123    -42    -28    -69    -51    -36    -45    -24    -11 
   -24    -98    -66    -42    -73    -57    -48    -81    -52    -25    -46    -51    -29    -33    -45    -49 
   -38    -20    -32    -20    -27     -5    150     64    223    366    290    214     -4     -4     -9    -91 
   -84   -112   -147    -99    -90    -97   -189   -140    -83   -171   -117    -59    -66    -60   -122   -107 
   -64    -70    -75   -181   -151   -160   -181   -218   -149    -97    -38   -125   -138   -140   -169    -98 
  -161   -118   -167   -259   -269   -216    -85   -121   -191   -183   -198    -68   -181   -197   -242   -111 
  -154   -179   -155    -92   -145   -243   -260   -193   -181   -196   -119    -80   -105   -147   -188   -110 
  -155   -203   -221   -267   -204   -295   -386   -360   -192   -177   -189   -164    -95   -215   -270   -231 
  -289   -300   -433   -368   -390   -351   -287   -220   -150   -146   -187   -413   -272   -256   -163   -141 
  -246   -346   -495   -337   -152   -189   -151    -62    -67   -217   -266   -218    -51    -92   -310   -442 
  -301   -201   -310   -154    -73    -30   -130   -258   -205   -206   -184   -340   -360   -195   -112   -153 
  -129   -120   -193   -246   -236   -201   -202   -199   -256   -287   -224    -96   -162   -146   -121   -117 
  -192   -166   -189   -168   -147   -244   -282   -261   -254   -180   -104   -146   -134   -151   -132   -149 
  -144    -96   -129   -182   -171   -166   -157   -126    694    254     -9     92      0     -8    -11     -2 
   162    157      0     -5    -29    457     64    -41     -6     33    -15     31    -14    151    -12    -21 
   -47    -88    220    -37    -60     -1     -2    -26    639     -6     -6    -21    -50    -26    -26    102 
    -7    -47    410    207    -44    428    428    -15    -28    -55    -15    -10     -8      8    -28     53 
   165    -48      0    238     84     -6    -23     14     -7     57    -26    -47    -13    463    322    346 
   -12    226    280    -26    -20    268    847    130   -103     -1    543    154    365    796     -2    -20 
   -21   -131     -8    669    166   -112    -25    723    351     35    622   1208   1018    -33   -134    -63 
   669    516    195     -6    570    536    452   1070   1774    151    -58    -23   -114    691    760    541 
    -7    -11      9    283    618   1156     12    -49    253    -39    574    304     33     -4    203    219 
    17    301    667    486      1    321    292    614    189     51     -5     -7     -4    -16    -23    242 
    -2     91    264     80    667    378     86    115    137     31    -20    -18    126    -12    190    211 
    -1   -145   -146    -81   -116   -166   -136   -137    -74   -131   -111   -108    -76    -46   -149   -111 
  -106   -125    -99   -120   -163   -117    -75    -63   -100    -94     65    -88   -125   -174   -111    -69 
  -101    -79   -107    -17    -41    -59    -90    -28   -116   -115    -74    -91    -97   -110   -128   -133 
   -49    -56    -78    -38    -58    -93    -91    -98    -42    -23    -44    199    483    -10   -128    -90 
   -11     54   -104   -151   -181   -152   -222   -263   -187   -147    -98   -306    -84    -54    -33   -179 
  -191   -139   -110   -121   -215   -179   -181   -105   -205   -123   -114    -78    -78     -8    -55   -118 
   -39    -58    -23    -46   -137    -80   -130   -154   -165   -106     -1    -21    -72     95    288    -20 
  -135    -23    425    -67   -159    -85    -95    -77    -30    -79    -13    135    -23    -78    538     -3 
  -125    -76     -3    -87    -90    -30    -52    -42    -31    -43    -21    261     -2    -67    -29    673 
   -56    -75    -22    -27    -16    -23     -1    270     89    362    125     87    569     -8    338    243 
    -4    294    481    372    229    288    220    306    698    185     42    -47    -26    -24    -62    -87 
   -60    -13    -32    -11     -3     -2    127    -10   -101    -62     38    -48    -83    -36    550     46 
   -25     24     -5    343    -66    -91    -63    -11    -43    -52    -59      9    138    436    276     -2 
   -10    -41   -129    -63    -34    -65      4     -2    -26    224    147    -56    -59    -26    175    -11 
    -6    292    147    479    600     -4    454    119    -23    -31    -43    -89    -50   -131   -147    -69 
   -34    -89   -101    -97    -67    -26    -30    -84   -143    -85   -146   -139   -122   -144   -158   -168 
  -196   -114    -11    -25    -70    -54    -85    -66      9    -84   -156   -105    -68   -123   -161   -105 
   359    257    -40   -107    -25    365    -63   -156   -113    -26    -68   -210   -209    -12    747    -39 
  -119    -72    -22    -28    -79    -51    169    334    -27    -49    524    780     51     -1    107    233 
   188    -12     -9    143    308    -28     -3    451    440     74    135    308    296    290    410    148 
   150     25    -17     67    218    174    317    513    498    404    379    545    566    538    221    209 
   660    746    572    -93    -77    -60    -65    -64    -41    -43    -33   -103    -88    -63    -83    -63 
   -72    -93    -67    -26    -77   -139   -113    -82   -138   -182   -177   -139    -76    -83   -141   -132 
   -57   -129   -150   -163   -129   -193   -215   -181   -123    -43   -141   -201   -224   -141   -162   -186 
  -184   -193   -173   -141    -90   -112    -83   -148   -204   -235   -208   -245   -214   -127   -155    -73 
   -83    -73    -97    -72   -112   -205   -254   -283   -241   -209   -195   -254   -204   -196    -90   -154 
  -136    -17    -38   -226   -281   -185    -86   -112   -289   -247   -121    -26   -146   -163    -41    -27 
  -128   -233   -186   -166   -119   -182   -193   -138   -112   -137   -151   -107   -158   -153   -154   -164 
  -136    -91   -153   -262   -258   -232   -230   -168    -90    -98    -94    -68   -107    -58    -56    -47 
  -104    -89   -132   -118    -52    -29    329     -3    -18    -35    -17    -15    -54    -64    -32    -49 
   -12    -27    -31     -4    -46    -41    -39     -3     -1    -31    -30    -47    -56    -32    -25    -11 
   -11    -45    -39    -38    -23     -7    -21    -54    -41    -43    -25     -6    -31    -25    -37     -5 
    47     78    -13    -22    -16     -8     39    158     60    -53    -76    -70    -65    -43     -2    -22 
   -31    -31     -2     29     95     -6    -17    -47    -39    -51    -19    -28    -36    -70    -53    -13 
   -17    -21    -22    -12    -18    -68    -79    -57    -62    -94   -101   -138   -103   -101    -52    -39 
    38    -16    -55    -52    -49    -10    -68    -70    -69    -64    -62    -60    -52     -6    -51    -81 
   -73    -64    -83    -20    -13     59    -32    -44    -33    -36    -75   -118   -119   -165   -185   -154 
  -154   -207   -137   -102    -87    -37    -36    -46   -131   -132   -146   -162   -171   -164   -142   -146 
  -138   -194    -54    -63    -30    -92    -80    -79   -100   -136   -119   -133   -169   -136   -164    -92 
  -100    -31   -111   -107   -123   -104    -79   -101   -144   -170   -125   -128   -141   -108    -56   -129 
  -135   -114    -89    -79    -93    -95   -107    -97   -105    -77    -80    -50    -74    -62    -41    -33 
   -40    -45    -47    -65    -85    -78    -61    -47    129    375    348    365    253    145    359    351 
   355    275    132    173    169    -56    -64   -128    -69   -103   -119   -116    -74    -39    -52    -95 
  -120    -63    -98   -156   -166    -66    -66    -78    -65    -89    -85    -78   -104   -106    -27    -71 
  -111   -123    -70    -36    -53    -45   -114   -105    -60    -72    -20    -44    -65   -101   -129   -102 
   256     67    -56    -92   -106   -114    -52    -27    -38    158    -98    -79    -77    266    182     30 
   -70    -39      2    -20    -83    -78    254    -84    -16    -72    -60    -73    -89   -170   -149    -88 
   -17    -79    -88    -34   -108    -94   -216   -138   -114   -238   -293   -390   -218   -153   -141    -54 
   -61    -21    -45   -105   -109   -136   -230   -301   -314   -219   -242   -188    -76     -3   -171    -32 
   -83   -125   -105   -168   -191   -172    -99   -294   -147    -66    -41   -137    -12   -106   -138   -156 
  -151   -117   -100    -75   -205    -57    -66    -46   -111    -58    -71    -63    -74    -56    -48    -39 
   -16    -79    -36    -38    -65   -133   -115    -78    -50    -44    -53    -68    -41    -42    -43    -94 
   -35    178    -33    -18     -6     26    -15    -30    -28    -33    -54    -35    -67    -42   -127    -68 
   -60    -87    -62    -70    -75   -128   -104   -141   -120    -83   -138   -114    -96   -105    -47    334 
   -70    -48   -105    -17   -178   -167   -155   -217   -120    -28   -128    -57    -94   -119    -87    -74 
   -25   -140    -96   -134   -225    -83    491   -135   -107    -42    -68    -80    -84    -19    -37    -46 
   -65   -214   -175   -160   -274   -322   -273   -294   -213   -195   -185   -173   -144   -161   -248    -66 
  -105   -234   -355   -218   -132    -58   -229   -111   -103    158   -111   -221   -162    -79   -103   -164 
   -51    -25   -136   -204   -228    -55    335    -79   -164    -32   -130   -268   -197    -49    697    290 
  -161   -200    -63    -73   -204   -238    280    341   -143   -203   -160   -111   -146   -200   -321    -78 
   -15   -279   -210   -173   -107   -105   -197   -193   -179   -151    348    -40    347    267    -58    -83 
  -185   -187   -166   -179   -207   -210   -168    -43    -86    -80    -56    -86   -136   -176   -157   -141 
  -150   -183   -221   -171   -185   -178   -166   -188   -165   -205   -152   -175   -179   -170   -167   -196 
  -221   -242   -252   -231   -201   -171   -162    -38    -47    -22    -39    -98    -61    -27    -36    -84 
   -48    -31    -17    -27    -69    -53    -31     -9    -14    -19    -16    -51    -35    -29    206    188 
   -19    -26    -14     84    -12     -8    -43    -46    -48     15    252     49    -14    -16     87    160 
   296     42    183    -23    -18     -1    -27    -19     -1     45    -25    304    180     95    -31     10 
   -67    -72    -43    -42    -24     -5    147    -21     -5    -28     -6    -72   -105    -84    -25     -7 
   365    -18     69     -3    -50    247    -30     -1    -61    -64     -8    -56    -22    -31    -26    666 
   -13    -18     67     -6    -24    -19    -53    -55    -63    -83    -96    -11    772    -28    -20     51 
    -8    -39    -41    -23     -8     57    -37    -34    -57    -15     -1     -7     22     75     -8    -34 
   -44    -25    191    116    256    -34     69     55     -2    -26    -35    -41    -43    -51    -46    -18 
   -21    -36     -2    124    197    -44     -9     -3     38     87     -4    -16    -18    -34    -21     -2 
    -9     66    -23    -36    -26    -36    -17    -13    -19    -18    -23    -22    -24    -28    -24    -48 
  -123   -203   -179   -133   -145   -107    -74    -68   -119   -136   -129   -121   -137    -81   -151   -185 
   -69   -115    -81    -66    -70    -38    -51    -80    -17    -32    -69   -138   -166    -74   -191   -160 
  -148   -214   -162   -137    -94    -40    -47    -76   -129   -240   -153   -245   -168   -127   -143   -139 
  -121   -107    -50    -76    -40   -168   -210   -172   -194   -231   -227   -196   -165   -141    -86    337 
   -78    -35   -184   -210   -205   -206   -250   -259   -312   -356   -289   -150    187    -12   -124    -91 
  -149   -212    -94    -68    -71   -130   -147   -170    -65    119    224   -137   -114   -143   -188   -162 
  -163   -191   -244   -236   -230   -178    -13   -112   -108   -147   -168   -104   -207   -336   -278   -195 
  -209   -354   -312   -273   -168    -62   -135   -125    -32    -37    -94   -105   -186   -211   -337   -312 
  -200    -75    239     -6     -3     -5    -19    -68    -65   -120    -78   -156   -108    -56    -45    -24 
   -19      0    199    206    -24    -63    -50    -51    -45    -47    -32    -55    -28    442    463    437 
   167     -2    202    267    318     14     -5    183     -7    -90    -64    -49    -62    -96    -40    -38 
   -79    -51    -27    -18     -5    -32   -114    -50    -38    -28    -57    -48     -1    -24    -65    -52 
   -61    -31    -10    -68    111     50     -4    274     -6    -19    226    -17    -38    -66    -34    -69 
   -34    -31    292    -13    -26    -27    -30    -28    -79    -22    -10    -13    -37     -1    -29    -13 
   -58    -43    -46    147    -33    -36     -5    421     26    -31     97    363    135     26    191     21 
   -99    -63    243    562    777    -18    -19    -75     83    493    176    -19    -14    -78   -148   -119 
   -86    -81   -124    -70    -84    -44    -45     -8    -46    -28    553    -49   -141   -248   -259   -250 
  -143   -166   -135    -87    -51    468    284    -14   -118   -150   -126   -221   -213   -122    -64    -25 
   -34     23    168     87    -26    149    -37    438    -54    -62    -25    -51    -20    259    769    623 
   591    447    951    914    950    612    204    313    118    432    740    816    846   1006   1081   1015 
   939   1006    588    350    274      2    132    401    389    472    441    457    536    560    337    328 
   454     94    -37    -44    -28    -52    -23    137     19    -18    -57    -52    -12     -6      4    -80 
  -125    -84    -96    -72    -45    -22    -78    -87    -81    -60    -45    -19    -54    -59    -41    -43 
   -24    -39    -27    -46    -43    -85    -93    -93    -42   -105    -86   -106    -87    -52    -30    -70 
   -14    -43    -80   -123   -135    -45   -110    -99   -141   -138    -69    -85   -112   -104    -80      3 
   -11    -67    -35   -133   -137   -163   -173   -135   -156   -158   -109    -90    -80    -24    -75    -35 
  -158    -95    -47    -63   -117   -131   -180   -121    -96    -23    -12    -68    -18     -4    915   1094 
  1151    278    161    117    -62   -121    -58    -11    -19    500    492   1252   1272   1543   1416   1004 
   735    525    141    -39    -22     -6    525    181    167    222    807   1080   1038    918    514     -7 
   -56    310    -22    273    255     21    244    467    640    755    837    803    525    336    405    325 
   299    207    287    320    397    419    476    434    433    399    255    430    513    171    -26    -18 
    -7     -3     -8    -14    -13    102    149     67     -9     -6     -5    419   1001    273    563    653 
   579    -20    -20     83     50    -42    -60    -22    242    400    103    606    248    469    288    263 
   -30    -95    -64    -58     84    710    711    528    564    574    656    917    715     24    356    564 
   513    259   1023    896    603    849   1548   1107    700    678    929   1743   1348    503     30    626 
   822   1201    758   1219   1122    801    273    581   1374   1029    570    240    174    122      0   -121 
   -97   -114    602      0    -20    384     96    114     -9   -100   -327   -278   -332   -345   -283   -127 
   -90   -106   -162   -141    -94    -38   -113   -176   -261   -261   -222   -262   -224   -330   -298   -230 
  -173   -133    -65   -128   -198   -243   -225   -190   -204   -160   -196   -168   -162   -191    -80   -111 
   -98   -184   -196   -196   -173   -184   -163   -168   -144   -180   -175   -100    -99    -93   -119   -140 
  -112   -102   -115   -107   -124   -103   -182   -137    -76    -78    -72    -92   -104   -113    -93    -98 
   -91    -82    -83   -114   -103    -75    -50    -27    -54    -62    -76    -64    -48    -50    -57    -68 
   -80    -50    -54    -32    -18    -78    -86    -99    -78    -52    -74    -27    -79    -84   -145   -192 
  -155    367    -12    -47    -95    -92    -75    -63    231    -51   -127   -136   -148   -115    231     80 
   -13    -74   -139    -86    -69    -68    -64   -109    -71   -105   -123    426     18    -18    -36   -103 
   -52    -47   -116    -51    -20    -63   -130   -132    523    225    -23    -53    -89     -2    -43    -54 
  -103    -96   -114   -117   -150     40    -46    -27    -63   -121   -127   -109    -78   -189   -273   -104 
   -68    -58   -142   -129    -74   -160   -204   -128    -33    -46   -239   -362   -124   -124    -78    141 
   -60   -142   -142    -80   -106   -176   -121   -187   -393   -246   -161   -156    850      4   -144   -108 
  -100   -158   -141    -28   -108   -312   -284   -143   -174    -20    -69    -92    -79    -99   -126    -86 
   -78    -88   -182   -197   -146   -147    -15    -59    -49    -14    -65    -66    -62    -74    -86   -155 
  -169   -110   -138    382    -15    -35    -24    -41    -37    -29    -48    -51    -72    -99   -146   -167 
   -18    -88    -68    -62    -62    -87    -85    -73    -83   -108   -121   -139   -144    -12    -34    163 
   -16    -41    -48    -15    -32   -119   -134    -98    -98    -60    100    -25    313    316     -6    -50 
   -63    -67   -117    -76    -16     33    311    -39    -59     63    506    163     47    -36    -68    -61 
   -70     84    564    429    -80    -71    -12    335    110    -21    -48    -39    -58    -44    299   1142 
   803   -132   -119   -108    -82    -72   -152   -134    -70    -47    -29    783    784    174   -183   -180 
  -159   -162   -173   -208   -222   -147   -156    -90    -33    -28     -7   -174   -199   -153   -250   -315 
  -249   -213   -224   -273   -181   -163   -114    -45    -97   -113     49    -39   -175   -202   -211   -249 
  -247   -327   -389   -179    -44    -31    -28     75    435    272    207    -30   -120   -142   -242   -313 
  -165    -79    623    563    510    279    554    749    491    -13    -41    -22    -99    -52    -69    100 
   224    515    140    171     40    395    280    280    189    -10     -9    -18    -21    -43    -26    -36 
    -3     12    297    310    489    192     -6    -11     15    -25    -58    -47    -70    -63    -58    -38 
   -27     50    -16    -31    -47    -25   -131   -151   -210   -219   -149   -112   -143   -105    -14   -114 
  -152   -115    -90    -85    -51    -28    -24    -38    -58    360    845   1315    -10   -127   -113   -138 
  -169    -31    -42    -34    -72    -63    561     20    728    -35   -105   -121    -95   -129    478     38 
   449    -30    309   1119    109    616    639     -8   -101    -93   -114    210    -54    593     -1     84 
   273     -7     49   1161    650    -68   -167   -101     33    -71    -73    -70    -78     -4    -76    -41 
   454    247    -90   -133   -177   -216   -215   -164    -70   -159    -99   -197   -207   -193   -264   -159 
  -103   -180   -312   -161   -116    -49   -115    -98   -167   -194   -266   -247    -44   -169   -131    -75 
   -97   -183   -104    -57   -209   -265   -315   -318   -151    -94   -205   -100    -84   -117   -171   -143 
   -88   -166   -236   -274   -240   -255   -134   -256   -161   -179   -182   -218   -208   -155   -207   -237 
  -222   -194   -216   -172   -205   -128   -145   -145   -158   -136   -109   -119   -167   -117   -147   -178 
  -136   -136   -108   -132   -138   -123   -110    -80    -77    -94    -92    -88   -126   -124   -133    -82 
   -15    235    -47    -39    428    549    376    387    454    -43    -82   -107    -76    -43    -19    -87 
   -79    -12    -49    -30    489    197    -35    -68    -45    -51    -51    -30    -75    -43    532    -28 
   -50    -60     -9    -38     -7    -18    -65    -89   -113   -145   -128    -71    -39    -28    -86    -54 
  -111    -92    -74    -59    -85   -122   -121   -118   -175   -174   -120   -123   -104   -114    -66    -67 
  -141   -133   -175   -177   -178   -229   -231   -207   -150   -158   -195    -76    -57   -137   -252   -200 
  -142   -201   -348   -316   -211   -293   -234   -262   -138    -88   -153   -212   -201    -54   -191   -294 
  -237   -150   -368   -386   -456   -243   -155   -111   -169   -127    -57   -139   -176   -158   -173   -375 
  -351   -424   -312   -172   -164   -197   -190   -155   -127   -139   -138   -180   -261   -322   -281   -228 
  -161   -121    -69    -77    -60    -28    -31    -59    -93   -150   -165   -159   -107   -101    -58    -10 
   -61    -37     -7    109     -5    -39    -50    -53    -30     -9    -33    -84    -37    -49    -53    -66 
   -68    -53    -74    -57    -55    -63    -58    -73    159     -9    -36    -46    -11    -23    -22    -37 
   -76    -70    -30    -32    -21    138     41    -39    -60    -19    -24    -27    -28    -76    -88    -54 
   -68    -34     -2    -37    -51    -67     -4    -24    -20     -9    -64    -94    -90    -91    -34    -35 
   -88    -66    -80    -43    -62    -85    -57    -39    -73    -67    -82    -56    -51    -77    -98   -138 
   -96    -75    -89    -72    -50    -57    -72    -97    -59   -145   -126   -125   -185   -137    -96   -117 
  -147   -131    -55    -69    -77    -69   -151   -178   -187   -184   -114   -107   -110   -214   -299   -213 
  -178   -112   -106    -46   -145   -110   -223   -162   -130    -70   -161   -237   -171   -170   -122   -143 
   -76   -118   -108   -210   -173   -187   -135   -153   -227   -168   -183    -74   -139    -76   -116    -77 
  -104   -103    -80    -68    -82   -143   -124   -139    -39    -70    -37    -17    -46    -50    -41    -34 
   -38   -112   -133   -111   -125    -59    -51    -13     -9    -27    -23    -35    -40    -47    -59    -73 
   -60    -67    -28    -11    -12    -17    -45    -37    -46    -44    -38    -21    -17    -18    -23     -8 
    67     -2    277    279    155    184    227    438     -9     -3     19    138    381     10    -47     55 
   378     -4    -25    252    245    -33    236    521    459    -15    -34     -5    139    701    -17    131 
   106    -13    -26     -1    -11     -5    -34     -3    -32    -22    118    -17    -17    -25     -5     95 
    -5    -26    102    -17    -35    -61    -77    -42    -63   -157    -97    -60    -40    -10    214    173 
   122    -32    -49    -30    -14    204    -77    -73   -102    -76   -101   -102    -56    -24     80    -75 
   -32    -66    -82   -112   -140   -225   -140   -146   -167   -144    -82    -20    -55     -9    -87    -53 
  -136   -143   -189   -112   -205   -186   -161   -159    -44    249     23    -59    -16    -17    -39    -43 
   -46   -226   -155   -142   -185   -107    104     73    -37    368    172    109    356      2   -102    -38 
   -10   -159    -45    125    214    159    559    714    498    566    663     86    690    130     -7    342 
    57    241    248    598    589    493    352    519    348    137    256     49      0    -17    -17    -11 
    95    198    451    277    117    239    270     48     -6    -40    -59   -117    -89   -134    -57    -69 
  -146   -130   -103   -106   -233   -304   -271   -103   -197    -83   -226   -200   -198   -199   -258   -138 
   -47   -126   -235   -343   -168   -243   -158   -293   -361   -200   -254   -307   -236   -140    -45   -158 
  -320    -64    -91    -95   -202   -327   -329   -308   -279   -274   -209    -12   -110   -256   -185   -236 
  -192   -264   -391   -367   -330   -226   -264   -386   -202   -173   -242   -118   -282   -227   -299   -484 
  -410   -270   -470   -331   -380   -349   -153   -169   -129   -376   -352   -325   -365   -462   -314   -391 
  -478   -464   -569   -177    -45   -209   -452   -469   -309   -161   -346   -430   -354   -411   -477   -534 
  -291    -35   -136   -265   -309   -222   -164   -171   -257   -281   -464   -326   -422   -365    -87    -93 
  -178   -267   -211   -211   -247   -304   -251   -387   -184   -299   -322   -116   -129   -243   -261   -246 
  -188   -188   -238   -242   -359   -195   -190   -277   -147   -131   -209   -213   -229   -243   -167   -195 
  -195   -171   -141   -131   -154   -149   -157   -171   -163   -178   -193   -124   -194   -154   -119    -74 
   -61    -93   -135    -76   -103    -72    -58   -136   -114    -62    -58    -99   -133   -111   -147   -139 
    -3    -57    -77    -65   -137   -149    -76   -140   -149   -118    -72    -92    -94    -57   -131   -102 
  -115   -131   -120   -130   -230   -235   -208   -146   -148   -149    -50   -105   -135   -152   -171   -108 
  -215   -223   -219   -192   -111   -127   -132    -96   -165   -152   -231   -205   -193   -200   -160   -168 
  -233   -159   -107   -107   -234   -393   -257   -252   -271   -273   -325   -331   -327   -326   -321   -249 
  -149   -270   -379   -390   -381   -401   -471   -489   -445   -429   -366   -383   -354   -178   -268   -471 
  -389   -396   -385   -471   -459   -534   -445   -383   -387   -264   -170   -198   -346   -228   -201   -163 
  -248   -225   -260   -288   -252   -265   -201   -190    -83   -134    -91    -88   -118   -142   -138   -186 
  -166   -142   -194   -221   -115    -47    -94   -103   -102   -136   -113    -99    -91   -108    -96   -113 
  -165    -65    -40    -86    -80    -85    -88   -101    -91   -112   -102    -81    -80   -110    -71    -14 
   -17    -25    -48    -48    -55    -46    -48    -39    -57    -39    -29    -29    247    247    229    351 
   487    233    169    388    624    413    118     21     -7    214    -31     29    288    159    197    418 
   339    324     40    382     97    -29     67    237    620    511    280    198    107    102    -21     -6 
   100    300    202    -19     91     84    252    -18    -21    -87    -58    -52    332    145    201    199 
   -35     -4    -15     -4    -44    -41    -62   -105    -34    423    355    -14     -9    -46    -16     -8 
    -9    467     -4    -59   -106   -153    -68    -79    -65    -31    -38    -20    -57     -7    564     32 
   -67    -63    -47    -63    -73   -100     -7    -32   -122    -86    -82   -186   -238   -288   -203    -64 
  -134    -57    -57    -51    -45   -180    -93    -37   -151   -204   -171    -66    -24   -197   -138    -41 
   -50    -32   -100    -79    -52    -53    -84    -57    -77   -116   -110   -104   -111    -90    -53   -102 
   -56    -68    -49    -17    -36    -80    -99    -39    -79   -125    -79    -60   -109    -68    -54    -71 
   -88   -111   -113   -104   -109   -105    -79    -98    -85   -112    -65    -35    -70    -71    -76    -78 
   -84    -66    -66    -75    -76    -83   -133   -135    -88    -88    -85    -86    -94    -92    -70    -66 
  -111   -126   -123   -124   -125    -56    -45    -37    -69    -64    -28    186     -1    -87   -138   -135 
  -132   -101    -18    -69    -85    -63    -31    -10    -24    -41    -51    -89    -97    -80    -60    -15 
   -19    -69    -53     36    -50    -79    -33    146    -47    -78    -88    -97    -55    -78   -196   -186 
  -202   -213   -178   -113    -56    -75    -72    -87   -198   -175   -107   -239   -174   -315   -311   -243 
  -127    -90    -67    -89   -137   -136   -143   -117   -107   -152   -351   -258   -165   -105    -90    -78 
   -52    512    186    -76   -178   -103    -34   -233   -214   -165   -146   -106    -76    -48    -86    -48 
   -38    -49    -44    -52   -131   -127   -201   -181   -133   -134    -50    -28    -56    -35    -59    -44 
   -57   -100    -71    -83    -50   -108   -102    -45    -47    -31    -63    -76    -51    -38    -55    -71 
   -39     -2    -95    -88    -73    -54    -47    -36    -48    -72    -55    -69   -100    -90    -97   -107 
  -122   -103   -103   -127   -119   -128   -130   -116   -122   -142   -125   -130   -126   -129   -123   -120 
  -120   -142   -178   -163   -159   -106   -166    -72   -137   -135    -82   -113    -39    -80   -126   -139 
  -116   -168   -141   -156    -84   -117   -143   -127    -30   -113   -109   -109    -32    171   -161   -202 
  -146   -112   -136   -117   -118    131   -129    -52     -8    -85    -27   -118   -200    -40    -34   -123 
   -94    -24     -3    -72   -107    -74   -120    -90   -115    -86    -65    -42   -141    -65      0    -54 
  -185   -180   -179   -142   -105   -202   -279   -180   -119   -108    -53    -14   -151   -132   -163   -104 
  -115   -217   -212   -303   -375   -310   -215   -110    -99   -138    -78   -110   -112    -95   -195   -157 
  -151   -179   -315   -242   -106   -129   -149   -256   -173   -206   -209   -201   -149   -184   -227   -246 
  -189   -186   -124   -104   -180   -136   -154   -159   -188   -174   -107   -101   -174   -178    -71   -127 
  -123   -127   -122   -128   -106    -81   -130   -116   -131   -160   -121    -96    -92    -54    -85    -88 
   -98   -105   -104   -127   -115   -160   -181   -159   -125    -85   -133   -172   -154   -145   -163   -154 
  -141   -160   -167   -149   -171   -161   -173    -46    -66    -65    -77    -42    -29    -40    -22    -49 
    -9    -12    -23      9    -30    -81    -89   -117    -97   -107   -109    -54    -62    -20    -28    -37 
   -30    -40   -106    -95   -109   -107    -80    -64    -52    -84    -58    -33     65     -9    -80    -91 
   -36    -82    -77   -121   -129   -132   -116    -41    -17    -29    -42   -112   -143   -101   -169   -152 
  -188   -160   -169   -156   -100    -19    -41     -9   -167   -201   -151   -276   -252   -265   -240   -259 
  -245   -205   -106    -66    -40   -151   -203   -178   -218   -148   -145   -186   -276   -285   -131    -29 
   -44    -94    -18    -33   -124   -172   -111   -152   -162   -236   -256   -117    -14    -88    -98    -63 
   -12   -107   -141    -71    -91   -140   -165   -234   -196   -103   -144   -104    -57     -1    -84   -106 
  -125   -118   -129   -112   -142   -132    -84   -118    -95    -98    -89   -121   -109   -126   -117   -140 
  -148   -138   -145   -123   -120    -78    -95    -82   -113   -118   -113    -93   -117   -129    -93   -103 
   -79    -64    -36    -58    -62    -75    -73    -65    -53    -63    -63    -52    -55    -59    -50    -32 
   -24    -29    -16    -12    -16     -2    -12     -4    -15    273    408    170    -66    -12    -19     -2 
   -20    -12    134    -20     -8    -43     93    367    250    -66    -13    -28     -9    -25    -18    111 
   -20    -24    -59    146    658    578    -73    -14    -20     -5    -21     24    -18    -25     -6    -26 
   331    633    437    -80     52    -11     78    -11     18    -21    -31     30      0    581    656    714 
   -76    216    374    134     -4    174    120    -15    885    294    827   1000    807    -57     82     19 
   -14    -35    175    -28    -32    -13     -3    673    951    879    -51    150    -12    -32    -21    210 
    -8      2    285    -35    790   1475    687    -56     -7    -17    -13    -35     29     -7     -5    262 
   -29    847    922    804    -43    -17    -38    -43    -44    -21    -38     -6     42    -25    919    611 
   758    -49    -25    -50    -56    -64    -36    -40    -28    -21    -34    613    557    757    -71    -15 
   -31    -57    -64    -42    -33    -28    -28    -39    763   1020    747    -69    -17    -21    -27    -34 
   -21    -20    -17    -14    -24    350    404    403    -48     -3    -18    -63    -93    -86    -63    -43 
   -10    164     18    141    320    239    -60   -107   -136   -143    -52    -88    -79     -6    -22    -54 
   -19     -9    -17    -45    -87   -113   -109    -85   -111   -142    -90   -110    -85    -84    -34    -65 
   -68   -111   -103    -49    -72   -114   -150   -121   -114   -104   -144    -92    -45    -49   -102    -96 
   -65    -39     -2    -46     -5     68    -63    -71    -26    -18    -80    150    -71    -62    -19    456 
   -39    -11     -6    721    -46    -31     65   -143   -126   -185   -247   -270   -187   -186    -68   -102 
   -84   -150   -116    -68   -155   -226   -160   -132   -217   -213   -181    -46    -41   -127   -169    -86 
   -48   -132   -149    -85    -40    -68   -106    -70    -91   -132   -207   -231   -102    -51    -81    -80 
   -47    -39    -40    -58    -88   -168   -195   -159   -155    -85    -70    -80    -75    -56    -66    -60 
   -32    -57    -76    -99    -58    -62    -49    -67    -47    -31    -23    -34    -20    -16    -36    -49 
   -76    -72    -61    -36    -46    -30    -20     -4    -17     -7    -14    -20    -32    -52    -64    -60 
   -53    -34    401    502    118    490    478    458    381    133    -12    215    107     66    122    866 
   871    941    584    821    798    377    741    250    378    455     31     12    634    746    903    782 
  1250   1601    980    458    352    461    512    -38    -25    649    500   1141    834    514    982   1147 
   209    103     -3     80    -90    -22    391    477    637    255    -12     -5    298    -51   -105   -100 
   -83    -81     -7     70    -47    -36     -4    120    -28    -33   -111   -116   -131   -174   -101    -14 
   -77   -171   -160   -118   -125   -176    -76   -109   -127   -175   -155    -88    -12    -62   -153   -204 
  -200   -120   -110    -19     29     94   -157   -111     -9    264    -49   -149   -108   -123    -99    -85 
   -39    574    352    -72    -35    -49    142    -30   -105    -80    -97    -78    -66    -39    831    497 
   409    558    111    330    -25    -48    -45    -45    -45    -42    -21    -19     12     96     -8     -8 
    24     -5    -22     -7    -18    -10    158    264      1    -14    -20    -14     -1    208    123     30 
     5     -3    -10     -5    136     -9    -25    -23    -19     -4    164    -32    -33     -7     -7    -44 
   -49    -64     -6    -41    -16    181    -19    -23    -43     -2     -8    -25    -79   -104   -101    -76 
   -75    -89    -40    -34    -19     -5    506    497    743    135    -48    -59    -98    -52    -79    -49 
   -39    -13    -27     98    505     -2     -5   -101    -67    -14    -18    464    -14    152    133    -21 
   -20    420     41    289    -30    -29    351    114    105    -16    -21    -14    -48   -119    -48    -72 
   -67   -128    -84     65     -7   -176   -187   -147    -89    163   -259    -66    -34    -76   -127    -12 
   -27    -73   -225   -298    -95    -73     -1   -206   -144    -71   -100   -118    257    511    207   -231 
  -349   -138     43     -8   -132    -80    -36    -42    -67    -20   1120    760   -125   -190    -79    413 
   -20    -61   -112    -41    -74    -91   -101    170    407    -98   -119    -15    273    -49    -70    -96 
   -75    -73    -90    -83    -54    -49   -120   -134    -52    -21    -66    -51    -75    -90    -63    -47 
   -38    -38    -59    -82    -84    -67    -36    -15     -7    -24    -37     -6     -3     85     -1     -7 
   -33    -45    -24    -30   -138   -144   -146   -157   -119   -137   -149   -139   -155   -178   -121   -128 
  -143    -48    -80   -129    -82    -25    -26    -61    -61   -113   -170   -169   -142   -106    -99    -92 
  -108    -13     -1    -61     21    -73     59    -54    -71    -84   -162   -148    -46   -170    -80    -48 
  -118    -11    -51    -27    -10    -12     37    -79   -148    461    -45    295    223    454    -41    -29 
   -57     -1    -71    -49    -79   -187   -119   -106    -91     39   -142   -152   -384   -416    -86    -26 
  -115   -164   -136    -80   -239   -231   -109   -210   -241   -322   -394   -118    423   -155   -199    -63 
   538   -172    -46    364    -89   -151   -215   -329   -116     -4   -165   -160    -56   -101   -143    -55 
   -34    -71    -89   -121   -218   -205   -184   -270   -142    -67    -45    -47    -62   -111   -157   -113 
  -142    -59   -130   -205   -204   -160   -141   -130   -133    -96   -121   -136   -138   -201   -181   -204 
  -224   -193   -208   -154   -170   -216   -178   -162   -174   -212   -212   -232   -225   -221   -250   -188 
  -194   -125   -159   -152   -140   -162   -206   -197   -221   -215   -206   -173   -159   -139   -132   -129 
   -77    -95    -97   -136   -123    -35    -51    -86    -77    -57   -207   -196   -182   -128   -130   -164 
  -169   -101    -37    -24    -34    -22    -17   -187   -144   -163   -104   -111   -135    -28    116     -8 
   -28    -28    -30    -19   -122    -73    -97    -95   -117   -113    -41    -88    -77    -58    -27    -23 
   -23   -139    -48    -61    -96    -95    -38    -98   -223   -195   -173   -194   -204    -88   -110    -58 
  -104   -182   -126   -105   -131   -161   -228   -102   -183   -217   -103     61     10    -93    -83   -138 
  -145    -52    -68   -134   -106   -201   -196    -84    -81   -115   -156   -104   -108    -59     -3   -142 
  -196   -197   -177   -159    -57   -156   -184   -104    -88    -79    -44    -65   -212   -271   -343   -268 
  -173    -92   -111   -106    -58    -55    -89   -100   -109   -139   -115   -197   -143   -180   -147    -77 
   -62    -92    -92    -81    -52    -48   -110   -111    -86    -76   -130    -90   -127   -103   -127    -95 
   -84    -82    -81    -93    -86    -75    -87   -135   -117   -128   -117   -126   -111   -129   -110   -110 
  -125   -142   -126   -124    -99    -91     -2    121    116    148    318    424     46    -16    -11    -27 
   -41    -50    -30     13     91    127     40    238    480    231     74    -58    330    582    611    489 
   -14    -26    -14    -42     -2    493    342     -4    -11    138     98    103    148    -41    -22    -14 
   -58    -28    -18    -36    -73     61    127    -11    -11    110    -44    -11    -50    -79    -54    -13 
   -36    -65    -41    185    460     81     -7     -6    187    -23    -30    274    753    604    240    205 
  1236    662    550    -10     27    -47    -27    -95   -161   -182    -96   -117     -6    567    136    307 
   -14    -50   -161   -140   -187   -270   -280   -228   -201    -77    -95    -99     55    -33    -97   -193 
  -137   -148   -162   -187   -163   -125   -151   -159   -186    -88    -78    -35    -95    -69    -74    -84 
   -99   -109   -135   -220   -224   -200   -116    -94    -60    -71    -54    -65    -72    -91    -93   -113 
  -145   -153   -109    -81    -82    -55    -79    -87   -102    -88   -107   -114   -100   -102    -99    -69 
   -68    -55    -67    -76    -76    -69    -57    -62    -62    -60    -83    -76    -61    -69    -55    412 
   142    -33    -67    -80    -53    -55    -34    -39    -29    -67    -53     -7     -1    -22    -39    -87 
   -86    -84    -68    -63    -65    -98   -125   -146    -59    -11    -60    -12    -80   -136   -159    -99 
   -30    -35    -30   -100    -85    -46    -54    -55    -61    -77   -132    -78    -17    534    -38    -38 
  -103    -41     -4    -33     57    -54    -63    -96    -44    315    290    -61    -31    -80    -58    -13 
   -92   -125    -92   -188   -170   -197   -176    -92     85    121    -20    -93    -65   -162   -233    -85 
  -180   -196   -292   -321   -395   -306   -277   -274   -202    -77    -14   -131    -23    -58    622    275 
   454   -176   -119   -145   -286   -225   -129   1122    -11    908    789   1296   1360   1269    271    -40 
   -60   -117   -138    -94    454    -76    -20     98    723    440    804    556   -108   -126    -59    -79 
    77    753     -5    -12    306    709    673    667    985    583    526    244      5    456    681    233 
   399    601    713    478    538    820    599    755    739    455    653    495    346    296    406    509 
   425    247    409    396    488    489    600    632    -85    -89    -97    -74   -124    -82    -65    -68 
   -30    -68    -60    -32    -59   -122   -117   -133    -85    -83   -111   -126   -126    -46    -60    -55 
    -7    -41    -91    -96    -98    -71    -46   -108    -94    -98    -44    -38    -63    -54   -112   -110 
  -108   -104    -39    752    -23    -23    -23    -46    -21    -44    -41    -81    -81    -82    -79     45 
  1148     -3      7    229    395    860    615    328    -22    -71   -119    -65    -21    173    -87   -150 
  -180   -114    -37    138     -7    -37    -68   -152    -70    -77    -70   -154   -236   -303   -252   -165 
   -38    -47    -41    -73    -47    -66     64     47    478    -90   -110   -155    -79    -78    -64    -14 
   -14    719     68    378    210    762     -8     -3    -47    -32    -95   -118    -77    -10    329     91 
   241    142    172    -17    -93    -89    -55    -94    -75   -102    -32    -34    -16     -2     -6    -30 
   -50    -94    -86    -54    -64    -70   -111    -70    -49    -17    -10    -18    -50    -50    -67    -70 
   -77    -73    -63    -72    -74    -71    -53    -33    -32    -57    -55    -61    -70    -76    -70    -50 
   -66   -152    -51    -40    -46   -106    -46    -57   -111    214    -36   -137   -163   -147    -29    -99 
   -33     -7    -82    -80    -24   -120   -141    -78   -135   -116    -75    -24    -47    -84    -87   -108 
  -159   -116   -129   -254    -78    -89    -93   -166   -124    -92   -147   -150   -153    -71   -177    -66 
  -173    690     26   -102   -138   -127   -215   -218   -144   -228   -205   -242   -123   -151   -166    -97 
  -139    -81   -254   -302   -325   -308   -327   -234   -380   -326   -188   -266   -223   -128   -148   -262 
  -259   -285   -332   -341   -221   -370   -324   -469   -457   -463   -284   -169   -267   -317   -357   -355 
  -332   -196   -212   -372   -507   -444   -465   -294   -257    -96    -58   -193   -307   -298   -222   -240 
  -338   -321   -286   -444   -241   -127    -24   -150    -53   -174   -177   -112   -201   -349   -357   -152 
  -303   -326    -76    -53   -117   -105    -97   -167   -140   -142   -232   -322   -202   -204   -271    -92 
   -42   -172   -157   -193   -198   -159   -153   -156   -171   -156   -144   -156    -68    -58   -116    -87 
   -95   -106   -130    -92    -93    -99    -77    -65   -120    -80    -79   -115   -162   -107    -77   -140 
  -153   -182   -216   -199   -220   -227   -176    -75    -77   -167    -47    -78    -38   -129   -209   -263 
  -157   -201   -221   -158    -67    -11   -124    -97   -146   -131   -247   -269   -264    -72   -128   -156 
  -105   -115   -157   -154   -217   -202   -172   -164    -74   -136    -60    -96    -95    -41    -77    -60 
   -87    -69    -82   -171   -156    -11   -109    521    -31    140     -2   -200   -192    -98    -90   -185 
  -254   -327   -293   -256   -160   -108   -115    -45   -113   -127   -212   -200   -238   -211   -151   -284 
  -308   -166   -232   -116    -45   -161    -61   -280   -332   -205   -191   -278   -126    287     31    -20 
   -77    282   -105     31    -93    -93   -198   -248   -233    -63    130   -132    -63   -157    -17   -156 
  -215   -149    -62   -129   -156   -186    -86   -217   -260   -135   -196      3    -47   -121    -79    -26 
   -14    -37    -49     -7    -61    -74    -81    -38    -14    -75   -137   -160   -147   -110   -124   -143 
   -98   -151   -141   -130   -169   -124   -134   -162   -145   -141   -180   -163   -195   -133   -160   -161 
  -150   -172   -133    -98    -24    -15    -44    -23      2    -50   -100   -105    -90   -115   -154   -121 
   -74    229    271    -30    -33    -14     24    -60    -36     -8    -56   -111   -110    -21    -17    -32 
   -60   -101    -79    -48    -88    -80    -66    -95   -111   -124    -47    -65    -59    -80   -138   -112 
   -98   -102    -59    -23    -80   -119   -134    -62   -119    -58   -106   -142   -139   -116    -92     -7 
   -13     44    -40    -52   -124    -71    -43    -58    -55    -71   -206   -170   -158   -158   -116   -101 
   -74   -105    -13    -17    -50   -100    -68   -157    -65    -80    -65   -130   -112    -89   -132    -72 
   -72    -62   -101    -87    -93     39    212    454    -65    -54    -62   -111    -88   -124   -192   -164 
  -143   -171   -116    -57     54    -41    -64    -90   -158   -168   -188   -170   -155   -126   -117    -98 
   -17     -1    253    -58    -65   -119   -120   -135   -151    -96    -68    -85   -102    -86   -131    -66 
   -64    -42   -129   -121   -128   -152   -152   -143   -145   -135   -126   -156   -123    -97    -74    -90 
  -108   -116   -123   -137   -109   -118   -108   -116   -136   -129   -111    -89   -102   -123   -137   -138 
   -88   -102   -149   -139   -122   -132   -134   -146   -164    -91   -147   -157   -187   -135   -152   -169 
  -206   -228   -208   -221   -190   -174   -138   -207   -192   -160   -147   -152   -145   -131   -143   -108 
  -213   -209   -111   -180   -186   -197   -115   -101    -83   -127   -174   -222   -196   -181   -137    -83 
  -133   -111   -121    -38    -17    512    -41   -103    -78    -65   -102   -107    -54   -121    -90    -51 
   -34    -23    -26    -59    -90   -101    -79    -76    -96    -76   -120   -171   -123   -130   -142   -134 
  -110   -133   -204   -208   -150   -108    -96    -71   -121   -196   -164    -73      0     -9    -44   -174 
  -189   -175   -149   -105    -49    -41   -166   -165    -62     18    -20   -127   -245   -170   -184   -210 
  -153    -51    -35    -64   -133   -102    -71    -83   -160   -231   -148   -106   -156   -172    -90    -70 
  -116   -144   -149   -128   -136   -151   -151   -100   -101    -98    -97   -112    -90   -139   -161   -167 
  -150   -106   -119   -121   -118   -129    -92    -71    -75    -53    -89   -110   -128   -107   -114   -134 
  -109   -103    -98    -84    -82   -142   -112   -125   -139    -90   -114    -87   -124   -129   -133   -138 
  -187   -123   -204   -182   -117   -130   -101    -85   -177   -214   -153   -123   -143   -144   -171   -147 
  -187   -136   -110   -127   -120   -144   -132   -154   -114   -153   -116   -115   -130   -134    -87    -74 
   -89   -192   -188   -130   -103    -86   -133   -107    -94   -221   -172   -158   -210   -265   -155   -224 
  -241   -272   -138    -91    -95   -115   -226   -180   -223   -236   -136   -148   -187    -81   -266    -20 
   202    -19    -89   -104    -61   -182   -144    -71   -211   -199    -45    787   1418    163   -102   -101 
   -63    -67   -177    -86   -161   -213   -217   -146    124    198    -59   -171   -103   -104   -121    -94 
   -42    -59    -37    -60    -44    377     92   -165   -121    -73   -133    -79    -62    -48    -54    -59 
   -62    -42      4     -7    -63    -49    -57   -146    -87   -104    -75    -73    -68    -48    -75    -55 
   -49    -58    -61    -79   -121    -73    -88    -53    -60    -56   -100   -129   -111   -129   -107    -96 
  -108   -116    -98    -95    -65    -36    -50    -62    -83    -93    -94    -55    -53    -86    -85   -125 
  -142    -98    -91   -100   -111    -95    -89    -93    -89    -58    -20    -87   -157   -183   -153   -190 
  -173   -118   -102   -129   -129   -169   -146    -76   -174   -170   -182   -154   -267   -259    -83   -156 
  -177   -185   -202   -152   -104   -114   -108   -115   -201   -237   -198   -130   -223   -297   -191   -175 
  -143   -101   -138   -127   -159   -219   -182   -215   -212   -198   -274   -190   -237   -246   -197   -115 
  -229   -245   -272   -383   -422   -360   -366   -326   -277   -316   -276   -213   -228   -238   -160   -110 
  -116   -134    694    -28    -98   -181   -136   -173    -73    181    -57    -14    402   1283    359    995 
   927   1302   -101   -142    -32    586    -31    -90    -78    -33    -69    -76    -17    596    458   -117 
  -178    793    -14    -36   -101   -105    -86    -76   -113    -35    422   1699    -55    -71   1006    -22 
   -18    -63    -55    -50    -41    -51    -39   -107    -72   -114    -90    -12    -22    192    -51    -61 
   -77    -85    -83    -74    -78   -108   -104    -52    -55    -46    -68   -101   -123   -120   -123   -127 
  -131   -119   -117   -111    -91   -105    -97    -18    -37    -34     -2    -18    -45    -71    -83    -30 
   -39    -76    -60    -37    -43    -47    -23    -29    -45    -50    -61    -40     -1      0    -52    -51 
    -9    -33    -34    -12    -39    -63    -50    -65    -32    -87    -72    -34    -27    122    -28    -54 
   -74    -72    -71   -106   -136    -64   -135   -118    -48    -24    -22    -69   -121   -158   -112   -105 
  -132   -176   -152   -173   -184   -157   -148   -104    -87   -188   -181   -175   -140   -187   -108   -122 
  -191   -237   -257   -193   -119    -79   -178   -181   -215   -160   -172   -129    -88   -161   -185   -234 
  -157    -82    -79   -211   -205   -236   -179   -200   -113   -179   -208   -112   -152   -166    -79   -113 
  -177   -154   -194   -162   -183   -128   -218   -198   -166   -152   -108    -67    -92   -137   -120   -151 
  -119    -94    -86   -134   -122   -128    -86    -75    -30    -50    -81   -100    -89    -71    -79    -62 
   -77    -76    -81    -64    -45    -25    -22    -16    -32    -37    -36    -40    -35    -51    -37    -40 
   -27     63     23    -11     -5    -17    -13     37     77     84     99    254     79    108     38     -3 
   -38    -45    -31    -36    -24    -21    -39    -42    -82    -47    -34    -41    -44    -45    -34     -9 
   -32    -33    -63    -58    -78   -115    -99    -79    -68    -32    -52    -58    -35    -15     -8    -73 
   -73    -67    -85    -47    -16     66    -25    -36    -46    -16     86    225    -20    -54     12     -1 
     4      5     -2    -27     -1    -23    208    -12    -34    -47    -47     -6    305    -72    -57    -68 
   -48    -37    -59     49    -72    -14    -66    -87    -51    -66   -169    -92   -123    -64    -87    -69 
   -71    -69    -45    -43   -171    -82   -104   -187   -119    -78    -35   -123   -195   -216   -239   -220 
  -231   -273   -196   -237   -233   -236   -171    -95   -160   -261   -219   -223   -180   -205   -209   -292 
  -325   -304   -303   -305   -172    -77   -100   -109   -114    -82    -92   -123   -270   -235   -212   -225 
  -235   -127    -78    -63    -46    -53    -43    -63    -62   -138   -158   -148   -117   -109    -53    -90 
   -63    -59    -52    -38    -73    -80    -93    -98   -102    -78    -70    -57    -89    -85    -80    -80 
   -74    -84    -79    -77    -67    -69    -79    -70    -62    -68    -65    -69    -84   -117   -105    -87 
   -88    -73    -80    -84   -102    -64    -79    -53    -59    -46    -82    -57    -64    -66    -52    -65 
   -35    -50    -38    -56    -42    -39    -24    -37    -43    -36    -66    -21     51    254     -7    -56 
   -85    -59    -24    195      0    -30    -19     54    285    417     -7    -41    -90    -51    -50    106 
   267     -2    124     22     69     58     93    -34     -9    -51    -37    520     -5    222      0    623 
   848   1164    549    -17   -115    -70    -63    -19     -8    -41    -23     -7    404   1566   1978   1972 
   874    -46    -78    -72    -10    296     39      0    547    833   1273   1266   2226   2365   1597    186 
   -30     57    550    155     72    550   1006    913   1900   2979   2688   3164   1364    688    -47    127 
    -1    -15    -47    -21     -1   1018   2284   1946   1715    730    323    -95    -96    -70    -98    -92 
   -82    -72    -76    -23    -43    -27    -50    -61   -103   -107    -76    -63    -54    -66    -89    -89 
   -92    -80    -57    -69    -68    -95    -88    -72    -83    -84    -75    -71    -72    -69    -55    -52 
   -62    -67     -2    -36    -12    -33    -32    -53    -43    -14     -4    -37    -30     18    -40    -23 
   -44    -30    -47    -40     -2    197     -1     -4     -4    -40    -15    -49    153    -41    -52    -43 
   -91    -51    -29    -52    -60    -43    -59    -54    -71    -37    -43    -66    -45    -63    -33    -37 
    -6    271    -12    -36    -52    -39    -58    -69    -61   -106    -45    -14    -28     -8    695     74 
   105    -44    -27    -51    -56    -49    -41    -66    -21    -76    -78    -19    -73    -18    -51    -24 
   -74    -55    -87    -80   -169    -98   -119   -111    -83   -146     -5    -57    -35   -192   -223   -220 
  -189   -232   -280   -249   -214   -148   -171    -98   -147   -105   -169   -178    -80    -66   -140   -133 
  -107    -71   -175   -184   -121   -147   -110    -76   -141    -31     -2    -38    -25     52    -36    -12 
  -137   -158   -154    -83    -35    -53    -23     49    -28    -22     -5    -34      6   -122    -56   -102 
   -55    -38    -63    -34    -30    -38    -56    -68    -62    -36   -111   -100    -99    -94    -76    -60 
   -45    -33    -34    -40    -36    -40    -29    -97   -116   -120    -79   -102    -92   -139    -73    -30 
   -24    -61   -118   -161   -134    -94     83    -25   -112   -146   -197   -164    -95   -131    -84   -133 
   -88   -140   -136   -109    -72   -163   -172   -207   -200   -125    -94    -61   -139   -146   -151   -155 
  -177    -66   -128   -134   -171   -179   -221   -183   -102   -178   -149   -175   -121   -161   -125   -137 
  -122   -182   -208   -280   -255   -214   -200   -245   -247   -256   -214   -150   -254   -282   -295   -376 
  -385   -386   -339   -257   -248   -177   -288   -244   -168   -222   -283   -332   -345   -328   -348   -183 
  -157   -250   -181   -247   -177   -109   -149   -227   -147   -111    -50    -82    -43    -49   -207   -329 
  -249    -87    -39   -133   -188   -219    -96    -62    -52    -35    -72   -102   -151   -139    -14     54 
  -114   -159   -111    -75    -82    -81    -61     -1    -20   -100   -119    -14    -12   -110   -110    -82 
   -81    -90   -113   -121    -74    -93   -140   -110     33    -30   -142   -150   -143   -140   -134   -146 
  -141   -129   -112   -125   -136    -84    -62   -148   -165   -155   -149   -138   -126   -148   -133   -131 
  -149   -157   -148   -120     -2    307    -10    -26    -13    194    -16     59    -20     71    -47    184 
   341    -10    245     -6    -21    -22    447     48    147    -16    306    -63     -3    195    -10     68 
   -13     51    112    -20    337     -1     13    105    -49    157    422    -50    439     88    -37    216 
   -45    -34    115    829     -5    -46    298    220    -26    435     18    -23    126    628     -9    -23 
   218     -3     -9     49    395    -26    -23     65    -11    -13    -70    -16    -43    443   -100    707 
   -30    278    -70    -47    -47    -19    -88    -99    -63    -79   3102   -175    822    -80    406    -70 
   -52     -7    -20   -103    -19     34    152    -16    -86    261    -74    203    -79    -31    551    159 
    -4    -13     -5      0    -54     13    486    637    219    -49    -27    105    640    156     57      9 
   -13    -19     26    318    640    370    -31     92    140    141     81     92     -4     -2    -10    204 
   -42    -12    102    -45    132     70     -8    169      7     41    -11    -11    106    -28     17    177 
   -43    269     98     35    261     -9    278    -30      9    157    -38    349    295    -77    -35    -21 
   324    -22    -35    -57     90    654     41    -72    -81    -83    -83    -34    -35    132    -16    -11 
   -42    -33    -29   -100   -128   -118    -97    -31    -22    -16    419    487    406    -28    -37    -27 
   -39    -21    -51    -98    -11    563    125    337    614    436    -30   -107    -28    497    246    -96 
   -76    -61    -21    -33     64    202    131    -54    -60     26   1173    754    -14    -35   -202   -115 
  -122    -72    -37   -108    -76    -40    -23    301    -37    -96    -41   -194   -186   -124    -30   -110 
  -199   -168    -68    -83   -141   -166   -143    -78   -109   -195   -172    -97    -94   -162    -95   -109 
  -211   -230   -294   -159   -125    111    -62   -123    -79    -57    -86    -86   -128   -218   -206   -315 
  -201   -127    -11    -75    -96    -81    -88    -93    -64    -86    -77   -107   -159   -148    -76    -57 
  -116   -133   -125    -99   -119   -100    -71    -58    -49    -80   -100    -72    -84   -134   -137   -141 
  -125   -123   -123   -109   -109   -105    -76   -110    -89    -75   -140   -126   -125   -128   -115    -95 
  -107   -125   -102    -72    -91    -61    -56    -72    -61    -30    -29    -51    -45    -15     -9     59 
   -33    -64    -38    -37   -115    -87    -36    -68    -45    -51    -55    -95    -36     73    110    292 
   -13    -59    -34    -34    -10    -14     94    310    -39    -52    325    -23    -37     -1    -65    219 
   -14    -22    -46    -54    -19    -36    -66     60    -33    -46    -82   -116    -70    -85   -102    -68 
   -86   -158   -151   -115    -12    -26    -40      0    -49    -95   -108    -17    622    354    -45    -75 
    -4    203   -111    -85    -32    111    -67   -126   -205   -151   -112   -130    -54   1379   1811    -62 
   -35    -85   -136    -52    -44    -65   -111    -54    -73    -56    862    -24    -65     -2    164    288 
   471    -40    -27    -28    -25    135    386    662    -11     -9    290      6    -13     -1    -21      0 
   241    -15    -39   -131    -72   -116   -143    -10    -28    -52    -56    -37    -24    -38    -76    -96 
  -116    -69   -115   -133    -53    -74   -108    -89    -83    -78    -70    -86   -101   -126    -99   -124 
  -151    -73    -30    -75    -74    -84    -61    -44    -45    -59    -59    -68    -86    -81    -41    -30 
    -3    -33    131    338    230    -37    -37    -57    -22   -113   -194   -145    616     25    -59    566 
   217    727    429    -39   -114    -88   -104   -109    -93    635    664    -15    661    -12    403   1490 
   -46   -145   -111   -102   -143    -50     13     61    -56    -24    -24    837   2086   1216    494    556 
   641    265    551    -10    649    290   1570    846     15    821   1014   1219   2019   1058    638    639 
   -34    -41    -61    144    -17    -72    -31   -230     -7   1040    388    531    412    -50   -243   -247 
  -192   -162   -149   -119   -235   -126   -186   -206   -158    -14   -110   -257   -212   -168   -161   -186 
  -200   -189   -149   -297   -347   -138    -10    -19   -179   -204   -180   -171   -146   -178   -239   -290 
  -348   -331   -272   -115     -3    -85   -109    -94    -64    -41    -84   -139   -278   -179    -80   -189 
   -68    -60    -76   -106    -83    -94   -120   -114    -67   -131    -42    -42   -128    -70    -81   -157 
  -150   -190   -205   -227   -203   -171   -138   -105   -123   -141    -68    -74   -119   -157   -178   -180 
  -172   -146   -144   -130   -121   -146   -134    -73    -78     81    369    146    -34    301     79     45 
   -59    -70    -76    -58    -76   -113    -13    199    157    -17    178      7     52    -70    -95   -108 
  -134   -155   -128    -46    167    -46    185    -17    361    -19    -30    -65    -64    -34    -54    -60 
   -14    -21    -24    -48    -95     -5    107    869    427    620    333    -54    -50    143    -26    -21 
   -53    -92    -75    456    420    -17     46    206    -48   -163     -1    -45    -22    -18    -23   -141 
   295    -76    425    891    -29    -23   -163    695   -201   -136   -111    451   -137    616    -25    805 
   683    -36    -40    -54    230    -50   -104    275     -3    195    122    -73   1191    484    -55    -85 
   -44    186     56    -53    -20    -50    -20    -86     -7   1152   1160    -55    -64    -86    -81    -17 
   -12    -48    -78    -88    -72    -12   1016    -31     -6    -22    -79    -44    -56    -46    -32    -58 
   -34    -18    412    156    -50     -8    -67   -128    -89   -103   -103    -76   -117    -98    -63    -29 
   -47   -104   -113   -139    -97    -60    -79    -80    -98   -116   -105    -72    -63    -82   -102    -85 
  -104    -62    -98   -196   -166   -163   -174   -152   -158   -170   -175    -98    -95    -64    -94   -145 
  -199   -191    -81   -118   -128   -183   -123    -61   -130   -100    -57   -120   -168   -182   -124   -113 
  -168    -77    -78      4    -14   -202   -216    -63   -153    -78   -174   -113   -195   -115    -73    -63 
  -111   -129   -154   -134    -41   -119    -50   -124   -159   -188   -117   -162   -167   -270   -198   -239 
  -229   -168   -184   -192   -328   -246   -230   -205   -220   -227   -211   -120   -232   -265   -204   -121 
  -224   -113    -27    -81   -224   -274   -379   -271   -221   -166   -155    -60   -102   -138    -72    371 
     4   -132    -90   -130   -168   -192   -249   -229      7   -201   -216   -204   -105    -78    -92    -37 
  -184   -235   -299   -384   -268   -125   -143   -171   -106   -135   -116   -149    -84   -158   -253   -268 
  -203   -176    -93    -28   -108   -109   -108    -83   -130    -88    -84   -161   -118    -90    -92    -49 
   -53    -86    -99    -76    -77    -81    -53    -67   -122    -83    -78    -99    -79    -80   -101   -117 
  -106   -115   -127   -138   -135   -107   -140   -160   -153   -124   -177   -214   -127   -126   -118   -128 
  -125   -131   -143   -177   -132   -116   -150   -183   -251   -220   -178   -184   -198   -206   -164   -145 
  -113   -106   -112   -148   -167   -225   -222   -161   -150   -187   -218   -140   -111    -52   -111    -65 
  -107   -137   -211   -193   -180   -155   -206   -254   -254   -265   -192   -206   -157   -154   -149   -200 
  -165   -149   -125   -202   -268   -281   -320   -203   -212   -150   -156   -144   -190    -78   -147   -167 
  -178   -205   -252   -306   -264   -229   -211   -135   -151   -206   -176   -259   -207   -275   -267   -374 
  -464   -336   -247   -357   -219   -145   -175   -182   -222   -157   -247   -324   -469   -454   -369   -219 
  -296   -202   -229   -238   -190   -199   -200   -270   -304   -391   -309   -297   -290   -265   -260   -193 
  -231   -174   -160   -159   -160   -177   -217   -178   -256   -258   -248   -227   -136   -185   -141   -111 
  -140   -158   -148   -161   -121   -167   -200   -178   -157   -115   -171   -147   -129   -138   -153   -151 
  -133   -115   -106   -181   -153   -129    -83    -95    -79    -71    -84   -104    -96    -74    -70    -98 
  -150   -139   -112    -41    -40    -21    296    -41    -88    -71    -33    123    -29    -47    -20    -20 
   -87   -142   -126    -95   -147   -163   -200   -153   -139    -97   -113    -91    -70    -84   -155   -101 
  -150   -200   -177   -213   -176   -209   -166    -80     69    -54    -66   -152   -132   -130   -217   -166 
  -287   -278   -283   -204   -164    -84    -93    -42   -130   -184   -201   -222   -195   -237   -173   -149 
  -236   -255   -200   -161    -84   -211   -244   -302   -258   -231   -205   -194   -283   -169   -216   -236 
  -179   -109   -181   -324   -330   -335   -330   -217   -159   -312   -184   -132   -100    -81    -34    -52 
  -188   -110   -130   -168   -128    -29   -221   -183   -149    201    294    596   1228    827    -16     87 
   -10    138    906    -99     -8    130    636    595    635   1438   1031    590    -10    -62    -61    287 
   346   1146    415    975    721    465    212    347    158     95    -16    -20    507    586    565     26 
   589    181    300    279     61    206    232    119     -2    -17    168    353    221    624    109    315 
   -18    100    201    489    251     44    239    737    769    667    439    325    -64    -62    -35    -45 
   -27    -39    -38    -40    -26    -60    -46    -35    -43    -35    -27    -16    -51    -16     -1    -15 
   -46    -37    -64    -63    -49    -58    -36    -12    -17    -42    -17    206    -21    266    112    -20 
   -37    -30    -54    -44    -29    -40    -36    -25     -7    305    469    220    -34    -45    -52    -54 
   -33     26     54     -5    111     49     41    225    -12    -57    -61    -71    -50    -36    271     79 
   200    797   1208    386    237     31    379    306    -77    -56    355   1245     10    -13   1605   2663 
  2001   1757   1433   2668   2240    -17    -76    716   1629    364    -86    251    967    365     40    907 
  2870   3013    262    -77    -22    396     99    -69    -76    -45    -50    -38    456   1515   1499    349 
   -50    -66    -42    -25    -46    -50    -46    -43    -24    190    552    362    -22    -57    -58    -52 
   -60    -58    -56    -47    -57    -59    -39    -31    -31    -50    -52    -63    -57    -40    -47    -49 
   -46    -55    -48    -54    -49    -39    -55    -62    -63    -58    -45    -48    -42    -42    -42    -34 
   -39    -35    -39    -45    -52    -26    -92    -55    -93    -96   -104    -97    -46   -103    -56     -8 
   -20    -26     -6    -55    -37    -36    -63     68    -26    -19    -34    -17    -16    -11    -13     -6 
   -31    -10     54    -51     -1    -74    -48     56    279    -17    -14    -33     -6    -92    -36    -22 
   -95    -35    -82    -75    -63    -79    -85      3     27    391    -13    175    219    -11    420    182 
   116     -8    -79    -54    317    306    813    265    661    663    179    -62    -64   -126   -111   -171 
  -149    -75      0    398   -190    -51    -29    -77   -159   -110   -133    -79   -180   -145    -62     -6 
   338   -100    183    241     -7    -82    -56    -85    -68   -161   -138    -46    -90    255    452     -6 
   122    647    105    -38    -69    -56    -46    -35     -4    -51    113     96     -3    201    433    104 
   -32    358    615    254    257    547    187     19      0    319    402    276    -12    -27    254    676 
   397    512    440    163     74    185    218    361    212    186     49    -22    -42    -45    -38     -9 
   -14    -20    -25     -2     -7    -12     11     -5    -14    -17    -35    -24    -26    -34    -72   -157 
  -177   -148   -166   -185   -152   -179   -195   -140   -144   -130   -121   -157   -260   -236   -180   -177 
  -172   -161   -141   -183   -107   -118   -165   -172   -259   -215   -230   -191   -218   -159   -148    -83 
  -157   -113   -118   -123    -73   -165   -145   -107   -142   -102    -72   -135    -72   -171   -170    -97 
   -88    -78   -133   -103   -185   -149   -123   -185   -147   -184   -253   -265   -229   -162   -167   -264 
  -144   -295   -258   -269   -225   -319   -343   -396   -304   -249   -238   -217   -189   -199   -315   -275 
  -360   -290   -324   -237   -244   -302   -164   -227   -162   -282   -350   -308   -187   -242   -307   -282 
  -140   -188   -363   -295   -199   -143   -298   -387   -368   -193   -176   -263   -237   -198   -248   -355 
  -374   -267   -191   -187   -243   -235   -163   -112   -132    -75    -99   -153   -118   -161   -249   -123 
  -105    -51    -37    -32    -58    -73    -89    -31    -56    -29    -41    -94    -92    -63    -21     60 
   178    -24    -18    -47    -44    -58    -30    -38    -32    -91    -84    -77    -35    -40    -56    -38 
   -29    -42    -50    -20    -38    -53    -88    -45    -73    -55    -63    -43    -61   -100    -97     63 
   -63   -110    -85    -93    -58    -95    -46    -62    -44    -52   -102    -79     -1    -12    -84    -65 
   -73    -75   -127    -95    -95    -97    -83    -46    -35    -67    -86    -44    -55    -54    -47    -43 
   -72   -106    -35     18     -5    550    -13    -66    -81    -95   -108    -22     -9    -75    -78    -30 
    39    -32    -11    -75   -100   -164   -167   -138    -50   -115   -130   -179   -229   -189    -24    -75 
  -124   -206   -195   -205   -169   -107   -222   -218   -168   -175   -112    -30    372    864   -180   -216 
  -244   -146    -94   -193   -121   -108    -95   -127   -121   -160    -82   -107   -240   -165   -135    -78 
  -143   -107    -70    -49    -58    -47    -61    -47   -103   -150    -84    -16    -60   -100    -95    -74 
   -55    -57    -49    -48    -44    -46    -15    -49    -38    -53    -85    -73    -83    -95    -68    -52 
   -16    -20     71     35    -42    -51    -56    -38    -38    -56    -68    -75    -65    -50    -50    -30 
   -11     21    -45    -51    -46    -80    -79    -90    -84    -87    -94    -76    -49    -52    -31    -51 
   -79   -123    -86    -87   -112   -117    -93    -45    -38    -55    -66    -47    -63   -100   -164   -132 
  -104   -111   -122   -112    -79    -93    -92   -103    -73    -84    -75   -132   -130    -97   -106   -109 
   -63    -30    -42    -77   -111    -75    -51   -101   -107   -150   -123   -103   -101    -39     25    -19 
   -64   -113    -52    -18   -110    -84    -94    -61    -72    -62    -32    963   1008    195    -65    -10 
   215    -49    -78    -72    -23    -49     -9    518   1289    818   -111    -76    -17     -3    -35    -56 
    -4    132   -122   -109    -62    292    -82   -191   -141    -50    -65   -132   -127    -59     45   -129 
  -130    -57    -40   -173   -238   -305   -161   -117   -110   -147    -83    -37    -26    -36    -33   -130 
  -252   -297   -339   -267   -161    -20    -43     -4     -6    149    -20    -35    -72   -172   -182   -192 
  -172   -105    283    416    263    242    286    293    106     -1    -65    -37    -43    -24    -10     40 
   279    326    149     26     26     -5     -4     24     65     27     66     79     -4     -8      0     -5 
   -13    -15    -25    -25      0     30     25     97     -3    -79    -16    -21    -80    -88    -98    -78 
   -32    -47    -81    -87   -103    -65     -9    442    -29    -85   -114   -128   -118    -43    -49    -90 
   -51    -14    -11    140    -40    -26    -40    -62    -92   -147   -209   -143    -90    -76   -100   -119 
   -53    -87    -80     -8   -147   -200   -127   -143    -37    -86    -72    -90    -37   -128   -132   -120 
   -96   -168   -178   -195   -135    -69   -130   -126    -26     58    -87   -121    -67    -83   -100   -114 
  -132   -226    -61    -80   -112    139     17    228    -20    -49    115    -59    -63    -52    -99    -14 
   -26    -47    -75    -97    -66   -165   -152    -91   -131    -81    -99    -62    -65   -152   -192    -46 
  -125   -154   -174   -223   -164   -122    -69    -82    -84     -7   -107   -174      0    -39   -138    -80 
  -157   -151   -133   -144   -121    -64    383    -26    -68    -54    -53   -108    -98   -115   -108   -142 
  -138   -120    -91   -101   -132   -102    -89    -71   -100   -119   -103   -128   -159   -154   -130   -127 
  -136   -151   -145   -133    -91   -121   -112   -102   -130   -147   -128   -107   -118    -94   -123   -137 
  -109    -80   -127    -82   -106    -53    -53    -41    -82    -67    -42    -70    -89    -93    -49   -120 
  -101   -167   -144   -143    -68   -144   -165   -125    -91    -56    -83    -48    -54   -150   -190   -112 
  -102   -111   -169   -233   -154    -78   -101   -106    -48    -88   -149   -227   -129   -123   -153   -171 
  -204   -154    -79   -136   -115    -73    -76   -104   -171   -113   -134   -154   -163   -145    -85   -123 
  -178    -98    -70    -84   -152   -147   -128   -256   -301   -194   -199   -201   -202   -183   -138   -105 
   -95   -216   -171    -81   -191   -331   -232   -237   -195   -206   -153   -114    -95   -121   -113    -87 
   361     -5    -84   -132   -181   -134   -111   -205    -79    -11    -51    -28    115    491    435    353 
   588    -36    -26    208    -74    955     54     -9    496    648    383    -22    -42    -18    -42    -64 
    -1    208    719    355    -19    203     -9    -39    -41    -27    -29    -21    -53     -4    340     -4 
   113    -37    -25     -9    -32    -79    -91    -77    -49    -63    -64    -17    -48    -28    -47    -70 
   -50    -52    -75    -97    -81    -73    -76    -80    -68    -79    -47    -72    -41    -43    -91   -126 
   -83    -15    -58    -52    -91    -33    150     -1    -93    -65    -99   -127   -154   -166   -133   -113 
   -35    -80    -50    -49    -58   -131   -137   -137   -125   -193   -184   -190   -103    -52    -55    -23 
   -44    -44   -178   -259   -228   -190   -270   -186   -188   -159   -148   -179   -176   -186   -142   -256 
  -378   -340   -327   -403   -321   -260   -291   -287   -332   -279   -234   -179   -252   -367   -307   -322 
  -359   -291   -310   -307   -402   -400   -384   -294   -208   -209   -267   -183   -185   -224   -201   -242 
  -251   -361   -250   -237   -294   -232   -163   -259   -221   -131   -210   -236   -135   -164   -213   -302 
  -288   -252   -141   -104   -178   -144   -108   -181   -218    -95    -75     47   -170   -198   -144    -56 
  -151   -205   -147    -59    -96   -111    -69    -54    -25    -95   -114   -118    -87   -135   -142    -99 
   -68    -84    -85    -68    -70    -75   -116   -124    -81    -71    -78    -78    -76    -75    -73    -28 
   -46    -47    -52    -66    -70    -73    -80    -58    -45    -51    -63    -60    -36    -38    -51    -67 
   -73    -82    -66    -76     62    -42     -8    136     -9    357     33     -9    -48    -42    -39    -55 
   -76    283     -5    -20    353     79    -28    -34    -46    -29    -36    -63   -107    -91    395    -35 
   -32    -47    -98   -109    -79   -137   -108    -54    -53   -111   -102     -3    -43    -33    -88   -167 
  -115   -157   -153    -74     -9     -6     38    -80    -40   -102   -120    -68   -168    -81   -194   -176 
  -125   -164   -111    -70    -98     54    -86     41     24    -85   -154   -179   -244   -164   -247   -128 
   380     -4    142   -246    337    464   -115   -233   -135   -147    -23   -175   -157   1138    348    -53 
  -263    -41    450    -79   -196   -181   -172   -151   -154   -162    853    -55    -98   -209   -112    -60 
  -118   -142   -144    -26    317    -94   -152    -22    -62   -132   -121    -61    -51   -128   -169   -155 
   -51      2   -187   -150    -71     -9   -124   -123    -95    -97    -92   -117   -102    -21    -60   -165 
  -151   -139    -61   -103    -86    -91    -93   -104    -90    -83   -104   -134   -181   -142   -116   -106 
   -56    -47    -38    -55    -57    -45    -57    -74    -90    -90    -69    -64    -83    -43    120    357 
    -8     -4    145    270    133     -1     -5    -37    -31    202    -15    316    582    -19     -1     59 
   451    363    340     -6    -17    -36    109    -45    213    515    -38     -6    -32    -10    139    241 
    -8    -58    -67     68    -59    -31    296    -66    -45    -49    -82    -76     66    -14    -17    -63 
   217    -24    -26     -1    -28    -22    104     96    -23    -27    -41    -39    -76     -2     -6    115 
   -21    -17    -23    -52    -69   -181    -15    -28    -63    -75     -7    -60    -35    -16    -62   -135 
  -147   -132   -335    -49    -96    -76    -82    -36    -82    -48    152    316    -79   -109   -101   -128 
   -59   -178    -15     84    169    -24    -50    -45    581    208    213    -13    -42    -44   -147    -97 
   221    292    -18    -22     -6    249     17    165    103    -19     42   -134    -58    -55    -13    -28 
    -5    545    419    193    236     46     24     -2    -93    -69    -71     -9    -14    113    477    513 
   490    384    207    203    181    -47    -83    -69     -9    -14     39    398    386    379    584    486 
   573     -6    -15    -84    -51    134    199    922    855    614     89    378    941    918    -39    -31 
   174     30    -26    702   1435   1474   1550    884    934   1077    505     35    -33    670    994    597 
   995   1478   1400   1275    391    357     65    -70    278    346   1140   1265    455    437    359    997 
  1305     -5     -7     -3    -10    679    318    599    609    156    222    707    503    415    -47    -59 
   543   1629   1505    962    102    850    247     -4    572    -18    269    -22    230    124    620    422 
   642     -2    628    227     -4    -69     87    550    -52    -71    -61    -92    -99    -89    -45    507 
   229    -32    395    445    878    768    542    -92   -106   -155    -83    173    233    195    -22   1394 
   873    388    136    514     74    -43   -171   -126    -94    -93    -32     -4    939    803    181    -10 
    51    -37    -50   -165   -182   -152    -62    -65    -26    310    534    377    270     -8    -17    -51 
   -49   -112    -95    -57    -52    -41    -24    -11     -4     -1    -15    162     88     76     -5     -4 
     9    -23    -54    -53    -47    -49    -52    -72    -49    -39    -20    -50    -50    -61    -70    -58 
  -118    -33    832    -98   -143   -133   -114   -118   -208   -212   -182   -133    -97   -184     24    719 
   -52   -175   -251   -148   -109   -151   -191   -137    -81   -121   -226   -230   -244   -189   -244   -293 
  -309   -250   -168   -123    -31    -99    -83   -196   -257   -359   -367   -412   -356   -318   -278   -208 
  -144    -95   -242   -225   -300   -364   -432   -323   -368   -502   -443   -457   -305   -229   -289   -283 
  -355   -630   -579   -744   -762   -665   -659   -575   -675   -594   -504   -414   -405   -424   -621   -673 
  -759   -682   -682   -556   -506   -558   -599   -392   -325   -249   -467   -462   -437   -495   -450   -375 
  -550   -573   -482   -532   -337   -344   -295   -162   -176   -216   -310   -260   -206   -226   -379   -240 
  -172   -113   -259   -165   -117   -113   -134   -232   -226   -151   -149   -201    172    -30    576    -88 
  -167   -180   -255   -231   -246   -258   -202   -201   -182   -210   -193   -197   -315   -218   -198   -298 
  -220   -240   -308   -267   -257   -226   -262   -242   -257   -301   -203   -125   -239   -170   -170   -183 
  -192   -162   -162   -141   -129   -154   -211   -156    -70     -8    -48    -40    -62    -48    -37    -47 
   -53    -54    -40    -44    -33    -51    -28    -47    172    -25    -69    -34    -79    -96    -66    -37 
   -44    -50    -41    -28    -63    -15    -20    -74    -58    -83    -84    -40    -43    -53    -29    -56 
   -48    -68    -60    -44   -111   -122   -113    -92    -32    -18    -26    -12    -42   -107    -80    -99 
  -102    -33    -66    -70    -86     -1    445    307     -1    -26    -64    -91   -120   -119    -99   -105 
  -139   -122    -43    428    227    -21    -26    -93    -61    -64   -120   -124    -55    -63    103    -26 
   -24    -44    -24    -42    289    -10    -47    -75    228     43    -47    -25    657    290    -66    222 
    -6    778    189    -30    -67    -26     53     36   1434   1870   1650    987    189    -32     47    237 
    -1    -24    -35    -12    387   1171    818    997    553    -15    -36    -22    -28    -17    -31    -41 
   -37    -34    -55    -31    -18    -11    -46    -26     49      6     22    -13    -32    -40    -15    -30 
   -22     -6    -16    -20    -15     -3    -23    -31    -40    -60    -60    -35    -51    -49    -23    -14 
   -22    114    -10    -19    -15     -4     10    -22    140    132     -4     -5     -4    153    403    295 
   104    296    444    629    414    384    315    400    466    552    563    984    888    536    342    614 
   163    434    284    558    333    364    272    437    885    920    614    335    389    190    680    641 
   580    551    471    577    544   1009   1402   1299   1094   1006    844    934   1166   1206    979    883 
   577    627    904    875    979    984    464    110    731   1164    840    -34      0    705    629    -34 
   -93    -38    -54   -119    -93    632   1754   1255    -49   -115    295    457    -15    -97    -41     -1 
   -81   -107    -39    217    -10    -80   -137    103    309    -29    -86    -70    -31    -37    -39     -4 
   526    481    -22    -45    406    235    231     -5    -16    -11     -9    -11     47    362    294     57 
   115    318    334    313     90    137      7     -4    -10     49    327    117    179    298    339    306 
   172      4    175     65     41     -1    168    203    152    287    354    238    133    255    174    215 
   214    204    175    165     93     67    130     66    200    144     25    328    507    190      1     82 
   281    201    -22     54    183     -9     35    -50    -30    343    103    -25    -31      3    108    -22 
   137    575    -13     -8    -41    -25    538    145    -40    -12    277    468    173    287    724    126 
    83    -35    -34    364     -9    -11     29    114     -9    -49    -15    406    -23    -13    -14    -53 
   -16    -33    -53      0     -2     85    -41     -4     -4    -36    -44    -14    -34    -34    -31    -46 
   -41    -38    188     15    -47    -68    -39    -57    -14    -57    -29    -37    -96   -138     -9    -22 
   -27     76   -101    -36    -54     53    -86     22    116    -18    -71    867    522    639    495    -14 
   148    -25    183    -17    453    364    184     -3    125     67    450    215     -2    251     72    -17 
    85    211    272     37    123    231    347    489    455     64    114    147    -23     45    269    451 
   491    520    504    601    589    608    511    406    254    -20    165    466    364    429    338    383 
   387    294    379    474    135    116     15     80    223    174    189    172    192    293    106    178 
   252      5    165    -32     28    -12    -48     90    403    -37    -94    -52    -79    -97   -115    -84 
    -5    267    -15    -40    -13    140    -45    -76    -10    -34    -84    -77    -32    151    252    -29 
   -28    -18     -9    283    -83    -35    -33   -105   -145    -51    -23     86    -43   -108    -55    -42 
   106    -24    140     54    -36   -122    -78    -76    -80    -65   -112    -42    -63    -30     -6    207 
   233    281     -1     80    -63   -143    -24    -51    -67   -120    -75    317    268   -106   -104    -21 
   129    220   -122     -6    -79   -180   -152     38    717     -6   -257   -212    -26    -33    -52   -138 
   -68    -62   -118    -96    107    759     -9   -179   -162    109    -54    -89    -88    -46     -1     -9 
   121    -39    287     50    -61    -94     -3    -67    -78    -66    -25    -23    -57    -45    -31    459 
   563    -28    -32     61     -9    -45    -85    -43    -21    -22    -11    -22    192    655     47     50 
    -3     70    -29    -49     -2     -2     -8    -30    -19    222    277     76     -8    -14    -15    -17 
   -38    -29    -34    -46    -41    -50    -10     -1     -8    -25    -43    -21    -11    -51   -100   -106 
  -103    -62    -44    -13    -43    -54    -63     -9     -3   -113   -176   -237   -215   -191   -190   -144 
  -157   -114    -85     -3    153    -49   -149   -236   -263   -244   -221   -193   -111   -227   -146   -149 
  -121    -89    -36   -140   -157   -190   -146    -90   -102   -105    -95   -164   -125   -129    -98    -78 
  -181   -203   -251   -162   -212   -225   -283   -194   -226   -214   -263   -155   -110   -199   -275   -213 
  -208   -310   -310   -130   -219   -219   -217   -181    -83    -42   -116   -246   -202   -161   -170   -129 
   -79    -69    -47   -111    -82    -45    341   -159   -179    -58    317    -36    -51    -91    -49   -142 
  -127    -85    -49     58    -32    -30    -39     69    -21    264    406    220   -126   -107   -120    -42 
   133    -39    268    626    610    761    599    188    -80    -61    -50   -109    -84    -70    159    -15 
    -1     -9    100    215    -25   -109    -99    -54    -87    -74    -65    -32    -29    -14    122    214 
    22     -4    -16    -29    -11    -11    132    -32    -71    -70    -48     -6     -1    -27    -26    -31 
   -11    -31    -41    -27    -43    -27    -63    -19    -38    -41    -70     -7    -18     -6     -3    -18 
   -16     19    -37    -31    -58    -33     98    -71    -63    -35    170    -83    -92    -27    108    -22 
   121    -63    -26    418     -6     -7    178    172    -42    -19    341    -28    -18     -1    -49    -25 
   -40    -17    442    930    567    284     57    258    199     50    490    -21     -6     -7    -19    127 
   627   1109    608    331    273    168    -54    -12    -15    -18    167    565    -83    -83    -20    559 
   179    290     -7   -120    -56    -13    280    -36     77    -93   -150    -98   -147   -127    -30    -52 
   -55   -181    -62   -122   -108    -11    -14    -68    -27   -255   -246   -112    -53    -57   -205    -63 
  -114    -82    -81     37   -133   -144   -169   -246    -85    -19     89   -141   -128   -104    -69   -118 
   -85   -138   -107    -60   -107    -11     -8    -29    -91    -72    -54    -81    -98    -49    -69    -82 
   -28    -34    -55    -30    -14    -94   -115    -92    -71    -57    -93    -79    -76    -58    -64    -65 
   -46    -75   -126   -138   -115   -104   -108   -122   -129   -110   -106   -109    -91    -73    -83   -118 
  -128   -114   -116   -114    -90    -73    -75   -135   -135   -103    -90   -135   -133   -133   -117   -102 
  -135    -99    -55    -34   -119   -161   -125    -61   -105   -111   -108   -126   -120   -164    -95    -78 
   -64   -101    -95    -55     38   -119    -78    -95    -97    -79   -101   -138   -160   -106    -78   -104 
   -53    -16   -113    -26   -130    -81    -61    -96   -198   -158   -132   -125   -129    -87    -59   -116 
  -139   -138   -138   -180   -221   -237   -184   -219   -210   -127    -82    -26    -69    -98     -2    -65 
   -95   -147   -179    -58   -201   -275   -169   -107     24    -84   -157    -93    -34    -29    -64    -84 
    84   -136   -275   -244    -96     96   -100    -61   -109    -42    578    643    -17   -163    -84    -92 
   -24    -18    -41    -28      0    -15    -70    -14    177      3    -92    -16    208    885    491    -82 
  -113   -151    -99    -86    -68    -66    -61    -61    -12     60     97    -10    -82    -96    -98    -72 
   -84    -56    -46    -24    -29     -6    -23    -49    -14    -42    -42    -21    -46    -53    -45    -33 
   -36    -30     -9    -26    -39    -16    -32    -96   -167   -198   -131   -154   -170   -194   -162   -165 
  -111    -87    -60    -53   -141   -166   -217   -191   -149   -141   -169   -125   -110   -135   -109    -55 
   -49   -125   -171   -242   -214   -188   -192   -182   -150    -76   -125   -150    -57    -66   -120   -227 
  -268   -218   -268   -280   -235   -189   -204   -253   -258   -150   -117   -108   -231   -249   -221   -272 
  -281   -257   -260   -284   -261   -288   -214   -139   -176   -225   -296   -292   -332   -314   -440   -381 
  -276   -263   -208   -156    -83   -188   -177   -238   -223   -173   -149   -260   -303   -255   -206   -122 
   -86    -63    -90    -53    -70   -150   -120    -71    -82   -119    -90   -125    -19     45    -81     -2 
   -32    861    377    -41   -107     -1    -22   -127   -174    -85    -58   -113    -14    -25    -14      7 
   -38    -61    -93    -78   -179   -203   -212    -93    -96    -56    -70    -75    -63    -78   -108   -121 
  -119   -175   -179   -189   -131    -65    -67    -76    -87    -90   -104   -110    -92    -61    -78    -83 
   -99    -87    -82    -37    -28    -50    -68    -70    -84    -45    -52    -58    -72    -60    -49    -86 
     0    -29     -7    -12     -1    -17    -71   -121   -160   -143   -126   -117   -121    144    -44    -17 
    -3   -127   -177   -129   -127   -118   -191    -98   -121   -105     -4    -27    -63    -30    -36   -123 
  -144   -102    -46   -124    -36     -7    -63    -16    -29    -70   -115   -130   -117   -207   -135   -184 
  -178    -91    -50    -94    -89    -88   -113   -191   -202   -252   -184   -196   -216   -166    -97    -65 
   -72   -152   -200    -69   -191    -91   -153   -114   -165    -73   -178   -114   -113   -124   -123   -137 
    -7   -143   -121    -99   -325   -446   -361   -237   -213   -184   -141   -175   -238   -204   -295   -354 
  -370   -449   -597   -331   -200   -265   -241   -188    -46    -94    -86   -162   -173   -262   -188   -303 
  -212   -213   -214   -209   -141    323    478    435    -13    -39   -103    -70    -70    -59   -126    -39 
   -94     -3     94    147    170    220    -14    -23    -24    186    624    250    254    -30    -14    -11 
   -63    -46    -46    -33    -27    -29    -45    -25    -45    -65    -55    -84    -68    -90    -84    -88 
   -67    -77    -90   -104    -89    -96    -77    -71    -70    -40    -35    -70    -28    109     -3    -21 
   -26    -29    -79    -41     -2    -21    -26     -3    -26     -7     22    -14    -40     71    134    -19 
   -10    -31    -51    -36    -17     62    -29    -23    -18    -27    -20    198    -22    -42    -70    -71 
    -5    278    -14    -40    -44    -43     -2    -78    -55    -78    -64   -117   -104     -2    336    -47 
  -110   -113    -85    -78   -112    -91    -61    -51   -113   -117     -1    193    -55    -95   -108   -129 
  -122   -155   -103    -21    137    -54    -73    417   1091    158    729    236      0    -30     -2    314 
   718    499    323     85    529    724    427    920    586   1070    848    901   1637   1307    478    890 
   606    287    784     33    107    177    693    348    124    555    149    574    967    255     83    352 
   -75    -36    -20     -4    -23    -56    110    -16    174    219    -37     74     67    -19    -32    -22 
    53    -19    -24    -40    -29    -30    -45    -27     88    301    265    121     40    202    169    122 
    -4    -20    -12    -18    -27    -50    -46    -38    -34    -20    -22    -19    -14    -28    -35    -50 
   -68    -42    -51    -70    -60    -66   -121   -105    -43    -19    -47     -5    145     47    251    -58 
   -75    -67    -42    -82   -101    -75    -53    -37    -24    480    300    246    -59    -89    -56    -44 
   -57    -52    -54     -8    -27    -16      9    -40    -71    -36    -85    -22    -33   -107    -88   -101 
  -100   -153   -108    -47    -41    -46    -45    -77    -51    -70   -116   -138    -73    -70    -73    -63 
    -4     -3    -39    -24     93     -6    -14    -51    -47    -58    199     -2    273    154    495    -15 
   -95      0    331    810    -37    -42    -43    -14    -60    339    -32    563    298   1073    780   1634 
  2182    929    713   1047   1230    494   1297    -12    711    868    908    788   1308   1264    583    175 
   882   1799   1900   1232    -15    848   1216     97    153    382    414    541    339    667   1263   1183 
   516    114    925    857    180    650    682    619    791    629    815   1003    968    589    456    474 
   595    420    500    500    472    589    560    599    585    396    279    297    430    360    321    431 
   306    155    146    130    176    182     18     53    180    113    177    208   1009    864    348    844 
   347    222    726    932    939   1252   1195    689    319   1091    892    846    663     64    608   1043 
  1018    810    809    894   1010    273   1412    824    135    -14    -76     29    272    572    956    913 
   643    738    184   1483    933    218    416    -50    154    -18    -62    387    754    813    834    -42 
   -20     -6    276    340    -42    -27    -27    215    353    203    -53    -17   -134   -217   -136   -162 
  -190   -269   -351   -376   -311   -267   -170   -120    -47   -193   -352   -309   -337   -256   -343   -386 
  -544   -499   -329   -350   -204   -132   -204   -345   -358   -381   -268   -314   -428   -626   -370   -331 
  -343   -293   -219   -147   -235   -234   -318   -315   -382   -432   -475   -362   -338   -249   -208   -150 
  -146   -301   -237   -171   -224   -231   -224   -249   -235   -232   -184   -173    -53   -121   -214   -193 
  -166   -182   -189   -161   -225   -274   -247   -261   -267   -102   -127   -189   -168   -152   -167   -177 
  -217   -223   -260   -203   -214   -173    -83   -113   -184   -202   -169   -166   -179   -188   -179   -178 
  -183   -204   -156    -93   -128   -192    -73    -55    -71    -86   -133   -175   -203   -124   -105    -82 
   -97   -117   -165   -100    -21     76    -47   -151   -164   -106    -98   -119    -92    -96   -137   -187 
  -159   -109    -66   -130    -91    -34    -20    -10    -92    -48    -56   -145   -142    -82    -93    -81 
   -92   -106    -68   -122    -82    -45    -82    -58   -112    -79   -126   -184   -185   -200   -168   -134 
  -103   -135    -33   -116    -95   -170   -243   -153   -204   -242   -300   -274   -330   -287   -192   -142 
  -181   -158   -134    -24   -129   -219   -102   -166   -237   -386   -360   -156   -170   -204   -215   -141 
   -49   -191   -199    -75    -96   -215   -443   -367   -301   -198   -298   -242   -211   -264   -350   -323 
  -195   -288   -246   -556   -612   -489   -412   -596   -391   -226   -313   -229   -234   -189   -193   -180 
  -351   -421   -341   -302   -473   -289   -153   -180   -158   -157   -164   -116   -106   -103   -140   -120 
  -140   -260   -148   -145   -217   -147   -124   -105   -129   -148   -156   -160   -165   -182   -183   -124 
  -157   -170   -113    -72   -100   -134   -139   -147   -148   -148   -156   -125    -94    114    -12     -2 
    54     -6    -16    210    314    140     27    -22    -16    127    181    -31    -43    -57    -33    -22 
   502    134     -7    -11    -13    342    233    105    -45    -26    -41    283    -30    250     36    189 
   -16    -68   -109    -99    -41    -46    -39   -123    -82    -76    -28     -2    772    714    -13    -80 
   -64    -97    -68    -83   -176   -174    -79    -48    -39    -18    -30    -32    -73    -49   -140   -166 
  -161   -228   -246   -171   -242   -258   -260   -203   -100    -89    -87   -103   -251   -255   -289   -208 
  -249   -259   -354   -347   -252   -204   -147   -149     31   -122   -132   -221   -152   -215   -151   -261 
  -276   -251   -257   -164   -137    -83   -239   -165   -200   -222   -271   -168   -164   -213   -156   -202 
  -143   -112    -42   -150   -139   -124   -149   -171   -122   -145   -193    -77   -149   -184    -77    -48 
   -40    -56    -27    -42    -60    -47    -78   -181    -74   -142   -122    -74     -1    -25    -60    -72 
   -45    -31    -50    -47    -66    -42    -48    -38    -11    283    182    -13    -20     55    244     63 
    -8    -32    -47    -21     -2    170   -143   -124    -67    -92    -80   -100    -93    -75   -120    -66 
   -80    -93    -90   -165    -79    -69   -127   -120   -168   -150    -75    -72    -67   -162   -214   -232 
  -151   -180   -121   -147    -93   -104   -228   -203   -178   -167   -119   -153   -156   -166   -166   -102 
  -145    -69    -94    -84   -178   -156   -201    -68    -70    -62    -88    -42    192    119    789    359 
    53    -57    -67    -55    728    242    -68    -32    981    805   1232   1664   1294    253     -6    -63 
   891   1355    -71   -126    139    612    748   1305   1430   1653    -27    -96   -225    -45    -27   -120 
  -127    201   1149    -49   -155    -84    -17   -142   -124   -159   -135   -190   -221   -212   -163    -30 
  -176   -224   -184   -123   -202   -216   -144    -25    -64    -36   -155   -226   -160   -160   -151   -154 
  -150   -163   -184    -92     -4    -63    -22   -127   -147   -152   -185   -199   -133   -101   -132   -171 
  -158   -201   -156   -124   -128   -126   -101    -97   -106    -68    -77    -97   -103   -130   -144   -143 
  -100   -108   -109    -87   -119   -125    -87   -103   -105    -83    -93   -113   -123    -91   -119   -102 
   -19    -77   -111    -28    -28    -91   -138   -137    -71    -41    -51    -15    -34    -41    -90   -132 
   -56   -116    -90   -108   -119    -54    798     92    302   -121   -198   -117   -101    -83    -85    -96 
  -124   -110    -12    -10    -99    -78   -131   -176   -148    -39    -55    -66     72     -9    -72    -73 
  -115   -106    -34   -124   -212   -119   -123    -84    -60    -75    -12    -56   -133   -204   -155   -144 
  -155   -180   -234   -277   -308   -330   -328   -246    -98   -233   -283   -213   -138   -198   -255   -316 
  -270   -314   -338   -319   -170   -188   -111   -184    -72   -132   -204   -233   -109   -174   -255   -179 
  -130   -208   -278   -195    473    326   -136   -169   -220    -90   -183   -136   -102    -66   -127   -161 
  -367   -174    -30   -122   -155   -189    -96    -74    -39    -26    -77    -50   -136   -264   -228    -78 
   -61   -102    -30    -47    -75    -73    -48    -96    -62    -83    -75   -111    -94    116   -119    -78 
   -90   -126   -102   -101    -61    -39    -59    -48    -77   -100      2   -131   -140   -116    -81    -78 
  -121   -103    -82    -70    -57    -50    -59    -24    -97   -102   -118    -93   -101    -84    -68    -95 
   -83    -52    -54    -76    -76   -121   -137   -152   -144   -160   -104    -31   -100    -88    -16    -33 
   -38    -41   -106   -106   -111   -120   -111   -145   -111   -101    -71    -10    -68    -84    -36   -138 
  -109   -142   -159    -71   -132   -116    -86    -61    -45    -40    -76    -67    -59   -125   -143   -166 
   -10    -92    -70    -69    -52    -20     39    -82   -105    -80   -134   -158   -164   -216   -189   -172 
  -176   -120    -79    489    452    -25   -123   -157   -171   -200   -216   -165   -236   -230   -147   -207 
  -236      6    -12   -105   -199   -140   -169   -230   -238   -183   -173   -119   -182   -305   -100   -111 
   -92   -181    -88    -87    -60   -134   -147    -78    -54    -58    -76    424    -62    -44    -40    -42 
   -58    -64    -48    -35    194    -77    -14    201    325    -32    -59    -32    -60    -62    -38    -35 
   -30     -1     -6    262    178     56    -15    -52    -40    -49    -49    -57    -78    -73    -57    -36 
   -17     -6    -17    -20    -52    -23    -22    -13    -16    -42    -44    -35    -27    -25    -27    -10 
    -2    122    600     21    -20     -4    237    -20    -45    -32    -21    -31    -24    -40    -51    -37 
   -58    -76    -87    -26    -31    -71    -70    -90    -65   -110    -58    -70   -118    -72    -69    -28 
   -83    -49    -31    -37    -51    -76    -75    -59    -20    -23    301    770    500    -18     65    -40 
   910   1105    361     30     72    -59    -25     -1    392    123    131    309    -13     -8    278    147 
   277     13    -36   1491    960    443   1766   2148   1727    620    -57    569    328     55    -10    -66 
    -2     -3    -24    -22    316    193    987   1947    685    821    939    476    -69   -101    -22    -60 
   -43    -48   -132    -39    828    283    -63   1494    351    -31    -47    -16    -35    -41   -127    -74 
   -80    -62    -65   -113    560    -36    -26     -8    109    114    728    376     21    -65     -2    533 
  -112    -74    -54    -39     -4    -17    -16     -3    -30    -39    -94    -79   -111   -111    -57    -50 
   -60    -61    -82    -69    -55    -67    -48    -60    -65   -102    -80    -71    -53   -102    -89    -65 
   -81    -85    -84    -62    -70    -22    -49    -63    -77    -66    -87   -105   -109   -123    -61    -22 
   -79   -140   -102   -140    -99   -131   -138    -75   -129   -130   -124   -133    -66    -53    -60    -92 
   -43    -87   -104   -103   -142   -132   -140   -156   -120    -98    -49    -20   -101   -116   -149   -134 
   -92   -171   -153    -96   -136    -93    -77    -81    -44    -79    -70   -122   -157   -146   -161   -228 
  -241   -227   -126   -143   -158   -210   -139    -49    -71   -130   -151    -57   -180   -189   -167    -96 
  -155    -99   -150   -119    -68    -13    -29   -114    -88   -204   -168   -188   -260   -250   -155   -109 
   -67    -99    -93    -51   -114   -111   -164   -102    -74   -202   -296   -206    -79    -55   -238   -277 
   -87   -150   -139   -147    -62    -18    -58    -82    -65    -46   -105   -266   -204   -191   -126    -36 
   -40    310    421     -2    -32    -36    -44   -149   -189   -113   -171    -92    -45    -51    -22     -2 
    -9     -3    -17    -18    -34    -29    -69    -77    -98    -70    -66    -56    -38    -35    -49    -48 
   -78    -60    -53    -69    -73    -97    -73    -69    -59    -58    -39    -26    -28    -47    -53    -44 
   -45    -75    -84   -101   -163   -152   -146    -77    -45    -74    -82    -86   -109   -135   -145   -132 
   -94   -152   -101   -106    -53    -36   -103   -140   -118   -135   -196   -161   -114    -91   -212   -201 
  -184   -188   -103    -98   -161   -210   -140   -229    -72   -112   -112   -207   -226   -178   -169   -139 
   -53    -32   -109    -48    -81    -13    -39   -193   -155   -169   -154   -115   -155   -115    -61   -131 
  -114   -180    -54    -26    -72   -108   -209   -116   -139   -222   -195   -292   -316   -142   -174    -61 
   -32   -125   -230   -263   -230   -271   -530   -316   -453   -396   -321   -182    478    -12   -176   -415 
  -284   -246   -339   -431   -403   -441   -384   -422   -227    -64    309   -121   -252   -178    -43   -108 
  -192   -143   -182   -167   -180   -111    -47    220   -123   -138    -91    -67    -96   -111    -40    -91 
   -85   -116    -58    -81    -79    -76   -131   -117   -147   -130   -111    -78    -32    413    241     70 
    -8    -16    -12    -54    -68    -62    -29    -13    -13    293    296    446    117    -17    -36     -4 
    -9    -17    -24     -5     56    235    135    247    234    277      7    -87   -101    -99   -116    -74 
  -116   -107    -90    -86   -125    -75    -63    -43    -20    -84   -121    -98    -66    -98   -118   -116 
   -51    -99    -50    -40    -50    -55    -84   -151    -90    -72    -84    -87    -76   -103   -120   -134 
  -123   -182   -134    -71   -167   -120   -112   -166   -140    -89    -97    -76   -114   -116   -171   -113 
   -43   -117   -103   -130   -178   -177   -120    -72    -35    -77    -88    -17    -27    -52    -57    -85 
   -67    -84   -181   -189   -164    -92    -42    -41    -19    -17    -68    -52   -104   -103    -76   -102 
   -94   -149   -167    -59     -3    -44    -31    -35    596    -44    -59    -37    -29   -100   -104   -158 
   -93    -34    -22      8    -39    -14    -23    -38     -9    -72    -80    -47      8    -42   -100    -54 
   -36    -49    -51    -28     -8    188    -35    -38    -15    270    -47    -91   -111    -50    -24     81 
    92     87    310    167     91    229    239    -17    -22     -1     89      1    179    226      0    192 
   436    397    583    527    320    480    643    292     -2    202     10     -3    129    176    160    218 
    75      6     -2    188     86    709   1605   1695   1685   1196   1001   1160    393    256    383    287 
   434    245   1441   2131   1771   2245   1944   1354   1151    446    661    917    466    347    508   1462 
  1869   1155    957    767    537     66    113    405   1036    446    231    336   1132   1262    871    673 
   637    268    -48    -32    -28    688    871    554    409    729    847    674    736    448    -14     -3 
    -4     -8    -10    408     -4     16    305    476     -3     -1    -25    -67   -112   -139    -60    -49 
   -28    -26    -40    -39    -88   -116   -167   -177    -94   -124   -229   -170    -77   -104    -10    -43 
   -59    -98    -82   -137   -158   -104   -111   -189    -89    344    -98    -19    -58    -77   -191   -138 
  -201   -160    -88   -126   -137    -90    634    -71    299    -74    -73   -107   -138   -193   -173   -165 
  -154   -181   -176   -102   -140   -108   -113    -76   -129   -149   -114    -85   -102   -102   -104   -109 
   -37    -72    -88    -77    -57    -77    -69    -46    -53    -71    -69    -60    -54    -44    -30    -52 
   -32    -54    -78    -52    -25    -20    -57    -48    -50    -60    -57    -57    -66    -47     -2     44 
   -18     40    248    146    -35     -3    484    291     -3    195     -6    -17     14    -22    -11     -1 
   -17    -42    -49    -14    -34    -56     -5     69     74     -5    -27    -26    -20    -22     -3    -36 
    -8    -28     -9    239    247     55    290    -11     -5    239    196    599    532    583    432    237 
   277     49     98    562    370    293    234    581    242    -37    -72    -51    -36    -20    -17    -48 
   -89   -125   -128   -156   -141    -41    -98   -159   -203   -154    -93    -18   -133   -208   -153   -119 
  -179   -148   -150   -134   -193   -281   -248   -140    -11    -86    -98    -77    -71   -149   -130   -150 
  -144   -176   -186   -214   -144    -43    -57    -52    -61     -2     -7    -32    -37    -28    -58   -112 
   -87    -99    153    -17     53    157    534    474    413    184    250    134    -23    147      9    189 
   217    201    225    219    191    310    141    274    267    120     97    -20    107     57    352    439 
   304    398    161    221     -2    150     33     31     41    140    284    386    262    237    381    472 
   464    270    378    367    521    634    348    -87   -154   -151   -109    -84    -58    -51    -38    -57 
   -60    -52    -19     15   -119   -164   -146   -130   -130    -85    -99    -45    -43    -66   -101    -33 
   -10   -109   -178   -167   -144   -184    -96    -64     36    -29    -17    -68    -32    -54   -130   -184 
  -106    -73    -72    -11    -39    -39    -95    -78   -103    -57    -64   -140   -193   -148   -138   -123 
   -95   -150   -165   -184   -172   -187   -188   -133   -152   -182   -274   -286   -234   -186   -183   -214 
  -261   -156   -120   -204   -138   -166   -157   -194   -220   -138   -108    -98   -141   -183    -65    -40 
  -164    -75    -54     60    -57    -59    -47    -64    -58   -107    -58     -1    682    -99    -27    -59 
    -5    -33    -35    -49      9    -41    -21    -52     -3   1260    -37    242    -75     92    -16    -39 
   -64    -47    -36    -83   -157    -70    134    -62    -11    -26     21     30     -7    -24    -18    -39 
   -70    -96    -36    -22    -44    -13    -10     -3     -1    -10     -9     -5    -16    -24    -57    -35 
   -33    -23     -2     40     35    255    281    385    225    168    104     -7    -10     -1    -10     -8 
    -2    141     -4     87    252     -6    103    238    297    211     71     52    -20     -5    123    -22 
    67    195     -3    213    202    208     -2    -18    -14    -30    -31     -5    -29    -10    170     31 
   -13    -13    -11    -33    -18     -3    -13    -14    -15    -22      0     -2     69    -33    -12     39 
   -50     -7    -27    -34    -10     -1    -23     51     93    157     87    408    516    -15    247     37 
   -28    333    456    109    330    119    198    -20    298    366    -19    199    359      3     91    214 
   239    498    423    491    337    341    -21    -40    -43    375    150    -32    -26    107     41    334 
   237    415     73    102    -84    -16    308     26    -13     -9    181     90    289    310    649    655 
   422    -82    -48    209    -14    -15     58    150     -3    473    438    662    875    933    161    260 
   491     -6    -16     82     -6    -23    488    471    592    722    908    268    255    286    -14    -14 
   194     47    -22    642    554    527    564    647    130    146    180     -5    -22     47     -3    -26 
   174    140    120     68    124    -16     -6     -1    -13    -12     48     56    -21    133    646    393 
    -5    -35    -87    -99   -117    -49    694    713    899    -12     -6    -23    -22    225     34    -27 
   -61    -65     94    196    444    163    -67    -83    -44    -45    551    115    -35    -36    -27    -22 
   184    -23    -32    -14    -46    -17    211    -10    -31     -8     18    283    294    440    -31    -41 
    49    555    470    203    -62    472    675    621    539     70    -62   -104    -33   -133   -129   -142 
  -136   -138    -90    -44    -38    646    188   -205   -317   -153   -190   -238   -323   -195   -319   -187 
  -154   -103    -38     30   -216   -352   -282   -225   -159   -237   -166   -344   -293   -335   -195   -188 
   -72   -133   -209   -203   -191   -147   -130   -229   -320   -385   -343   -269   -251   -141    -78   -160 
  -131   -146    -73    -79    -96   -159   -212   -165   -182   -173   -141    -86    -77    -65    -99    -95 
   -58    -49    -56    -85    -99    -58    -59    -35    -94    -78    -66   -105    -83    -85   -101    -72 
   -64    -98    -88   -104    -24    -35    -50    -43    -49    -37    -43    -39    -16    -13    -41    -49 
   -46     -7     61    200     -3     -6    -15    159    186    -19     94    210    137    320    900    245 
   307    126    -10    -16      0    255    -27    185    122     45    346    950    -27      9     -2    -17 
   -14    -44    -16    -24      9    191    156    486    684    -28    130    -18    -27     -1    328    -18 
    47    435    205    310    353    393    -21    260    -21    -60    -34    197     -4    362    474    598 
   794    454    307    -15    746    565     -1     -9    -20    -75     42    663   1284   1247    924    629 
  -110    481    699    328    -14    -48   -135   -111    -64    808    938   1082    952    -75    423    725 
   631     -3    305     -7    -41    -36    547   1093   1830   1792    -69    -21    420    854    598    599 
   272    -39    -30     -6    196   1789   1896    -21    -35    105    384    313    -22    -37    -20    256 
   -38    203   1417   1322    -39     -8    307    171    301     -6     -7    258    421    247    425    906 
   843    -34    -10      4     -5    234    157    189    162     79    322    484    585    897    -12    143 
    40     24    136    182    181    195     69    307    388    450    794    -54   -108    -55    -40    -42 
   -98    -54    -86   -109   -177   -188   -156   -127    -85   -109    -87   -120   -109   -161   -148   -219 
  -162   -129   -146    -70    -41   -140   -123   -161   -124    -74    -79    -80   -166   -116    -80    -74 
   -48    -76    -77   -112   -220   -205    -94   -145   -148   -185   -228   -153   -146    -86    -98    -61 
   -99   -153   -153    -53   -105   -210   -295   -231   -108   -101    -97   -129   -248   -261   -256   -250 
  -216   -240   -199   -284   -285   -156   -225   -212   -223   -122   -358   -333   -336   -308   -269   -231 
  -281   -258   -230   -281   -216   -216    -30   -138   -232   -321   -234   -234   -141   -239   -219    -87 
  -219   -198   -170   -158   -240   -157   -241   -225   -209   -120   -206   -165   -158   -164    -68    -95 
  -163   -203   -133   -128   -147   -107    -40    -97    -58    -48   -193    -67    -96    -74    -84    -97 
  -105    -88    -86     -3    103    388    510    -61    -19    -72    -42    -66   -135    -80    -83   -123 
   -97    -51     -4     -5     79    -15    -36    -27    -57    -81    -21    -27    -37    -62    -32     -5 
    -2    151    -25    -14    199     -9    -18     17    202     -3    -19    -71    -43    -43    -36    -33 
   -14    332    304    399    213    507    298     -2    -32    -41    -39    -56    -66    -55    611    482 
   371    378    695    416     -9    -38     -7    -16    -61    -86    -54    441    435    126     66     55 
   298    717    135    -12     30    -17    -30    -24    861    735    891    202    318    880   1398    907 
   624    803    536    563    438    595    664   1254    843   1071    192    666    -17    506   1228   1056 
   517    329    143    -49    689    503     18    -62    -96   -181    -84    209    -13    -37    132    121 
    -2    425    465    126    -16    -52   -163    -49    -50    -88    -30    -32    618    444    845    762 
   175    -22    -46    -74    -60   -106   -100    -37     71     79    -17    187    481     -1    -64    -58 
   -73   -100   -114   -123   -120    -41     -9    -38    -44    -10     -2    -20    -35    -18    -49    -71 
   -90    -85    -18    122    155      3     85    223     65    -12     13     93    -17    -16    -21    -10 
   377    454    266    203    302    358    200    362    457    283     88    148     53    -24   -106    -89 
   -79    -76   -102   -110   -106   -110   -105    -91    -83    -55    -45   -133   -118   -116    -88   -127 
   -83    -98   -122   -161   -149   -111    -59    -45   -120   -103   -130    -71    -85    -60    -75    -84 
  -127   -131   -129    -91    -70   -138   -103   -107    -79    -44    -61    -42    -74   -115    -92    -96 
   -95    -57   -133   -110   -133   -148    -82    -84    -76    -42   -109   -102    -98    -78   -104   -120 
  -111   -104   -141   -135   -123   -112    -92   -126   -150    -94    -56   -103   -126   -153   -141   -140 
  -122   -136    -81   -128   -197   -209   -169    -65    -72   -133   -157   -115   -113   -129   -146   -140 
  -183   -221   -225   -179    -42    -64    -86   -104    -40    -53   -136   -174   -156   -166   -231   -177 
  -114    -49    -46    -34    -63    -45    -40    -74    -85   -105   -107   -148    -75    -52    -52    -39 
   -39    -36    -42    -49    -54    -66    -60    -60   -102    -66    -51    -59    -41    -52    -63    -47 
   -47    -40    -57    -64    -40    -69    -59    -40    -30    279    175     -7    -18    -25    -17    -19 
   -26     -8    -26     -8     50     47    -10    -48    -10     69    -10    -10     -2    -19     -9    -22 
   -50    -47    -37    -68    -77    -32     -8    -18    -29    -32    -51    -28    -69    -64    -75    -43 
   -41    -39    -16     64    -21    -40    -58    -53    -39    -69    -79    -85    -51    -44    -39    -39 
    -2    -24    -56    -32    -71    -27    -27    -17    -43     32    -24     26     62    470    317     -5 
    -6    -12    472    436      0    -44    -19    -42    -30    -19    118    -11     -7    -25    -36    -29 
   -29    -43    -50    -18    -51    -31    -64    -24    -35    -37    -65    -60    -21    -76    -65    -92 
   -29    -38    -57    -71    -50    -32    -30    -23    -49    -90    -65    -24    -90    -37    -47    -70 
   -80    -83    -23    -43    -17    -25    -71    -45    -22    -61    -43   -100   -118    -56    -45    -36 
   -38    -25    -49    -38    -33     -5    -64    -63   -101   -128    -87    -36    -32     -7     -1    -31 
   -18    -56    -62    -86    -84    -99   -127    -86    -47    -20     -6     -6    -26    -15    -49    -98 
  -117    -80    -61    -74    -66    -42     -9     -1     82     15     45    -16    -51    -90    -62     31 
   -17    -31    -55    -18    -24    -33    -18    162    283     -3     23     47     72    -25    -38    -68 
   -70    -57    -52    -40    -45    -49    -47    -37     15    -30    -13    -54    -69    -59    -55    -85 
   -72    -74   -103    -73    -33     -7    -28    -32    -69    -84   -100   -103   -132    -97    -89    -85 
   -57    -75    -46    -39    -55    -57    -60    -62   -100    -54    -67    -69    -40     -7    -31    -17 
   797    800    647    742    697   1092    672    614    382    359    506    -25     -8   1087   1348    672 
   695   1447   1532   1813   1385   1550   1708   1511    290    135    327    321    -30    -35    381    132 
   580    330   1520   1776   1572    718    164     29    -12    -20    -50    -16    -30    -32    427   1410 
  1790   2002    933    708    -15    -13    -22    -22    -39    -42    -51    299    480    364    776    522 
   344    -42    -59    -66    -57    -63    -76    -85    -67    -40    -59    -34    -30    -41    -33    -55 
   -54    -46    -53    -65    -75    -74    -68    -78    -62    -48    -33    -14    -17    -14    -16    -15 
   -10    -10    -18    -37    -41    -32    -16    -20    -58    -21    -16     67    -49     77    325     80 
   -43    -35    -52    -39    -16    163    354    432    313    152    275    470     -9    -27     41    365 
    74    -33    398    -16    212      0    196      0    554     46    401    273    -11     -8    -88    273 
   -40    -66    -73    -32    -34    138     87     -9    -19    -10      0    -61    -59    -31   -127   -119 
  -102    -89   -108    -33    -56    -70    -13    -10    -37   -113   -109   -116   -106   -155   -156    -88 
   -68    -57   -139    -91     -6    -15     61    591    759    734   1045   1400    782    -41    -62    -99 
   -55    -39     76    295   2159   1001    472   1229    880    314    -97   -174    -82    -48   -151    -73 
   430    249    115    -25     -3     78     47    -49   -124    -73   -145   -112     -7     45    499    138 
   -32     -3    273     88     -9    -69    -58   -131   -103    274     53    338    364    150    293    213 
   242    239    -44    147    -23    -55    181    189     -9     -7    -19    -35    -55    -28     -7     75 
   169     -6    -58    -35    -15    -19    -23    -37    -58    -72    -58    -44    -23     63     -9    -45 
   -52    -36    -11    -49    -68    -80    -83    -90    -42    -51    -81    -94    -52    -74   -152   -124 
  -116   -101   -165   -151   -162   -118   -122   -142   -135    -43    -34   -122   -144   -169   -136   -177 
  -203   -204   -153    -61    -43    -86     13     -3   -126   -170   -226   -181   -152   -195   -179    -94 
   -69    -89    -49    145    -11   -141   -194   -263   -174   -183   -231   -258   -238   -243   -145    -94 
   -31    -81    -89   -142   -242   -240   -278   -276   -330   -342   -321   -248   -157   -118   -108   -152 
  -235   -249   -257   -266   -253   -260   -269   -334   -370   -248   -201   -164   -171   -292   -303   -313 
  -314   -329   -360   -377   -411   -400   -321   -266   -158   -180   -213   -189   -205   -239   -250   -184 
  -257   -364   -296   -256   -311   -157   -176   -174   -119    -93   -135   -149   -126   -221   -278   -273 
  -254   -238   -139   -104   -128   -103   -122   -121    -95   -114   -146   -160   -185   -167   -138   -103 
   -71    -61    -66    -82    -96    -70    -71   -100   -148   -134   -117    -82    -69    -45    -20    -42 
   -42    -43    -44    -54    -72    -82    -75    -58    -23    -43    106    -59    -28    -46    -49    -72 
   -71    -51    -30    -23     -9    -23    144    365    -16    -28    -11    -50    -65   -113    -44    -84 
   -71    -77   -126    -60    -23    -95    -76    -60   -129    -97    -77    -54   -124    -59    -91    -47 
   154     -4    -44    -64    -41   -140    -87   -111   -127    -91     -9      0    732    452    163    598 
   -52    -36   -151    -48    -29     -1    476    601    -18     92    -27    -46    -71    -68    -29   -172 
  -152    -78    -17    -62    -31    -56     72    -27   -106    -92    -81    -63   -211   -262   -261   -219 
  -205   -280   -279    -61    332   -172   -259   -167    -55   -126   -165   -273   -254   -272   -214   -281 
  -119    -19   -116   -125    -91    -82    -67   -110   -109   -116    -88    -60   -160   -114    -43    -21 
   -19    -11     -7    -40    -73    -63    -24    297    281    199    368    430    -13     -5     -7      2 
   -16    -18     -7    191    468   1028    713    525    367    384    485    514    445    247    200    341 
   639    350    510    602    459    325    184    297    406    445    217    179    100    202    216    275 
   185    228     -5   -140   -136   -160   -154    -88   -116   -122   -111   -181   -125   -177   -143    -71 
  -139   -165   -196   -208   -202   -241   -215   -144   -151   -113   -166   -158   -142   -173   -229   -195 
  -192   -226   -178   -209   -185   -203   -108   -149   -129    -70   -182   -266   -148   -170   -217    -53 
   -90   -143   -170   -181   -164   -166   -161   -143   -220   -128   -166   -160   -184   -234   -174    -88 
  -145   -212   -179   -175   -257   -273   -166   -199   -220   -202   -329   -342   -297   -178   -183   -263 
  -170   -175    -82    -78   -215    -37    204    255   -155   -183    -63    -28   -179   -119   -229    -68 
  -155   -275   -170   -124   -161   -192   -128   -188   -162    -73    -57   -204   -207   -157   -213   -204 
  -156   -201   -181   -251   -302   -382   -232   -126   -110   -190   -142   -148   -135   -112   -110    -96 
  -256   -133   -191   -210    -72   -100   -127    -94   -114    -77    -49    -40    -39   -185    -76   -114 
  -186    -47   -101   -123   -113   -100   -122   -101    -81   -140   -132    -90   -110   -125    -55    -87 
  -126   -103    -98   -137   -137    -91    -99   -119   -116   -133   -162   -138    -64   -154   -220   -194 
  -175   -152   -196   -176   -117   -134    -86    -25    -29    -59   -159   -159   -192   -137   -111   -108 
  -169    -18   -146   -163   -118   -152    -90   -171   -209    -79   -133   -129    -79   -192   -108   -176 
  -212   -157    -78   -126   -111   -195   -185   -213   -179   -165   -217   -132   -105   -152   -181   -138 
   -86    -20   -135   -109   -103     57   -114   -145    -74    506    -17   -121   -136    -17    582     51 
   459    -48    -67   -186   -299   -246   -175     59    105   -101    -60   -268   -189   -198   -293   -252 
  -212   -218   -145   -248    -99    -80    -32   -244   -418   -273   -319   -394   -467   -440   -318   -170 
  -274   -231   -209   -192   -167   -318   -255   -242   -229   -213   -333   -296   -318   -124   -266   -194 
  -174   -131   -147   -115   -232   -259   -252   -222   -219   -274   -143   -295   -238   -207   -144   -197 
  -173   -150   -140   -166   -137   -148   -137   -175   -242   -190   -163   -110   -110    -60    -47    -46 
   -72    -77   -116   -146   -176   -151   -116    -94   -115   -126   -137   -141   -117   -129   -126   -173 
  -161   -189   -185   -190   -137    244    175    132    203    206    116    159    185    273    162    211 
   165    296    133    -13    -33    -19    -23    -44    -41    -34    -27    -35    -25    -12     45    -17 
   -38    -65    -56    -45    -60    -73    -43    -48    -56    -54    -34    -19    -18    -49    -56    -63 
   -62    -69   -105    -89    -91    -87    -70    -43    -16    153     85     -9     -6     -7     -5      0 
    81     67     -9     -4     37    279    376    219     54     -1    -24    -28    -13     20    104    -10 
   -12     -9    316    308    212    170    141     54    -37    -25    -36    -34    -37    -39    -27    392 
   112    -18    -14     52    -38    -61    -59    -56    -42    -66    -25    -44    201     -5    -34    -22 
    99     67    186    153    169    -34    -65    -41    -22    187    182    128     19    156    223    270 
   185     64    -19    -12      0     -8    440    261    240    135    249    347    305    296    367    346 
   333    218    308    451    178     27     17     39     55     95     94    160    215    178    105    212 
   361    219     93    114    141    140    164    162    176    173    155     93    116    260     77    421 
   302    285    357    709    581    417    639    442    801    898    219    -69    -20    -40    -65    -51 
   -17     -5     -6    -22    -23      0     42    -55    -84    -79    -40    -27    -40    -39     -9    -23 
   -26    -54    -40    -23    -49    -28     21      7    -18      0     56    169    289    521     23     -3 
   109    -27    -40    -25    292     80    456    459    -12     -6     -9    -14     -5    -20    -45    -43 
   -50    -13    -62    -25    -55     74    257    251     80    507    165    -52    -24    -35    154    -13 
   -34     12    -18   1456   1590    -29    -14    -13    -46    -73    -70    -42     -5    -10    -36     -2 
    -6    -94    -98    -81    -86    -54    -54    -26    -13     66    314    -14    150     37    -30    569 
   536    -43    -57    -44    -10    276     43    239     44     -1    -41    -55    390    -14    -10    -48 
   -43      0    123    119     -1     -5    -29    -17    -19     -9    -34     -6    -38    -41    170    172 
   174      6    116    192    152    336    356    294     67    -32     56    563    710    660    592    654 
   612    477    623    679    746    503      8    126    101    293    238    105    179     59      8     14 
    -5     15      1     47    185     -9     -7    -19    -21    -11    -52    -18     57    -42    -45    -51 
   -34     -8    -72    -75    -23    -27    299    322    -47    255    136     -3    -27    -13     30    -18 
   -32    -14    -14     -1    478    -61    -41    -25    -53    -35    -12    -25    -15    -39    -48    -60 
   -31    -53    -67    -68    151    -16     -4    127   -113    -86    -15    -57    -62    -90   -104   -131 
  -165    -94    -30     34    328    -85   -149    -81    -68    -84   -131   -101   -129    -46   -116   -112 
    -3    340    -55   -178   -158   -136    -58    -73    -92   -118    -17    -15    -71    484     42    -17 
  -103   -110    -94   -103   -171   -156    -53    391    115    -12    387    -20    -55    -90   -100    -84 
   -69    -86    -70    -30    -35    -74    -86    -21    183    -22    -56    -25    -32    -32    -32    -21 
     0    -39    -59    -93    -15     92     66    -16     -6    -18     61     33     58    100    128     -8 
   -25     49    193     44    -12    -15    -12    -15    -30    -32    -22    -12    -33    -50    -29    -15 
   -82    -74    -50    -50    -65    -49    -39    -52    -18    -23    173    182    -11    -83    -96    -58 
   -73   -112    -88    -41     -1    238    410    170    -21    -43    -55    -42    -33     -3     52    -28 
   -13    -31     -3     17    -58    -98    -26    -56    115    -11    -56    -95    -46    -10   -124   -150 
  -113   -194   -141    -45   -110    -36   -105    -98   -134    -87   -100   -126   -114    -20    -80    -72 
   -45    -99    -56    -66    -19    128    178    -94    -51    -56    694    462    496    283    -13   2225 
  1264   1769   1757    885    -53   -146   -156    -15    818    379   1048    906   2433   1310    583    370 
  1128     20    -42    -55    -66    552    518    613    -80    185     78    -44    -32    111    103    -24 
   -70   -135    521    -94    -49    -45    -84    -96    -77    -49    -63    -41   -107    -81    -56     -7 
  -127    -29    -31    -77    -24     -5     46    253    141    -26    -37     -5    -31    -39    -33     -9 
   -33     22    -13    -23    160    369    227    -26    -23     -2    -33    -24    -51    -57    -41    -48 
   -71    -51    -65    -41    -50    -64    -61    -82    -65   -116    -67    -43    -76    -81    -65    -93 
   -69    126    -16    -49    -75    -95   -103    -79    -42    -59    -60    -13    -38   -115    -83   -136 
  -120    -98    -89    -66    -59    -62    -97    -33     25    -27   -100    -79    -77    -32    -64    -94 
  -114   -132   -110   -125    -51    -60    -43    -51    -59    -48    -21    -35    -60    -77    -56    -91 
  -109    -87    -53   -103    -54    272    452   1106    834     -8    -47    294    -60    -44    554    -17 
  -117   -175    -83    506   1375   1296    468    -73   1024    -38   -120   -137   -157   -267   -289   -217 
   -46    414    197     16    -14    774     -8    -28    -92    -76    -89   -106   -128    -62    -80    -72 
   -30    583   1292    152    -24     -8    -54    -71     -8    -20    -37    -58   1015    -25    -21    312 
    37     -7    -17    -64    -61    358    410    -23     -3    732    -36    -56    -74    -62    -76    -90 
   -66    -65    -36    -45    -82    -87    -67    -74   -114   -114    -86    -78    -81    -81    -73   -108 
   -96    -75    -75    -95    -94    -89    -79    -52    -59    -58    -81    -79   -101    -82    -54    -39 
   -75   -114    269    -11    -16    439    167    -45    -43    -21    -28    -11    434    825    506    299 
    72    -13    473     20    -58    -30    -59    -64    -66    467    850    442     46     73    -24     34 
   204    -36    -45    -52    -71    -14    674    632    147    -22    -43    -36     -4     43    -50    -32 
   -70    -74    -42    401    606    336    -56    -87   -102    -73    -99   -108    -58    -23    -93    -81 
   -55    130    293    -94   -151   -163   -142   -195   -189   -207   -153   -165   -157   -151    -40    163 
  -123   -155   -142   -114   -126   -210   -227   -285   -312   -210   -201    -76    -18    -31   -105    -87 
  -120   -108   -142   -167   -220   -266   -259   -211   -115    -37    -16    -40    -36    -42    -17    372 
    -8    -58   -123   -113   -160   -103    -62     58    -22     -9    -29    -27    -22     -8    -69    -51 
    -1    -18    -39    -34    -10    -54    -50    -35    -15    -24     52     -7    119    446    367     -1 
    -5    108    -21     -6    103    222    178    212    283    172    240    259     -5    -12     -3    -23 
    -5     42    267     83     -6    114    168     58     -6    -34    -30    -26    750    148    507    816 
   222    -46    -22    476    112    -33    -63    -44    -24    490     50    540   1477    894     21    234 
   949    176    -22    -43    -13    -19     -1    -10     -8    454    521    685    417    245     33     38 
    -8    -24    119     48    659    510   1684   1234   1067    137    585   1411   1410    202    -15    -60 
   -21    188    -28    313    -32    -67   -101    -52    738    331     49     74    -99    -37    -45   -116 
   -85   -149   -130    -41    -57    198   -107    -38    188    -62    -40     -1    -54   -105   -164   -137 
  -195   -130    -57   -114    -86    138   -146   -184   -207   -169   -144   -236   -186   -271   -198   -159 
  -236   -222   -107   -186   -223   -182   -169    -94   -131   -177   -196   -223   -176   -248   -195   -157 
  -112   -160   -152   -187   -145   -123   -183   -135   -226   -196   -256   -182   -127    -95   -149   -139 
  -156   -141   -113   -112    -79   -125   -138   -167   -143    -66    -69    -85    -78    -97    -71    -59 
   -53    -29    -35    -55    -79   -117    -41    -48    -68    -68    -89    -77    -87    -89    -86    -71 
   -86    -96   -114    -67    -33    -38    -37    -39    -42    -34    -52    -58    -40    -44    -61    -69 
   -36    -24    -59    -43    -26    -21    -38    -44    -41    -62    -58    -70    -68    -43    -21    -35 
   -31    -27    -17    -18    -38    -32    -48    -32    -58    -65    -38     -8    -13     -3    157     74 
   119    -12    -10     -8    -14    -13    -28    -10     18     59     31    331     81    321    -14     -3 
   -18     -5    -22    -24     -3    -22    -27    -14    -10    -28     -8     35    106     -3    -13    -37 
   -42    -12    133    -26    140    115    -26    -21     88    -15    -25    -23    -26     59     -2     41 
   -11    113    167     -8    -21     -3     45    473    465    536    -26      3    -10    -20     -5    -12 
   -11     -8     -4    168    231    543    548    -13    113     45     27    175    270    189    106    217 
   313    404    466    390    233    144    265    509    550    499    577    576    605    500    669    595 
   684    631    384    262    599    718    699    733    784    716    766    795    652    636    422    270 
   -44    -67    -57    -56    -46    -46    -47    -42    -41    -46    -54    -64    -46     -6    -17     54 
   415     73    -35    -28    -56    -29    -70    -90   -147   -102    -23    -50    -52    -27    -63    -90 
  -100   -175   -145   -147   -131   -144   -119    -95   -169   -131    -77    -60    -96    -61   -120    -94 
   -48    -33    -47    -48    -70   -110   -125   -123    -81   -146    -60    -19    -53    -68    -38    -22 
    22    -87    -98   -103    -93    -29    -54    -32    -22   -108   -115   -106    -66     -7   -116   -199 
  -204   -180   -172   -204   -143   -212   -217   -240   -217   -150    -57   -116   -230   -199   -177   -185 
  -221   -230   -287   -210   -261   -213   -123    -84    -42    -48    -26    -68    -91    -96   -185   -210 
  -155   -132   -185    -91    -64    -18    -12    346    243    -56   -111   -121    -33    -19    -29    -65 
   372    -24    -46    -31     -2     -7    -45    -82    -35     50    127     -8     -2    -11     12    -19 
    -4    127      1     16     -4    111     -6    -10    -19    -29    -37    -14     -7     43    229    286 
   212     37    266    149    301    344    548    469    126     72     15    229    479    326    113    138 
   166    177    364    431    197     41    -12     55    -20    -44    -20    312    188    306    352    722 
   612    587     -6    288    674    277     -4    -34    -16    -53     -2    534     79    -16     -6     -8 
   690   1342    421    -15    129     48     17    -43    -40    -34    -71    -76    -84    597   1063     79 
     0    -34    -44    -21    -34    -50    -26   -114   -119   -105    103    394     -3    -82    -99   -166 
   -90    -80    -90    -31    -76    -25    -13    -55   -126   -115   -164   -189   -246   -229   -217   -208 
  -110   -112     -5    471   -109   -219   -213   -150   -184   -206   -231   -223   -246   -213   -117    -51 
   -20     86    -43   -208   -131   -124   -158   -208   -233   -118    -54     24    -24    -29    -33    -34 
   -90    -79    -99    -94   -152   -211   -150   -133    -80    -68   -117    -69    -84    -96   -101   -132 
  -138   -173   -173   -109   -166   -147   -150   -141    -83   -128   -115   -106    -99   -128   -101   -134 
   -73   -151   -181   -164   -135    -67    -96    -90    -70    -27    -24    -19    -79   -102    -92   -104 
   -94    -91    -30    -43    -36    -33     -1    -13    -20    -46    -38    -67    -57    -52    -63   -234 
  -169   -150   -135   -211    -86   -113   -105   -101   -107    -80    -51   -132   -218   -195   -189   -192 
  -147    -69   -117   -174   -188   -155   -152    -56    -47   -106   -206   -112    -89   -107    -97    -81 
  -127   -238    -91   -120    -66    -79   -165   -217   -224   -146   -183   -141   -110   -141   -273   -168 
  -209   -129   -108   -157   -176   -176   -101   -177     -9   -111   -124    -58    289   -162    -39     18 
  -228   -129    -40    -41   -158   -167   -159   -164   -250   -185   -192   -143    -75   -343   -208   -226 
  -219   -282   -203   -298   -315   -382   -340   -202   -199   -190   -263   -153   -153   -105   -146   -119 
  -216   -194   -364   -277   -250   -235   -193   -124    -56    -27     32     99    244   -105   -155   -239 
  -236   -359   -191   -167   -167   -109    -49    -75    133    -12   -113   -127   -122   -262   -301   -183 
  -152   -181   -123    -48    -64    -53    -76   -124    -97    -76   -123   -112    -75   -100   -137    -54 
   -35    -28    -66    -40     -7    -31    -21    -69    -78    -16    -81    -68    -56    -78    -79   -108 
  -109    -58    -96    -84   -110   -118    -57    -78    -80     -5    -19    -24    169    -12    -99    -67 
    90    -40    -51    -84   -127   -158    -67    -65    203    223    292    474    -60    -62    -95   -122 
   -78    -68    -92     -8    -44    -22    584    274     66   -121   -134    -56    196    431    -37    -30 
   569    336    367   1215    220    260    -13    -23    680    680    610    -75    -14    255    457     74 
   485    -43    425    467    416    339    795    -41    -93    -58    -18    188    -21    -29   -128    270 
  1226   1075    474    841    151    -45    -57    -84    133    609     -5   -103    -12   -129    -68    -23 
  -143     -6    -10   -137    -11    -55    -66    -40   -120   -175   -149    374   2625    -61    -81   -108 
  -173   -147   -114   -121   -169   -150   -134   -256   -180    559    -69    -56   -155   -158    -93    -82 
  -100    -92    -51    -86   -188   -211    -73    -85   -137   -197   -120   -111   -126   -135   -105    -97 
   -78   -101    -93   -121   -121   -153   -172   -145   -118   -130   -133   -132   -151   -123   -128    -90 
   -95   -101   -139   -159   -149   -136   -110    -73    -84   -113   -127   -102    -75    -78    -96   -131 
  -130    -74    -60    184    167    491    580    376    814    -80    -46    -45    -89    -63    -65    -67 
   -23    -57    -19    -72    -32    -68   -127    -98    -96    -74    -67    -50    -98    -17    -19    -65 
  -164    -14    -47    543     -4    -29    -60    -59    -47   -107    -81    -55    -80    -52    481   -105 
   -21    -72    -47    -59    -17    -28     41    -15    293    -42    -36    167    -37    -46   -152    -63 
   -71   -101    -11   -102    152    -58    -21     -3    497    -59    -45   -198    -74   -136   -176   -113 
   -37    129    -42    -83    -65   -199   -317   -247   -255   -183   -216   -106    -80   -178   -105    -62 
     4   -146   -205   -227   -266   -311   -360    -82    -31   -210   -235   -212    -92    -58   -130   -111 
  -140    -75   -260   -329   -161   -111   -178   -130   -163   -149   -112   -144   -154   -240   -319   -338 
  -307   -321   -211   -128    -40    -54    -93    -52     -4    -24    -82   -202   -197   -130   -164    -98 
   -96    -59    -59    -83    -40     46    208    -33    -28    -93    -99    -54    -42    -71    -29    -58 
   -58    -79    -70    -49    -51     -4    -31    -73    -29     -9    -58    -75    -58    -38    444    673 
   -17    -34    -85    -10     43    -14    -57    110     -4     -2    -43    344    787     64    -48    -30 
   132    -18    311     -6    289    660    781     22    193    690    677    -37    -77    -36    -84    -11 
   156    338    795    244    -53   -106      7    447    -27   -124    -46   -121    -72    -48    -25    292 
   194    -67   -110    -44   -100   -131   -121    -53    -51    -42    -74    -63    -26   -107   -172   -178 
  -160   -224   -223   -115   -130    -75    -28    -70   -138   -146   -174   -263   -226   -203   -176   -183 
  -145   -202   -203    -19   -103   -115   -212   -190   -222   -282   -233   -235   -235   -239   -227   -325 
  -115    -64    -83   -162   -124   -134   -208   -185   -170   -169   -188   -174   -216   -153    -96    -92 
  -114   -103   -125   -118   -139   -117   -220   -292   -227   -189   -224   -154   -101   -109   -107   -108 
  -132   -135   -127   -143   -182   -135   -132   -126   -124   -129   -134   -130   -142   -140   -160   -159 
  -153   -147   -141   -122   -111   -132   -153   -168   -151   -149   -139   -152   -160   -145   -156   -157 
  -147   -157   -154    501    286     17    333    415    155     -3    290    -12     54    458    549    479 
   331    166    -19    264     35     -1     35    333    -38    -43     30    -18    -15    408    168    439 
   201    143     99    107    299    -65    -38     -5     64    111    445    103    985    637    499    624 
   949    903    460     21     60    253    465    465    -27    331     95    106    247    390    -27     -1 
   -93    -52    -71    -13    -30    -21     -4    -41    -23     -6    -63   -136   -112    -73    -18    -49 
   -28   -110      8    -23    -99    -61    -50   -154   -232   -239   -193    -97    -84    -32    -94   -139 
  -125   -161    -95   -152   -187   -217   -184   -141   -133    -89    -67    -15    -93   -113   -136    -87 
   -94   -130   -145   -155   -150   -175    -70    -56    -63    -87   -118   -135   -130   -143   -147   -199 
  -234   -158   -131   -149    -82    -82   -127   -114   -113   -116   -128   -128   -151   -136    -95    -72 
   -99    -39    -74    -91   -100    -96    -93   -110   -106   -103   -111   -117    -97    -79    -32    -50 
   -89    -93   -100    -86    -82    -83    -87   -115   -133   -103    -85    -42    329    169    175    -27 
   238    148    368    225    -42    -33    -18    -31    -10    446    421     87    -67    -33    -26    -29 
   -27    -66     -6    109    -56     22    196     66     -7    -67    -57    165    -41    -97   -109    -29 
    34    -57     -9    374     49     -7    -94   -174    -82    -39    -86   -116    -64    -49    -66    -25 
   -24    -65    -78   -117   -187   -154   -102    -78    -88    -70     53     -5     -1    -75   -131    -48 
   -56   -143   -202   -226   -190   -175   -176   -125    -71     97    -95    -97    -79    -59   -116   -197 
  -217   -184   -161   -244   -167   -137    -28    -34    -69    -38    -11    178    -15    -58    -43    -71 
  -127    -33    -78     -7      0    161     -2    -23     40    149      0    -14     -2    232   1064    -16 
   -18    231    488     49     -6    125    273    292     45    -28    271    495    -28    -39     25    266 
    20    -12     51    130    327    -10    -40    -41     -8    -20    -11     23     12     46    -26    -31 
   -33    -43    -51    -29    -31    -33    -23      0    -24    -50    -43    -54    -54    -71    -55    -54 
   -32    -36    -44    -47    -14   -144   -167   -131   -180   -178   -132   -121    -77    -95    -66   -128 
  -159   -148    -96   -173   -154   -162   -152   -116    -53    -81   -141   -179   -244   -286   -300   -126 
  -143    -86    -63    -62   -105   -117    -68    -91   -164   -228   -206   -168   -117   -119    -63    -41 
   -24    -55   -127    -25    -63    -97    -96   -146   -129    -41     -3    691     98    452   1026    352 
   320    407    -48    -49   -174   -173    -32     -5    884     39     -6    -29    -45    -85    -60   -179 
   -38    -97   -133   -161   -222   -217    -75   -158    -86    -87    -89   -182   -253   -116   -164   -136 
  -156   -186   -204   -246   -226   -254   -170   -180   -196   -299   -291   -242   -165   -122   -222   -203 
  -333   -262   -329   -300   -333   -311   -253   -295   -253   -108   -220   -300   -213   -234   -206   -268 
  -178   -167   -187   -127   -186   -207   -116   -151   -170   -186   -180   -215   -201   -193   -186   -226 
  -209   -211   -220   -193   -125   -188   -192   -191   -216   -219   -214   -240   -268   -237   -240   -263 
  -180   -137   -185   -193   -169   -177   -181   -175   -168   -192   -131   -132   -184   -164    -33    -29 
     7    -59    -77    -51    -31     -6    -50    -76    -85    -89    -50    -17     69    498    195      0 
   -32    -23    -43    -56    -75   -103    -75    -46    -13    -11     20     -9    -34    -88    -70    -80 
   -55    -64   -104   -122    -47    -47    -91    -55    -63    -27    -67    -77    -67    -59    -56   -105 
   -80    -11    -27    -70    -25    -52    -18    -47    -37    -38    -39    -90   -109    -57    -11    -89 
  -172   -114   -157   -157   -183   -152   -180   -219   -193   -158    -65    -33   -153   -218   -162   -166 
  -140   -167   -164   -198   -282   -216   -154    -70    -43    -59    -51    -26    -32    -25    -44   -104 
   -72   -148   -141    -79    -96    -35    -29    -43    -51     -6    -46    -59    -50     -9    -45   -115 
   -44    -92    -15    -16    -27    -34    146     13    -20     -5    242    311    -27    -10    -44     90 
    -6    153     45    265    254    240    330    374    254    321    116     41    232    177    330    192 
   134    156     88    109    262    147    110     19    -12     80    228    463    305    129    115    100 
   189    332    254    247    263    301    119   -112   -132   -147   -136   -109   -128   -143   -157   -211 
  -207   -163   -121    -82   -181   -137   -160   -116   -118   -163   -195   -215   -119   -188   -185   -191 
  -138   -109   -130   -192    -96   -146   -187   -104    -81    -21    -54    -28     -8    129   -126   -129 
  -150   -139   -150   -143   -171   -141   -181   -184   -117   -106    -87   -128    -73   -121   -162    -84 
   -76   -130   -129   -154    -85   -137   -185   -161   -164    -61   -135    -96    -45    -97    -82     -1 
   258     -8    -57   -214   -190   -142   -102   -108   -209   -146   -110   -177   -197   -176   -115    -49 
  -199   -157   -159   -132   -112   -168   -191    -85    -80   -162    -69    307     37    -57   -122   -123 
   -88    -76   -115   -192   -156    -83   -146   -143    -10   -117    -22    -83   -147   -194   -140    -81 
   -95    -64    -26    -61    -52    624    -22    -58    -18    -89    -91   -119    -92    -78    -77    -50 
  -110   -104    -53    -69    -91    -70    -62    -81   -105   -116    -88    -72    -66    -66    -86    -83 
   -71    -53    -45   -101    -92   -103   -113   -112   -129   -112    -73    -76    -81    -98    -96    -79 
  -337   -247   -224   -117   -186   -179   -172   -184   -175   -205   -202   -209   -191   -251   -202   -172 
  -185   -195   -209   -210   -141   -168   -193   -213   -183   -121   -162   -234   -193   -178   -174   -185 
  -197   -159   -140    -79    -75    128    -99   -167   -204   -155   -148   -179    -94   -149   -213   -139 
  -108    -23    -20    -81   -168   -263    -93   -161   -221   -205   -224   -242   -156   -166    -75    -67 
   -61   -214   -351   -277   -341   -335   -400   -326   -264   -201   -166   -266   -178   -137   -166   -192 
  -256   -361   -320   -287   -246   -209   -202   -314   -214   -171   -143   -150    -94   -265   -384   -308 
  -335   -178   -227   -204   -143    -75   -176   -225   -289   -299   -262   -236   -194   -234   -195   -314 
  -323   -346   -255   -256   -181   -164   -233   -216   -206   -217   -206   -210   -332   -372   -343   -305 
  -244   -213   -149   -121   -127   -120   -140   -107   -122   -227   -256   -214   -122   -216   -144    -85 
   -79    -82   -103    -86    -58    -95   -136   -163   -138   -153   -179   -108   -155   -187   -184   -200 
  -209   -178   -165   -191   -221   -242   -256   -220   -152    259    -15    -42    -21    -57    -40    -21 
   -90    -77    -61    -69    -76    -52    -24    -56    -83    -14    -45    -58    -49   -104   -145   -114 
  -129   -120    -64    -46    -59    -89    -62     24     12    -37    -77    -66    -66    -82    -79   -136 
    27    -58    -41   -112    -74      5    -24    -65    -90   -179   -149    -92   -103     -5    -34    -61 
  -100    -53    -10     51    -26   -127   -168    -94    -39    -15    -76    136    -60    -98    -86    -45 
   -74    -67   -149   -186   -203    -76    -30   -152   -149   -104   -269   -345   -304   -267   -162   -217 
  -200   -203    -90    -48    -50    -40    -49   -135   -141   -147   -188   -223   -260   -224   -266   -135 
  -125    652   1461    534    -17    255    116    -30   -136   -223   -251   -287   -188   -101    699    732 
   201    -27     -5     49    155    -77   -206   -119   -116   -164    125    239    -31    -27     -3    -28 
   -28     -2     -6    -91    -11    -30    -87    110     -8    -48    -19    -22    -43    -45    -59    -48 
   -58    -37    -11    -24    -14    253    -11     48     35     -1    -29    -30    -29    -14    -13    -22 
    -4    -11    -92    -13    -15    -41    -71    -62    -56   -110   -115    -92    -85    -86    -33    -61 
   -26    -57    -15    -77   -113   -103    -76   -102    -72    -44    -43    -28    -93   -144   -147    -87 
  -114   -124   -121    -81   -132    -56    -61   -102    -80   -121    -99    -71    -24   -115    -34   -153 
  -185   -167   -104    -95   -115    -30   -119   -122   -106   -135   -158    -95   -196   -181   -222    -57 
   -72   -111    -45    -35    -10   -128   -141    -96    119    -36    553    -67    941    475    -53    -23 
   -86    969    108    -26     70    318    -12     -8    -30   1394   1741    -20    106    -31    798    511 
   -39   -179   -147   -136    -49   -107   -110    -24   -114    393    -75    -69    -60     -2    -92    -48 
   -45    -46   -170   -255   -255   -178    -15    -63    -72    -22    355     95     -6     26    -35   -115 
  -186   -235    -50    -10    229    770    944   1080    926    852    741    571     42    -79    -50    490 
   298    626    539    580    623    965   1088    861    863    696    460    427    777    527    -12      0 
    -5     -1     -9    -11     -3     36     86     -9    -14      7    207      0    547    403    111     -5 
    18    281      3     -2    -25    -44    -46    -45     49    439    338    228    406    198     44     94 
   430    128    -26     -1     -9      3    424    174    167    179    184    177    221    260    -14    -21 
   242    204     97    749    216    334     55    292     69    256    -10    -20    -19      3     -7    -39 
   -24    -55    -58    -94    -39    -50    -47    -31    -50    -44    -42    -40    -89   -117   -135   -133 
  -149   -117    -59    -62      0    -26    -60    -40    -48    -46    -61   -100   -102   -105   -115   -180 
  -157    -80    -90    -40    -66    -66    -57    -59    -84    -98    -67    -68    -85    -63   -113   -112 
   -89   -159    -97    -43    -61    -81    -89    -56    -51    -55    -66    -86   -140   -135   -141    -79 
     0    -44    -50    -25    -14     -7    -23    -23    -45    -64   -111    -90    -42     -5     -2     -5 
   -14    -21    -29     -4      6    -17    213    -19    -31     -7    -39    -40    -43    -36    -32    -34 
    -5     -8    162    433    151     -1    -11    -37    -13    -21    -21    -19    -19     29     -9    -19 
   123     -5     38    -19      0    -16    342    345    129    -12     36    592    221    609    667    713 
   281    -36    -43     -4     -4    -65    -71    -22    336    175    419    129    316    140    -21    -50 
    50     -7    -60    -58    -19    313    169    579    549    470    -11     83    -30    297    386    -41 
    -1    179    159    132    585   1096    762    -14     -6    -30     -6    -36   -112    -52    -60    -84 
   -37    -55     -6    405    -18    -98    -58    -77    -94   -143    -88   -151   -142   -114    -84    -68 
   228    188    -62    -82    -56    123    -50   -152   -146   -128   -133   -209   -171    -82    -10    -22 
  -129   -107    -42    -83   -191   -196   -189   -275   -335   -280   -199    -18    -19    -92    -70    -53 
  -100   -159   -149    -65   -120   -201   -213   -133      3    -25    -86    -35     -7    -65    -98    -86 
   -66    -75    -61    -87    -31    366     -5    -30    -22     -9     -3    -30    -26    -22     -8    -32 
   -35    110    419     -4     19    292    180     91    193     13     71     -1     14    355    313    262 
   224    243    359    238    244    448    369    405    289    266    337    117    121    -84    -72    -62 
   -60    -55    -59    -76    -91   -126    -83    -16    -30    -50    -65    -38   -102    -93   -103    -89 
  -106   -149   -135    -99    -87    -48    -47    -20      2    -78   -102    -73    -69   -100    -95    -80 
   -68   -131   -102   -113    -27    -33    -65   -106   -121    -67    -88    -46    -86    -66   -149   -153 
  -128     -7    -68    -83   -129   -153   -154    -88    -43    -74   -113    -70    -41    -78    -34    -46 
   -10    -54   -143   -145    -77    214    -28   -114    -28    237    -16    -29     -5    -16     -6    -77 
   -76    -43    611    344    -58     -4    596     22    -57    -56    -13    134    -45   -107   -116    -16 
   634    317    781    877    392    -48    -83     -4    -31    -48    -63    -23    129    -28    -20    569 
  1262    381    -28    -20    -11    -50    -21    -36    -50    -64    -11    229    952   1002    137    -27 
   -51    -44    -56    -41    -35    -29    -55    -51    -41    148     -3    -44    -60    -72    -72    -60 
   -37    -48    -37    -36    -41    -29    -39    -50    -78    -74    -86    -71    -59    -56    -65    -75 
   -85    -72    -72    -70    -40    -74    -10    -44    -64    -67    -40    -43    -68    -76    -49    -14 
    -1    122    -12    -35   -100    -78    -51    -46    -71    -25    -28    316    197     -1     -4    -11 
   -70    -56    -72    -57    -50    -92    -62    -38     70    -32    -69    -78    -51    -70    -73    -64 
   -34    -13    -52    -88    -88    -69    -35    -72    -27    -18    -88    -89   -109    -63    -30    -63 
   -94   -113   -110    -85    -91   -126    -74    -81    -66   -105   -108    -75    -64    -29    514    153 
   -51    -86    -17    -21    -43     -8    929   1103    -48    -79    633    487    382    -19   -116    405 
   212    -51   -156    579    946    468    -13   1290   1649   1262    -34   -114    108    -17     -6    -11 
   622    892   1227   1423   1078    842     -7    -67    -98     -2    -19    569   1303   1142    790    644 
   700    420    830     55    540    474    859    185    381    388    539    323    136      8     25    286 
   459    892    931    852    296     35     -8    -15    -10    -19    -13    -17     -5     -3     81     -1 
     9     39    180    118     -4    -13     -3    210      0     -6    -14    -12    111     -4    166    -45 
   -93    -91    -18    -31   -111   -103    -42     64    106    -17      4    -21    -79    -79   -108     85 
   -72   -146   -124   -157   -126   -148   -138   -108    -73   -111    -83   -127    -46   -114   -147   -158 
  -161   -182   -202   -157   -117    -27   -103    -71    -63    -55    -86   -106    -94   -125   -177    -81 
  -133   -133    -55   -114    -85    -97    -71    -34   -111    -70    -91   -173   -223   -242   -181    -79 
   -91    -87    -69   -144   -140   -177   -203   -194   -212   -219   -275   -167   -145   -237   -107   -128 
  -129   -146   -136   -125   -201   -359   -317   -358   -173   -112   -152   -128   -153   -111    -43    -36 
   413   -148   -149   -211   -287    -42    -52    -99    -52   -154    -46    -66   -173    -52     -8    -40 
  -243   -171    -82    -63   -123   -108    -59      1    309    852   1322    983   -137    -86    -65    -66 
   -78     -1    875    853    607    674   1355   1413   2095    909   1399    950    390    301    -18    770 
   901    959   1038   1409   1068   1648   1438   1122   1107   1120    529    170    449    582    782    776 
   700    726    756    830    995    542    409     10     -1     -4     -9    -41     26    140    216    373 
   -25    -48    -44    -36    -49    -18     -5     29    -17    163    127    -18    -85    -97    -96    -72 
   -15     -5    375    638    283     91    -32    -23    -24   -107    -84    -49     15    393    416    149 
   518    328     30    -63    -45    -62   -136   -127   -118    -89    -13     -1    -32    285    232     -1 
   -39    -42    -48   -125   -112    -92    -74    145    206    -50    -76    -75    -67   -102   -148    -97 
  -122   -143   -137   -124    -58    -10    -93   -200   -141   -122   -179   -218   -222   -155   -173   -189 
  -190   -120    -58   -194   -235   -196   -181   -212   -199   -205   -173   -217   -170   -205   -188   -103 
  -186   -259   -186   -169   -204   -207   -172   -171   -206   -220   -208   -219   -118   -170   -216   -183 
  -149   -119   -112   -108   -151   -235   -264   -192   -181    -61    -95    -98    -95    -85    -66    -51 
   -55   -100   -136   -154   -141   -110    -37    -99    -89    -87    -72    -64    -59    -57    -76    -93 
   -80    -59    -32    -22    -61    -53    -65    -52    -44    -52    -56    -58    -47    -51    -35    -25 
   -11    196    323    135     24    131     62     -9    -31    -17     -9    434    492     10    198    985 
   539    396    590     65    123    282    -28    -17     -7    212    135    -21    285    581    318    446 
   -10    -50    -21    -47     -7    122    -21    -19    -43     19    299    347    212    -42   -108    -48 
   -15    -24     -6    232    508    -70    -57    -60    -45     -6    -32    -89    -33     48    -50    -27 
    -5    452   -102   -139    -56   -132   -137   -235   -167   -175   -121   -183   -177    -84    -32    -80 
  -203    -85   -162   -174   -308   -409   -341   -246   -362   -286   -107    -77    -74   -122   -110   -118 
  -118   -168   -213   -210   -136    -86   -189   -127    -31    531    927    -10    -20     53    -36    -47 
   -81    -65    -80   -144   -134    -16    622    646     86    244    -18     -8    -25    -65    -49   -110 
  -171    -96    -37    257    211      0    -24    -29    -20     -6    -19    -77   -127   -164    -51    -55 
   109    360    278     12     18     99      0    -21     -2     -3     -2    106    -19    234    449    255 
   261      0    283    170    292    414    421    422    239     -9    -59    -84     -8    -38    -38     22 
   138    -12    -36    -23     98    -47    -65    -76    -94    302     45    -54    -20    -49    -70    -94 
   -48     -9    -81    -55    -82    -85    -46    -58    -78    -81   -178   -112   -127    -85    -57    -81 
   -39    -60   -105    -46    -43   -103    -87    -96   -104    -30    -15    -16    -51     -6    -76   -103 
   -68    -63    -27    -90    -17    -61    -24    -38    -37    -63    -28    -87   -145    -70   -104    -61 
   -94   -137   -125   -163   -166    -94    -75    -47    -71   -154    -43    -81    -83   -166   -209   -196 
  -136   -197   -116    -85    -69    -89   -186    -98    -75   -112   -174   -158   -148   -138   -162    -88 
  -122    -85    -67   -115   -117    -35    -53    -56    -55    -62   -147    -18    -17   -178    -82    -63 
   -62    -26    -21    209    265     -3    -17    -68   1209    133   -102    -18    -46    -44     28    196 
   353    382    223    134     -4    -27    -35    -55    -45    -43    -28    164    275    135    184    147 
    78    230    235      7    -43    -52    -32    -43    292     31    -23     10    105    350    252    499 
   286    -48    -36    -85   -118   -138   -143   -103   -100   -120   -138   -137   -138   -163   -130   -105 
  -117   -134   -161   -145    -99   -149   -157   -198   -171   -162   -189   -150   -122    -80    -78   -109 
   -94   -100   -156   -150   -186   -199   -159   -196    -88    -33   -115   -109   -178   -183   -178   -159 
  -155   -216   -231   -156   -144    -66    -74   -100   -109   -148   -141   -151   -112   -112   -163   -158 
  -117   -128    -75    -98   -133   -162    -98   -140   -158   -117    219    423    156    -57   -222    -85 
   -59   -116   -126   -101   -168   -278   -165    838   1827    989   -144   -315   -173    -82   -194   -206 
  -186   -156   -217   -156   -156    -89    -76   -282   -319   -244    -79   -103   -129   -103   -132   -158 
  -147   -221   -207   -153   -219   -270   -186    -73    -60   -134    -90   -100    -68    -96   -121   -118 
   -70    -86   -124    -53    -94    -72   -131    -81   -117    -95    -99    -80    -93    -66   -116    -76 
   -31    -63    -55    -72    -52    -65    -52    -58    -52    -32    143    -28    -73    -38    -57    217 
    79    -26    -50    -38    -35    -35    -23     50     -7    -24    141    -26    -48    -45    -81    -61 
  -149   -143    -55   -108   -130    -77    -73    -71    -91    -77    -31    -88    -75   -104   -217   -199 
  -178   -140   -135   -163   -159   -185    -34   -114   -100   -116   -136   -219   -230   -223   -155   -156 
   -81    -43    -75    -87   -188   -163   -164   -254   -246   -171    -85    -99   -193    -74     -7   -102 
  -126   -119    -93    -60   -177   -127    -92   1122   1122    -78   -103    298    276   -236   -175    -67 
   -54   -167   -233   -288   -105    -54   -223   -195    119     -9   -185    -81    -21    -75    -41   -115 
  -177   -223   -241   -273   -199    -43    -75    -49    185    468    -11     75    232    698    -71   -150 
  -118   -126    -57   -117   -104   -131    -48   -141   -113    -14    -26    -55   -147    -90   -175    -71 
  -169    -80    -54    -99   -182   -144    -89    -41    -71   -194    -84   -148   -126   -113    -65    -58 
  -132   -167   -119    -77    -57   -111   -177    -77    -90    -95    -62   -113    -54    -66    -84    -82 
   -81    -72    -86   -122   -120    -60    -29    -40    -65    -36    -82   -115   -129   -153   -137   -132 
  -124   -126    -74    -62    -74   -284   -256   -160   -201   -253   -183   -204   -139   -165   -148   -114 
   -15    -93   -307   -361   -280   -272   -282   -221   -252   -296   -184   -183   -193   -197   -282   -318 
  -466   -387   -331   -323   -292   -263   -320   -242   -261   -332   -298   -230   -301   -381   -473   -328 
  -318   -285   -300   -337   -339   -293   -245   -192   -132   -276   -244   -312   -230    -99   -167   -319 
  -220   -226   -199   -212   -155   -160   -338   -386   -277   -142   -200   -278   -474   -211   -309   -447 
  -283   -278   -251   -181   -191    -99   -112   -198   -341   -370   -209   -369   -447   -374   -204   -223 
  -155    306    -95    -27   -127   -156   -207   -118   -281   -482   -377   -285   -149     -1   1689    -92 
   -84    -87    -74   -233   -324   -320   -314   -395   -324   -168    -88    -37   -130   -157   -215   -232 
  -287   -201   -135   -189   -256    -38   -165   -167   -194   -208   -191   -192   -204   -223   -206   -160 
  -217   -253   -114   -257   -142   -151   -162   -179   -199   -189   -189   -202   -168   -173   -210   -175 
  -201   -130   -141   -123   -121   -145   -187   -178   -130   -113   -128   -107   -145   -158   -110   -121 
   -95    -67    -90    -81    -96   -120   -105    -72    -55    -63    -38   -131   -220   -186   -141   -170 
  -162   -104   -139   -153   -107    -65    -97    -53   -189   -266   -199   -103   -110   -152    -88   -125 
  -182   -139    -69    -44    -69   -189   -239   -204   -150   -136   -178    -95   -109   -193   -204    -92 
   -83    -94   -172   -214   -219   -110    -84   -132    -74    -80    -90    -72     -3   -106   -108   -189 
  -210   -198   -182   -201   -235   -231   -195   -126   -210     -8    -27    -83   -304   -340   -280   -321 
  -334   -302   -249   -175   -112   -197    -22     47    -61   -307   -357   -269   -313   -217   -230   -295 
  -154    -20   -140    -76    -31    -73   -173   -201   -154   -152   -112   -111   -150    -93    -43    -76 
   -64    -40    -51   -103   -187   -121   -135    -94    -56    -76   -112    -93    -26    -62    -61    -42 
  -118   -133   -107    -84    -68    -71    -86   -109    -90    -66    -57    -53     28   -104   -111    -88 
   -82    -68    -78    -44    -58    -80    -21    -26     -9     64   -140   -138   -138   -115   -116   -122 
   -93    -96   -102    -82    -77    -62    -50    -61   -152   -104   -131   -112    -79    -76    -75    -49 
   -22     56    192    -22    -49   -198   -118    -69   -113    -45    -58    -83    324     -3    -24    -77 
  -104    -66   -169    -42     48    -57    -48    -54    -88    -62   -123   -100    -94   -105   -107   -152 
  -104    -78    -82   -117   -101    -61   -143   -199   -139    -33    -55   -136   -133    -57    -59    543 
   -60    -45     -4    -70   -104    -53    300    -96    -87    -54    397   -116     43    -92    -55    -99 
  -131   -231   -139    -65   -139   -141   -135    156    -40   -100   -153   -167   -380   -338   -371   -177 
   -61   -118    -78   -122    -17    -38    -66    -43    -41   -174   -165   -205   -170    -29   -104    -25 
   -60   -110    -98     24    -16     32    -66   -203   -157   -172   -229   -114    -38    -52    -59    -85 
   -40    -10     -2   -118   -132    -95   -104   -123   -108    -50    -13    308     -2    -41    -37    -19 
   220    -20    -27     96    239    -61    -25     -1    178    -40    -81    -56    -13    255    -37    -20 
   -14    -41    -51    -45    -15     14    -51    -76    -47    -38    -39    -65    -52    -70   -112    -94 
  -132   -174   -131    -82   -105   -184   -205   -174   -163   -172   -208   -170   -115   -174   -230   -180 
  -141   -103   -108   -136   -183   -125   -129   -178   -168   -154   -181   -208   -214   -196   -139   -154 
  -129   -163   -131    -93    -81    -44    -72   -181   -221   -231   -211   -118   -102   -203   -196   -219 
  -132   -151    -58    -43   -160   -157   -191   -124    -98    -48   -147   -210   -184    -83    -82   -102 
   -63   -109   -104   -206   -137   -144   -156   -203   -213   -182   -156   -171   -206   -116   -118   -111 
  -171   -237   -260   -258   -407   -367   -341   -277   -245   -216   -113   -172   -182   -195   -152   -221 
  -198   -261   -243   -206   -187   -205   -185   -101   -188   -213   -219   -155   -109   -150   -176   -281 
  -224   -195   -222   -232   -162    -96   -158   -165   -159    -74    -78   -100   -242   -230   -191   -213 
  -162   -129    -92   -117   -103    -85    -53    -42    -35    -76   -114   -109   -126    -62    -94    -96 
   -92    -93    -91    -72    -57    -64    -55    -51    -88   -103    -70    -81    -62    -64    -74    -65 
   -54    -69    -79    -70    -59    -65    -72    -61    -69    -38    -78    -87    -78   -104    -80    -45 
   -72    -85    -74    -49    -44    -71   -100     -6    417    -10    -30    101    -18    -47    -41    228 
   -14    -20    -23    -86     74    -11    -54    -76    -71    -73    -44    -67    -49    -79    -27    -46 
   -57    -45    -32    -62   -105    -95    -83    -96    186    -37    -23    -41    -35    -31    -17    269 
   -47    -23    -76    -48    -85    143     -8     -4    -33    -45    -24    -62    -60    -54    -58   -119 
     0    -76    -72   -179   -104    -55    -64    -62    -91    546    -13   -120   -166      5   -161   -106 
  -295   1256    288    -77    -86    -82   1371     -1    -37     -7     -3   -218    -53   -225     -9    -10 
   -64    583    -29    -65     87    359     -3    -15   -100   -187   -122    524   -166   -139    370    349 
   -16    -35     32    108    235     37    -61    670    -14   -164    -87    176    538    223     94     38 
     6     62    397    127    -20    -11    -49   -101    294    718    116    178     -2     -9     99    154 
    -3    -21    -15    -32    -61    175    454    201    166     70     79    106    222    -20    -11    -12 
   -19    -52    -19    -67    -15    200     -2     -4     -4    -14    -29    -24    166    333    -10    -30 
   -26    -14    283    -38    -40      5    238    337    281     96    114    -59    -37     -7    -39     -8 
   -96    -54     -8    -19    -77     -7      0    549    378     -1     29    -20    431    -38    -11     -2 
   -69   -110    -58     55    243     71     -8    300    -12    283    -20    -42    -58    -40    -76     -2 
   -14    -56    -73    -11    -31    308    533     -1    -32    -13    -27    268    223    227     73    -15 
   -47    -47    918   1261   1217     -4    -23    -16    359    -44      0    312    337     70    -16    201 
   305    228   -103   -144   -101    -86   -108   -130     -9    112    -75    -83    -78    -69    -44    -78 
   -99   -160    -90   -133   -142   -117   -101    -23    -67    -33    -34    -15    -11    -46   -111   -105 
  -108    -75    -86    -91     52    -17    -18    -22    -14    -15    -17     27     49    -31    -21     -2 
   -29     20     33     -5    178    257      9     51    253    432    334    232    298     32    -21    -37 
   -34    -12    -13    -32    -35     -6    294     -3    -27    -68    -65   -181   -220   -162   -135   -165 
  -159   -175   -130   -211   -167   -161   -222   -155   -141   -183   -176   -188   -142   -124   -206   -134 
  -182   -163   -192   -217   -112   -108   -160   -156   -197   -143   -140   -174   -101   -149    -92   -124 
   -83    -71    -62   -139    -78    -81   -100    -43    -62   -183   -144   -185   -208   -205   -185    -91 
  -118   -224    -54   -114   -117   -169   -235   -149   -187   -176   -196   -214   -127   -223   -387   -405 
  -306   -252   -286   -338   -253   -251   -201   -143   -186   -129   -306   -281   -264   -186   -343   -171 
  -281   -267   -260   -233    -62   -125    -71   -355   -230   -150   -167   -390   -282   -192   -187   -412 
  -347   -197   -207    -90   -198   -235   -247   -298   -325   -300   -216   -118   -275   -218   -236   -178 
  -112   -152   -233   -252   -228   -233   -195    -82    -87   -173   -114   -162   -143   -121    -96    -83 
   -94   -139   -150   -139   -100    -60    -82    -26    -16    -97    -98   -118   -107    -81   -108   -135 
  -153   -138   -154   -136   -117    -64    -75    -98   -121   -113   -116   -126   -117   -115   -114   -114 
  -106    -93    -99    -91    -24    -42    -43    -38    -48    -37    -35    -33    -37    -66    -33    -20 
    -9    -41    -36    -40     -2    -16    -24    -31    -32    -22     -7    -30    -26     33    -41    -60 
   -33    -11     -8    -12     -4    325    386    421    -56    -56    -28    -16    -21    -56    -81    -81 
   -99     -7    196    274    426    -24    -20     -8    -18     46    -27    -62    -64    -61    -73     -8 
   -16    -14    -53    -37    -21    -49   -106    -83   -131   -156   -218   -179   -163   -150    -88   -180 
   -84     -7   -109    -75    -80    -12     82    -66   -139   -197   -219   -136   -192    -49    137    -51 
   295    339    458   1099   1364    -71   -208   -330   -150   -162    -98    -30    155    628    -10    -13 
   -21    163    -76   -133   -244   -145   -157   -132    -84    -17    -28    -34    -51    -52    -61   -125 
  -177   -236   -228   -156   -102   -103    201     46      5    -12    -18    -38    -61   -107   -151   -148 
  -103    -67    -56    159    345    251    200     53     83     89     -1      4     -5     -4     -5    -13 
   192    335    204     39     -6     64     63     56     46     -1      6     51    -14    -21    -59    -43 
   -32    119    -25    -44    -40    -50    -20    -10    -36    -47    -14    -28     -4    -12    -29    -43 
    -8    321     89      5    -25    -38    -41    -32     -8    274     40    166    126    121    123    156 
    -2    153    122     -2    -39    171    255    -16     49     60    246    358    217    458    595    336 
   -11    -17    -14    334    -13    -16    143    500    452    493    160    328    -26    -53    -56    -53 
   322     -2    -79    -97    -28    -37    147    -66   -101    -27    -30    -92    -91    -27     -3   -123 
  -173    -30    761    756    -83   -170     -6    -14    -24   -142    -99    -53    -62    -68    -55    -52 
   453    -48    -81     68    -17    -20    -29    -52    -79    -48    -88   -112    -99    359     -9    377 
   745    -22    -31    -46    -40    -46    -72    -92    -80    -37    516    -32    137    633    -43    -40 
   -36    -72    -80    -94   -102    -99    -75    -93    -97   -102    -75    -84    -66    -60    -78    -85 
   -67    -83    -84    -85    -67    -80    -70    -70    -78    -82    -64    -79    -64    -57    -54    -71 
   -67    -63    -71    -68    -44    -66    -32     -3    327    381    543    349    182    541    248     -9 
   -72    -93    -59    -14      0     -1     36    383    383    229    215    164    -19    -84   -105    -98 
    65     66     -1      5    -17     -4    146    -61     -4    -37    -64    -93    -50    -63    -45    -72 
   -96   -114    -94    -84   -140   -106    -34    -81    -81    -78    -87    -52   -122   -142   -168    -67 
  -146   -104    -14    600    -27    -10    -37   -166   -110   -237   -261   -228   -225   -200   -216   -115 
   -23    -52    -71    -74   -273   -228   -256   -290   -220   -289   -319   -421   -392   -277   -133   -124 
  -135   -201   -152   -155   -235   -202   -147   -152   -159   -233   -238   -202   -112   -119   -139    -84 
   -98   -178   -167   -123   -106   -116   -176   -218   -210    -82    -91   -124    -82    -75   -124    -82 
   -72    -45   -111   -108   -151   -148    -82    -85    -30    -15    -45    -71    -52    -39    -30    -86 
   -74    -49    -67    -67    -34    -62    -63    -88   -109   -107    -92    -76    -78    -63    -48    -50 
   -51    -13    -43    -32    -59    -79    -96    -68    -71    -65    -51    -44    -36    -32    -33    -52 
   -42    -54    -46    -60   -100    -52     -6    269     30    -15    -33    -58    -90    -31    -12    -65 
  -141   -108   -105    -31    -28    -20    -13    -74   -118    -93     -7    351     22    -26    -22    -87 
  -101    -73    -30    367    -31   -121    -46    -22     -9   1585    852    355    -16    -73    -50    -75 
   -91   -177   -116   -147    -81    -49   1172   1056    213    -50    -73   -136   -153   -190   -260   -141 
  -128    -77    -35   1069    570    177     93    -11    -58   -155   -271   -278   -126   -184    -79   -124 
    -4    -16   -147   -240   -221   -257   -318   -376   -280   -153   -147   -124   -189    -79    206    -73 
  -126   -425   -454   -419   -290   -199   -167     -8    -31    -59    -17    289     -8    -33   -183   -309 
  -300   -205   -214   -271    -70    -56     -1    -32    -40    -39    -20    -63   -134   -134    -98   -167 
  -216    -62    -74    -43    -41     -6    122    162     -8    -13    -26    -77    -80   -111    -75    -12 
   273    474    366    478    331    129    115    203    -30    -58    -85    -51    -29    -30    -43    -39 
   -35    -23    -26    -36    -37    -83    -78   -102    -43    -13    164     35    -25    -13     34     96 
   430     -9    -50    -49   -101   -110    -54    -21     16    -67    -28     -2     -5     86     25    -18 
   -17    -47    -31    141    155     78    -37    -45    -52     83    149    148    422     -8   -121    -73 
   154    683    530    385     -3     56    -10    469    100    198     51    -67    -74     98    586      6 
   -70    176     12    -21    453    -29     43    -21    -65   -104    175    355    -13    -13     -1    -66 
   -64    -25    811    585    -29    -47   -204    784    789    293    -29    -72   -214   -222   -206    -32 
   945    174    -28   -102    230    291    383    362    342    -18    -24     -1   1156    412    -35     -4 
    93    213    439    636    410    833    138    408    -38    561    681    -94    -29    -15     -7     57 
   470    -10    329     35     89    -78    -18    160   -122    -43    -45    -47    -27    -22    -36     -3 
    -2     -2     -1    250    236    -49    -30    -56    -32    -48    -58    -61    -52    -44    -55    -75 
   -35    -39    -79    -83   -104    -96    -80    -68    -81    -93    -74   -102   -112    -89    -80    -68 
   -82    345     11     57     16     91    -11     -7    -24    -86    -56    -20    -23    106    217     67 
    42     -2    -10     -6    -34    -46    -88    -60    -12     -4    152    292    -24     67    106     -6 
    34    -38    -40    -74    -52    117    405    464    155    -39    -20    -68    -98   -104    -50    -30 
   -56   -123    -41    165    363    -53    -82    -99   -136   -134    -98    -89    -77    -97   -172   -135 
   -48    -17    -73   -126   -127    -49    -16    -90   -128   -157   -212   -215   -221   -142    -46    -91 
  -163   -128   -126    -73   -163   -188   -175   -177   -236   -201   -141    -66      6    -33    -35    -71 
   -44    -31    -28    -14    -40    -72    -45    -23     -8    143    -15    -51    -88    -28    -10     -2 
   -30    -57    -47    -28     30     79    -24    -39    -33    -25    -14    -17     -5     -7    -12     -9 
   -14    -47    195     32    -27    -40    -23    -29    -20    -18    -18    -25    -12     -5    -29    255 
   -11    -49    -64    -48    -41    -37    -34    -30    -22     -8    -10    -22     64    -13    -40    -46 
   -34    -24    -27    -29    -34    -26    -21    -16     -5    159    -57    318    -49    -42    -41     43 
   -17    -45    -73      0    -10    -60    -99    -83    529     -8    -26    -34     -7    -25    125    -32 
     0    -20    -27    -81   -102    228    -20    -17    -19    -31    -12    396    507    -54    -39    153 
   -61   -101    170    -24     -7    -53    -68    -39    -30    240    -62    -33    -13    -76   -105     -1 
   -30    -53    -55    -62     -6    -54    -28    -76    -24    121    -53   -153    -13     -2    -73    -88 
   -36    340     73    540    -87    264    -60    -51   -146    163    290    -59   -103     -9     74    -34 
   798    -50    477    -87    -58   -161    -25     -4    -29   -118   -118    -90   -113    -72   -100    -57 
  -134   -111   -122    -32    -73    -67    -49    -88    -75    -86   -111     67    -54    -90    -93   -102 
   743    -35    -64    -32    -55    -30    -41   -111    109    -11    -32    -65   -124    705     -1    -41 
   -38    -23    -21    -27    -52    -36    -27    -21    -68   -113    974    179    -16    -36    -30    -35 
   -32    -12    -29    -40    -52    -58   -101    142    -12    -18    -15    -21    -14    -16    -12     -2 
   -20    -40    -50    -92   -137   -113    -91    -84    -82    -85    -38    -56    -33      7     -8    -26 
  -111   -199   -117    -61   -126   -112   -105    -15    -78    -63    122    110    -15   -145   -167    -78 
   -90   -130   -124    -86    -56   -103    -97    -68    -69    -61   -133   -166    -69    -67    -54    -49 
   -38    -80    -62    -96    -94    -78    -98   -140   -109   -101    -18    -46    -42    -70    -54   -136 
  -189   -158   -110    -83   -170   -168   -141   -133   -138   -113   -168   -110   -111   -224   -213   -147 
   -35   -111   -201   -162   -128   -184   -156   -276   -260   -261   -262   -165   -146    -48    -52   -143 
  -117    212    -12    -20   -226   -206   -226   -217   -161    -88    -72    -38    -62    -96    365    198 
   227    -99   -127   -200   -193   -207   -152   -172    -73    -54    -62    -28    -33    -53    -84   -144 
  -214   -233   -199   -217   -143    -84    -79    -67    -34    -39    -39    -58    -93   -106    -87   -131 
  -127    -92    -90    -52    -32     -1     81    218    151    -35    -58    -46    -24    -36    -67    -57 
   -34    -13    -19     26     70    172    -20    -18    -10    -13    -22    -58   -131   -161   -133    -67 
   -82   -172   -224   -223   -215   -162   -133    -75   -108   -115   -144    -90    -66   -133   -163    -85 
  -170   -144    -93    -68    -59    -21   -205   -131   -168   -128   -173   -267   -175   -187   -133    -75 
   -29    -62    216   -153   -140   -192   -219   -283   -215   -173   -149   -175   -125   -178   -224   -110 
  -136   -252   -265   -268   -239   -300   -184   -210   -186   -222   -338   -379   -203   -196   -339   -211 
  -159   -296   -314   -322   -337   -290   -302   -215   -260   -130    -77   -314   -190   -138   -261   -443 
  -460   -290   -261   -396   -307   -143    -51    -56   -267    -72   -112    -54   -224   -162   -185   -236 
  -374   -398   -180    -93    230   -228    -66   -143   -212   -259   -153   -168   -293   -223   -255   -239 
  -155   -102   -217   -137    -76   -106   -146   -120    -27   -133    -73   -120    -79    -69   -110   -104 
  -104    -47    -42    -68    -31     -3    -17    -68    -72     82    -70    -88    -99    -88    -93   -119 
  -109    -92    -92    -79    -93    -89    -87    -94    -77    -53    -46    -43    -78    -71    -39    -51 
   -51    -25    -47    -60    -84     -5    -36    -46    -29    -28    -50    -47    -42     -2    -10     -4 
    77     -4    -50    -44    -69    -76    -68    -66    -68     12     61     74    177    335    126   -110 
   -62    -53    -62   -124   -155   -167    -66   -104    -62     -9    214    362   -110    -58    -86    -52 
   -57   -114   -127   -150   -127    -58    -22     -4     -8    -94    -53   -119   -100   -103   -143   -182 
  -193   -190   -124   -135   -146   -144    -92   -128   -210   -187   -203   -173   -148   -134   -155    -67 
  -119    -88   -130   -108   -162   -253   -278   -249   -270   -197   -109   -102    -57   -145    -57    -85 
  -159   -186   -200   -221   -188   -161   -184   -126   -173   -172   -170    -71    -21   -124   -168   -170 
   -87    -44    -50   -120   -177   -213   -194   -199    -99    -95    -15    -55    -75    -47    -45    -63 
   -78   -139   -134    -69    -77    -41   -120    -34    -51    -84    -61    -59    -40    -32   -100    -93 
   -64    -36    -62    -96    -34    -13    -46    -52    -53    -39    -51    -46    -38    -37    -32    -64 
   -58    -48    -13    -18     -3      3    198     34    138    203    243    296    149    -31    -69    -24 
    63     -6    -28    -25     11    -40    -12    -42    -67    -59     58     -7    342    129     11    277 
   -29    255     -1     -9    -59    -33    -28    197     38    295    -16     59    474     -8     -1    -12 
   -26     16    -10    -44     -4    104     -6     -7    -34     -2    634    171    -38    -42    551    310 
   -33    283    133    323     96    165     -1     48    251     -8     -8    -12     73     92    529    -26 
   -13     -1    466    421    246    -74    -34    -61    -24   -156    217    301    146    478    -53     47 
  1788   1358    -86    -97    -39   2492   -103    144     96    584    860    -66    -57    431    -38    -42 
   -74    -47   1782     -6    112     14    -17    -67    -62    -51    -41    -53    -34    222    447    -42 
  -140      3    142    -17    -83    -96    -51    -26    120    -35    -10    -37   -105   -176    -32      0 
   -19    -53    -65    -57    -30    -23    -25    -19    -41    -39    -49    -26    200     -4    -56    -40 
   -38    -32    -14    -19     52    -16     -6    -15     46    221    -45    -90    -72    -68    -62    -50 
   -42    -27    -66    -35    -39    -39     -5    -11    -38    -67    -68    -11    -45   -101   -119    -73 
   -80    -74    -65    -37    436     -4     59    -21    185    222    302    -42    101    261    293     -4 
   454    105    -20      0    -16     -3    160    224    -13    548    375    173    -41    282     -4     -4 
   -31    -46    -18    209    -30    -43    -55     -9    -49    -66    232    -31    -27    -83    -70    -72 
   -76   -140   -142   -217    -97    -98   -130    -93    -18    -40    -87   -144    -91   -126   -222   -329 
  -290   -147   -120   -119    -92   -113   -110   -214   -209   -251   -210   -250   -346   -305   -250   -147 
  -114    -53   -137   -140   -140   -152   -121   -134   -199   -338   -281   -198   -107   -130   -120    -72 
   -44    -59   -102    -24    -53   -117   -243   -244   -145    -48   -156   -135    -66    -49    -17    -34 
   -11     -9    -27    -53   -175    -99    -57   -161    -53     33    -20    -41    -43    -27     -7    -19 
   -39    -90    -65    -51   -103     -4    -36    -54    -53    -62    -69    -80    -64    -34    -47    -38 
   -56    -74    -11    -13    -14    -29    -25    -19    -15    -13     -7    -19    -18    -12    -20    248 
   -70    -70    -77    -77    -94    -83    -82    -87    -58   -109   -165   -171   -109   -102   -110    -98 
  -105    -88    -50    -70    -52   -114   -111   -108   -145    -90    -95   -125   -129   -131   -142    -98 
   -97    -25    -18    118   -101   -182   -156    -86   -106   -103   -143   -125    -55    -32     -2    173 
   -22    -82   -117   -120    -46    -51    -24    -90   -121    -27     -3    221    -17    -44    -98    -82 
   -81    -79   -115   -186   -231   -243   -154   -199   -148   -208   -146    -99   -139   -107    -55   -158 
  -215   -242   -222   -153   -215   -167   -244   -197   -117   -125    -83    -60    279   -133   -116    -74 
    36   -113    -54   -133   -156    -27    -70     -3    -16     70    -31    -10     -4    171    366    888 
   415    199    653     -5    499     64    827    734    713    423    367    705   1214    792    934   1113 
   335    716    216    414    377    420     66      0     -3    183     34    647    425    457    374    184 
   392    274    398    396    389    570    474    484    499    584    480    246    573    662    510    471 
   416    467    573    454    511    409    401    474    304     -1    -39    -20      5    -15    213    361 
   427    538     -6    -26    -17    -16     -3    -69    -68    -16    -69    -77    106     -3    326    456 
    15     -7     47    156    -73    -51    -76    -60    -77    633     -4    116    263    -22    462     93 
   365    -11    -33    -40     69     -4    432    210     -3     23    -58     95     -1    -10    -41    -73 
  -108   -109   -121   -124   -102   -111    -96   -116    -83    -30    112   -138   -112   -107    -23    -78 
   -40   -104    -63     53    -52    -24      3    112    -65    -31    -61    -51   -122    -83    -69    -40 
   -49     -9    339    202    -75   -125    -33    -31   -165   -139   -163   -140    -96   -180   -137    101 
   160   -118   -193    -79    -19    -93   -103    -98    -70    -28   -225   -292    -42    -40     57    -84 
   -50     -6     -3    -64    -77    -93    -25   -157   -214    -55    -45     63    -27     18    124     69 
   -18    -22    -17     -4    -70    -64    -19      2     -6     -3    185     -3    -16     81    136    512 
   505    328    337    123    243     -8    333    499    435    141    201     -2    123    224    252    245 
   170    216    -44    -33    -25    -30    -18      6    -17    -49    -75    -68    -75    -87    -86    -52 
   -27    -45    -36    -51    -18    -23   -111    -91   -127   -142   -139   -124    -49    -48    -68    -22 
   -20    -19    -42    -64    -68   -107   -156   -125   -151    -51    -88    -99    -44   -100    -83    -52 
    72    -26     -2    -91    -92   -121    -67   -119   -187   -173   -239   -157    -84    -96    -63    -21 
    55    536     85    -80   -114   -150   -137   -145   -151   -199   -209   -204   -110    -11    197    188 
  -195   -212   -164   -147   -157   -185   -144   -205   -221   -210   -160    -87   -121    -94   -118   -120 
  -136   -113    -86    -83   -162    -99   -114   -177   -153   -133    -84    -96    -55   -127   -121    -79 
   -94    -98    -24    -71   -103    -71    -77   -169   -188   -193   -220   -199   -179   -150    -73    -74 
   -40    -51    -37    -98   -140   -120   -145   -169   -155   -120   -102    -83    -78    -94    -92    -85 
  -110    -85    -88   -135   -150   -140   -108   -124   -151   -142   -147   -154   -127   -118    -85    -98 
  -135   -139   -143   -144   -152   -181   -165   -157   -148   -100   -103    -48    -37    -66    -54    -37 
   -50    -58    -61    -54    -41    -23    -60    -59    -71    -89    -84    -94    -63    -61    -95   -130 
  -123    -47    -34    -70   -119    -58    -69    -43    -98    -84    -78   -101    -99   -106   -101    -66 
   -80    -95    -48    -37    -32    -48    -60    -80   -131   -110    -90   -140   -102   -102    -90    -93 
   -82    -89    -76    -83    -53    -18     55     11    -69    -83    -76    -80    -28    -80    -86    -50 
   -75    151   1144   1953   1600    645    487    -54    -61     43     -9    -42    -58    -19     29     -9 
   499   1427    883    922    -47    -36     -5    151    -11    -40    -16    205    -26    173   1419   1598 
   975    255    -15     50      4    151    -33    -45    -24    -72    179   1325   2032   1086    388    -26 
   -35    -30    -27    -43    -63    -83    -99    -31    652    916    420    -28    -51    -57    -85    -84 
   -88   -108   -125   -127   -116    -56    -30    -46    -85    -96    -79   -118    -96    -98   -118   -121 
  -115   -110   -120   -111   -104   -123   -116   -106   -134   -120   -127   -137   -128   -139   -135   -133 
  -115    -99   -127   -118     15    -20      8    -10    158    383    384     45     -9    -37    -25    -25 
   -53    -77    491     -1    -10    377     -1    -43    -57    -11    -11    -51    -40    -29    -86    -68 
   -57    -45     -8    -67    -23    -11    308    -34    -60    -75    -56    -94    -11    -30    -27    105 
   -65    576    995    492    444    -12    -36    -71    -73    -58    293    218    832    -12    -39    -32 
   146    -25    145    287     44   -186   -175   -127   -114    -76    -99   -181   -274   -179   -205   -150 
  -158    -93   -142   -233   -162   -142   -146   -117   -185   -181   -150   -166   -102   -199   -182   -100 
    -7    -56    -97   -112    642    -73    -62   -127     -8    -73   -137   -135    -69     60    -53    -46 
   -96    -54    -12    852    891    759    313    206   -155   -100   -105    -95    -56   -108    -74    -27 
   245    312     -6    -46    -67   -167    -93   -104    -77   -104   -130    -74    -66    -30   -102    -61 
   -98   -107   -113   -155   -104    -94   -117   -147   -126   -104   -119   -142   -119   -109   -102   -110 
  -103    -98    -94    -92    -91    -93    -77    -92    -99    -78    -90    -86    -83   -223   -254   -180 
  -106    -80   -125   -190   -148   -138    -92   -128   -118   -121   -151   -197   -147   -186   -155   -119 
  -165   -165   -181   -147   -162   -166   -162   -148   -251   -164   -168   -171   -106   -138    -74   -179 
  -172   -175   -120    -96   -150   -182    -59    -43    219     -9    438    -63    -82   -166   -224   -176 
  -135   -125   -214   -139   -117    -28    -57    -60   -229   -182   -214   -253   -229   -190   -237   -345 
  -254   -280   -209    -59    -66   -118   -167   -175   -284   -318   -265   -166    -86   -171   -309   -177 
   -87   -215   -442   -511   -245   -218   -164   -180   -133    -91    -89   -198   -245   -134   -160   -398 
  -490   -371   -371   -241   -230    -68    -79    -88   -160   -164   -117   -162   -270   -340   -158   -176 
  -194   -109    -80    -51    -87   -107   -128   -120   -138   -147   -152    884    706    -23    -56    -37 
   -73    -74    -64    -75    -81   -118   -155   -114    -93   -121    -79    -85    -18    -72    -50    -71 
   -90    -49    -75    -95    -93    -76   -116    -85    -76    -40    -49    -53    -69    -50    -38    -61 
   -45    -40    -69    -85    -69    -85    -69    -80   -105   -117   -122    -95    -59    -39    -51    -99 
   -73    -56    -44    -47   -102   -108   -133   -155    -71    -68    -69   -113    -99    -15    105    -32 
  -103   -112   -128   -158   -139   -103   -145   -146   -139   -122    -39    -94    -86   -130   -122   -107 
   -98   -126   -124   -171   -176   -131   -134   -131   -149   -100    -83   -114    -90   -132   -163   -155 
   -61   -145   -124   -130    -75    -47    -75     83    -17    -40    -25     73    383    -13    363    163 
  1342   2022    -27    -79    -57    901    -54    -56      5    -30    -99    -41     -6   1925   2899    115 
   -46    -97    -54    -89    -60   -110   -141    -76   -118    -62     -9    298    -13    -80    -77   -142 
   -44    -87   -100   -134    -76   -126    -47    -24    -36    -49    -67    -94   -117   -106   -139   -110 
   -87   -108   -147   -149    -97   -115   -122    -96   -118   -159   -172   -158   -156   -165   -185   -193 
  -185   -172   -149   -155   -142   -145   -205   -180   -178   -181   -201   -190   -186   -178   -185   -190 
  -204   -164    -87   -127   -117   -105   -101   -103   -101    -97    -98   -111   -132   -135    -97    -28 
   368    529    618    410    702    328    690    323    231    -16    -48    -38    -22    671    375    550 
   421    939     35    356    180     -7    -37    -50    -22     -6    135      4    328    475    595    386 
   -23    -12    -19    -26    215    -16    -22     76    439    391    236    423    133    -22    466    592 
   424    481    141    -44    239    185     54     -3      0    -45    -41    -12    438    513     93    207 
   -69    -59    -70    -12    -70   -103   -116   -133   -131    -60    -95    -44    273    -34   -139    -92 
   -85   -159   -196   -236   -182   -259   -205   -156   -127    -49    131    -45    -90   -127   -177   -189 
  -267   -161   -247   -311   -231   -211    -84    -81    -92   -145   -107   -117   -193   -165   -148   -222 
  -257   -255   -214   -122    -95   -128   -103    -34     -1    -53    -63   -119   -181   -241   -240   -170 
  -106    -61    -67    -79    -42    -35    -42    -50   -106   -124   -159   -104    -80    -37    -63    -57 
   -48    -49    -39    -51    -68    -56    -43    -69    -66    -47    -24    -44    -34    -38    -42    -42 
   -65    -72    -50    -53    -72    -37    -21    -23    -74    -64    -34    -13    -11    -31    -10     -9 
    40     -5     53    315    260   -110    -92    -39    -30    -30     -2    101    -53    -35    183    296 
   554    412   -128    -72    -41    -56    -50    -40    -21    -29    -40     -8    -23    260    570   -120 
   -98    -44    -50    -53    -20     56     -8     30     85     -2    336    583   -128    -84    -71    -80 
   141     24    -21     -8     49    -15    -25    109    223   -155   -115   -119   -122    -73    -58   -118 
   -47   -112    -16    -45    147    302   -138    -68    -96    -81    -73    -45    -16    337     -4     28 
    -4    477    434   -207   -120    -87    -92    -67    -33    -46     -2    -17    -39    -20    547    368 
  -122    -83    -70    -43    -31    -13    -34      0    -62    -12     -5     -5     48    -98    -59    -53 
   -34     -2    130     -9     21    -37     27    221    -16     60    -79    -84    -68    -43     -9    224 
    84     -9    -12    335    391    196     85    -85    -82    -59    -28    -18    -27    -21    -27    -29 
    40    258    545    241    -74    -58    -31    -19    -35    -35    -14    -17    -32     58    177    459 
    -2    -19    -42    -76    -72    -30    -24    -80    -99   -108   -115    -95    -35    -13    -78   -153 
  -163   -131    -71    -66    -92    -70    -87    -98   -108    -43    -29    -98   -146   -163   -184   -175 
  -149   -104    -75    -64    -43    -22    392    312    -47   -106   -111   -122    -90    114    703    -31 
   -20    -18    -34     56    -21   -133   -158   -146    -92    -73    -30    -18   -168   -155    -17    -38 
   -89   -106   -170   -270   -289   -356   -266   -199   -113   -131   -148    -97   -128   -183   -194   -100 
  -179   -211   -266   -216   -158   -158   -160   -119    -91   -133   -240   -210   -124   -116   -109   -111 
   -80   -103   -196   -299   -253   -216   -215   -173   -195    -30    -21     -3     84    -23    -26   -117 
  -157   -182   -230   -277   -149   -161    -35    -63    118    243     37    -30    -98    -99   -123   -186 
  -204   -108   -139    -28    -37    -32    -27    -37    -54    -93   -123   -102   -166   -135    -86    -97 
   -33    -31    -45    -41    -38    -54    -66    -82    -70    -66    -58    -17    -32    -26    -38    -52 
   -49    -40    -50    -58    -64    -40    -27    -21    -11    -23    -23    -47    -26    -53    -85    -52 
   -10    -32    -94    -74    -81   -107    -71    -32    -82   -110   -101   -134   -125    -53    -61   -145 
  -122    -52    -18    -24    -83    -88   -120    -55    -92    -81    -66    -57   -104    -69    -77    -80 
   -88    -88   -111    -77    -38    -88    -76    -72    -23    385     -1     -6    168     97   -104    -79 
   -96   -114   -170   -166   -110   -118    -84    -46    140    700    544    -93   -120    -99   -141   -188 
  -193   -207   -160   -134   -117    -70    540    137    -75   -167   -191   -201   -305   -267   -105    120 
    -2   -146   -191    -81    -35   -139   -292   -224   -205   -284   -258   -127    -18    -64   -205   -190 
  -163    -87   -124   -181   -172   -150   -107    -62    -64    -46   -151   -216   -182   -208   -122    -25 
    74    -24    -71      1     83    -19    -73   -124   -184   -129   -109   -115    -20    241    406    121 
   -29    -27    -30    -36    -72    -91    -22    -30    -51    -24    -40    -42    -62    -81    -50    -55 
   -54    -55    -41    -31    -61    -47    -49    -55    -59    -71    -61    -43    -41    -51    -69    -69 
   -42    -38    -39   -119   -256   -215   -265   -223   -202    -71    -95   -180   -176   -134   -157    -87 
   -58   -286   -261   -243   -222   -337    -79    -60   -159   -132    -65   -122   -104   -190   -238   -162 
  -184   -277   -305   -202    -65   -180   -194   -306   -307   -208   -203   -304   -199   -233   -403   -444 
  -388   -326   -207   -400   -377   -257   -107   -195   -203   -306   -356   -491   -454   -321   -238   -224 
  -436   -435   -343   -207   -284   -188   -222   -422   -443   -462   -439   -417   -372   -240   -387   -306 
  -197   -305   -441   -429   -578   -629   -614   -556   -781   -506   -281   -272   -305   -185   -252   -593 
  -356   -262   -429   -562   -413   -414   -286   -474   -390   -301   -203   -297   -487   -403   -365   -331 
  -341   -311   -335   -444   -568   -551   -287   -284   -269   -346   -352   -356   -292   -300   -306   -268 
  -359   -492   -430   -315   -365   -171   -225   -229   -219   -259   -274   -225   -174   -264   -307   -191 
  -220   -268   -114   -164   -142   -189   -247   -242   -128    -77    -74    -88   -130   -183   -161   -120 
  -141   -100    -99   -172   -144   -124    -99   -131   -142   -147   -188   -148    -86    -84    -84    -64 
   -97   -118   -165   -211   -134   -149   -184   -130   -109   -106    -68   -103    -61   -126    -73    -46 
  -116   -149   -100   -173   -163   -127   -102    -49   -149   -117   -174   -138   -129   -129   -128    -44 
  -120   -166   -193    -95    -66   -143    -39    -60     -7    -61   -195   -298   -146    -76   -114   -159 
  -176   -140   -155   -131   -173   -196   -108   -129   -211   -197   -176   -125    -90   -234   -162   -234 
  -216   -175   -159   -288   -166   -138    206   -238   -133    -67   -215   -320   -412   -360   -340   -190 
  -360   -415   -326    -67    -85    -46    -83    -94   -192   -260   -352   -281   -230   -109   -293   -172 
  1684   2572     -6    -88   -139   -148   -189   -253   -192    -75    -86   -259   -291    -16    138   -250 
  -125   -165   -179   -228   -219   -201   -162   -153   -172   -277   -134   -253   -246    -74   -171   -252 
  -288   -227   -228   -249   -223   -157   -235   -145   -175   -194   -102   -181   -212   -244   -246   -257 
  -233   -279   -251   -256   -237   -228   -268   -176   -179   -174   -202   -183   -166   -168   -213   -203 
  -191   -214   -208   -161   -129    -81    -89    -90    -74    -78    -91    -72    -56    -33    -57    -18 
    14    182   -117   -177   -204   -165   -135   -159   -168    -80    -51    -38    -34    -35    -14   -105 
  -156   -169   -164   -145   -125    -92    -81    -10    -40    -72    -73    -17   -111   -176   -169   -141 
  -161    -96    -71   -105    -65   -103   -155   -121    -45   -149   -215   -248   -204   -259   -182   -186 
  -174   -204   -187   -261   -181    -83   -115   -151   -193   -145   -185   -239   -277   -302   -225   -184 
  -186   -125    -54    -41    -86    -83    -76   -112   -105   -184   -245   -268   -148    -85    -67    -37 
   -51    300     -2     -8    -28    892    -16   -138   -214    -99    -70    -53    -41    347    893    845 
   634    302    187    -36    -94   -129    -93    -69     41    -12    -32     69     39    368     98     -3 
   -50   -109    -92    -75    -44     -3    -31    -49    -21     -1     -6     -9    100    -16    -62    -49 
   -71    -89    -36    -33    -37     -7    -17     -1     28     85     64    -27    -16    -37    -27    -28 
    42    -15    163    218    315    224     51     21      0     49    -14    -18     63    126    -38    347 
   495    231    544    591    412     83    444    -13    -21    -35    -33    -34    980    117     -5    729 
   871    392    466    963    200    -47    -87    -68    133   1440    255     46    398    124    809    517 
   737   1197    510    438     -8    477   1822    863    386    627    699    685    178    -22    916    840 
   592    231    237   1364   1250   1075    448    603    -11    -43     95    508    802     -7    -28    -70 
    -3    363    193   -130    -77   -169   -202   -107    -70     47    188    117   -170   -139   -121   -107 
  -160   -126   -154   -157   -132   -118    -76    110    -58   -105   -114    -83    -93    -97    -34   -119 
   -92    -54    -96   -109    -75   -108    -66    -90    -26    -57    -87   -113   -130   -187   -124    -36 
  -128   -132   -134   -134   -150    -54    -26    -47    -62    -76   -188   -268   -156   -136   -163    -77 
   -72    -54    -54    -26      5     -6     22    -26    -95    -39    -29    -81      8    -64    -24    -35 
   -29    -20    -13     -3     -2    -25    -31    -12    -37    -24    -77    -82    -83    -71    -85    -85 
   -74    -71    -46    -45    -45    -44    -40   -197   -186   -121    -82   -127   -128    -84   -116   -160 
  -176   -178   -198   -177   -228   -122    -16    -49   -149   -116    -60   -111   -117   -130   -177   -106 
   -73   -124    -77    -92    -56   -120    -54    -38    -56    -90    -66   -118   -182   -161    -38    -44 
  -153   -131    -16    -85   -229   -147   -125   -159   -122   -172   -109    -73    -55   -145   -256   -234 
  -241   -172   -204   -209   -199   -205   -188   -151    -75   -185   -266   -264   -333   -255   -243   -282 
  -275   -345   -253   -105    -74   -195   -242   -285   -144   -169   -263   -396   -408   -383   -260   -310 
   -89    -83    -73   -261   -238    -60   -101   -183   -230   -207   -308   -294   -446   -237   -119    -64 
  -213   -106    -13    -94   -110    -97   -125   -349   -388   -314   -186   -182   -132   -131    -56    -45 
  -112    -79    -92   -117   -215   -223   -259   -169   -164   -119   -140   -109    -88   -133   -108   -108 
  -159   -162   -147   -220   -166   -118    -70    -77    -75    -81   -111   -112    -83   -111   -101   -131 
  -194   -132   -145    -50     -1    -20    -42    -84   -102    -76   -101   -104   -125   -175   -125   -115 
