   -14    -20    -49    -76    -79    -35    -43    -24     -6     -6    -23     95    107     86     74    -22 
   -39    -29     32     -3    -19    217      5    -70    -38     70    -16    -13    -32    -17     88    143 
   591    -16    -35    -31    -43    -25    198    -22     67    -19    211     -7    352    862    597    628 
   632    380    531    702    354   1287    500   1005    864   1512   1066    687    980    942    904    895 
   995    899   1088   1175   1863   1638    765   2055   1798   1202    936    -21    399    790    480   -109 
   -30    -24   -133   -176    747   2514   2934    -21   -158    711    191   -129   -327   -233   -186   -316 
  -315   -101    683    653   -314   -395    326     26    -81   -273   -177   -109   -132   -139    -39    175 
   408   -212   -210    856     36    -10    -70   -104    -68    -71    -22    -13    546    806    -39    170 
  1269    512      5    -45   -119   -124   -120    -65    -38     34    506    -30    153    597    353     -7 
   -38    -99   -113   -120   -104   -117    -95    -52    -55    -29    198    164    -12    -12    -52    -83 
   -90    -81    -78    -67    -37    -43    -34     74     26    -86    -90    -93   -112   -112   -105    -73 
   -99   -120   -134   -139   -142   -117   -108    -28    -48    -56    -62    -49    -48    -74   -109   -101 
   -88    -72    -73    -93    153      0    -35    -59   -113   -174   -162   -139   -111    -63    -92   -106 
   -63     -7     45     -9    -78   -113   -201   -174   -128   -140   -125   -150   -113   -104    -63    -50 
   -55    -70    -38    -53    -10    -13    -85   -100   -132    -89    -63    238    -33    -53    -57   1074 
  1193   2405   1533   1186    986    326    -20      3    694   1006    748    490   1499   2184   2053   1429 
  1805   2318   1591    385    -26    768   1683   1379   1617   2078   1590   1834   1704   2425   3396   1795 
   437    -15   1028    647   1443   1463   2385   1760   2120   2145   3994   4292   1813    371    405    941 
   937    922   1226   1814   1717   1188    526    968   1533    813    242    388    657    564    620    939 
  1102   1376   1054    677    369    514    437    -21    -14    515    398    258     -4    -15     -5    125 
   -17    -32    -15     -7    -26     -8    504    318     67    -13    -14    -20     -9    -11     -6     80 
    37     -3    374    940    846    874    842    717    597    440    636    111     -4    236    294    -46 
   -30    -46    -33    -23     -2    279    -22    -25    -61    -60    -51     -8    -47    -23    -43    -31 
   -38    -25     12    306    272    -30    -63    -73    -14    -42     24    -16    252    534    365     -7 
   -55     -9    -34    -38    -64    -28    -42    -35    -53    -33     42    320    329     68    -23    -16 
   -30    -91    -53    -49     -1    -67    -56     52   1173   1056   2752   2152    450    731    -32    -49 
   -39    412    -16   -106   -174   -204   -220   -259   -208    -77    855    526    -19    -43    -78    -84 
   -48    -23    -47    -68    -72   1434   3200   1876    674    -12     -4    -17    -38    -60    -55    -27 
   -35    -95    -80    -12   -127   -135    -63    -52    -23     -8    -35    -48    -43    -66   -113   -201 
  -197   -217   -163    -62    -60    -68    -56    -63    -51    -52    -48    -43    -51    -36    -86    -76 
   -50    -95    -96    -65    -57    -59    -43    -29    -23    -47    -64    -69    -77    -74    -44    -42 
   -27    -20    -23    -10    -10    -13    -16     -9    -38    -47    -14    245     57     -7    149    237 
   308    277    188     -4    -20     55     99    246    559    641    328    783   1001    934    723    308 
   212    -16    239    210    425    422    446    121    481    485    556    658    285    262      0    128 
   361    423    400    507     61    478    181    371    563    572    629    374    325    612    646    429 
   624    302     65    148    244     99     -4    224    110    538    588    498    -11     -6    -39    -48 
   -78    -98   -174   -147   -153    -74    -38    -11     82    -39    -19    -52    -76   -131   -111   -186 
  -231   -247   -158    -48    -63    -20     91    136    305     -2   -104   -104   -118   -156   -179   -264 
  -126    -55    -24     88    -10    448    594     93    -38    -51    -77   -121   -226   -162    -51    -48 
   648    718    771    582    255     -5    -33    -51    -71   -116    -48    153    104    456    740    764 
   445    185    -10    -12    117    185     77    309    446    415    249    570    591    504    300    208 
    78    338    345    707    860    889    649    409    709    863    829    847    749    650    641    582 
   759    918   1001    787    204     22    108     82     38     13     55     51     14     36     23     -3 
   193    436    331    363    339    314    302    285    260    257    279    286    190    369    540    412 
   330    266    305    291    233    138    193    322    276    117    346    435    206    158     53     11 
   172    280    207    159    258    251    125    343    475    315    227    172     52     80    209    295 
   225    204    236    224    406    472    268    238    271    197     45     -3    -12    -12     97     69 
   193    398    541    232    359    337    460    328    205    -27    -30    239    217    273    335    587 
   585    527    308    505    558    507    282    213    490    693    395    411    327    243    207     60 
    20    170    263    180    -13    -33    -13    120    361    352    121      3     -5     -1     54    138 
   171    150    -12     -6    165    363    352    127     -2     39     94    109    119    146    185    143 
   135    153    368    356    134      3     47     64     66     50     39     -1     -4     -1     15    277 
   364    192     82     97     97     68     63     80     53     38     71     92    296    -78   -109   -125 
  -137   -109    -92    -91    -94    -63    -33    -24    -23    -40    -95   -145   -160   -155   -123   -130 
  -135   -145    -53    -42    -19    -28    -38    -95   -133   -140   -126   -102   -102   -136   -154    -99 
   -96    -66    -61    -61    -74    -89   -114    -88    -93    -48    -96   -116   -113    -91    -48    -37 
   -71    -17    -41    -51    -59    -61    -27    -17    -32    -55    -32    -11     -7    -53    110     -3 
   250     51    -21    -23    -63   -136   -140    -80    214    514     -3    -18    287    365    372    342 
   668     -4    -68   -138   -123    115   1008    341    -61    161    366    336    232    585    137   -116 
  -325   -256     59   1580    172    -51    -50    -22    -17    -53     -9    -22    -84   -181   -133    415 
  1866    247    -25    -68    -79    -73    -88    -24    -32    -59    -49    -22    530   1520    234     -3 
   -68   -103    -96    -97    -28    -14    -16    224    883    903   1256    337     86    -36    -71    -73 
   -78      1     57    112    552   1019    727    912    354    -29    -68    -90   -103   -111    -47    -51 
   -56      8    486    306    303    -15    -14    -41    -90    -82   -100    -61   -126    -98   -131    -95 
  -107    -96   -108    229    -10    -39    -26    -14     -5   -107    -81   -130    -78    -95    -37    -44 
   238    131    -39    -57    -29    128    -36    -47    -91    -52    -70    -43    -43      9     84    -61 
  -118   -104    -51    -61    -59    -58    -57    -93    -74    -41     77    190    -22   -123   -101    -65 
   -70    -85    -34    -74   -117    -89    -11    -74   -104   -119   -149   -147    -78   -118    -62    -31 
  -183   -219   -198    -44    -63    742    -42    -48    -64    461    -44     18    716    196   1660   -145 
  -106    -29    108    536    823      3    -36    518    -18    -88   -156    141   -182   -119    -14   -142 
    14    319    317    -39     73    -49    -90    298    -32   -212   -108    196    -52     -9    -33    -44 
   -55    -21    -16   -159   -128   -155   -140    -53    219     60    274    246    -17    -33    -10     73 
   -71   -102    -72    -28    -11     79    321    197     -9    -21    -47    -28    -24    -33     27    -33 
   -26    -34    -15    -28    -29    -45    -42    -67    -58    -46    -60    -37    -67    -75    -52    -14 
   -70    -69    -74    -60    -70    -78    -84    -71    -69    -74    -61    -32    -33    -85    -82    -93 
   -50    -88    -76    -61    -11    -42    -39    -19     46    -64   -117   -138   -142   -133   -178   -166 
  -147   -127   -124   -112    -87    -22    -66    -88    -89   -110    -84   -110   -106   -163   -153   -140 
  -124   -134    -54    -47    -90   -111   -111    -98   -113   -125   -116   -129    -95   -123   -117    -37 
   -22    -51    -82    -85   -131   -130   -139    -91   -141   -118   -146   -121     -5   -105   -106   -146 
   -32   -119   -160   -240   -268   -370   -428   -349   -218      7   -117    -63    -57    516     -1    -35 
  -145   -266   -455   -648   -508   -272    269    148    649    719   1022    993    943    516     -9    -61 
  -211   -206    -70    984    344    618    395    696    923   1313   1107   1086   1479    990    912   1282 
  1163    378    666    852    941   1172   1134   1047   1059   1181   1513   1378   1212    940    670    787 
  1041   1195   1502   1463   1289   1167   1049    956    934   1014   1030   1065   1265   1378   1267   1418 
  1270   1271   1128   1287   1230   1356   1369   1131    440    607    546    727    842    743    461    473 
   501    427    498    594    207    -37    -50    -52    -50    -39    -41    -48    -39    -24    -34    -38 
   -51    -43    -41    -48    -29    115     59     69    -24    -11    -14    -21    -14    -17    -17    -11 
     2     43    237    411    230    -33    -10     96    115     -6    -25    -20    -45    -57    -54    -36 
   -16    133     -2      0    125     36     -8    -40    -44    -30     79     -7    -22    -10    623    869 
  1247   1226    871    810     31    -35     -1    831    -12    -35    -15    -24   -106    -54     49    476 
  1057    -16    -29    -47    -87    -95    -48    -73    -93    -61    -47     -2    684    -13    -74    -41 
   -25    -27    127     44      8    -34    -35    -49    -48    -41    -56   -109    -61    -28    -26    -11 
    -9    -36    -47    -42    -36    456    933   1075     -8    -48    -45    -43     -3     -1    -12    -32 
   -30    -28    630   1022    790    -18    -45    -37    -36      4    -11    -13    -22    -13     -8    322 
   252     11    -16    -15     62    198    374    165     86    107    154    142    360    357    286    185 
   138   1497   2012   2029   2021   1767   1698   1531   1325   1454   1465   1709   1761   1354   1524   1961 
  1612   1331   1347   1306   1129    757   1104   1320   1952   2176   1675   1425   2099   1707   1275   1192 
  1040   1104    822   1385   1557   1932   2140   1684   1285   1795   1449   1292   1470   1273   1181    904 
   808   1111   1564   2002   1390    965   1254   1181   1050   1058   1281   1418   1601   1419   1481   1500 
  1779   1201   1535   1412   1301   1169   1532   1206    717    290    671   1418   1716   1892   1244   1148 
   730   1168    747    622    -36    -79   -126   -116    -38    100    995   1161    159    142    -34     80 
   121    -33    -74    -32   -102   -174   -155    -65    973    591    846    286    329    -16    -30    -64 
   -63   -193   -232   -176    -85    727   1102   1235   1026    724    -17    -32    -75    -81   -163   -150 
   -62    352    880   1084   1249   1295    934    -50    -66    -76    -66    -79    293   1000   1374   1298 
   861    942    940    651    -53    -58    -58    -43    -59    542    904   1285   1137   1111   1104   1060 
   870     73    128    125    153    254   1044   1261   1312   1080    -88   -108   -106   -101    -97    -96 
   -76    -61    -62    -65    -88    -85    -59   -135   -181   -167   -154   -141   -134   -116   -104   -119 
  -127   -163   -149   -101   -118   -162   -169   -157   -154   -137   -139   -121   -129   -134   -158   -135 
  -107    -87   -137   -139   -134   -119   -108   -106   -113   -112   -134   -148   -111    -94    -68   -111 
  -131   -126   -114   -101   -116   -138   -145   -157   -137   -103    -77    -57    -71   -105   -111   -121 
  -102   -133   -144   -133   -131    -86    -81    -60   -136   -138   -155   -151   -158   -142   -156   -188 
  -174   -200   -132    -90    -56   -127   -135   -149   -137   -116    -72    -94   -132   -154   -174   -112 
   -94    -55    -90    -86   -133   -137   -108    -78    -95   -120   -175   -136    -88   -104    -70    -89 
  -125   -151   -148   -112    -92    -89   -125   -194   -200   -191   -145    -87   -101   -137   -162   -152 
  -107    -80    -79    -93   -147   -184   -182   -152   -103   -102   -140   -170   -152   -115    -95   -101 
  -104   -129   -153   -153   -132    -87    -81   -106   -125   -109    -90    -79    -77    -74    -83    -99 
  -102    -93    -68    -39    -24    -58    -80    -71    -71    -88    -85    -79    -57    -47    103    -18 
   -73    -55    -82   -108    -84    -84    -50    -45     14     78    -54    -10    -15   -125   -108   -112 
  -111   -153   -138    -46    -33     -4    -30    -34     37    -13   -127    -72    -72    -11   -130   -153 
  -156    -55    -30    -98   -106    -50    -22   -125    -87    -98    -56    -93   -118    -96    -67    -41 
   -46    -65    -63    -29    -63    -30    -19     -8    513    610   1074    833    890   1443   1529    554 
   -17    -98    524     -1    -39    290   1632   1428   1993   1923   1761   2002    774    -26    -72      0 
    73    -23     68    637    683    188    -62    -41    -19    426     -5    427    -58    606    299    548 
   370    903    444     -1   -179   -233    296     51    690    751    376    454    564    785    561    -23 
   -23   -230   -222    -51     -8    178    359    -11    -17    285    822    567    172     87   -122    -98 
    -1    -31     -4     -8    -84    -93    -62    -21    -40    -77    -77    -99    -75     -8    -37    -45 
   -29    -95    -97    -99    -79    -75    -80    -89    -77    -36     -6    -51    375    236    260     12 
    51     73    189    106     72    110    178    340    513    382    224      4    -24    -14     -8     62 
     0    -31    -15    -19    111    208    129     68    -12    -31    -13     -5    252    261      5    -10 
   -13    365    424    233     77     -5    -32     -7     -4    308     47     60     -3    241    625    476 
   160     -1    -21    -44    -33    -24      4     50     61    -15     88    530    508    421    227     81 
    13     52    334    447    645    968    528    559    766    522    672    533    275    -21    -41    -51 
   -28     -1    550    563    786   1418    696    210    -15     -7    -29    -65    -75    -39     -1    411 
   -23    398   1567    926     93    -22     -7    -43    -42    -59    -40     -1    -41   -145    -39   1109 
   868    549     99     10    -22    -34    -60    -42    -32    -74   -188   -123    315    612    788    471 
   107    -24    -43    -73    -60    -40    -30    -64    -21    548    598    668    506    296    -10    -14 
   -46    -36    -23    -18    -20    105    594    574    823    846    665    439    447    261    309    336 
   308    240    605    830    713     -1    -59    -77    -77    -78    -53    -58    -52    -63    -56    -33 
    -9    -13     63    -19    -36    -13    153    197    -12    111    -48    -63    -20      9    -18    -16 
   -50    -99    -73     61    126      0    239    -29    -70    -40     -1     48    253    -17   -107    -75 
    -5    209    417    595    461    -14    -29    376    417    682    462    -48    -81     47    633    583 
   466     -2    -10    319    956    750     -7    372    -38    -27     -5    -25    -97    -78   -104    -57 
   -41    731    570    -59    -98    -98   -118   -203   -223   -291   -242   -203   -200   -178    -14    -11 
   -38    -69    -79   -137   -202   -163   -271   -261   -339   -322   -317   -203    -44    -46     -5   -111 
  -102   -117    -93   -110    -36    -49   3014   2656   -124    -15    -26    -31    -58    -35    -39    -26 
    -7     -1    769   3842   3038    -24    159    -11    -24    -28    -45    -29    -10    -24    -48    -29 
   301     87     -1     45    -20    -36    -42    -56    -46    -47    -60    -60    -36    -18    -18     -2 
    -8    -41    -47    -30    -60    -56    -56    -38    -28     28     18    -22    -35    -37   1050   1426 
  1559   1645   1635   1520   1403   1245   1041   1045   1376   1473    927   1386   1595   1479   1394   1426 
  1348   1444   1225   1191   1221   1456   1457    809   1262   1319   1102   1071   1067   1095   1255   1417 
  1595   1274   1110   1126    504    773    864    728    928    782    988   1137   1554   1478   1224   1117 
  1223    593    470    668    763    768    451    245     -3     82    398    518    695    985    385    -20 
   -64     53      4    -98   -171   -157   -192   -157   -115    -34    665    215   -100    -94    -38    -37 
  -131   -201   -243   -205   -192   -259   -202     11    405    -77    -14    439    166    -53    -18    -46 
  -138   -283   -443   -309    -24    211    319    700   1898   1227   1133   1157   1448    749   -186   -324 
  -109   1100    193    542    447   1234   1369   1437   1604   1462    870   -107   -128    133   1233    402 
   574    773   1088   1006    878   1217   1349   1323    221    119    447    920    260    691    768    978 
  1073   1154   1249   1361   1539   1454   1290    998    989    371    573    816   1112   1191   1295   1404 
  1409   1424   1480   1440   1285   1019    441    -34   -107   -145   -105    -92    -89    -73    -78    -86 
  -101    -75    -57    -60    -24    -64   -126    -95    -49    -88    -83    -76    -68    -89    -92    -47 
   -58    -20    -80    -99    -34     47    -15    -47    -34    -51    -48    -71    -42    -42    -29    -59 
   -97    -37    -33    -51    -37    269    -22    -48   -102   -106    -53    -40    -38    -58    -39    -69 
   -93   -103     28    368    -42    -82    -79    -10    -71    -75    -65    -26    -96    -93   -102    -66 
  -131   -202   -210   -125    -24     -1    294    -39     -5    226    778    387   2145   1673   1140    387 
   -76    -16    621   1290    161     -1    -44    -46    -44    113     73    736    853    -80    -34    -70 
  -121    -63    -36    -27    -43    -35    -74   -162   -253   -349   -225    -64    -88   -170   -136   -124 
   -68    -55    -25    -10    -75   -249   -327   -170    -46    -97   -129   -152   -145   -137   -111    -70 
   -42    -53   -121   -100    -44    -26    -80   -107    -96    -82    -84    -69    -49    -28    -34    -45 
   -75    -66    -56    -85   -107    -87    -80    -72    -57    -36    -24    -27    -50    -78    -72    -60 
   941    410    611    402    323    508    469    527    344    475    345    323   1238    480    -40     -3 
   -35    -28     26     -8     -1    -14     -5    -20    -30   1197    260    -49    -25    -53    -57    -46 
   -33    -25    -34    -19    -29    -42   1139    190    -61    -44    -57    -58    -65    -21    -42    -53 
   -43    -41    -33   1094    410    -44    -44    -52    -70    -79    -56    -68    -87    -55    -58    -28 
  1084    438    -80    -54    -66   -107   -148   -104   -157   -162   -110   -103    -43    960    204   -168 
   -98   -105   -158   -209   -153   -197   -174   -183   -177    -59    815     11   -185   -144   -100   -149 
  -201    -89    -86   -107   -229   -246    -95    813    127   -207   -150   -108   -107   -139    -74    -91 
  -117   -246   -208    -64   1026    504    -80    -76    -57    -47    -47    -62    -52    -69    -90    -46 
   -14   1310    652    -31    -36    -25    -23    -26    -42    -55    -52    -72    -30    -28   1287    796 
   -17    -26    -23    -23    -31    -36    -36    -34    -21      0     92   1484   1034    407    385    354 
   423    349    348    304    345    460    651    693   1588    455    276    102    339    238    264    246 
    -2    176     35    560    560    253    400    864   1503   1375   1401    817    903      0   1021    558 
  1042   1076    623    797    885   1613   1406   1274    361    538    -36    555    737    861    182    263 
   335   1050   1609   1765    950    309    230    385    -30    -61    -13    130    540    -17     -4      0 
   291    -91    -98    -92    -68    -81   -127   -109    -80     -3    -57   -137    -61    -83   -216   -226 
    31     -8   -143   -214   -181    -49    200   -142   -198   -112   -166   -319   -277   -249    -73   -242 
  -539   -406   -189    -62   -200   -215   -148   -222   -425   -380   -345   -328   -693   -941   -731   -238 
  -125   -129   -219    281    136   -117   -116    -10    -83   -406   -766   -788   -163   -104     78    431 
  1635   1056    485     -4    100    -52   -140    -98   -170     97    -49    -30    -18     -1     11    -82 
   -83    -43    -19    -62    -45    -23    528     53    -34    -54    -46    -12    -39    -26    -51    -48 
   -34    -51    -32    195    -17    -67    -52    -35    -20    -29    -44    -47    -40    -17    -29    -43 
    -9    -26    -39    -86   -120   -103    -76    -67    -98    -56    -61     45    -30    -37    -50    -88 
  -160   -198   -216   -231   -198   -177    -87    -96    -44    -38    -19    -33   -109   -180   -196   -200 
  -239   -223   -203   -125   -103    -62    -56    -46    -44   -101   -205   -243   -269   -308   -324   -317 
  -180   -181   -188   -182   -111    -40   -102   -188   -226   -245   -323   -357   -375   -286   -291   -273 
  -201   -122    -53   -110   -205   -197   -204   -282   -368   -336   -317   -331   -348   -194   -157    -97 
  -122   -202   -156    -82   -147   -222   -146   -168   -255   -515   -332   -224    -48   -102    -81    -53 
   -56   -142   -113    -83    -91   -144   -182   -148   -122    164   -135     -7    190    168    -19     49 
   286    -17   -152   -263   -185   -104    218    -63    -54    -52    -60    -79    -90    -67    -96   -199 
  -270   -237   -135    -22   -103    -94    -86    -87   -112   -107   -117   -129   -139   -133   -157   -107 
   -44    -69    -64    -72    -68    -45    -40    -27    -14    -22    -31    -50    -41    -27    -50    -52 
   -56    -45    -33    -32    -22    -20    -37    -45    -58    -50    -29    109     -7    -14    -27     17 
    63    -10     35    216    359    222    272    368    288    195     -3    -15    240    291     78    100 
   368    405    422    452    447    327    248      5     -4     23    171     49    -14    194    331    445 
   405    385    187      8    -18    -24     -8    255    217    -11     87    238    357    352    385    325 
   308    -12    -14    -10     12    112     29    108    232    425    321    561    276    209    -11    145 
    19    -42    -55    -69    -39    -25    -12    177    424    124    -45    -15    114    -22    -62     -2 
   -26    -88   -101   -104     30    495    245    -51    -26    232    290    -17    294    549    -30   -139 
  -130    274    559    525     -4    -21    130     35     70    407    744   1010    -63    -91    594    577 
   362    148     -1     -2     -8     98    425    743   1357     39    -41    579    624    437     85    -37 
   -52    -54    -10    153    245    706    309    363    697    608    413    185    -24    -63    -60    -14 
     9     37    562    630    569    539    530    393    184    -12    -37    -33     38     97    106    531 
   654    521    459    434    -31     -6    -42    -34    -58    136    -51    154    -56     56    -65    -36 
   -58    -38    -42     -3    -12    -25    914   -110    -15   -117    538    -86    -15    -75    -18    -24 
   -46    -89    -33    390    -75     -5    -43    -16    -91    -15    -73     75    -28    109    -54    602 
   157    182    -79    775    -26    -72      4    -66    122     -8    364    -38    405    831    602    -20 
   708    180     -8    104    -57     22    -21    -64    -49    -53     97    -23    282    921    -12    -27 
  -161    -21    -35    -55    688    -45   -214    -66    980   -254   2258   -134   1701    -87    -28    -87 
  -161   1473    360   -103    -26   1149    -25    547   -365   2694    -21    -42    580   -109    -35    549 
   383    -10    240    -27   -181    -54   3439    -91    -45    300    -66     -4     74    -22    -22      7 
   -21   -145    -55   1665     46    -69     -9    -43    -13    -33    -40    -49     -5     62    -17    -64 
   -48    -66   -101    -24    248     -9    -14     -6    -26    212    118    -29    152    -56    -86    -95 
   -18    -36    -27    -24     -4    -33     35     64     24    243    -58    -76    -88    243    -23     -7 
    49     90     -4    -11    -24    -17    -23    -26     -7    396    -47    -96    -80    -74    -67    -92 
   -92   -103    -58    -86   -122    -84     -8    -25    -89    -70    -54    -74    -89   -102   -118    -82 
   -89   -115    -94     13    -19    -90    -62    -59    -61    -92    -90    -69    -57    -60    -86    -77 
   126    206    -28    -27    -29    -53    -94   -126   -112    -75    -60    -71    -64     69    -10   -105 
   -93   -121   -173   -184   -154   -180   -122   -112    -92    -81    -17    -52   -149   -126   -119   -116 
  -114    -83    -78    -97   -142   -105   -149    -32    -33    -92   -151   -144   -160   -135    -69    -57 
   239    242    213   -111    -15    -11   -127    -91    -76   -109   -114    -74    -43    -37   -130   -167 
   -85    409     29    -69    -54    -57    -74    -95    -93    -31     -6     -9    -15    286    811    -11 
   -65    -39    -52    -75    -77    -87    -90    -91    -78    -92    -47    388     -2    -64    -53    -60 
   -78    -68    -83    -72    -95    -74    -69    -44    451    599    299    350    339    307    282    230 
   128     32    154    329    476    869    241    -21     -4    217     54    -16    -14    -11    223     30 
   200    126    -31    206    -34    -11    290    261     19    457     -3    317    130    253     34    -48 
    -2    -26    -20    424    746    568   1372    435    375    141    495    460    -11      0    361    268 
   513    199    763   1153   1157   1109    855    963    760    393    699   1185    667    926   1100   1939 
  1810   1717   1260   1498   1209    838    196   1570   1858   1896   2205   2374   2657   2953   2734   2142 
  2938   2340   1959    538   1629   1084   1341   1754   1060    826   1402   2230   1995    611    -33   1308 
   329     81   -127   -125    700    556     47    -27    129   -311   -667   -605   -239    -69    960    179 
   220   1079   1046    889    599    302   -224   -498   -549   -288    -91   1078    816   1051    941    908 
   528    683    703    -47    -98   -124    -46    -23    360    -68    -90    -88    -97    -71    -32    227 
   351    161    263    219    -22    412    -53    -83    -87   -130   -127   -134   -114    -93    -77    -48 
    -3    -22    861    767    655     65    -26    -27    -25    -10    192    500    731    870    386    717 
   686    666    602    604    628    656    597    644    603    578    556    690    580    436    360    389 
   438    440    409    351    238    321    371    507    628    753    625    426    480    527    596    544 
   644    588    567    609    590    614    821    673    477    455    550    627    442    440    527    577 
   565    538    648    727    559    436    413    419    413    507    434    434    524    587    730    755 
   656    585    521    512    546    686    506    572    583    451    545    681    742    769   1157    781 
   553    675    858    274     32    141    823   1191    665    655    708    746    564    565    258    203 
   290    208    366    909   1159    796    782    587    313    308    225    240    260    306    334    416 
   648    725    637    711    598    473    193     60     28     52    133    226     64    159    425    542 
   641    650    570    422    331    158     11     65    140    260    247    446    627    666    540    420 
   344    252     73     -1      0     75    186    263    375    475    560    478    290    211    124     47 
    -5     -6     -3     -2     90    211    320    478    -78    -30    -33    -53    -48    -43    -28    -48 
   -50    -45    -46    -37    -21    -26    764    684    363    601    603    769    635    421    133      0 
    40    289     32   1107    880    444    731    765    973   1036   1116    694    597    541    521    163 
  1124   1084    751    478    744   1131   1454   1151    493    586    870    777    175   1362   1271   1001 
   791    858    964   1060    685    301    377    415    541    -40    378    121     58    -68    -48    -29 
    13    -53    -79    -90    -54    133   -141   -103    -73    -27    -60    -20    106    821     -8   -145 
  -170    -88    310    -58     -2    -54    -33    -51    -33    496   1793   1261    -22    -76    -42    450 
   -84    -95   -135    -61    -93    -96    -67     60    -55   -161   -172    -83    386    -62    -28    -46 
   -32    -71   -102    -98    -42    -28   -106    -90    -22     -1    -87    -68    -98   -107   -113   -138 
  -145   -120    -75   -106    -54    -21    -22    -94    -79    -88   -115   -141   -175   -183   -177   -173 
  -155   -119    -85    -44    -87    -70    -73    -91   -114   -135   -135   -132   -131   -124    -94    -66 
   -35    535    230    439    372    375    620    570    874    464    709    383    422    795    201    -20 
   -26    -44    -55    -47    -16    522    423    249    -25    -35    409    -16    -57    -86    -98   -107 
  -126    -76    -23    -34    -98    -80    -50    545    -31    -67     18    -23    -24    -89    -30    -22 
   -22    -83    -35     -4    574     -1    -10    391     26    124    -44    -88    -78    -44    -12    602 
   815    845    632    466    703   1091   1535   1467    341    -43     -9    739   1126    757    605   1187 
   749    695    429    632    351    756    -28    -35    -73    -27    -12    670    -32   -134   -115   -125 
   -75    -72     -2    -33   -308   -444   -537   -375    290    -12    -58   -141   -122    -33    -41    -31 
   -66   -303   -337   -432   -339      5     24    -72    -57    -44     46    -25    -51   -143   -276   -341 
  -410   -264      7     95    -73    -99   -134    -92    -82    -92    -77   -146   -174   -153    -91    245 
   216    -73   -114   -142   -109   -114   -107    -86    -80    -61    -48    -36    392    259    -45    -56 
   -86    -68    -70    -52    -19    103    223    217    -10    345    133    508    299    305    253     22 
   117     89    132    100     98     81    -23    321    987    561    533    383    124    526    351    213 
   246    317    495     -2    179    699    378    230      0     -2    291    332      0    -13     38    461 
   -10     -3    488    -15    -19    -52    -26    -21     10    -53    -78    -52     70    -28    -15    151 
   -46    -46    -78    -59    -74    -60    -96   -121    -95    -36    -56    -38    213     -9    -32    -30 
    29    -93   -148   -162   -170    -91    -54    -66    -48     -6     40    -27    -60    -58    -64    -86 
  -180   -227    -70    -63    -76    -49    -31    -34    -40    -54    -11     -4    -21    -74   -150    -95 
  -138   -139    -62    -15    -28    -81   -123    -75    -53   -100   -106   -119    -73   -108   -148    -33 
   167    -26    -48    -38    -84    -89   -124   -178   -193   -122   -111   -119    -18    124    -28    -43 
   -51   -125   -123   -118   -206   -210   -102    -81    -66    -30    180     -3     -8    -38   -115   -114 
  -111   -155   -155    -73    -58    -63    -25     38    -11     -9    -28    -86    -82    -80    -96    -97 
   -65    -56    -63     45     -9    -27    -17    -23    -21    -43    -32    -39    -38    -42    -52    -55 
  -100   -105   -112    -72    -77    -89    -90    -76    -81    -92    -75    -47    -69   -106   -121   -117 
   -72    -78   -112   -107   -102    -69    -70    -62    -41    -71    -90    -95    -98    -18    -25    -86 
  -126    -99    -41    -26    -41    -42    -64    -61    -49    -55    -27    -41    -52    -73     17    231 
   208    -23    -58    -77    -52     -7    -57    -27    -49     -6    -26    711    279    -39    -40    -49 
   -44    -95    -15    -69    -31    -56    -67   -113    -88   -206   -248   -119   -106    -35   -124    -58 
   -86     47    -13      7    -26    -53   -253   -390   -354   -298    -66      9    803   1305   1444   1341 
  1407   1357   1396     76    -51   -181   -147    -38    579   1350   1719   1518   1435   1486   1548   1660 
  2126   2507   1731    995    437    391    702   1311   1164    947   1035   1108   1550   2109   2299   2199 
  1758    860    603    690   1316   1313   1244   1315   1247   1357   1481   1696   1783   1673    930    426 
   631    925    840    570    484    442    440    482    827   1023   1014    448    390    774    961    788 
   769    714    602    523    504    581    523    239     -4    -55    -54    -32    -19    -50    -63    -68 
   -88   -107    -89    -31    -38    -30   -118   -100    -43    -18    -29    -56    -57    -49    -82   -115 
   -81    -59    -33    -51    280    581    834    845    382    -49    -84    -14    -20    -40    -48    -27 
   -50    -53    -45    -19    -49    -64    -71    -88    -41    -19     50    -25    -70    -51    -35    -40 
   -14    257    697   1334   3069   3000   1744    949    426     -9    809   2059   1142    161    529    202 
   -34   -119    -21    846   1104    100    -52    -75   -134     -3    332    348     39    363    -31    517 
   -55   -124    -24     -8    -29    351   1354   1238   1495   1189   1459    625    602    967    501     -5 
    -8    -41     -8     14    -25     -9    140    346    -23    -87    -57    -52    -58    -45    -45    -31 
    21     -3    306    340    317    373    566    827    404      3     -6    -32    157    667    775    961 
   999   1110   1124   1233   1219    932    649    552    -70    -30     -4    105    127    222    201     61 
    -7     -6     -4     -9    -15    -34    -43    -32    -22    -11     -1     -2    198     61     85      0 
    58    467    -90    -89    -39    -39    -28    322    327    372    132     28     43     94    618    -58 
   -57    -13    -14    155    551    681    533    489    282    243     83    572    -18    -62    -17    -67 
   -16    -21    300    302    402    406    317    123    589     -7    -34    175    134    -11    -28      3 
    74    107    427    667    487    708    146    -43    -30     -6    -27    -59    -29    -78    -77    -61 
   -48    -30    304    328    -70    623     -7    -65   -186   -115   -239   -150    -27    -22    750    309 
   -12   -106    179    -16    -41   -131    -22    -44    -54    -72    -49   1081    883      1    -79    -68 
  -102    -76    -75    125   1039   1436    350    499   1240   1048    -49    -69   -126   -108   -108    -77 
   -31    475   2480   2299   2298   1721    891    -40    -71    -94    -71    -66    -87    -58    -16    721 
   661    823    526    504    -54    -65    -50    -42    -48    -74    -63    -48    -42    -34    -16    -33 
    15    -13    -23    -37    -42    -57    -77    -66    -59    -39    -33    -27    -52     -4    319    536 
   243    266    220    376    198    324    -17    -14    -27    -30    -27    363    105    -11    132    425 
   808    309    590    -17    -18    -47    -49    -57    634    582    464    536    894    987    791    855 
   412    534    217    229     -9    454    228    371    269    575    610    876    775    883    915   1087 
   830    428    233     67    363    187    497    260    501    401    645    687    558    791    309     -5 
   -20    261    424    625    -43    -64    -80    132    759    394    803     -9    174     87    -32    -59 
   -41    -60    -78    -64    296    451    546    678     -1    -58    -42    -85    -18    304    236     60 
   437    -88   -247   -192   -139    -15    -29    199    -23    -19    110    305    -46   -153   -358   -401 
  -325   -246   -105     26    283    337    115    709    782    386    -73   -264   -268   -275   -236    -93 
   263    528    608    792   1313   1610   1568   1222    511    757     -6    -51    -16    331    238    150 
   743   1325   1422   1348    924    925    698    243    169    119     65    -16    -15    245    594    736 
   729    654    463    160    -18    102     91     12    -34    -76    -59    -49    -62    -51    -40    -43 
   -43    -44    -38    -29    -26    -66   -102    -57    -51    -50    -39    -31    -31    -17    -44    -61 
   -53    -22    -69    -74    -23    -18     -7    -16    -29    -49    -47    -50    -71    -57    -14    -40 
   -63    -15     -9    -13    -30    -27    -57    -74    -64    -86    -59    313    252    228    338    449 
   203      0     -5    -13    -27    -75    -75    -41    697    573    597   1008    929    437    424    266 
   257     -6    -40    -31    150    681    305    -36    756   1367   1028    768   1341   1036     97   -112 
   -74     77    643    516     -1    877   1380   1339    539    502    478    -84   -268   -174    -27   1186 
  1343    818   1142   1305   1307    993    934   1197    -14   -187   -122    -46    787   1201    990   1147 
  1244   1272   1238    998   1350    499    -45    -46    -35    752   1042    748    656    627    787    853 
   865    983    674    383    111     -5    805   1223    920    785    710    777    807    836    766    624 
   459    536    385    735   1175   1106   1050   1035    911    900    892    905    883    783    816    540 
    -5    -16    -12     -9    -16    -22    -11    -19    -19    -24    -25    -20    -16    -31    -55    -62 
   -46    -50    -46    -41    -50    -58    -58    -74    -64    -51    -25    -50    -50    -47    -43    -31 
   -49    -55    -61    -58    -70    -63    -47    -26    -44    -59    -47    -56    -46    -65    -79    -70 
   -85    -82    -67    -41    -39    -61    -68    -81    -93   -100   -109   -129   -101   -119   -100    -72 
   -42    -53    -79    -94   -108   -121   -121   -147   -164   -150   -151   -137    -93    -50    -44    -82 
  -106   -123   -126   -139   -165   -189   -174   -147   -136   -103    -52    -41   -120   -110   -120   -123 
  -139   -128   -141   -131   -184   -147    -97    -48    -24    -99    -97    -97    -99    -91    -87   -110 
  -117   -188   -168   -127    -64    -11    -58    -48    -68    -71    -58    -51    -94   -119   -140   -115 
   -79    -57    -14    -40    -35    -49    -65    -55    -50    -76    -74    -76    -64    -51    -47    -19 
   -32    -40    -47    -52    -54    -51    -61    -59    -48    -41    -30    -29     21      0     -1     -8 
   -10    -14    -18    -17    -15     -5     26     66     20    -16    -25    -17     -9     -5    192    546 
   677    772    703    300    424    454    -77   -111   -108    -84    -84    -77    -17     -5    113    127 
   -31    -45    -23    -62   -114    -79    -39    -44    -41    -35     -6    222      7    -28    -67    -16 
   -39    -87   -114    -75    -79    -40    -40     -4      0    -23    -65    -95    -43    -24    -79    -98 
   -32    -45    -23     -9    352    417    -13    -29    -38     17    -13    -25    -22    -15    -16    -20 
   -41    -64    -20     40   1025    929    472    185    442    815    838    623    -18    160    -10    -27 
    42   1243   1779    891    982    420   1209   1369    994    939   1203    876    944    828   1631   2835 
  1003    758    864    859    490    613    813    938    321   1267    617   1560   1755    284    668    551 
    -9    118     14    511    683    784   2202   1118    901    425    -27     83    -29    -49     32    393 
   708    748    206    888      3     55    -28    -47     12     -2     -8    178    464    695    711    429 
   343     -4    -11    -33    -32    139     91     -1     73    186    273    431    356    301     31     -5 
   -10    -11    -11    -61    -46    -66    -72    -57    -45    -35    -58    -30    -41    -61     -9    -42 
  -103    -86    -80    -98   -103    -83    -53    -96    -98   -101   -123    -19    -16    -67    -55    -68 
   -77    -86    -70    -25    -13    -40    -68    -96    178     -9    -90    -66    -91    -95    -99    -57 
   -77    -64    -38    -47    -68    372    -11    -84    -80   -101   -154   -173   -133   -125   -142   -106 
   -83    -62    279    -75   -155   -122   -153   -214   -251   -276   -293   -281   -228   -227   -110    112 
   -58   -137    -84    -96   -111   -164   -194   -248   -333   -229   -211   -120     -4    258    -78    -67 
   -42    -25    -47    -10    -62    -86    335    113    -75    186    167    -47    -20    -31    -30    -25 
    -1     66    697    677    505    -25    313    323    -14    -68   -101    -87    -77    -66    -12    661 
   -26    -29    -24    397    303    -16    -36    -44    -47    -79    -87    -73     42    -32    359    388 
   760    316    229    120    -10    -35    -65    -63    -65    -30    -17    524    404    816    -22    -46 
   -58    -70    -80   -102    -98   -100    -83    -82    -46    -46    231     -3     -8     -3    102     -4 
   141     33    128     23    218    423    384    335    -14    -14    -10    -17    -30     -9     -3     -3 
    -2    -18     13    161    227    -17    -21    -30    -23    -52    -64    -40    -47    -42    -58    -52 
   -12    -13    -41    -52    -62    -42    -70    -87    -68    -58    -80    -93   -101    -54    -41    -74 
   -76   -104    -64   -128   -107   -124    -76    -93    -95    -98    -75    -46    -80   -100   -128    -92 
  -121   -137   -120    -82    -92    -95   -109    -63    -30    -79   -124   -147   -120   -143   -140   -130 
   -85   -115   -158   -142   -108    -23    -99    -76   -154   -110   -148   -103    -81    525    -41   -106 
  -100   -104    141    -87    -59    -86    -33    -65    -78    -53     29    -54   -107   -127    -82    193 
   -50    -44    -44    -37    -37    -58    -55    -35    -24     -3    -27    -44     -9    -42    -44    -43 
   -53    -60    -61    -64    -65    -55    -61    -69    -68    -46     -4    -18    -27    -34    -25    -29 
   -33    -30    -15    -26    -31    -27    -18     -5     -3     -2     -9    -10    -13    -11     -5     61 
   117     -2     28     -7    -38    -48    -27    -33    -54    -64    -36    -38    -65    -71    -63    -55 
   -22    -56    -55    -32    -46    -72    -89    -51    -47    -73    -63    -71    -65    -18    -72    -91 
   -55    -66    -91   -115    -75    -81   -103    -86    -87    -84    -34    -69   -101    -75    -76    -99 
  -124    -95    -87   -121   -119    -97    -90    -45    -71    -94    -60    -78   -109   -101    -87    -75 
  -108   -126   -103    -79    -41    -53    -88    -59    -45    -81   -124   -150   -120   -135   -153   -132 
   -89    -38    -57   -113    -56    -16    -76   -152   -111   -101    -81   -126   -158   -104    -28    -41 
   -86    -43    -13    -31    -52    -72    -70    -65   -155   -226   -155    -27     18    116    -13     -8 
    -9    -25    -29    -29    -77   -123   -114   -100    -32      9    228    195    343    343     -5     -7 
    -7    -61    -96    -78    -89    -34     -9    269    421    542    499    -18    -30    -32    -97   -137 
   -94    -80    -45    -30     64    257    494    360    -36    -35    -44   -115   -125    -74    -71    -39 
    -5    185    368    578    451     -8     16      0    -61    -71    -30    -24    -11   1021    743    800 
   606    535    815   1109    799    734    623    960    933    674   1034    652    488    428    405     14 
   580    647    892    895   1259   1347    979   1007    702    731    685    587    120    598   1157    832 
   600    873   1461   1184    818    492    180    779    588    115    142   1017    652    256    289    781 
   719   1252    942    684   1111    814    546    550    740    280    181    159    673    572   1491    961 
  1259   1592    892    477    574   1009    788    159    692   1192    781   1234    320    698   1494   1396 
  1059   1745   3180   2746   1382   1111   2361   1457   1361    662    746    616    673    336    713    894 
    18    -67    289   2798   1319   1092    814   1013    924    599    241    457     -3   -122   -208   -137 
   826    723   1197   1070    573    877    444    303    413    915    223    -43    -46    287    701    899 
   224    -25     88    -37    -49    -18    186     -6    -29    294    305    430    895    136    -22    -16 
   -52    -63    -52    -40    -77    -68    -48    -15    310    886    580    463    301    143    224    348 
   488    315    304    433    358    591    262    185    315    169    484    314    432    615    965    898 
   638    475    180    467    544    762    933    890    889   1119   1096   1104    873    641    547    269 
   274    592    944   1048    886   1068   1387    933    536    408    171    101    -18    289    815    594 
   762    931   1060   1410   1122    635    661    658    559    221    518    910    726   1134    879    810 
   415    269    134     36    123    432    579    505    434     85    737    448      1     11     63    258 
     8    -31    309    581    354    -44    -14    -47   -118   -194   -203   -148   -118   -107   -123     -7 
    46    -56   -176   -182   -166   -226   -200   -180    -88    -23   -142   -190      0    187   -139   -156 
  -192   -177   -193   -145    -91     -6    545    -28    -17    509     -9    -28    -78    -85    -64    -33 
   -21     -5    810   1887   2301   1961    937    115     34    -17     -3     53    291    135     45    160 
   248    813    510    -31    -20    232    262    598    770    750    593    399    367    240    339    324 
    50     36    -33    -55    -27     -7     -3     12     56     17     25     17    -14    -32    -30    273 
   251    656    527    485    350    375    488    231    -22    -37    -55    -14    -15    -30    -14    -23 
   -35    -15    -23      3    306    -16    267    -27    135     92    196    649    777    332     27    -29 
   -62    115    118    617    184    362    178    245    269    151    -28    -78    -92   -118    -49    -61 
   -29    -39     -2    -36    -48    -89    -72   -138   -134   -120    -73    -41    -33    -51    -34    -11 
   -15    -31    -41    -16   -131   -118   -122    -78    404    -28    -63    -30     22    212    -40    796 
   905    -69   -145    -76    -78    -19   -180   -155    -59    122    -27   -111    581   1505    596     -1 
    -9    -33   -197   -372   -365   -153    377    -27    -33    -33     50    233    279    -17    -48   -239 
  -314   -188    -79     -6    -68    -36    -50    368    747    715    183    -78   -203   -328   -292   -230 
   -57    -42     -8     -5    229    444    263    301     -3     37    -12    -55    -98    -23    -80    -82 
   -71    -45    -20    -19     -3     11    153    260     -7    -56    -12    -29    -30    -43    -41    -41 
   -38    -21    -12    101      5     39    -18     77    346    214    190    102     -5     87     -4    494 
   305    413    213    126    188     -7    -41    -38    -46    -42     34      2    588    393    477    346 
   145    216     -2    -19     -3    -15    -16    -12     78    352     87    441    330    126    115    -51 
   -61    -57    -33    -25    -83    -35    -48     39    292      4    -58    -29    -38    -54    -75    -89 
   -85   -120    -93    -91    -43    -41    -53    -83    -54    -56    -44    -52    -28    -77   -111   -116 
   -35    -64    -15    -12    315     -8     -7    -41    -48    504    226     -4    831    222    -68    -26 
   -24    729    322    901    545   1287   1489   1625   1570   1572    813    473   1116    469   1398    405 
  1522   2168   2422   1545   1916   2272   2321   1987   1687   1832    979   1112    391    836   1519   1877 
  1455   1860   1695   1581   1321   1056    432    309    557    285    638    945   1267   1187   1698   1767 
  1726   1496   1832   1264   1180    433     -8    802    873    949    842   1257   1270   1224    933    874 
   423    379     -7    -11    492    416    387    313    494    387    377    379    424     97    114     -1 
     4   1491   2125   2323   2264   2065   1909   1994   1595   1624   1577   1654   1539   1407   1789   2424 
  2424   2510   2182   2019   2122   1752   1417   1301   1560   1584   1500   2241   3359   2986   2886   2655 
  2436   2096   2324   2254   2060   1708   1658   1286   2155   2882   2866   3203   3422   3006   2685   2089 
  2430   2314   1844   1561   1122   1928   2468   2437   2871   2550   1926   1616   1557   1725   1895   1728 
  1748   1090   1537   2055   2068   2465   2308   1947    956   1669   1772   1520   1077   1538   1054    816 
  1090   1269   1156    511     -6    -83   -187   -195   -125    -36    327    676    -57    -38    -90    -13 
   -31    -40    -68     -2    -38   -195   -130    -93    448    -11     37    -51    116     54     -7    -22 
   -80   -171   -232   -242   -183     -6    499    815    769    464    286     30    -22    -45    -66    128 
   -65    -33    361    493    834   1271   1047    751    505    219     31    263    947    548    493    641 
   530    622   1080    902    649    638    597    539    700   1047    912    828    749    839    837   1116 
   929    904    877    714    586    540    669    734   1005   1008     -2    -27    -30    -46    -52    -50 
   -54    -24    -26    -26    -33    -28    189     82     -8    -15    -27    -28     -5    -30    -12     -4 
    70    139     29    428    228     49    -16    -35    -44    -26    -33    -34    -31    -19    -18     -6 
   492    185    -16     -3    -18     -4    -29    -23    -47    -57    -28    -25    -17    402    -11    -18 
    91     70    104    -33    -25     34     78    174     -3    -17    342    416    441    136    127    211 
   -12    -33    -32    -20    577    750     -3    246    704    133    447    249    -90   -163    -71    -47 
   -30    914   1296    787    459    -51   -146    -63    514    224    -17    476    789    289    -92   -120 
   -76    457    322    178     17    339    192    349    333    421    -14   -163   -161    -75    499    601 
  1060    845    888    688    563    505    603    389    -70    -62     -9    946    565    798    736    754 
   610    362    419    513    653    481    644    707   1103     -2     30    115     68     51    -14    -12 
    -3     74    213    265    151    584    661    650    478    433    443    249    228    179    182    240 
   371    450    815    -34    -45    -68    -59    -49    -65    -46    -72    -44    -80    -75    -71    -43 
   -21    -19    -49    -18    -17    -42     89    -50    -61   -106   -106    -92    -44     71     92    -46 
   -10     -6    -11    -23    -46    -43    -55    -55    -77    -44     -6    -20    -69    -47    -59    -17 
    28    -21    -54    -48    -37    -59    -10    128     -2    -37    -17    -62    -55    -56    -21    -48 
   -37    -23    -31    292    -13    -36    -56    -54    -78   -107   -169   -122   -142   -130   -102    -45 
   115    -58    -30    -15    -15    -21    -56    -92   -165   -157     -2    -22    -44    -23     -1    708 
    -6    -10     -2     32     -2    620   1081   1645   1430    317    110    -34    -78   -133    -81    -77 
   -49    -81    -38    -82   -217   -190    -69    -15    -26    -97   -111    -97    -70    -58    -62    -26 
    -8    -97    -97    -22    -48    195    -27    -48    -39    -22    -30    -23    -29    -26    -76    -92 
   -30    -24    189    -17    -34    -42    -43    -61    -64    -67    -67    -68    -51    -41    -33     -9 
   -39    -56    -53    -46    -62    -78    -76    -80    -77    -62    -42    -29     62    -19     -9     -3 
    -8    124     81    180      1    270    375    130     -4    135    -18    -11     -2     -9      4     -1 
   320    180    375    640    393    -13    229    -33    -33    -18     39     -2    -32     -2     85    260 
   282     -1    -34    377    -33    -44    -21     66     36    -14      0    135    274     85    -30    -52 
   305     -8    -21    136    243    108     26    105    379    567    327     26    -39    178    -14    -20 
    25     60     -2    -32    -27    197    491    322     -2    -37    367    285    419    114    422    526 
   -26   -114    -75   1068   1317    198    -21    241   1123    722    347    519    510    100    -15    -21 
  1767   2379    420     88    306    376    392    351    163    158     14    121    -10    308    996    191 
   -13    -17     22    -17    -30    -34    -48    -40    -35    -12    -26    161    -43    -61    -32    -12 
    -6    -22    -53    -68    -70    -85    -64   -100    -84   -106    -83    -65    -83    -64    -77    -94 
   -98   -104   -110    -95    -93    -96   -114   -106    -75    -95    -81    -90    -95    -98    -92    -90 
   -82    -85   -101    -99    -78    -31    -64    -48    -59    -44    -40    -23    -25    -21    -25    -27 
   -26    -24    -14    -35    -18    -24    -10    -15     83    -12    142    -10    -26     -5    -14    -22 
   -37    -31     66    242    179    299     -2    541    159    -68    -26    -34    439    690    642    645 
   851   1567   1242    525    877   1096    480    652    375   1044   1683   1729   2165   1906   1783   1221 
   745    593    826    704   1007    838    587   1168   1745   2033   1586    347    -25   -117    -36    -32 
    -7    726    748     59    569    650   1150    646    -30   -163   -217   -169   -148    -87     -3    336 
   -47     99    -50    638   1048   1216    -46    -73    -59   -130    -61    -10    285    123    572    -11 
    -2     49    478    -16    -52    -62    331    814    544    163    -34    -65    -21    -44    -44    -60 
   -54    -35    -42    -35    -35    422     -1    -53    -84    -53    -52    -71    -87   -109   -106    -98 
  -133   -101    -35    -49    -29    -66    -83    -81    -75    -69    -74    -71    -74    -89    -97    -51 
   -35    -33    -64    -80    -63    -40    -31    -48    -50    -50    -68    -86    -47    -39   1851   1874 
  1772   1862   1879   1753   1639   1426   1529   1375   1685   1752   1437   2035   1927   1675   1779   1794 
  1796   1557   1233   1370   1214   1719   1718   1408   2205   2151   1766   1650   1838   1980   1736   1504 
  1551   1402   1803   1754   1348   2106   2014   1419   1441   1417   1623   1500   1536   1514   1187   1587 
  1713   1165   1809   1727   1312   1216   1049   1407   1237   1205   1053    933   1174   1520   1238   1477 
  1320    894    834    540    671    198    557    235    346    789   1211   1123    670    681    355     -3 
   -55    -18    -29    155    -43    -45    188    850   1083    273    -19    -31    -37    -63    -42    -52 
    -6   -113   -168    -50    621    814    609     68    -21     -9    -21    -11      0    347    -30    -29 
   350    955    745    941    324    193    165     50    152    280    325    -16     -8    164    868    767 
   983    417    213     -1     -2     33    145    149    127    115    324    912    806    814    247      0 
   -23    -31    -24    -23    -16    -10    -10     91    662    718    797    386    197     48     52    170 
    51     41     74     96    298    605    676    685    -34    -38     -9    -12    -15    -22    -14     26 
    88     -2     22    779    301   -114   -101    -85    -89    -65    -59    -76    -44    -43    -62    -85 
   540     -2   -141   -106    -90   -106    -79    -55    -55    -79    -48    -39    -42    715    121    -79 
   -68    -57   -109    -84    -76    -56    -79    -56    -66    -67    612    246    -85    -62    -34    -90 
   -87    -59    -82    -86    -36    -45    -63    767    407    -90    -38    -19    -34    -40    465    -18 
   -30    383     13    -33    692    625      7    319    -40    -69    -35     68    242    292     29    390 
   284    718    534    -53    -45    -68   -129   -186   -109   -116    -81    -96    -62     -7    631    676 
  -139    -35    -19    -40   -110    -50    -35    670    -58    -69    100    657    874    -53    -46    -31 
   -44    -77    -75    -31    339     -2    303    295    860    802    -30    -12    -21    -33    -69    -67 
   -51    163    -22     -9    -27    722    686    -50    -23    -29    -43    -79    -79    -74    -24    -27 
   -35    -40    628   1239    769    824    582    357    144    236    196    507    660    787    824   1201 
   409    427    365    533    511    677    409    232     -3     -2    418    492    379    317    470    297 
   757    814    844    564    619    452    161    204     -2    -10    166    456    425   1077   1226    803 
   790    504    457    209      0    162     -2    627   1038   1033   1616   1381    706    590    921   1020 
   714    266    446    345    384    755    769   1250   1085    884    503    968   1002   1018    493    212 
   148    469    534    360    653     -1    -36     85    607   1174   1243   1064   1006    420    156    109 
   278    897    983   1069   1061   1481   1349    298    347    972    634    535   1593    660    858   1200 
  1432    912    688    -23     -4    584     -1    399    754   1545   1170   1771   1580   1412   1030    246 
   -92    119    -39    -70     33    972   1570   1716   1915   1919   1755   1474    776    649   2169   1192 
   343    163    226    649    942   1138   1138   1113   1087   1126   1605   2229   1292    517    119    298 
   553    777    956    841    937    922    952   1369   1358    835    816    521   1093   1771   2128   2206 
  2194   2136   1943   1890   2008   1930   1551   1656   1029    260     -1    -19    -33    -34    -30    -26 
   114     -3     20    -18    -26    388    494     94    -10    -29    -50    -25    -37     48    -31     -6 
   -37    -34    475    246     99    100    -18    -37    -21    -30     -8    -48    -43    -53    -38    439 
   324     24    173     -7     -5    -37    -33    -37    -38    -45    -28     -5    472    422     84    448 
   240     84    -41    -27    -34    -26    -37    -29     -5    482    455    178    386    526    143    -54 
   -40    -75    -68    -76    -12     95    680    702     -6    304    539    364    -43    249    -30    -55 
  -127    -71    -27    766    702    -21    -32    192     -9    -51    165    651    589   -148   -184   -100 
  1099    608    -15    -59    -10    -40    -35     -3    702   1554    -88   -173    -61   1422    821    184 
   -59    -50    -47    -31     66    621   1659     29    -65    176   1341    830    494    -36    -55    -38 
   -29    -16    164    517    -18    -23    166   1042    822    598    -11    -37    -20    -22    -26    -15 
   -26    -37    -23     -3    869    609    437    -11    -32    -25    -26    -27    -24    -41    -53    -28 
    -6    654    -36    -20    -18     12    -23    -12    -37    -44    -72    -47    -57    -84   -102    -27 
   -24    -32     -1    128    185    -30    -31    -32    -20    142    168    -37    -56    -43    -37     -6 
   354    235    -27    -15     -3    -25     -7     77    -45    -66    -26    -13    221    901    434     43 
   -11    -31    -76    -57    -46    -82    -69     -7    -30    -10     80    -19    -29     28     -6    -50 
   -41    -20    -74   -115    -35    -33    -40    -78    -85   -152   -146   -123   -122    -67    -34    -62 
   -90    531     -1    -61    -31     28   -113   -177   -196    -54    726     -3    -59    -25     56     98 
   -52    -33    -32     -3    -41    -90    -20    -38    -77    -89    -93    -88    208    -28     28    -30 
   344    684    834   2255   1559    261    -74    -50     40     47    -62    -48    -26    113    145    -94 
  -110   -142    -66    -61    -25    519    544    287     74     -3     13     -6    -78    -78    -92    -29 
   -56    -49    224    206     70    135    152    293     87     74    131    -27    -33    -62    -73    -56 
   -46    -59    -40    -39    -51    -49    -57    -67    -69    -63    -66    898   1026    937   1065   1168 
  1039    862    852    915    867    869    943    706    181     87     89    121    131    167    192    100 
   117    254    240    148    231    225    383    580    656    543    480    692    590    473    512    778 
   927    700    608   1019    881    914    850    629    229    261    395    609    650    751    447    450 
   359    379    256    424    561    454    155    247    393    350    374    301    732    648    787    512 
   446    669   1245   1155   1085    843    783    648    396    530    468    414    572    253    149    284 
   830    904    -17    -19    565    533    218    -48    102    468    141    -13     -6    -47    -26    -52 
   -64    415    334    559    701    915    782    789    648    557    510     -8    -68    -41    211    229 
   601    704    716    710    561    450    318    320     -5    -33     -2    177    242    340    382    428 
   350    363    381    338    391    498    541    762    617    389    366    437    444    362    305    274 
   319    328    455    496    592    622    620    679    822    822    745    701    758    784    809    821 
   884    914    884    760    -34    -20    -11     -5    144    -32    157     -6    195    -22     54    102 
   -24    -34    408    524    304    765    -13    748    183    884    -32    378    533    233    -47    390 
   757    305    742    285    649    148    552    283    327    357    186    -40    599    620    253    513 
   414    447    334    -11    227    317    269    173    -37    404    544    270    613     98    535    351 
   454    459    358    277    137    -32    204    487      1    390    202    354    -15     24    401    -10 
   582    -16    -12    -15    483    366    678    -20    -59    297   -218    -45   -162    322    -27     52 
   -72    -21    213    488    -59    -40    -14    -43     -1   -201    -16    -22    -52     26     -1      2 
   -10    151    -31     -8    -20   -198   -108    296    -22    -47     -2    254     -8    -26    -13    -17 
    10     -2    -97    160    438     -4    -51    -14     65     58     -6     -2     -3     80      0    132 
   362    236    153    -47    -31      7     -3    -21     -5     -3     47      0    -12     39    243     -8 
   -15    -11    -14     -2    -20     -9    -23    -20    -11    -26     -6     -1    -22    308    174      9 
   174    254    212    247    286    396    276    437    539    377    539    127    -11    270    326    322 
   208    195    337    213    404    568    193    678     44    -36    243    316    493    352    487    381 
   136    542    698    144    568    -14    -46    168     53    406    240    595    427     -6    490    688 
    56    446    174    -16    174    124    431    229    432    166     -6    407    729    123    243    340 
   -11    150    229    448     -7    448    -13     -4    435    506    230    254    855     92    149    387 
   871     94    479    279    474    493    222    462    420   1224    455    304    555   1090    258    922 
   244    935    764    404    476    511    649     -2    141    407    432    289    485    292    682    -61 
   199    437    404    324    -17     12    107    102    230    376    647    506    -58    728    342    406 
   197    -41    -36    -18     -4     93    210    372     71     -6    842    139    362    256    -33    -39 
   -45    -18    -21     -7     -5     -2     63    489     96    325    241    -17    -35    -42    -21    -24 
   -22    -11     -3     83    315    127    435    325    488    394    393    280    354    350    411    312 
   551    304     -4    484    235    349    361    418    165    285    465    426    154    531    317    -18 
   325    247    429    323    370    194    227    312    375    197    493    401    -18    451    266    467 
   467    439    354    533    344    409    407    554    467    -13    510    304    480    486    614    250 
   431    455    403    315    368    486    -12    402    373    372    323    496    506    370    573    375 
   387    149    551    -12    482    197    384    397    537    247    303    852     16    440    -26    547 
   -21    697     30    209    422    613    158    339    818    473    647    -35    269    -20    429    427 
   461    449    501    426    376    611    368    687     28    -10    -21    362    528    453    361    483 
   423    363    551    458    785    188     33    -19    371    420    393    388    430    478    444    485 
   470    397    328    295    -16    426    433    363    421    337    473    443    477    437    284    405 
   334    -14    403    424    400    371    350    455    416    450    431    317    396    192     -2   1002 
  1303   1242   1068   1006    743    721    564    940    821    900    839    544      0    102    131    119 
    -6    -18      4    -37    -30     10    161     93     63    388    673    454    342    125     58     -5 
   365    460    581    375    200     91     -3    155    211    462    582    340    -29    -36     17    528 
   341     96     -4     12    -19     16    -15     -4    -13     -3    206    170    238    125    -20    -32 
   503    760    296    187    742   1421    674   1680   1249    120     -6    -43    -32    386    627    237 
   -19    -71    -37     -7    -88   -118    -21    240    655    -11    -41   -109    -89     57   1021   1821 
  2421   3671   3188   1086   -125    -76    288    522   2174    373    192   1088   1514    465      0    -15 
  1804   1478    -63     -7    306   1366   1042    846    311    162    -29    -50     76   1657   2017    669 
    57     -6    141    574    329     -9    -55    -57    -43    342   1493   1410    744    339    -33    -34 
    -8    -36    -75    -88    -77    -73    -48    161    300    393    327    564    515    554    411    262 
   189    217    186    247    357    395    557    675   1046   1371   1354   1157   1270   1363   1266   1011 
   953   1011   1217   1334    717    664    946    947    988    911    935   1015    798    627    622    732 
  1036    204    548    829    836   1058   1128   1185   1094   1018   1108    795    926   1176    253    359 
   605    468    808    851    956   1087   1245   1596   1214   1010   1063    220    630    825    780    985 
   942    818    994   1237   1599   1132    808   1098    457    521   1064    953   1258   1159    812    184 
   996   1161    264    460   1212    508     -6    285    328    657    -19    -59    -17    986    197   -182 
  -113    408    441    -68   -153   -102    -14    -62   -119    -59     63   -125   -415   -321    -94    -57 
   -50   -148   -141    -89   -117   -109   -114   -139   -189   -330   -256   -140   -120    -49    -94    -98 
  -109   -115    -97    -70   -119   -195   -240   -235   -175   -122     -8    -43    -56    -89   -105    -93 
   -80   -128   -171   -151   -143    -99    -89     -9    -30    -42    -80   -107   -107    -98   -120   -123 
   -79    -54    -20    -42    -59   -110   -106   -123   -138   -138   -121   -114   -102    -87    -91    -78 
   -61     -4    -20    -62    -73    -49    -62    -57    -44    -55    -68    -77    -40    188    385    270 
   -37    -61    -19    -15    -39    -34    -37    -66    -46    -24    162    703    723     -8    -28    298 
   479    294    324      9    -29    -30    -23    226   1173   1115    275    150    786    531    210    420 
   330    216    490    746    738    818    729    360    155    522    416    398    487    332    180    573 
  1048   1110   1067   1093    578    604    672    252     27    -32    -14    147    678    865    964    620 
   481     -6    157    -57    -78    -77    -50    -39    -29    -57    227   1328    -62   -105   -102    -20 
  -105   -101    -31    845    296    -79   -104     43   1372    -28    -89    -85    -29    -60    -24     10 
  1157   1306    -29    -91     -4   1203    717    651    331     47    -18     -4    299    704    246    -53 
   -69    345   1086    831    732    202    -18    -11    -10     73    318    137    342    139    922    989 
   363     96    -42    -75    -69    -55    -33    -16    -27    -26    -15    298    529    589    384    -10 
   -47    -47    -27    -24    -20    -17     -6    231    474    630     91    633    718   1022    779   1031 
   780    565    579    816   1190   1291    860    809   1100    991   1162    932   1320    673    692    629 
   877   1296   1083    755   1147   1415   1090   1201   1221   1172    998   1207   1073   1025   1323   1065 
   607   1280   1687   1167    838   1033   1029   1352   1555   1509   1178   1378   1059    462    662   1035 
   680    479    495    702   1172   1623   1464   1651   1650   1251    402    291    761   1183    961    677 
   547    437    -13    -33    860   1234   1192    197   1089   2303   1980   1289   1103   1196    -48   -188 
  -190     15    703    768    289   1057   2754   2233   1463   1423   1516    978    134   -131    780   1485 
  1026    730   1296   2448   2089   1521   1923   2099   2324   2363   2344   3900   3342   2128   1287    955 
  1805   1241   1251   1558   1710   2300   2539   3693   4619   3969   2495    861    841   1309    550    747 
   970   1192   1716   1693   2143   2290   2124   2200    736    800   1009    533    757   1006   1157   1561 
  1315   1205   1165    984   1061    409    744    782    489    426    370    271    300    244    296    728 
   628    640     58    -35     -2    -14    -69    -32     -9    -67    -59     -1     -2     -1    -21    -46 
   -21    333     -2    -42    -27    298    -27    -45    484    453    712    240    -39    -12    205    -11 
   -30    -14     -4    -40    -97    372    633    737    129    -55    -42    -11    -84    -56    -41    -23 
   -66   -146    214    797    124     17    -60    -33     -1    -58    -52    -30    -14    -21    -92    275 
   488    115     -8    -39    -63    -23    -98    -59    -42   -111   -152   -167    -61    -48     -3     -2 
   -44     -8    -47   -113    -42    -80   -195   -114    -67    -34    -59    -71    -12    -18    -60    -63 
  -106    -39    -42   -117   -104    -13    790     38   -121    -88    -39     29    162   -104   -111   -128 
  -119    -89    -25   1689    904    -65    -84    -56    -52     45    -51   -140   -193   -115   -107    -76 
  1116    305    -46    -79    -32    -55     -4    -30   -196   -262   -128   -105   -131    791    857     19 
   -36    -45    -56     12    -10   -155   -191   -113    -89    -91    598    607      0    -41    -75    -60 
   -24    -36   -127   -146    -78    -64    -72    461    517     17    -18    -52   1490   1567   1379   1511 
  1309   1314   1317    986   1034    714   1028   1182   1022   1657   1904   2058   2333   1947   1755   1632 
  1037   1071    771   1251   1076   1183   1206   1856   2170   2640   2279   2378   2842   2165   1232   1040 
  1388   1301   1205   1435   2401   2229   2870   2531   2653   2544   2288   2115   1747   1832   1738   1449 
  1593   2163   2330   2922   2696   2811   2346   1721   1782   1994   1921   1599   1160   1331   1435   1524 
  2408   2377   2491   2487   2300   1703   1625   1546   1322    998   1688   1667    902   1085   1791   1840 
  1457   1848   2030   2116   1891   2056    926    978   1286    668    224    -13    -19    -42   -100   -129 
   -39   1251   2001    908    733     -6    527    519    584    452    859    -31   -178   -368   -284    -31 
   450   1482   1341    803    542    717    645    710    685    224    -55     25    851    714    980    907 
   406    392    540    326    273    402    818    503    972    987    687   1001    827    471    623    648 
   472    353    312    445    364    579   1017    832    627    901    987    914    905    753    730    713 
   719    806    920    987    854   -105   -110   -125   -122   -109   -104   -112   -100    -97    -91   -114 
  -109   -104   -124   -107   -129   -134   -116    -87    -90    -85    -68    -52    -77    -91    -91   -117 
  -119   -138   -153   -116    -93    -92    -92   -102   -107   -104   -116    -96   -122   -133   -158   -191 
  -160   -169   -163   -120   -126   -154   -145   -123   -107   -132   -129   -151   -188   -175   -167   -161 
  -162   -153   -159   -148   -110   -104    -94    -89   -107   -137    -99    -86    -96   -147   -138   -141 
  -116   -103   -108    -81    -90   -111   -129   -132   -106    -78    -61    -77   -137   -136    -98   -120 
  -131   -164   -139   -140   -134   -111    -65    -63   -110   -236   -260   -152   -148   -155   -197   -183 
  -173   -148   -127    -97    -93   -117   -128   -184   -154   -145   -157   -143   -142   -125   -110    -83 
   -90    -96   -109    -55    -65   -114   -136   -123    -97    -92    -83    -91    -75    -86    -92   -111 
   -86    -94   -115   -122   -128   -113   -105    -99   -111   -106    -98    -93    -94   -106   -119   -118 
  -120   -101    -96    -94    -92   -103   -102   -101    -95    -89    -92   -106   -103    -99   -150   -185 
  -217   -198   -212   -198   -195   -186   -129   -138   -130   -161   -116   -142   -177   -163   -154   -182 
  -110   -126    -94   -111   -125    -96   -139   -101    -97   -145   -159   -126   -165   -133   -132    -74 
  -166   -165   -130   -135    -84    -90    -85    -67    -81    -61    -88   -119   -150   -166   -147   -105 
  -115    -50   -125    -76   -102    -65    -55    -34    -57    -47    -51    -34    -20    -89    -92    -62 
   500   -101    -53    646   1441    230   2117   1405   2120   1630    -76    -75   -112   1455   -109   -140 
  -227   -149   -227   -267   -306    625   3327   -134    -97   -229   -207   -248   -161   -232   -188   -185 
  -188   -311   -296   -131   -209    -83   -133   -224   -238   -212   -181   -149   -159   -124   -291   -432 
  -317   -153    -51    -52    -85   -105   -108    -70    -90    -90    -78   -224   -297   -186    -83    -61 
   -57    -55    -86   -116    -99   -119   -110   -100    -91    -83    -68    -91    -92   -112   -125   -133 
  -143   -123   -134   -121   -104   -101    -81   -106   -127   -115    -38    -45    -67    -85    -95   -104 
  -102   -108   -114    -96    -92    -97    -54    871    740    509    362    352    468    566    563    747 
   908    660    607    640   1190   1018    707    765   1195   1178   1112   1046   1002   1000   1050    789 
   873   1164   1148    993   1050   1402   1453   1347   1202   1112    728    818    987   1012   1169   1371 
  1392   1538   2111   2202   1689   1439   1341    977   1111   1132   1185   1527   1895   2042   2117   2779 
  2613   2157   1929   1846   1648   1563   1447   1291   1595   2257   2185   2332   2798   2272   1670   1738 
  1823   2066   1864   1712   1399    584    499    785    787    233    -42    126    580    988   1130   1043 
  1406    968    140   -107    -31     64    -23   -102    -28    -41   -199   -417   -340   -140    318    556 
   408    107     -6    205    129    -16    -97   -254   -385   -317   -175      5    802    574    266    347 
   449    645    369    -28   -127   -251   -250   -140     -2    663    729    478    465    850    999   1012 
   696    143    -46    -48    -13    478    597    791    877    927   1134   1162   1168    999    877    821 
   642    710    805    544    560    706    965   1216   1257   1258   1119    885    730    612    569    758 
   -43    -35    -56    -44    -50    -37    -45    -20     -2     -6    -36    -26     87   -118   -133   -136 
   -86    -95    -81    -97    -63    -93    -84    -55    -48    -21    -29    -23    -94    -57    -58    -45 
   -68      6    137    -21    -25    -21     44    -27    -24   -106    -46    -37    -72   -137   -106    -60 
   -60    -72    -45     -2    -82    -79   -136   -117   -106    -96   -113    -96    -87    -82    -97    -49 
    -8   -137    -86   -158   -151   -141    -89   -141    -66    -77   -182   -174   -149    -56   -165   -134 
  -214   -178   -229   -251   -344   -281   -252   -220   -153   -183    -59   -227   -217   -174    -95   -125 
  -105    -52    -70   -104   -115   -206   -193    -65   -168   -179   -182   -184   -104    -44    -75   -133 
  -136   -130   -357   -319    -65   -165   -127   -170   -144   -122   -101   -141   -160   -180    -98   -322 
  -325    -50   -139   -110    -90    -73    -95   -104   -148   -165   -160    -54   -126   -106    -13   -147 
  -147   -128   -121   -139   -143   -143   -129   -125    -76    -89   -117    -56   -107   -121   -127   -127 
  -139   -148   -137   -133   -136   -123   -124   -126    -51    -54    -95   -103    -85    -95   -107    -99 
  -102   -107   -121   -118   -122    -96    -58   -100   -114    -93    -89   -110    -95   -108   -104   -122 
  -110   -111    -89    -55    -89   -116   -106   -140   -152   -148   -144   -145   -150   -150   -141    -96 
   -65    -88    -85    -54    -57    -94   -105   -163   -163   -154   -148   -168   -122    -75    -97   -104 
   -91    -69    -86    -61    -89    -73    -85   -103   -126    -89    -19    -52    -70    -45    235    162 
   -17    124    -42     -6    -94    -96    -61    -44    -61   -116   -112   -134   -149   -139   -144   -174 
  -121   -112   -134    -63   -126   -142   -160   -144   -124   -125   -135   -188   -180   -256   -169   -177 
   -35    -34    -67    -85   -101   -110   -102    -94   -104   -123   -227   -206   -168    -49    -30    -58 
   -46    -63    -57    -39    -41    -55   -112   -160   -219   -161    -39    -34    -60    -46    -43    -40 
   -33    -25    -12    -12    -24    -86    -43     -5    -43    -67    -72    -52    -39    -33    -44    -53 
   -74    -81    -83    -52    -37    317    571    615    645    583    564    523    457    419    472    444 
   640    352    -15    171    256    379    451    446    210    447    333    461    282     17     95    341 
   915   1121   1297   1141   1230    752    917    796    964    968    573    455    229    581   1002   1105 
   819   1079    901    904    853   1392   1195    732    688    201    486    748    681    396    624    746 
   974    649   1066    874    740    769     87    145    452    459    216    266    241    433    518    722 
   643    431    527    -58    -37     -5    215    -21    -33     -5    -52    -31     -9    203    -11     -8 
   183    -69    -18    792   1026    309    955    510     88    -98   -158   -107    -19    243   -109    -67 
    73     -6   -107    -69    -49    315   -162   -296   -183    -43    -76   -122   -103    -72    -76   -104 
   -75    -20    363   -183   -293   -184    -55    -79   -106    -92    -84    -79   -112    -71    -22    308 
   -60   -118   -145    -72    -80   -116   -112   -102    -76    -78    -79    -79    -92   -134   -129   -169 
   -85    -77    -98    -84    -86    -73    -79    -76    -76   -104   -125   -126   -140    -61    -92   -113 
  -107   -102    -88    -92    -87    -92   -103   -125   -141   -150    -75    -34    -93   -107   -114    -99 
  -114   -101    -84    -87    -84    -65    -53    -38    -50   -110   -142   -161   -126   -124   -121   -122 
  -123   -107    -69    -43    -56    -49    -67   -108   -126   -115    -97    -84    -92   -106   -108    -76 
   -14    -42     -9    -52   -109   -143   -129   -149   -141    -97   -124   -142   -103    -24    -21    -43 
  -114   -140   -164   -171   -159   -135   -121   -146   -158   -147    -78    -50    -66   -119   -130   -156 
  -178   -200   -203   -218   -244   -233   -176    -99    -51    -55   -156   -102   -104   -177   -230   -185 
  -211   -253   -283   -234    -77    -23    -75   -196    -85    -96   -188   -208   -137   -109   -245   -398 
  -241     -6    -18    -21    -27     -6    -35    -68    -70    -64    -46   -230   -393   -151    245     -4 
    93    -21     -5     -4    106    -21    -15    -12   -126   -169    -10    343    -11     -5    -41    -56 
   -57    -31    -52    -50    -53   -115   -123    -56    -23    -25    -12    -54    -53    -51    -37    -53 
   -60    -64    -91   -106    -57    -19    -15     -5    -32    -37    -30    -29    -43    -56    -65    -77 
   -78    -45    -32    -27   2201   2834   2940   2961   2773   3081   2920   2561   2290   2489   2494   2316 
  2232   1768   2501   2968   3005   2637   2857   2508   2129   1658   2330   2289   2132   2101   2334   3333 
  3880   3658   3563   3245   2512   2818   2872   3367   2811   2297   2226   1779   2337   2354   2435   2216 
  1902   1634   2047   2153   1981   1290   1050   1364   1509   1575   1951   1758   1365    853   1487   1938 
  2160   1608   1135    932   1102   1162   1252   1661   1422    740    116    217    417   1094    143    361 
   910   1245   1091    874    992    884    -28   -163   -229   -365   -258   -180    -62    601    848    678 
   493   1366   1192    699    421   1040    674    -30   -247   -135    497    769   1942   1918   2068   1953 
  2201   1695   1509    361   -107   -252   -239    -89    213   1402   1320   1551   1614   1508   1210   1324 
   237    -39    -54   -137    -97    315   1567   1595   1741   1582   1604   1458   1315   1037   1155   1589 
   895    579    924   1561   1677   1824   1679   1640   1679   1891   1722   2057   2124   1732   1359   1248 
  1724   1877   2022   1919   1849   1796   1861   1846   1995   2126   1889   1738   1581     -9    -13    -20 
   -21    -17    -21     -6    101    144    -12    -26    -24    -15    -41    -38    -22    -31    -35    -16 
    -6     -9    -27    -25     -9    -20    -17    -28     -3    213    245    106    295    481    618    299 
   188    228    -11    -10    300    571    240    180    214    526    544    681    555    671    574    327 
   104    141    295     41    259     94    418    361    328    364    505    403    392    203    129    261 
   181    194    519    420    497    613    470    399     -4    216     72    262    464    422     69    -25 
  -106   -121   -135    -95    -28    -18    266    -18    -39    -93    -16    192    -14    -31    -18    -21 
    -4     -8    -18    539    -26     -6     -6    171    174     14    113    232    407    -21   -107    -57 
    -4    -16    -14    115    -35    -19    -12     -6    195    436    490    704    797    154    -11    -19 
   222     24    140    239    213    292    333    639   1094    893    254     -5    -30     74     20    165 
   190    171    200    225    223    278    380    180     -5    -46    -39    -55    -52    -55    -56    -64 
   -66    -69    -64    -55    -58    -45    -12    -15    -56    -34    -51    -44    -50    -32    -35    -18 
    99    320    109    -30    -34    -57    -48    -82    -79    -50    -12    -33      0    197    419    223 
   -42    -23    -25    -11    -66    -51      0    175     -2    293    327    477    298    -35    -18    -33 
   225    -25    -27    -39    -15    -72    -26    -42    -23    -20    -38    -44    -52    225    -22    -29 
   -16    -26    -12    283    -16    -33    -15    -27    -12     98    466    536    217    -63   -101   -104 
   -42    -20    -54     -8    961   1601   1470   1465   1899   1600    -11   -206   -197    858   1315     -7 
   294   1168   2435   2083   1652   1601   2467   1500     -7    -36   1764   1858    499    266    198    392 
   442    495    338    741    430    341     -3    -22    622    844    383    -17    -19    -40    -41    -32 
   -37    -34    -50    -72   -105    -79    411    240    -11     -6    -12     44    -37    -54    -63    -47 
   -78    -54    -51    -17    -22    -39    -36    -45    -47    -97    -84    -88    -72    -86    -58    -54 
   -80    -78    -27     -6    -16    -21    -61    -60    -56    -60    -48    -12     -5    -26    -47    370 
   278     14    100     -1      0    -21     -7    -16    143    299    505    340     58    -29    -75    -56 
   -40    -39    -56    -31    -32     -7    218    300    133    199    -24    -69    -53    -22    -45    -55 
   -32    -11    -12    168     65     66     94    -38    -68    -20    -14    -51    -57    -17    -29    -51 
   -38    -26    -14     -2    -48    -35     -8     81     -7    -20    453    362     83     16     61     59 
   132    -16    426    806    611    569    894   1476   1213    803    368    730    466    665    377    772 
   919    882   1215   1476   2075   1891    570    -17    664    751    856    734   1005   1032   1310   1448 
  1459   1987   1524    715    -12    143    856    599    823    372    297    759   1241    909   1276   1467 
  2840   2461    837    488    195    265    166    214    262    866    838   1216   1677   2342   2397   1094 
   391    306    150     92    169    258    687    889    899    928    890    939    494    304    181    164 
   280    407    498    492    633    635    343    371    162    115    258    303    184    141     72     65 
    -5     59    176    186    174     95      1     84    458    521    282    218    264    273    204    612 
   754    539    208    390     -9     69    126    330     40    283    325      8    195    129    169    340 
    91    -19    -26    275    464    408    424    431    860   1308   1033    770    831    556    361     -9 
   750   1167   1304   1731   1387   1494   1852   1613   1576   1496    979    395    -14    434   1479   2192 
  1940   1289   1019   1367   1882   2137   1827    882    143    346   1065   1171   1317   1061   1033   1264 
  1073   1783   2952   2632   1292    208    625   1024   1664    680     -2    -39    -92   -107    -56   1245 
  1939   1600    498    -67    -66     20    552    -13    -80    -42    -33    -71    787   1359   1337    882 
    13    -33    -22     92     81    473    785    715     -1    282   2000   2201    363    357    516    471 
   190     -6    506    981    874   1563   2593   3004   1949    -22    -18    222     52     -4    -29    -30 
    64    378   1313   1955   1224    305    -61    -41    -16    -34    -65    -78    -71    -68    -48    -12 
    -3    -23    -85   -106    -40    -35    -78   -115   -121   -130   -136   -122    -97    -93    -95   -139 
  -125    -36    -25    -41    -90    -34    -22    -49    -70     34    -11    -11     24    132    -22    -34 
   -68   -105    -45     -3    -25    -61    328     -5    248    548    398    -27    -30    -91   -103    -78 
   -21    -25    -90     -9      0    195    467    203    -35     -1    -94    -88   -105    -37    -62   -121 
   -41      0      4    528    224    -10     -1    -85   -104   -103    -48    -37   -106    -35     48     96 
   330    358    -38    -24    -93   -119   -122    -54   -108   -183   -108    -33     27    430    297    -89 
   -44    -64   -105   -127    -82    -38    -40   -153    -93     -5   1081    559    -98   -112    -90    -53 
   -99   -121    -61    -11   -136   -216    -59   1453    425    -36    -52    -60    -70   -132   -106    -67 
   -53    471   -105    -44   1249    423    -28    -18    -54    -96   -141    -77    -65    -81    -30   -149 
   -26    697    496    -20    -24    -68   -152   -185    -74    -33    -58    378    748    922    906    600 
    -3    -21    -60   -167   -171    -76    -46    -44    937   1223    817    841    388     31     -2    -33 
   -99    -96     -8     41     -5   1095   1282    862    751    235   1432    801    741    939   1043    947 
   737    851    691    661    672    680   1046    706    -43    -57    -51    -22    -17    -24    -23    -32 
   -20    -34    -47    245    600    -36    -66    -66    -35    -39    -40    -58    -45     -7     17    -25 
   467    550    -21    -57    -93    -79    -82    -57    -79    -79    -61    -44    -38    375    461    -46 
   -99   -144   -171   -181   -190   -196   -184   -166   -143    -92    110    500   -101   -121   -160   -183 
  -216   -208   -307   -309   -262   -216   -146    -21    612   -135   -133   -133   -153   -186   -173   -248 
  -290   -305   -209   -138    -42    340   -101    -78    -58   -113   -137   -103   -145   -222   -332   -253 
  -154    -33    724    -33    476    590    231     14    139    -59   -143   -249   -186   -115    -27   1448 
  1215   1442   1400   1073    931    618     -7    -79    -70    -54    -88     -2   1462   1203   1545   1569 
  1381   1210    921    383      0      0     -5    -26    495   1514    972    978   1059   1132   1097   1085 
   939    976    789    851    720   1045   1640   1284   1274   1312   1403   1374   1341   1294   1373   1431 
  1466   1326   1486    -52    394    692    762    858    766    364    543    455    818    744    616    -23 
   -48    472    589    330    134    318     16    719    573    669   1029   1307    152    -39    432    428 
   486    239    399    144    779    874    533    768    844    -32    -83    -41    -18    194    286    433 
   189    798    828    564    702    450    -61    -64     91    -20    156    379    204    -22    235    359 
   289    709    426    -60    -76    279    250     -7    -68    -93   -136   -111    -21    -23    744    375 
   -59   -169    -65    -93     -3    -60   -132   -151   -133   -147   -191    -75    -79    -42   -128    -46 
   -73     -7    -48    -64    275    897    -95   -182   -207   -110    112    -55    286    481    791    855 
   614    995   1354    -24    -23   -115     -3     92    -40    274    613    544    559    591    883   1158 
   766    371    -51      9    -12    -82    -44    -26    -38    -43     -1     88    542    691    630    379 
   479    -46    -58    -15    -24    -53    -41    -18    -25     -2    242    448    241     85    -70    -70 
   -53    -66    -77    -65    -41    -57    -56    -46    -40    -52    -69   -103    267     79     59    160 
    96    104     -3     -4     -3    -12      2     89    152     -1    -28    -45    -33    -23    -14    -27 
   -41     -9    -22     -7    -20     -9      4    -30    -51    -35    -20    -16    -11    -37    -17    -19 
   -20    -42    -26     -8    -51    -89    -69    -54    -56    -48    -47    -32    -17    -35    -36    -32 
    89    -43    -75    -82    -65    -30    -39    -62    -53    -11    -19    -14     -7     87    -28    -48 
   -61    -69    -30    -50   -100    -69     -8     72    -21    -29     71    -18    -21    -54    -82    -71 
   -92   -123    -93    -26    323     -6    -31     -9    -39    -37    -66    -78   -109   -157   -185   -231 
  -163    -43    -61    -51      8    -44    -60    -32    -23    -43    -63    -56   -105   -106   -116   -127 
   -36     -6    -21     -2    -11    -25    -50    -57    -82   -125   -112   -142   -112    -22     -3    -24 
   -12    -26    -48    -52    -61    -72   -128   -113   -126    -79    -13      1    -31    -22    -38    -54 
   -62    -59    -44    -62    -47    -38    -39    -14    217     40     82     -2     -5     -3     -7    -10 
   -16    -11     -1     52    206    573    799    441    556    585    390    275     -9      0     31     56 
   370    163    843   1329    956   1205   1429   1177   1153    749    540     85    160    362    187    687 
  1102   1155   1082    839    781    765    414    305     28    257    450    160    593   1099   1290   1129 
   492    521    812    498    661    588    859    872    532    139    596    241    -19    -85    -78    -28 
   -42    -73    -22    200    440    397    118    798    129    393     65    -14    -27    514    679   1292 
   562     54    478    230    284    -35    -51    -52    -20    -64    -97     -6   1283    648     -9    346 
   -19    441    -11    -19    613   1240    283     -5    288   2591   1884    487    472    535   1048     -8 
   -25    496    997    374    -43   1281   3289   1859    904     24    386    536     90      0    272    549 
   236    -23   1517   1612    668    235     45     -6    -36    -36    -47     92    351    394    317   1192 
   726    230    172     -3    -23    -16     47    221    579    634    345     -7     -5    -21    -22    144 
    -2    -18      9    113    156    317    453    434    305    480    383    227    351    166    472    572 
   538    550    435    599    711    994    958    966   1182   1320   1189    881   1257   1341   1380   1062 
   950    859   1051   1082   1288   1539   1588   1269    572    890    987   1236   1046    778   1013   1048 
  1183    996    669    759    923    235    430    741    989    743    465    878   1230   1189   1009    722 
   852   1010    766   1015   1083   1360    998    810    650   1185   1182    768    336    404    613    445 
    67    401    955    344    -27    210    322    456    -18    -63     -8    170    597    -62    654    301 
  -138   -209   -162   -139   -138   -225   -227    -35    341    -79   -179   -106    -27    -89    -97    -67 
    24   -138   -456   -439   -200     81    -25    -47    -60    -12    -32    -27    -15     57    -33   -188 
  -222   -145     97      8    -30     -7    338    318     57    145    666   1946   1646   1021    259    322 
   183    -29    -24    -12     -5    -12      0    178    385      9    -10    -35     43     13    -10     12 
   194    278    356    431    289     -5    -24    -21    -33    157     33    -31    -23    -28    -29    -40 
   -34    -35    -26    -16    -21    -17    176    -14    -59    -60    -46    -52    -52    -41    -44    -42 
   -43    -43    -36    -21    -38   -112   -122   -112   -110   -102    -96   -109    -92    -99   -112   -105 
   -69    -23   -108   -135   -123   -114    -98   -100   -123   -104    -98   -112   -101    -67    -20   -101 
  -147   -133   -138   -109   -115   -123   -122   -115   -124   -101    -59    -24    -95   -137   -147   -157 
  -123   -132   -146   -143   -136   -133    -94    -47    -27    -88   -115   -134   -165   -150   -165   -204 
  -198   -155   -139    -88    -54    -42   -115   -124   -137   -174   -174   -188   -207   -205   -194   -153 
  -100    -50    -57   -120   -134   -136   -156   -139   -148   -169   -212   -226   -152   -105    -50    -34 
  -107   -106   -116   -122   -107   -107   -135   -202   -204   -111    -90    -61     -9    -85    -85    -88 
   -95    -84    -82   -118   -194   -195   -114    -93    -56     -6    -86    -87    -82    -93    -92    -84 
  -100   -129   -119    -88    -77    -50     -7    -88    -97    -94    -92    -93    -85    -87    -87    -73 
   -65    -56    -33    104    -39    -41    -39    -39    -41    -39    -34    -30    -17    -14     -7     -3 
  1066   1122    959   1033    945    876   1044    905    871    630    530    669    886    622    419    572 
   729    700    796    909    485    254    238    224    439    802    179    -30    -32    -21    -15    234 
   415    436    -18    -18    -53    -39    280    306    220    589    570    879    955    988    454    461 
   236    -13     32    518    143     -8    238    389    546    553    598    -20    231    597    479    110 
   470    126     14    -12     98    362    791    478    958    895   1378   1009    414    429    348    634 
   133    -28   -135   -159   -215   -198   -131    -11    521     85    242    -95   -221   -257   -141   -214 
  -247   -179   -145    -87   -227   -275   -168     85    -50   -224   -230   -139   -146   -131    -93    -70 
  -144   -317   -347   -226    -33    197    -24    -67    -70    -62    -50    -59    -61   -231   -275   -212 
  -141     -3    252     85    -17    -14    -19    -15    -33    -36    -95   -110   -132    -88     -5    -30 
   -74    -71    -50    -50    -49    -60    -45    -59    -71    -89    -75    -11     -8    -30    -38    -17 
   -20    -26    -36    -34    -44    -38    -37    -29    315    -85    -30    -36    -28    -19    -28    -38 
   -53    -47    -49    -40    -50    -93    -26   1019    791    910    913    882    606    412    532    421 
   555    439    -40     40   1126    907    708    642    647    637    323    321    219    500    477    -30 
   -14    946    848    859    630    656    673    794    676    412    742    783    -23    -21    934   1019 
   912   1032   1078   1360   1278   1179    708    700    638    -25    -29    561    626    633    563    836 
  1119   1480   1252    823    635    591    -31   -113    -65    -41    -16    -44     32    744   1970   1329 
   -13    -30    252    -28   -155   -133    -92    -39    -70    -55    523   1939   1104    -55    -69    109 
   -22   -109    -91    -67    -16    -10     -6    457   1400   1196     59    -34    527    -41    -76     -4 
    12    291    350    379    762   1318   1474   1493    957    824    -30    -73     38     -8     52     91 
   245    463    769    819   1015    853    674    -34    -73    188    172    276    298    326    371    531 
   348    384    435    338    -50    -60    197    194    174    190    175    219    240    144    143    203 
   143    -50   1228   1977   2206   2415   2198   2077   1864   1555   1402   1206   1273   1083    637    826 
  1623   1993   2356   2248   2054   1538    940    597    381    876    743    476   1175   2021   2190   2495 
  2719   2389   2102   1979   1572   1499   1726   1348    746   1083   2045   2029   2574   2777   2102   1380 
  1424   1591   1416   1475   1070    437    633   1380   1565   2328   2107   1954   1465   1598   1462   1252 
   899    857    415    555    772    635   1153   1414   1473   1987   3104   2495   1067    433    721    413 
   417    760    223    496    476     -4   -106    -69    -48    241    487     -7    108    -36    -30   -120 
   -90    -83   -107   -196   -176   -160    444   1160    -53    -26    -93    -68   -142   -135   -146   -105 
  -122   -183   -202    -89    -98   -207    -78    -78    -68   -109    -98   -115   -105   -123   -183   -207 
  -124   -167   -215    -98   -105    -87    -92    -74    -84    -83    -98   -112   -114    -98   -136   -149 
   -78   -128   -119    -90    -90   -103   -104   -114   -116   -112   -128   -144   -142    -78    -81    -98 
   -96    -91    -89    -82    -79    -90    -78   -100   -120   -105    -65    -49    -61    -68    -65    -53 
   -67    -52    -53    -43    -31    -51    -26    -25    -70    -89   -110    -93    -78    -87    -81    -59 
   -50    -35    -69    -36    -32    -62    -89   -132   -133   -119   -122   -132    -87    -82    -68    -86 
   -55    -45    -76    -97   -135   -124   -138   -119   -139    -98   -129   -120   -120    -92    -67    -52 
   -64   -114   -101   -127   -137   -148   -129   -144   -137   -118    -64    -47    -63    -79   -125   -130 
  -170   -148   -175    -91   -112   -187   -178   -102    -27   -116    -61    -96    -83   -104    -64    -93 
   -75   -160   -194   -143   -124    -42    -69    -44    -35    -46    -86    -42    -24    -58   -109   -183 
  -115    -94    -54    -92    -71     -9    -38    -70    -51    -45    -57    -72   -148    -66    -35    -63 
   -58    -71    -71    -75    -85    -78    -76    -88   -117   -148    -87    -66    -56    -59    -83    -93 
   -93   -115   -110   -114   -117   -152   -164   -150   -106    -69    -54    -71    -91    -97   -107   -103 
  -102   -105   -110   -111   -110    -75    -57    -40    -53    -69    -71    -82    -76    -77    -77    -79 
   -76    -74    -56    -46     -3    -10    -27    -35    -27    -39    -51    -41    -19     -2     -4    -20 
   -12    -69   -116   -113   -119   -110   -127   -103    -64    -81    -44    -29    -33    -22    -64    -98 
  -100   -103   -117   -118    -93    -43    -42    -29    -37    -32    -20    -65   -110   -119   -119   -117 
   -91   -118   -103   -101    -68    -84    -98    -38    -86   -141   -144   -152   -150   -159   -141   -116 
  -132   -105   -120   -109    -47    -65    -97    -96   -100   -110   -113   -131   -114    -97   -143   -178 
  -146    -39    -61    -13    -83    -43    -72   -112   -175   -191   -237   -232   -219   -206    -46    -67 
   -75    -68    476    540    392    657    693    -82   -275   -404   -305    -39    499    872   1083    682 
   871    649     70    -53   -134   -117   -183   -164    -34     -2    -12    -44    -27    -35    -12    181 
   569   2118   2685   2260    836     -8    -13    -38    -29    -22    -13     29    123    178   1196   1538 
  1343    509      9    141     -1     65     -3    152    277    318    185    211    231    127     -1    125 
   548    432    359    291    305    330    348    208    242    314    303    252    457    533    570    492 
   364    296    342    395    384    385    258    109     72    339    590    402    490    546    602    545 
   483    431    132    193    224    407    574    597    538    377    293    208    385    343    627    479 
   412    226    244    387    488    287    316    201    126    290    367    234    161    210    224    203 
   587    348    322    361    359    182      0    209    254    261    353    399    432    662     90     86 
   127     87    235    411     97    591    607    448    351    247    485    500   1002    565    197    252 
   223    -14    -52    -34    958   1258    270    258    209    -34     -2    271     -7    -53     82    390 
   504    175    -10    160    492     36    -86    -35      0     83     -9    131    247    119    -64   -123 
   -47    277    225     12     -9    -15      6     34    121    159    -50   -119   -107    -45    199    552 
   493    441    481    522    366    277    279    233    -15     65    365    544    292    252    245    299 
   374    405    389    381    372    348    344    176    280     28    -19    -25    -18     -9    -12    -16 
   -18    -23    -26    -19    -21    167    -69    -79    -62    -57    -62    -72    -70    -59    -57    -62 
   -57    -74    -40    -88    -98    -66    -55    -63    -78    -73    -63    -62    -82    -71    -77    -30 
   -92   -105    -83    -61    -81    -95    -95    -89    -91    -93    -86    -90    -42   -100   -128   -109 
   -84   -100   -118   -103    -95   -125   -116   -105   -103    -51   -106   -127   -126   -104   -120   -143 
  -144   -116   -130   -119   -106   -101    -49   -128   -144   -160   -149   -143   -171   -179   -154   -175 
  -148   -131   -119    -53   -113   -150   -163   -147   -116   -155   -154   -136   -204   -157   -159   -151 
   -54    -85   -104   -128   -103    -78   -108   -100    -85   -129   -122   -177   -169    -49    -85    -63 
   -56    -41    -47    -66    -82    -90    -73   -143   -207   -168    -43    -76    -43    -37    -39    -30 
   -37    -66    -69    -40    -90   -139   -118    -36    -67    -38    -32    -39    -21    -28    -49    -58 
   -44    -57    -70    -80    -27    -57    -40    -28    -34    -20    -15    -21    -24    -21    -31    -36 
   -50    -22    -46    -32    -34    -32    -24    -20    -22    -24    -23    -39    -35    -40    -26    462 
   244    493    279    304    -13    -67    -41    -28     -6    -13    -56    -30    -24    -70    236    155 
    50    -39    -62    -60   -114    -36    428    354    -14    -19    -15    508      3     79    -36    -43 
   -87    -80    -44    -14     74    -38     -4    -27      1    -61    155    -37    -70   -224   -138   -106 
   -68    -51    -92    321    -29    -32    -80   -120   -146   -132    -94   -102   -111   -127   -117   -124 
   376    643    -32     40    -70    100    -41    501     57   -136   -128   -133    -85   1362    455    292 
  1204    409    -80   1651     47   -100    -75   -152    -74    -94   1115   -195    358    860   1288   1028 
  1799    482    146   -185   -179   -104    -59   1182   2901   3327   2037   2027   2109   1514    -27   -172 
  -231   -126   -171    -16   1126   1921   1464    903    677    477    314    168    114    372    416     -8 
   408    534   1098   1784   1242    984    364    328     81    841   1738   2038   1241    894    470   1164 
  1706   1274   1051    596    396    630    686   1253   1689   1179    730    380    574    667    299     -6 
   -53    -65    -68    -66    -51      6     -1    329   1065   1086    670    945    959    578    502    395 
   594    596    864   1229    995    500    244    224    464    616    555    378     52    178    124     -4 
   -37    189    -33    -48    -28     -3     -6    367   1158    553    -31    -18    -21    -30    525    -11 
   391    248     64    -12     67    773    528    -33     36    285     75    637    224    535    136    271 
    -1     85     -9    -45    -80    -36    -41    -79    381    580    146    -16     17    371    760   1278 
   974    379    579    -19    -69    414   1432   1760    101     -9   1044   1664   1487   2532   2412   2096 
   379    -34    384    794   1498    332    -11    368     -3   -111   -112    -26    258    843    739    412 
   645    562    293    608    661     96    312    105    -10   -203   -170    521    503   1124   1463   1801 
  1846   1867   1512   1091    324    -11   -131   -158    -20    240   1186   1660   1574   1655   1816   1930 
  1384    903   1093   1042    986    499    253   1217   1099   1001   1118   1458   1619   1539   1249   1618 
  1603   1524   1288    974    868   1169   1078   1151   1230   1169   1066   1015   1429   1583   1490   1614 
  1176    -30    -10    -36    -69    -66    -59    -27    -16     -8     -8    -32    -34    529    -97    -55 
   -73    -90    -98    -72    -65    -66    -91    -74    -88    -97    223    -79    -44    -20    -31    -35 
   -72    -83    -71    -84    -55    -59    -66    492    -20     -2     17     -5    432    -48    -97   -151 
  -101    -58    -49    -39    695     35    -17    173     -4     62    -57    -57    -95    -83    -50    -34 
   164    829    703    628    719    953    655    416    596   1058    547     59    202   1156   1345   1465 
   413    892   1779   1414    362    298    -98    -89    -63    -79    849   1417    848    -53    521   1049 
   655     41     30   -104      0    875    607   1205   1474     52    -14    -74    -62    -76    -30    -39 
   -79   -163    -99   -224   -129   1259    -32    -50   -118   -138   -140   -102    -97   -132   -258   -244 
  -298   -166    766    -48    -84   -130   -153   -140   -116   -130   -152   -169   -126   -140    -75    567 
   -56    -72   -105   -138   -142   -114   -107   -116   -133    -96    -87    -57    654     68    -42    -67 
   -96    -96    -71    -79    -80    -85    -60    -38    -17    901   1590   1953   1947   1854   1786   1911 
  1724   1561   1529   1693   1987   1793   1364   1964   2389   2585   2441   2047   2517   2162   2007   1779 
  2101   2358   2044   1554   1799   2176   2639   2516   2227   2730   2351   2442   2299   2532   2354   1878 
  1359   1524   1545   2068   1889   1855   2163   2259   2585   2693   2698   2265   2040   1440   1178   1288 
  2015   2051   1789   1562   1798   1759   1996   2168   1985   2010   1451    640    645   1083   1280    668 
   -25    -50    -24     -9    907    914   1302   1053     66    -45     -9    170    -50   -144   -165   -169 
  -145    -58    -74    745    724    -33   -142    -52    -91   -155   -160    -89   -128   -134   -183   -116 
   757    531    -74   -233   -170   -178   -209   -166    -92    -82   -145   -248   -146    544    339    -68 
  -193   -197   -184   -193   -162   -118   -155   -216   -290   -201    -73    -13    -40   -134   -156   -165 
  -181   -148   -125   -153   -173   -198   -182   -127    -57    -33   -122   -176   -203   -197   -173   -154 
  -157   -136   -126   -123   -120    -59    -44   -106   -144   -144   -132    -96    -87    -79    -60    -54 
   -76    -95    -43    -33    -31    -21     15     -4    -29    -37    -56    -66    -69    -70    -57    -38 
   -31    -23    -10    -18    -13     -7     -4    -16     -7     49    134      0    -16    559    776    680 
   598    447    332    221    290    487    765    851    721    427    335    624    547    386    197     18 
    33     24     -2    462    527    187     38    -14     -6    -20    -11    -18     -7    239    558    429 
    66    -14    -17     -3    110    401    324    243     -2     -4    -40    -82    -90    -52    -40    -48 
   -26    -55    -51    -32    -43   -131   -158   -161   -134   -149    -69     51    -17    -15   -124   -146 
  -131    -65    -41    -15    218    270    -66   -132    -82    -71    -42    -18    -28    -41    -78    -65 
   -29     30     -3    -87   -204   -166    -51    -51    112    359    510    481    382    271    229    530 
  1183   1287    979    798     -7     -1     75    242    410    390    175    182    181    994   1574   1258 
   500    -12    -49    -73    -72    -68    -70    -88    -90    -95    -98    -87    -90    -93    -73    153 
    -1    -17    -33    -39    -49    -48    -45    -43    -36    -43    -37    -26    625    438    311    368 
   268    384     69    370    181    469    278    269    365    316    -28    -46    -33    -35    -17    -18 
   116     62    283     -1      2     16     -3    -61    -64    -50    -79    -60    -52    -17    -40    -31 
   -54    -14     -2     -5    -51    -57    -73    -93    -94    -63    -71    -75    -61    -53    -14     -9 
   156    -18    -58    -90   -100   -128   -160   -190   -207   -172   -120    -79    -43    -22    -52   -127 
  -170   -199   -192   -240   -274   -299   -259   -141   -107    -43    -48    -70   -205   -180   -223   -190 
  -144    -79   -143   -243   -158   -151    -26    -48    -73   -205   -170   -223   -176   -178   -147   -213 
  -307   -206   -232    -36     95     72    -90    -73    -91    -78    -84    -67   -140   -145   -110   -182 
   -16    593    564    243    353    574    515     84    156    -61    -65    -79   -107     -1    632    344 
   208    204    651    836    557    342    111      0     -3    -13     95    594    206    127    242    436 
   519    176     -4    -12     -7     78    230    357    653    405    401    593    706    790    642    572 
   694    800    781    778    696    705   1060    851    678    968   1122    808    564   1111   1030   1047 
  1080   1018    737   1036    933    662    873   1019    783    413   1375   1373   1563   1443   1607    511 
  1104    845    520    484    410    660    564   1068   1299   1803   1365   1380    163   1159    626    591 
    46    398    251    480    711    968    983    881   1157    274    494     -7    189     59    239    421 
   283    643   1181    844    402    778    319     -8    -55    -36    172     90    160    360   1089   1577 
   970    578    843    186    155    -42    -30     55    -35    -39    199    304    145    182   1020    815 
    94    -37    -51    281    -28   -131    -98    -84    -61   -126   -148    926    448    457    -83     -7 
    -2    -47    -90     -5      3   1358    -57    -82   1181    374    225     -7    -47    -61   -102    -68 
   -32    -43    -17   -128    -78    184    387     16     -9    -48   -104   -108    -39    -20    -50    181 
    70    282    369    686    346    319     -2    -77    -64     86    222     37   1023   1240    764    919 
   963    148    200     10    -56    -47     -3     86     80    850    953    576    584    598    140     69 
   288    368    427    200    544    366    508    405    390    414    241     -5     -9     57     98     -5 
   -38    232     53    493    348    150    211     58     -4    -15    266    216    164    -38     -7    -59 
   -15     -2    226    281    106    -32    -19    506    514    194     -5      0    -29    -43    -48    -21 
   -48    -51    -17    -27    349    392    304     -2    285    360    424    391    374    -31    -25    -15 
   -37    240    156    -65    -47    -12     -1    298    323    588    499    478    -37    371   1085    886 
   276    574     -1    -27   -113    -66    190    649    794    457    635    399   1063    546    449     74 
   294    -45   -143   -106    468    516    118    -63    167    933    256    119    536   1242   1698     67 
   -43   1109    404    398     84    308    356    404    425    681    878   1405    -15    -25   1249    644 
   777    518    614    776    626    508    543    636    841    440    667   1138    693    800    849    936 
   972    833    771    831    787    961    958   1063   1045    547    702    882    897    739    540    381 
   324    357    627    762    859    793    378    172     89    574    224     34    469    167    444     62 
   109     -4    -39    -44     29    -21    334    431    555    468    -14    204    -24     -8     -7    -36 
   -46    107    150    574    666    608    -25    -36     -4     -3    -11     -6     -9    -33    -11     71 
   200    224    -34    -67    -62    -41    130    -16    -36    -11    -26    380    316    119    269    108 
    55    -26    -15    121     83    120    488    -13    459    474    392     30    -45    -35    -20     87 
   286    555    837   1419    312    -11    -63     35     -9   -154   -207    -88    562     -5   -237   -108 
  1312    286    -84   -274   -105    118    -16   -102     -3    -24   -206   -519   -509   -143     -2     -2 
    -3    204    119    673    497   1031   1005    425   2609   1055    -73    111    -23    276    181    169 
   256    529    699    548   -110    791    -72   -125    133      4    129    404    417    521    736    825 
   731    272    871    438     61    293     48     38    362    485    509    460    432    402    500    707 
   549    425    381    -12    -29     -1    -11     15     -2     -9     70     96     -3    -20     -8     11 
   820    991   1314   1109   1176   1589   1732   1582   1419   1152   1132   1038    961   1097   1268   1681 
  1729   1734   1516   1391   1283   1091    880    984   1021   1054   1461   1893   2056   2142   1858   1636 
  1271   1254    959    917    835    749    751   1870   2199   2332   2837   2124   1963   1518   1596   1604 
  1690   1297   1059   1054   1642   1966   1997   2625   2233   1868   1552   1401   1684   1767   1511   1427 
  1150   1752   1627   1830   2400   2497   2348   3178   3442   3296   2607   1703   2127   1389   2137   1096 
  1650   1315   1227    773   1875   2446   3331   3113   2434   2828   1202    944    -66    701    551    160 
   -65    894   1283   1985   1801   2260   3064   1272    756    982   1191    928    547    287    765   1023 
  2005   2665   3392   2872   1482    650    482    820   1295   1071    965    938   1822   2544   3211   3286 
  2630   1604    684    267    136    475    506    437    613   1045   1582   1513   1508   1451   1119    826 
   657    670    896    972    800    677    955   1056   1149    961   1181   1056    993    957   1020   1121 
  1310   1153   1037   1074   1201   1129   1074   1064    950   1150   1064   1593   1403    977   1198   1314 
  1555    988   1257   1585   1320   1575    893    569   1308   1167    463    478    468    834     -9    800 
  1379   1159   1468    969    958   1588   1406    709    562    152    819    706    972    719    530    950 
   541     -4   1126    962    203     48    324     -5    150    255    126    297    828    612     83   1150 
   704    153    -52    473    371    100    198    328    569    482    955    752   1255    908    351    -46 
   -97    -97    -40     82    558    709    539   1006     -8    964   1491    120   -214   -118   -232   -191 
   -73    -88    491    679   1223   -143    531   1623   1067    -77    562    520    -33   -186   -250    -35 
  1010   1588    447    817   1414   1440    564    605    512   -158   -302   -257    -91   1032   1665   1131 
   888   1100   1239   1079   1052   1028    -37   -100    -32    574   1370   1525   1182   1374   1534   1558 
  1445   1320   1429   1328   1002   1335   1224   1524   1278   1425   1671   1888   2140   2001   1831   1714 
  1510   1764   1965   1565   1565   1706   1650   1806   1858   2114   2032   1888   1712   1514   1705   2047 
  1705   1883    -12   -100    -93   -106   -108    -95    -82    -56    -70    -56    -90    -97     78     -2 
   -82    -45    -78    -89    -57    -48    -43    -57    -19    -60    -92    274    369    -25     11    -40 
   -38    -37    -45    -67   -109    -69    -70    -81    224    779    134    580    -20    -14     -6    540 
    -5    -58    -72    -64    -76    259   1178    630    917    268    317    371    657    465    -12    -45 
   -33    -53    260   1094    487    890    861    219    -18   1483    873    -52    -59    -60    179    858 
   599   -152     -6    541     85    -86   1298   1149     82   -163   -258    122    705    321   -160    -51 
   464    144    -26     -1    -23    -95   -328   -388    -49    650    725     42    -27    235    230    477 
   707   1138   1530    -71    -59   1123    976    655    -46   -115    -69    -47    -27    174    734   1644 
   525   1303   1593   1025    547    -19    -95    -67    -45    -40    -21     89    177    -40    294    136 
   653   1167    882    112    221    258    324    211    234     55     -6    296    395    999   1240   1155 
   660    490    464    393    548    504    594    744    922    893   1001   -126    -83    -79    -75    -54 
   -58    -77    -86    -76    -71   -119    -88   -137   -182   -161   -118    -98    -70    -73    -76    -58 
   -48    -97   -208   -167   -214   -214   -176   -112   -109    -57    -50    -18      5    295    -37   -147 
  -109   -164   -162   -117    -95    -85    -62   -110    -63    -52    -11    -29   -104    -74   -116   -136 
  -101   -126   -105    -63   -104   -101    -93    -62    -75   -157    -86   -128   -140   -109   -140   -103 
   -44    -91    -81     80    491    -22   -125    -68   -112    -94    -97   -150   -179   -213   -240   -200 
   -70    -60   -128   -251   -185   -181   -204   -215   -157   -137   -175   -149   -215   -144    -80   -290 
  -360   -208   -231   -198   -148   -103    -92    -68    -37    -39    -61    -44   -142   -173    -97   -213 
  -133    -68    -24    187    341    350    -25    -84   -186   -282   -316   -234   -184    -89     76    602 
   888    987   1148    726    338    -33    -91   -181   -130   -152    -99     -9    350    891   1039   1342 
  1098    779    402     36    -61    -52   -135   -103    -33      0    277    212    369    322    204    262 
     0    -47    -52   -124   1004    698    854   1000    783    707    605    902    534    409    373    230 
  1239   1047    381    566    855    568    662    690    819     72    541   1015    879   1534   1529   1356 
  1344   1041   1214   1183   1142   1218   1045   1012    532    225   1073   1663   1167   1552   1270   1460 
   789    978    -18    535    554    253     77    976    875    441    883    446    121    -75    243    -22 
   301    356    442   1064   1063    960    903   1062   1089    673    497    624   1058   1481   1051    775 
  1105   1182   1544    357   1477   1598    718    -93    257   -206   -198   -120    -96    625   1011   1194 
  -172    801   1237    836    -48   1134     78    -19   -223   -256    -78    861   1158    -42    522    527 
  1157    803    995    628    -82   -176   -299   -201    578   1091    240    -27    -36    243    307    324 
    -5   -142   -182   -212   -127    621    916    392    268    290    686    535    340    151     74    -30 
    19     60   1239    562    349    204    366    628    713    677    624    197     91     58    -17   1053 
   924    585    202    205    320    325    198    206     -9    -15    134     -7   1093     37    418    570 
   519    512    361    389    306    239    123    249    170     80   1085   1875   2008   2010   1952   1941 
  1772   1776   1528   1503   1776   1463    964   1122   2026   2197   1944   1919   1850   1772   1801   1458 
  1367   1390   1355    948   1084   1783   2079   1922   1898   1718   1783   1642   1525   1410   1374   1403 
   950    852   1561   1894   1905   1671   1365   1277   1344   1262   1490   1405   1375    863    729   1538 
  1408   1656   1630   1250    927   1328   1476   1977   1698   1343    844    809   1260   1745   1628   1086 
   571    830    798   1282   2095   1509   1505    795    186    -41    465    736    530    245    461   1018 
  1217    170    -59     23    314    -44    -55    -45    -13    -14    219    212    661    277   -129   -144 
   -82     15    -34    -19    -19     12    112     82     49     68    -41   -187   -178   -102    -27    -23 
   -23    -33    -35    -22    -41    -29    -25    -40   -100    -90    -57    -22    -59    -54    -62    -60 
   -64    -76    -73    -65    -91    -97    -94    -79    -52    -37    -39    -41    -30    -24    -21    -21 
   -20    -39    -51    -54    -38    -36    450      0     -7     -2     -1    116     12    211    331    366 
   336    200    519    -17    -99   -112   -121   -111   -102    -88    -74    -60    -69    -79    -72     21 
   -23    -97    -84   -101   -122   -119    -82    -89    -90   -103    -89    -76    148    -30    -98    -79 
   -83    -59    -70    -48    -75   -105   -110    -76    -74     -1      9    -67    -70    -79    -69    -41 
   -48    -68    -75    -59    -61    -76     -6    264    -46    -15     -1    -37    -68    -26    -25      0 
   -30    -76    -69    138     -4   -110    -49    113     -3    -55     -5     -9    -80   -166   -194   -116 
   251    283    -85    -43    639    693    326     83    -15    -99   -210   -232   -136    374    985    439 
   506    734    632    721    647    360     -8    -89    -63     -1    554    646     -7    -14    142    149 
   553    659    745   1184    718    896    559    476    568     -2    -22     -2    242    647    784    846 
   793    575    733    227    507    972    675    696    745    941   1151   1119   1046    722    626    791 
   525    894   1250   1131    999   1025    985   1145   1187   1096    961   1056   1166   1006   1001     -3 
   -15    -13    -10    -12    -19    -17    -13    -11    -18     -6     -7    -41    -11    -38    -35    -45 
   -33    -48    -32    -37    -24    -38    -19     -6    -56    -15    -30    -35    -47    -51    -60    -50 
   -62    -45    -48    -45    -25    -66    -31    -31    -35    -46    -52    -54    -41    -74    -78    -71 
   -68    -35    -61    -27    -38    -51    -51    -72    -82    -76    -79    -84    -78    -83    -62    -60 
   -28    -45    -63    -57    -78    -87   -118   -110   -114   -114   -118   -103    -64    -52    -82   -110 
   -87   -108   -152   -192   -195   -233   -215   -161   -145    -79    -64   -138   -152    -80    -93   -141 
  -155   -139   -193   -263   -239   -192    -94    -27   -103   -114    -82    -83    -91   -101   -117   -193 
  -289   -236   -210   -124    -14    -56    -50    -52    -52    -50    -62    -82   -155   -198   -157   -151 
  -110    -21    -59    -44    -34    -38    -43    -43    -52    -68    -86    -71    -73    -79    -19    -53 
   -37    -35    -29    -29    -28    -37    -36    -33    -42    -33    -62     66    -11     -3     -5     -2 
    -7     -4     -9     -5     -3     -4      2    -29   -117   -111    -94   -112    -83    -81    -49    -95 
   -68    -61    -45    -18    351   -120   -112    -92   -110    -94    -64    -56   -107    -51    -43    -33 
    -6    482   -119   -107   -106   -117    -88    -35    -45    -94    -55    -56     -8    -30    398   -101 
  -113    -94   -134    -94    -31    -33    -43    -72    -72     -7    -49    386   -101   -111   -116   -158 
  -119    -52    -18    -34    -93    -74    -13    -40    187   -128   -161   -116   -159   -166   -132    -60 
  -151   -215    -93    -42    -28     -5   -102   -142    -13   -126   -119    -81    201    -49    -41    154 
   280   1341    249    -81   -133    370    -82   -100    -72     11    -67   -183   -130    402   2789    376 
   -70   -151    -66    -49    -58    -35    -16     -1   -102   -119   1662   3777    480    -57   -105   -104 
   -61    -59    -42    -15    -21   -134   -212   1269   3022    420    -69   -102   -145    -97    -83    -65 
   -33    -43   -100   -152    162    900    184    -69    -95   -154   -116   -110    -93    -81    -75    -68 
   -52     -5     89     52    -67    -93   -131   -111   -106    -76    -72    -69    -52    -29     18    -16 
   -17    124    320   1179    889    648    804   1081   1048    783    986    879     -5    180     -8    -16 
   755    616     48    133    224    585    -20    385    783     -7    -13    -10    -16    569    310    -10 
    36    -49     -2     77    413    228    -48    -41    -40    -93    307    194    153     56    148    -57 
    95    562     30    -64    -45    -10    -66    484    209    124    -14    734    130    223    273    101 
   -21    -45     -2     -8    322    129    -17    -54    -72    -53    -15    -14     -9     25    -41    -21 
  -100    180      1    -94   -260   -103   -205   -197    -98    -93    353    -43    -11   -235    -21    266 
    -8   -107    408    556    477    -86   -126    295    -14    135    -31     -3    237    373    396    272 
   429    270    -26    484    -12    -38    -30     -8    -11    104    286    439    454    415    -25   -110 
   -42    -83    -47    -40    -36    142    381    477    448    490    457    360    343    411    -33    -19 
   -17    116    681    895   1054   1107   1061   1052    941    942    803     -9     -9     22     61    569 
   988   1197   1221   1183   1245   1020    737    589    -14    182    624    -43    -16    -54    -48    -46 
   -47    -43    -14     13    -30    -36     -9    944    -70    -36    -70    -57    -74    -40    -49    -50 
   -47    -68    -89    -48    654    -62    -53    -70    -43    -74      0    -73   -128   -125    -71    -82 
   -51    357    -76    -66    -70   -114   -108    -41    -38    -71    -84    -29    -72     -4    376    -28 
   -51    -57   -154    -89    -32     -2    -76    -84    -51    -52    220    903    -32     13    485     32 
   -47    869    286     -1    -16    -21    343    715   1394    -25   1037    965    -46    -88    -51   -129 
   -17    -57    -38   1803    811    897   -106    952    776    123    -77    -85   -149   -106   -337   -247 
  2350   1035   1467    219    846    650    715    353    652    222    327   -184   -167   1460    804    956 
   149     -5    107     73    -31     -6    -12     -3   -126   -180    -32    236    892    -35    -84    -98 
  -106   -128   -127   -113    -80   -113    -70    -36     51    936    415     43    -24    -42    -65    -71 
   -64    -35    -19     35     82    529    849    608    549    259    209     -8     -1     -1    154    295 
   467    416    508    583   1510   1818   1888   1970   1703   1312   1146   1095    861   1046   1053    595 
    -2    772   1043   1296   1705   1560   1335   1080    953    811   1295   1228    581    -32    468    621 
   917   1106    957    877    847    935    556    945   1020    389    -53    205    500    629    860    507 
   384    547    564    330    515    437    140    -85    -61    -43    -21    -13    -26    -36     -5     -3 
   281    270    142     -3    -82    -44    -77    -92    -66    -28    -97    -10    972   1033    260    -42 
   -62    -96    -28    -64   -118   -126   -129   -185   -155   -132     92    140   -110   -103   -169   -131 
  -102    -84    -29    -35   -118    -69   -127   -117   -112   -196    -86    -37    707    798    622    827 
   689    259    -35   -124    -19    -22   -117   -100     -8    684   1464   1147   1158    851    297    -74 
  -150   -163   -155   -155   -105    -67    -16    542    817    718    514    351     -8    -31    -38    -28 
   -92    -85    -86    -75     10    311    270    136    223    434    320    245    201    -30    -33     37 
   462    978   1250   1479   1412   1472   1481   1342   1216   1006    617    354   1780   2164   2254   2215 
  1865   1670   1706   1453   1265   1074   1358   1496   1902   1552   1916   2254   2131   1742   1421   1533 
  1053    949    898    614    675   1745   1173   1821   2442   2269   1897   1559   2108   1863   1283   1392 
   992    985   1769   1335   2020   2334   2008   1293   1368   1910   2246   1492   1367   1469   1305   1953 
  1230   1749   1884   1475   1212   1905   2389   2454   1758   1450   1535   1053   1362   1461   1350   2083 
  1661   1553   1780   2942   3142   2429   1941   1801   1229   1233   1137   1230   2237   1318   1242   2263 
  1881   1770   1270    217   1062   1199   1026    554   1918   2164    923   1330   2128   1875   1198    357 
   -32    428   1118   1256   1526   1738   2387   1599   1653   1606   1743    874   1053    251    245   1587 
  1841   1639   1899   2238   2121   1910   1538   1179    714   1215   1353   1098   1366   1527   1360   1618 
  1749   1728   1620    996    589    520    897    655    492    252    909   1245   1184   1179   1274   1053 
   633    615    309     92    -12    -11    140    993   1549   1742   1681   1602   1377    964   1021   1016 
   758    733    922   1255   1413    847    956    970   1076   1022   1065    793   1113    895   1045    985 
   823    565   1142   1032    919    897    833    956    802    921    688    833    850    981    656    887 
   770    562    331    257    425    536    619    545    493    645    663    512    657    464    467    227 
   168    264    269    441    210    288    335    544    666    489    281    164    150    126    -18    -30 
   -30    -39    -25     -4    230    367    462     -4     -7    184    385      6    268    -37    -21     -9 
   -24    108     69   1016    -18    -14    393   1019    132    295     -8     -1    -15   -123    -54     48 
   724    -87   -100    -66    -71   -133   -114   -133   -111    -74   -194    -91     34    -11    -81    -99 
   -74    -58    -54    -48    -78   -144   -169   -162    -63     38     72    -36    -84    -60    -31    -12 
   -17    -40   -103   -174    -93    -10     -2     -8    -46   -102    -87    -65    -49    -52    -75   -108 
  -190   -123    -63    -38     49    -27    -67    -67    -38    -43    -66    -71    -67    -81    -52    -30 
    -6    -24    -31    -52    -36    -15    -18    -30    -31    -24    -34    -34    -24     -7    -14    -13 
   -13    198     67    208     20    306    -22     -5    -10    293    546    -73    -97   -102    -56    -46 
   -47    -62    -37    -93    -91   -105    -67     -3    -86    -94   -104    -68    -16    -53    -40    138 
   -22    -71    -99    -40     80    -92    -72    -47    142    690     87    -39    -23    -19     30    -14 
   337    267    -77    -56    -19    813   1228    441    -41    -47    321   1389   1069    516    148     -7 
    89     15    597    463    -39    -47   -110    -29   1273   2179   1133    410    534    -26    578    816 
    85    -78    -23   -130    -58    -35    -22    688    887    -21   -131     -7    453    -13    -62    -13 
  -127    -63   -300   -303    -67    932    476    979   1615    453    180     85    -18   -120   -174   -297 
  -292    -90    720    467    731   1267    689    733    349    -40   -113   -215   -315   -283   -132    301 
   -13    -45    -19    -50    -50    -54    -81    -75    -86    -20    -51    -51     97     -1    -31    -21 
   -43    -38    -55    -83    -57    -47    -23      9    243    488    800    893    979    878    944    720 
   428    371    551    763   1099   1207    974   -101   -135   -100    -94    -98    -83    -68    -39    -51 
   -20    -53    -30    710   -145   -165    -82    -87   -112    -44    -76    -53    -60     -8   -110    -78 
   864   -140   -144    -26    -60    -69     13    -26    -91   -110     -9    -55    -52    956   -120   -154 
   -40    -71    -47     -9    265    -62    -57    -20    -70    -89    738    -28    -65    -25    -52     57 
   -17    360    -49    -23    -32    -21    -26   1021      0    -83    219    677    753    -14   1091    -49 
   -70    -77   -128    -19   1110    430   -152    -24   1001   1145     49   2610   2390   1860     -6   -116 
   515   1103   1475   -146    -22    211    -36   -146    904    581   2224   -113   -169    939    746    593 
  -213    -81    -56    -90    -83    809   1804   3279   -239   -195   1554    757    515    -85    -68    -48 
   -25    -14    813   1544   1028   -273   -134   1192    985    476    -77   -108    -80    -55    -25    253 
   487    -27   -162    -21    462    950    381    -70   -140   -112    -87    -93    -69    -51    -73    -77 
   -30     -2    979     33    -54   -104    -92    -75    -68    -54    -58    -72    -58    -22    -26    471 
   189    -11    -35    -25    -56    -26    -10      0     46    324    443    592    494    241    -30    -58 
   -56    -52    -40    -28    212    197    340    331    204    203    221    -26    -47    -33    -10    118 
   395    792    560    370    257     -2    138    647    378    344    247    982   1278   1629   1504   1034 
   885    627    442    481   1114   1019   1080   1150   1780   1949   1919   1291    980    857    783    841 
   656   1041    870   1643   1776   2569   2704   2555   1376    972   1379    971   1067    627   1259   1466 
  1058   1161   1623   1910    908    521    565   1864   1969    995    613   1158   2464   1276   1022    825 
  1340    574    401    629   2277   3071   1144    676    907   1640   1248   1484   1216   1273   1028    805 
   760   1372   2120   1073    733    809   1131   1072    840    566    641    565    709    704    729    845 
   732    391    468    429    417    423    307    184     70    133    415    243    503    429     99    172 
    95    124    133     80    237    353    361    265     92     85    110    138    345    351    408    339 
   259    263    369    556    612    643    491    344    273    815   1173   1677   1313    947    819    880 
  1066   1310   1388   1045    801    419   1186   1507   1485   1020    794    885    621    861    894    957 
   969    935    348   1204   1512   1176    401    433    301    901    717    492    436    941   1075    370 
   606    849    639    240    -14     -3    425    276    320    501    613    607    114    695   1154    794 
   682    580    984    841    526    694    907    565   1233    810   1073   1453   1415   1550   1167    877 
   770    738   1034   1514   1037   1489    777    138     -6    619    454    -45    -74    -50      0    120 
  -151    -84    776    545   -141   -252   -119    429     97    -45    -27     -8   -134   -632   -592   -186 
   -38    -52   -154    -76    487     -2    -24    -61    -46    -40   -171   -118    -28    -96    -55   -121 
   -93    -13     -5    -14     39    -15    -90    -27   -111   -141    -72     27    -52    -37    -23    -16 
   -16     -5    -24    -78    660    -34    -64    -25    180    -20    -17    221     49     23    -20    -19 
   -15    366    183    140     95    -15    -49    -16     54    182    181    169    329    322    101    -11 
    -1     51    992   1298   1539   1485   1466   1406   1145    998    798    775    911    943   1083   1278 
  1567   1770   1629   1575   1500   1184    994    468    601   1014   1230   1246   1517   2031   1968   1768 
  1656   1595   1442   1291   1132   1154   1213   1451   1214   1215   1318   1545   1500   1590   1469   1643 
  1164   1195   1330   1221   1495   1187    808    715    949   1101    959    667   1172   1715   1469   1446 
  1386   1502   1162    599    596    553    849    495    198     -1    663    722    574    781    971   1064 
   231    388    224    938    317    -41    -91   -150   -169    -76    -57    203   1033    354     21    324 
  1167    749    252    744    856    -16    -82    -70    217   1297    845    686    811    775    834    722 
   750    960    -74   -186   -145     17   1484    651    579    427    502    762    623    579    712    -58 
  -199   -164    317   1348    765    652    684    674    864    618    532    785    634      5    288   1098 
  1286    794    601    708    697    795    839    818    862    844    836    965   1153   1115    772    663 
   635    524    586    548    463    406    326    352    640    745    868   -134   -152   -164   -125   -114 
   -96    -95   -127   -125   -109   -121   -110   -103   -191   -237   -247   -175   -161   -134   -131   -139 
  -168   -156   -174   -171   -135   -193   -242   -231   -192   -187   -171   -184   -158   -152   -130   -133 
  -151   -166   -196   -248   -238   -226   -244   -237   -245   -213   -204   -163   -147   -194   -188   -165 
  -195   -227   -245   -255   -247   -236   -198   -187   -159   -121   -159   -163   -194   -207   -232   -259 
  -294   -274   -313   -222   -193   -254   -235   -204   -143   -216   -162   -235   -228   -267   -250   -261 
  -153   -189   -249   -229   -208   -126   -142   -110   -121    -16    -18    -12     -6     29    -71   -188 
  -192   -135    -29    -59    -32     84   1086   1753   1731   1758   1982    682     66    118    679    227 
   -14    361   1126   1609   2026   1983   2016   2013     76    -48    186    821     96    236    785   1002 
  1548   1836   1998   1975   2130   1024    771    992   1168    359    265    557    769   1216   1435   1447 
  1338   1420   1356   1581   1427   1241    270    -36    -38    -19     26    209    217     89     68     37 
   209    308    156    -38    554    652    715    758    893    891    697    421    268    399    637    707 
   425     -8    -38    -28     58     14    -27    -50    -36    130     -4    -13    -10      3    275    -43 
   -40    -37    -15    -62    -50    -76    -13    -28    -38    -17     -3     -4    -70   -109   -103   -138 
  -123    -56     13    -20    -65    -60    -17    -18     44    -63   -104   -102   -154   -143   -153    -78 
  -104   -127   -107    -46    -25    -37    -93    -61   -115   -228   -177    -91   -108   -165   -221   -111 
     4     63    -69    -59    178    -54   -154   -101    -12   1181    -44   -244    -68    921    542     -7 
   -14    119    -19   -123   -124    -76    -41   -266   -452   -324   -107    160    -29    -43    231    500 
    58    -22    -56   -172   -357   -551   -483   -276    -92    245    236    271    711    946    802    -27 
  -135   -239   -382   -348   -192    -85    503    438    405    622   1258   1430    905    393    -42   -119 
   -90     -4    205    779    825    909   1247   1644   1865   1923   1439   1560   1213   1252   1500    961 
   549    721    947   1277   1674   1735   1593   1456   1628   1586   1389   1398    744    -51    -41    -47 
   -47    -46    -37    -15    -21     -4    -14    -11      6    -46    -37    251    234    270     49    138 
   356    -10    422    225    106    -32    -34    -67    -14    123    348    359     -8    154    -47     16 
    29    231    -50    -64    -99    -17    197    142    -20    -33     -8    575    746    399    256    -44 
   -44    -59    105    421    544    225     -8     99    596    934    783    465    -14    -22    188    486 
  1049   1577    898    100    887    883    835   1015    964    789    419    743    400   1382   1701    770 
   254    802   1157   1474    860    681   2322    533    388    -45    629   1375    947    521   1376   1654 
  1808    508    -65   2527    707    745    998    902    774    811    665   1115   1563   1573    -57   -106 
  1706    143    400    678    261    561    229    371    752   1378    608   -149   -112    631    -12    -11 
   136     77    273    144     28    326    715    593    109    113      3    -79    -13     45     -4    114 
    -7    -17    -15    -18    -24    -13    -25    -16    -62    -22    -17    -37    -41    -61    -74    -75 
   -86    -88    -82    -85    -69    -92     -6    -21    -41    -48    -19    -19     51     67    -30    -18 
   -39     97    367    132    -29    -67    -99    -63    -52    -25     20     44     24    -34    333    542 
    10    -44    -83    -89   -122    -63    -19     18    248    152    -36    353    410     -1    -64   -125 
  -151   -228   -136    -58      9     -7    -35    -31    221    385    -11    -45    -92    -89   -151    -96 
  -119    -98   -118   -174   -122    -18    541    -95   -148   -159   -210   -336   -379   -332   -323   -277 
  -289   -194   -121    130   -150   -178   -184   -152   -222   -239   -263   -115   -172   -407   -334   -200 
   337    -29    374    -45     -4   -122    -82   -196   -256   -316   -503   -320   -154    232    237      8 
   -85    -47   -117    -93   -106    -60     59   -105    -53    245    401    223    -50   -101    -81    -88 
   -90    -70    -39    -29    -84   -124    -64    238    -13    -52   -118    -99    -92    -84   -101    -74 
  -108   -172   -150    -81     53     -4      0    -34    -47    -70    -69    -64    -40    -72    -90    -83 
   -50     27     27     34    -12    -22    -39    -29    -16    -11     -2    -14    -18    -12    -19    -42 
    -6    307    439    286    258    209    328    338    327    316    139    -21   -120   -164   -150   -122 
  -142   -147   -122    -64    -45    -34    -13     71    -45   -128   -176   -174   -120   -155   -174   -195 
  -149   -102    -74    -63    -43    -70   -137   -195   -133   -126   -136   -150   -212   -169   -138   -103 
  -105   -117    -89   -142   -166   -175   -161   -167   -146   -186   -136   -147   -124   -107   -107   -103 
   -94    -81   -103   -125   -190   -174   -193   -105   -121    -98    -83    -73   -106   -157   -159   -132 
   -50    -77    -66   -110    -44    -90   -149   -126   -142    -92   -116    -27    -70    -10    129    400 
   -29    142   -103    298    322    -87    -53    -15    863    278    231    223    444    117    -32   -117 
   448    336    -36     -9     -3    541    673    495    204    542    401    120    -32    -15    411    354 
   129    -83    -65    -43     -9    -32     -9      0    -55    -57    -51    -44    -59    -54    -77   -103 
  -117    -90    -81    -75    -84    -99    -92    -91   -110    -87    -53    -43    -61    -78    -59    -43 
   -54    -63    -69    -86   -106   -118    -82    -55    -61    -96   -114    -98    -89   -101   -125   -112 
  -115   -114   -111   -104    -78    -99   -136   -152   -150   -147   -134   -162   -134   -134   -115    -95 
  -129   -111    -64    -82    -82    -82    -86    -69    -97    -74   -104    -78    -50    -52    -46    274 
   630    234    -12     68     27    -38    -53    -65     -6    195     -2    -27    -25    -33    -58    -58 
   -40    -24    -37    -53    -55    -37    -47    -33    -32    266    975    270     98    309    777    -33 
   -52    -13    808    997    -37    -61    -30    421    -50    -28   -103   -128   -187   -169   -145    168 
   854    -40    -39   -180   -206   -189   -117   -152   -162   -197   -210   -207   -127    -95   -124    -79 
   -79    -51    -77    -86    -90    -74    -75    -90   -232   -304   -267   -226    -99    -25    146    126 
   190    -13    -39    -56    -66   -145   -132   -120   -134    -66    -35    -26    -12     -9     -9    -19 
   -10    -28    -11    557    164    -57    -72    -72    -88    -69    -66    -55    -63    -59    -82    -84 
   -62    -67    -69    -68    -16     -8    -17    -25    -24    -22    -29    -43    -46    -29    -29    -29 
   -32   1012    912   1017   1408   1355   1201   1043   1011    770    562    668    767    577   1202    794 
   445    246    368    525    838    748   1066    910   1038   1267    809   1261   1135    749    373    302 
   567    969   1037   1209   1063   1204   1740    949   1759   1708   1174    412     -1    -10    142    683 
   722    914   1089   1694   1006   1031    793    499    -13   -128   -138   -152   -131   -105    -52    -16 
   791    751    -28   -128   -107   -196   -303   -369   -410   -501   -414   -344   -170    -41    272    -56 
  -145   -148   -171   -215   -257   -282   -303   -291   -343   -217    -65    726    -64   -132   -142    -43 
   -54    -48   -132   -137   -186   -244   -192     43    982   1009   1202    419     -8    -25    -51    -47 
   -93   -192   -140    -46    862   1098    408    186    171    271    349     -3     -4     14    -50     17 
   491   1425   1158    330    -36    -63    -42     -5    -20    -39      1    710   1018   1222   1146    692 
   363    -58    -79    -60    -51    -59    -75    -73    -47    -43    -36    298    125    487    -27    -44 
   -34    -20    -21    -39    -43    -28    -29    -21    134    -12    347    781    953    751    761    793 
   658    482    489    601    824    807    799    297    906   1307    993    982   1196   1102   1058    707 
   884   1231   1464   1196    177    746    999    721    879   1119   1103   1262   1038    859   1060   1482 
  1259    -10    186    559    212    549    799   1153   1058   1123    867    911   1234    966    -12    213 
   611    413    649    653    933    764   1033    809    908   1137    802    -21    160    370    288    429 
   310    376    551    970    466    731    971    567    151    171   1042    582    107    -42    549    389 
   970    387    770   1733    560    -15    -52    971    919    277      9    966   1070   1388    -23    414 
  1664    382    185    -22    543    625    740    864    976   1232   1250    476    896   1309    370    -10 
    -9    109    270    643    826    879   1159   1332   1478   1681   1400    531     -2    215    369    452 
   682    845    952   1068   1221   1263   1077    942    575      3    555    799    911    931   1024   1064 
  1121   1079   1021    848    639    507    152    575    630    643    650    704    713    714    749    678 
   632    464    441     30    -53    -57    -66     -9    -35    -51     -8    -37     -5    -78    -44    -20 
   -58   -110    -58    -92    -32    -44    -13     -4    -36     65    -20    -19     -7    -89    -93    -14 
   -25    -19    -20     -1    261    232    100    -53    -71    -24     11    553   1395   1560   2079   1359 
   347    266    223    199    -39    -44    -42    -53   -106     72    918    773    624    231    673    949 
   877    310      7    -35    551      0   1233   1480   1613   1536   2015   1878   2569   2562   2710   1950 
   434    533     20   1632   1588    263   -108    135    321    655    -22    -12   1550    714    204   -226 
   369   1073     -4   -126    -35    -49    -93   -504   -611   -127     72     84    776   1470    895    513 
   272   1176   1326    -18   -347   -274    351    789    819    587    667    694    395    373    718    973 
    30   -190    -73    424    393     86    358   1063    892    431     51     33     -4     -1    341    181 
   150     93    100    357    926    766    840    733    582    581    290    354    340    163    329    -21 
   -39    -30    -23    -31    -40    -44    -53    -64    -76    -56    -54    -17    -43    -59    -60    -51 
   -50    -55    -54    -52    -39    -32    -30    -35    -39    -62    -92    -97    -89    -92   -100    -82 
   -78    -67    -59    -57    -62    -55    -77   -114   -127   -125   -135   -133   -121   -115    -97    -96 
   -96    -93    -69    -92   -127   -136   -126   -127   -120   -123   -126   -136   -139   -140   -121    -77 
   -83   -123   -132   -123   -137   -138   -144   -148   -157   -145   -144   -121    -84    -99   -144   -149 
  -152   -172   -189   -194   -188   -175   -176   -161   -126    -78   -112   -154   -167   -156   -169   -184 
  -199   -181   -215   -237   -219   -173    -91    -77   -122   -148   -143   -153   -174   -186   -174   -214 
  -265   -288   -214    -98    -62    -87    -90    -76    -84   -114   -149   -179   -235   -294   -296   -224 
  -109    -57    -85    -71    -62    -66    -85    -99   -139   -180   -218   -205   -168   -100    -49    -71 
   -48    -49    -63    -79    -92   -118   -133   -126   -107   -100    -69    -19    -37    -26    -31    -33 
   -38    -43    -55    -42    -29    -18    -35    -34    -23    -35    -26    -27    -30    -33    -30    -34 
   -22    -16    -17    -23    -28    -89   -120   -141   -127   -117   -102   -105   -134   -157   -152   -138 
  -144   -123   -105   -123   -182   -159   -125   -110   -143   -130   -166   -151   -104   -118   -119    -58 
   -73   -136   -131   -127   -136   -211   -147   -133   -123   -106   -107   -103    -53    -83   -150   -150 
  -188   -193   -220   -200   -139   -145   -165   -162   -127   -129   -178   -234   -233   -252   -257   -222 
  -171   -129   -158   -188   -147   -109   -151   -170   -220   -189   -200   -127   -159    -91   -163   -180 
  -242   -178   -126    -65    -30    -37    -60   -117   -112    -70     19    136    626    757     -7    -58 
   -10    -10    599    343    -36   -100    -25    -13    -72   -102    -15    -83    -43    -13    -58    -24 
   -40    -35    -52    -55    -62   -115    -87   -162   -211    -40    -89   -101    -90    -82    -46    -54 
   -39    -58   -158   -159   -262   -258    -54    -83    -97    -86    -69    -44    -50    -30    -43    -73 
   -77   -110   -103    -57    -83   -102    -88    -64    -56    -47    -36    -26    -30    -22    -55    -66 
   -76    -88   -108   -103    -90    -86    -73    -70    -63    -75    -86   -110   -110    -70   1328    934 
   695    642    618    340    545    458    598    637    903    881    724    736    273    -22    -47    -27 
   -70    -32    -53    -32    -36     -5      1    202    568     44    -34    -62    -60    -91    -49    -63 
   -69    -66    -19     -8    257    475    -11    -46    -53    -68   -100    -69    -86   -128   -140    -99 
   -85    -11    337    -23    -59    -78   -119   -153   -120   -104   -126   -133   -123   -102    -17    275 
   -38    -40    -71   -123   -169   -180   -166   -207   -132   -122    -76     -8    187    -72    -52    -55 
   -78   -142   -167   -161   -241   -239   -180    -94     -4    599     71    -22     25    -13    -41    -52 
   -87   -200   -318   -338   -180    124    862    487    820    915    697    173    165    239    -22    -99 
  -170   -103    426   1371   1504   1230   1237    872    459    352    481    452    184    -60    -11    798 
  1568   1718   1531   1575   1104    581    396    485    511    284    527    809    931   1490   1688   1548 
  1535   1242    784    725    695    584    788   1167   1040    951   1336   1551   1463   1268   1008    680 
   729    721    568    713    994    993   1035    268     -2     45     32     -9     50    -13    -10    -35 
    -3     -6      1    215    199    -16    165    307     94    575    611    639    -25     -9    464    831 
   463    545    550    478    336    648    945   1068    764    318    143    566    774    534    438    380 
   567    326    607    548   1138    986    648    534    281    399    201    130     -4    214    354    346 
    86   1319   1935   1820   1466    626    470    430     -6    278    515   1051    765    494    462   1013 
   767     36    -32     -3    469    335    335   1173   1626   1061    -51    -75   -198   -224   -170   -109 
   237    168    560     58   1226   1463    500    -58    -58   -106   -162   -287   -198    196     83    -13 
   579    611    993    676    772    716    852    -60   -305   -276    -90    215    -38    -28     -6    298 
   505    359    589    848    -65   -177   -254   -151    160     -8    -35    -21     68     11    -20     14 
   324     -1    -10    -37     -9    448    -17    -23     -3    260     67     77    301    541    269    185 
   193    -11    155     -7    -14    -20    -16    -46    -53    -40    -15     -3    189     57    -33     -3 
   630   1140    996   1119   1100    470    850   1102   1505   1147   1321    938    716   1010   1676   1407 
  1356    912    334   1124   1242   1686   1583   1864   1323    863   1060   2127   1944   1669   1052   1084 
  1318   1590   1109   1289   1372   1212    966    442    929    698    165    -44   -120    -45    222     96 
    -5    118    467    750    563    558     14    -20    -64   -111    383    403    556    601    540    445 
   271    542     82    -20    -48   -114   -184   -214    -84    257    900   1152    456    384    411    194 
   757    277    -70   -149   -125   -172    -45   -108    -30     -8    267    357    -21   1751   1707   1660 
   893   -170   -267   -233   -529   -425   -220    -56    648    833    998   1405   2051   1019    -62   -114 
  -218   -279   -240   -274    -61    -11    309   1236   1033   1012    554     23    -32   -201   -191   -302 
  -250    -59    -36    -43    151     -3    308     -4    -23    -55    -55    -28    -97    -87      4    -60 
   -71    -45    -20    -31    -20    -13    -54    -46    -41    -40    -29     25     -4    -15    207    221 
   139    169    194    113    225    464    276    106     60      0     -9     81    408    516    421    304 
    -1    137    119    246    116    225    156    471    391    188    245    238    492    297    388    110 
   412    340    289    479    633    175    103    118     56     64     43    179    -18    222    286    149 
   655    538    377     -4     91    288     93    248    419    -25    -37    -48     -6    516    466     29 
   -27    296    409    376    252    189     66    -13    -57    -31    143      2    -42    -66    -58    -78 
   -94     -5    -29    -42    -58    -43    -12    -65    -99    -81   -111   -122   -114   -194   -209   -226 
  -215   -162    -60    -33    369    312    -18    -61    -94   -100   -103   -159   -246   -220    -70    -62 
   -57    415    133    285    118    -13    -44    -17    -52   -204   -231   -114    -71    -29    360    282 
   258    100     74    -14    -16    -30    -55    -75    -25     -3    113     -5    -19    -55    -51    -47 
   -57    -65    -45    -42    -48      4    195    169     33    -12    -30    -36    -46    -61    -76    -67 
   -61    -42    -24     -1     33     45     51    189     80     -1    -14    -15    -18    -28    -22     -8 
    -5    140   1020   1386   1715   1449   1418   1421   1298   1002    755    999   1164    963   1094   1144 
  1749   1872   1214   1017   1129   1104   1153    855   1364   1579   1352   1498   1170   1849   1829   1168 
   912   1093   1080   1078   1013   1280   1256    934   1180    824   1337   1383    477    327    597   1216 
  1085   1332   1396   1255   1153   1247    717   1001    938    505    274    472   1073   1089   1289   1319 
  1041    978   1019    638    379    331    463    348     -3    301    577    628    691    211    662    656 
   813    -48    583    232    -53   -157     -2    -35    366    631    -34    687    335    151   -183    -22 
   -45   -121   -193    -80    -90    -64   -153   -149     -5    338    162    -93    -67    -72   -120    -95 
   -56    181    666   -150   -112    -18    541    209     72    -47    -24    -58    -46    -30     59    719 
   -74    -15    217    662    287     30    -31    -34    -52    -61    -43    -22     77    -40    -23     -9 
   602    137     -5    -24    -50    -64    -76    -56    -36    -41    -35    -23    -33    350     37    -21 
   -43    -56    -65    -56    -44    -44    -42    -36    -15    -25    208     -2     12    -36    -45    -13 
    42     -5     85    196     61      0     28      0     -2     -1    -42    -33    157    405    294    260 
   262     -6    159    211     65      9     98    -45    -37     60    248    190    225    182    -22    252 
   323     -3    187    133    -83    -50     33    -12    -11     28    -16    -58    -24    218    -23    131 
    15    -26    -22    254    308     32    104    -13    -47    -40    244     -1    338    409     89     42 
   545    522    -18    195    -32    -16    165    577     94    258    205    245     42     42     -9     57 
    89    -22    -25    -31    382    248    468    -24    141    378    752    897    981   1066    349    -30 
   -86     39    164    657    691    -12      0     52    806    682    563    -49    -51    -22      0    275 
   214    319    -44    -15    -22    507    624    493    -97   -129   -104    -40    171    143    101    -47 
    -4     -6    877    846    841    -32    -33    -38     -7    184     -9     66    -24     -8    -20    478 
   513    669    -26    -21    -23    -10     -2    -22    -39    -71    -66    -77    -27    -26    -27    -76 
   -69    -66    -46    -22    466    678    927   1100   1152    885   1215   1007   1052    726    471    536 
   627    286    541   1295   1279   1068   1029   1637    938   1080    823    602    461    694    231    418 
  1329   1336   1178   1023   1412    761   1016   1234    923    309    504     -2     99    861    898    859 
   886   1371    974    751   1008    531     -7    100     76     69    801    990    613    724    965    838 
   769    927    730      6    168     56    -27    470    686    387     97    276    -23    160    230    424 
    -2    230    243    -54    450    643    672     -6    -30    -85    -93    -77   -121     16    248    125 
   -47    471    732    871    624    353     81    561    -15   -124    867    497     43    -18     -9    461 
   603    809    742    745   1252    -70    -59   1163    162    249     63    -11    438    676    750    632 
   686    850    -87    -46    542    -12    446    459    576   1170   1491   1286   1168    958    758     -8 
   -26    -30    -20    331    267    268    876   1094   1144   1177   1042    685    289    111    -25    -13 
    -7    -30    -48     -2     47    167    115     24    -10    -37    -51    -66    -37   -128    -95    -85 
   -91    -87    -88    -69    -85    -97    -96   -111   -112   -119    -78    -41     -1     12     -2    -32 
    26     -9    -22    -12    -37    -29    -55    -64    -29     -7    -17    -37    -63    -22     -4     75 
    65    -39    -42    -85    -76    -72    -27    -39    -98    -83    -23    117     31    195     46    -23 
   -62    -60    -47    -28    -27    -79    -79    -50    137     24     -2    132    -34    -71    -78    -74 
   -46    -50    -44   -100    -77    -78    -73    -51    188     -3    -53    -66    -60    -35    -33    -16 
   -51    -47   -108   -118    -93    -27    -11    -54    -87   -114    -36     -5    113     24    355    277 
    82   -147   -155    -49    -73    -74   -116   -108    -83    -54    -69    -38     -1    -64   -187   -236 
   -95    -74    -80    -93    -95    -80    -33     -9     99    521     -3   -116   -163    -56    -78    -68 
   -78   -104    -53    168    492    557    702    103    -83    -91    -50    -91    -79    -88   -122    -87 
   -37    -13    -14    -16    -79    -96   -112    -97   -110   -143   -176   -192   -163   -135   -139   -139 
  -137   -158   -165   -164   -144   -154    898   1699   1692   1693   1696   1872   1600   1489   1434   1488 
  1554   1291    974    863   1699   1599   1596   1354   1815   1731   1719   1495   1382   1467    944    747 
   883   1665   1804   1804   1460   1597   1708   1774   1618   1500   1500   1092    836    544   1239   1411 
  1631   1669   1675   1517   1628   1532   1451   1042    579    518    512    873    914   1527   1534   1643 
  1304   1347   1392   1411   1054    698    490    241    405    568   1058    882    871    683    711    845 
   947    944    525    319    -29     -8    306    113      7    -51   -114   -175   -147    -89      1    -15 
    -5    -74   -125   -102    -86   -138   -195   -200   -238   -229   -205   -222   -144    -47   -128   -197 
  -142   -114   -135   -150    -99   -131   -165   -282   -365   -218    -73    -76   -109    -96    -81    -86 
   -82    -92   -139   -171   -231   -299   -247   -104    -64    -89    -80    -86    -96    -79    -82   -121 
  -136   -169   -185   -198   -116    -39    -49    -64    -87    -92    -87    -98   -116   -111   -111   -115 
  -137    -79    -47    -51    -37    -36    -29    -22    -24    -19    -18    -28    -65    -90    -44      4 
   -33    -34    -20    -21    -36    -24    -25    -25    -43    -62    -62     -9    -57   -123   -118    -96 
  -100    -98    -83    -97   -118   -129   -135   -140    -40    -15    -62    -71    -62    -56    -55    -64 
   -48    -57    -64    -94   -109    -25     -2    -30    -74    -78   -100    -81    -84    -80    -84    -66 
   -68    -77     -6    -16    -47    -89   -112   -136   -121   -102    -93   -133   -125   -107    -99     81 
    -1     40    -64   -107   -135   -128   -161   -181   -206   -150    -74    -85     -1    -45    -87   -127 
  -159   -260   -298   -301   -377   -402   -319   -199   -134    -10    -98   -198   -180   -157   -200   -200 
  -167   -199   -278   -417   -339   -201    -22    -40    -66   -131   -151   -169   -142   -107   -122   -244 
  -414   -358   -229    -12     40    -56    -72    -91   -106    -97    -90   -109   -143   -191   -212   -173 
   -16    -11   -103   -125   -124   -108    -99    -98   -110    -98    -73    -95    -97      5     -9    -94 
  -131   -125   -104   -108   -113   -126   -132   -118   -125   -102      3    104    -54    -79    -73    -62 
   -65    -68    -73    -81    -75    -84    -64    144    -53    -68    -68    -65    -99    -66    -81    -82 
  -121    -97    -70    -73    -82    -35    -14    -21    243    272    123    -42    -34    -79   -102    -27 
    69    -40    -11    -10    -19    201    463    311    -30     -6    377     -9     58    292    -35    -30 
   -50    -74    -54    -15    103     -3     55    160      1    -72    -46    -74    -20    247    -19    -26 
    -4    -22    -23    168    307    -11    -52     -3    -36   -127    -35    -34    -15    193    385    -62 
   -41   -128   -223   -208    -87    -54     -8   1407    349    226    712   1378      7    301    -26   1882 
  2160     89    -45    670   1915    827    472    499    443     81     81     95   3913   3782    -27    -39 
   -68    -30    -20    -59    -59    -41    -64    -99    -78   2647   2020   -116    -55   -102    -61    -76 
   -69    -69    -45    -53   -104   -127    256    -55   -179    -76    -58    110    159    208    -37    -38 
   -52   -101    -85    -34    -50    -32    -30    -64     12    184     -5    -68    -92    -93    -81    -37 
   185      5    -14    -50   -103    -78    -59    -86   -118   -130   -128   -111    -97    -79    -86    -96 
   -69   -193   -209   -193   -211   -212   -184   -169   -162   -174   -162   -217   -212   -150   -179   -152 
  -136   -138   -166   -151   -106    -64    -85    -47    -88    -80    -54   -144    -92    -74    -69   -140 
  -136   -120    -89    -89   -103   -119    -72    -66   -134    -72    -21     -8    -98   -113    -94    -91 
   -79    -88    -99    -45    -51    -96    -24    206    199    -68    -91    -92    -65    -28    -34    -45 
   204    -29   -136    -72    202    253    -87   -164   -195   -145   -118   -271   -119    146    193   -176 
   -48    -10    544    -46   -177   -200   -234   -253   -376   -167    -80     -4   -186   -156    -85    620 
    61    -95    -68    -62   -226   -395   -316   -151    253    -50    -55    -44    580   1051   1195   1079 
  1155    -61   -122   -292   -133    589    -14    635    279    265    894   1246   1250   1692    148    -44 
  -215   -102    465    -24    809    732    582   1137   1437   1395   1872   1238    758     89    468    661 
   -20    662   1117   1310   1366   1448   1329   1488    869    781    464    594    361    -61    -26     -7 
     3     61     -2     -7    -18    -64    -58    -55    -34    -46    458    313    563    452    257    155 
   295    483    395    349    173     47    144    186    -24     70    -11    -24    -32    -22    -17    -10 
   -18    -49    -76    -39     -6    -47     36    242    306     -4     39    -29    -18    177    -12    -66 
   -39      0     -1    518    578    665    200     35    -31    -26    274     81    -48    -17    251    328 
   509    597    589    482     87    -12     84    506    300    -35    -20    699    437    768    801    691 
   603    982    951    952   1143    637    152    -16   1005    391    287    677   1366   1401   1173    875 
  1229   1699    797    427     19   1196   1035    518    677   1387   1491   1762   1703   2428   3250   1859 
  1278    392    569    352    924    499    584    760    849    539   1193   1169    897   1167     93    342 
   258    532    374    260    146     -3    103    963    804   1064    915     -7    106     -3     58    120 
   122     -8    -16    -11    285    337    193    -34    -45    122    -36    -31    -26    -23    -32    -27 
   -16      3    -22    -26    -48    -28    411    358    298    212    292    204    270    315    383    298 
   293    242    295    -31   -117   -120   -125   -110    -96    -96    -84    -83    -63    -87    -64     -2 
   -65   -176   -162   -170   -137   -121    -96    -92    -88    -99   -104    -59     -7    -55   -151   -175 
  -173   -140   -110   -122   -140   -132   -116    -96    -60    -26    -35   -118   -141   -149   -134   -103 
  -111   -139   -175   -149   -120    -94    -41      1    -77    -91   -118    -94    -91    -93    -93   -123 
  -114    -94    -78    -31    318    -32    -36    -58    -35    -16     -6    -22    -73    -63    -78    -47 
   220    -10    -33    -40    -55    -60    -22    -14    -23   -119    -95    -91    -55    449    -50    -78 
   -85    -47    -64    -31    -52    -45   -167   -164    -72     88    818    -69   -102    -76    -13     -3 
    51     -6      0   -113   -182     41    907    959    304    -10    -23    117    376    518    366    620 
   -24    -54   1056   1630    941    579    273    363    582    754    870    924   1170   1244   1390   1867 
  1908   1316    977    783    797    845    994   1172   1234   1209   1444   1611   1778   1892   1368    998 
  1010   1113   1080   1050   1127   1152   1036   1326   1586   1698   1668   1226    -23    -49    -59    -56 
   -51    -60    -57    -69    -62    -47    -53    -37    -10    -25    -53    -78    -78    -64    -63    -60 
   -63    -63    -58    -60    -53    -18    -30    -63    -90    -85    -88    -85    -86    -87    -88    -69 
   -75    -72    -34    -42    -78    -71    -57    -69    -69    -68    -69    -86    -97    -87    -87    -48 
   -35    -59    -85    -70    -92    -61    -72    -57    -73    -83    -58    -70    -31     -6    -38    -69 
   -54    -60    -57    -48    -61    -55    -44    -23    -41     -6    -29    -28     -9     30     -4     -8 
   -20    -70    -81   -116    -60    -40    247    168    401    445    315    183     87     -6     -1    -11 
   -64    -78    -45    452    314    275    316    447    369     91    134    107    -17   -128   -108    -13 
   423    349    327    197     97     37    -22     -5    137      0   -103    -81    218    398    222    198 
    -3    -16    -31    -50    -36    -13     16    -44    -29    166    156    294    497    170     -2    -14 
   -31    -21     -5     22     26    187    233    244    402    620    451    276    166     76     97    173 
   221    297    480    487    326    -84   -138   -127   -119   -140   -130   -108    -82   -121   -106   -112 
  -105    -36    -87   -166   -137   -113   -144   -145   -114    -79   -141   -129   -110    -92    -27    -66 
  -153   -157   -134   -148   -169   -178   -164   -139   -119   -103    -85    -46    -59   -152   -120    -82 
  -108   -146   -168   -202   -145   -117   -122    -84    -25    -31   -100    -78    -68    -55   -108    -88 
   -96    -76    -78    -94    -74    -29    265    169     -1    267    176    -33    -47    -62    -89    -61 
   -86    -32    251    413    174    536   1197    500    -10    -13   -119   -140    -83    -72     83    443 
   569    -27    502   1324    894    332    931    502    -89   -257   -270    -62    758   1026    498    535 
  1354   1743   1505   1237   1190    -17   -140   -187    -43    984   1408   1423    895   1100   1544   1758 
  1593   1632    964    388     39    745   1107   1244   1611   1565   1621   1751   1794   1598   1696   1487 
  1474   1498   1547   1388   1212   1710   1680   1844   2063   2148   1946   1898   1875   1964   1950   1794 
  1328    856   1229   1387   1407   1443   1463   1322   1232   1294   1370   1578   1389   1076    -61    -51 
   -64    -68    -73    -60    -57    -53    -47    -79    -76    -78    -69    -47    -34    -21    -10    -12 
   -32    -20    -46    -30    -71    -59    -37    -39    -22    290    190    225     16    -33    -32    -42 
   -27    -74    -93    -73    -49    -69    -24     -5    112    221    -17    -62   -118   -118   -149   -135 
  -111    -84    -48    -28    -36    -29    234    429    303    122     -3    -20    -48    -54    -58    324 
   503    548    521    673    581    565   1099   1112    663    246    142    -17     -7    243    354    -15 
   -38    -25    -55    -66    -81    -62    -19    -25    -46    -78    -25    -33    -23    -10     -9    304 
     3    -82   -119    -45    -61    -41    -56    -62    -54    -47    -41    -27     -2    -21   -123   -213 
  -115    -53    -11    -54    -31     75      0     -4    168    362    424    -85   -165    -96     -4    214 
    -4    114    500    525    450    541    729   1150    648   1032   1056   1324    406    108    288    500 
   598    801    861    814    865    646    573    742    703     47    365    629    729    813   1007   1034 
  1064   1033    906    770    817    789    324    -31    -16    241    235    156    302    397    497    306 
   564    491     23      0    -36    -27    393    327    207    297    559    722    645   1105   1280    479 
   387    -53    -50    215    149    -22    -10     60    329    482    732    678     41     -5    -60    -27 
   709    472     -1     51    338    202    471    709    865    426    222    -46     18    676    476     11 
   -13    176     -6    240    384    609    389     25    -32    148    520    384    -36   -116   -145   -158 
   -92     -9    371    409    158    -67   -104    -39     -5   -122   -260   -262   -279   -229   -213   -204 
   -40    286   -104   -194    -77     15    -64   -167   -145   -217   -367   -570   -552   -201    124     -4 
   -34    383    498    585     -4    276    -25   -204   -378   -339   -107     10     -9     50    746   1093 
  1322    869    839    536    -51   -147    -73    247    109    -32    -23    144    396    692    476    606 
   559    407     -2    466    348    191    -27    -14    108    440    670    579    458    528    307    154 
    -1    -21    -17     -8    159    480    839   1196   1286   1309   1225    853    436    298     39     -3 
   364    397    388    332    342    439    528    520    423    360    366    436    372    585    735    727 
   887    859    787    652    633    674    493    613    682    499     98    -12    -15     -3    137    163 
   118     39     31     -5     -2    -12    -15    -21    -23     -5    236    289    326    459    456    381 
   225    214     79      5    285    515    648    637    722    386    373    192    303    288    369    313 
   177     75    157    219    362    612    754    573    588    552    334    272    394    322    797   1328 
   924    695    964   1270   1259   1412   1385   1860   1716    923    388    632    586    368    298     57 
   -16     24    250    641    710    706    837    598    -12    -57    -26     75     -6     -9    124    324 
   829    794    762    998    521    109    124    188     78    152    199    261    197    -59    -90    -75 
    -9    199    383    463    401    245    103     57     96     -5    -68    -97    -84    -15    110    115 
   107    144    115      0      0     -1     70     -2     -3      0     47     18    -15    -28    -26    -26 
   -36    -35    -39    -35    -31    -25    -12    -10     -3    -57   -114    -98   -127   -108    -97   -109 
   -87    -89    -71   -112   -116    -99   -107   -189   -189   -163   -164   -153   -134   -100    -97    -74 
   -93   -127   -131   -109   -174   -204   -190   -191   -191   -189   -148   -105    -98   -118   -129   -144 
   -87   -141   -219   -189   -239   -226   -255   -213   -167   -170   -206   -195   -185    -86   -143   -204 
  -204   -253   -267   -266   -216   -216   -219   -239   -167   -145    -82   -120   -133   -126   -166   -140 
  -109   -151   -167   -248   -113    -45   -115    -25    -52    136    -20    -54    -86    -52    -52    -61 
  -146     -7    921    -79    -14    -35     -5     -7    -51   -100   -126   -180   -110    -45    -19    -23 
   -77    -98    -39    -75   -118   -146   -138   -131   -157   -128    -84    -89    -97   -100   -141   -137 
  -159   -163   -142   -146   -142   -132   -224   -252   -284   -207   -119    -99    -76    -69    -83    -86 
  -109   -126   -141   -179   -163   -191   -144   -105    -83    -74    -59    -78   -103   -115   -125   -125 
  -109   -100   -104   -105    -94    -75    -79    -79   -104   -127   -125   -117   -110    -91   -100   -112 
  -114    -74    -72   -103    -53    -80    -95    -61    -34    -23    -52    -25    -39    -76    -27    -63 
  -102     -5    -30    -79     -6     -3    181    -27    251    -46   -109    -29    -49    -77    202    -27 
   -81    -40     -2     -3    -46     38    -36   -105    -22    -15    -56    694    476    583    412   1234 
   626    375    633    300    -54     30    641    680   1414   1522   1605   1754   2569   2121   2146   2056 
  1526    635    304   1238   1186   2118   2664   2229   1208   2597   2420   2491   3118   1811   1771    688 
  1906     93   2002   1941   1120    -38   2369   1530   2338   2275    548   2755    922   1721   -177    975 
   770    494    -53   2299   3431   4888   2043    202   4091   1222    408   -179    -58    -67    -69    -75 
   898   1652   2637    -38    340   3261    687    -33   -139   -131   -106    -76    -50    465   1405   1784 
   -20    180   1135    137     -7   -112   -126    -83    -50    -38    172    483    251    -50    -43    -73 
   -53     -7    -95   -134   -106    -85    -91    -59    -35    -73    -96    -87   -137    -77    -19    -73 
   -99    -84    -67    -69    -59    -40    -66    -74    -73   -108    -56    -40    -48    -59    -44    -37 
   -55    -64    -52    -22    -34    -44    -59    -75     41     -8     58    449    642    218    203     61 
   487     -6    -25    -28    -32    230    -23     -4    362    633    245    406     49     86    -36    -48 
   -72    -46    171      4    -19    243    969    722    731    691    289     18     -5    -42    -38    407 
   416     -4    196    806   1213    874    866    525    392     90    -18     33    273    -41    -58     12 
   117    -77    -97    -77    -99    -45   -105    -72     39   -113   -136   -189   -115    -98   -126   -282 
  -252   -242   -190   -191   -205    -54    -56    -32   -118   -103   -139   -142   -205   -265   -184   -102 
  -240   -267    -77    -58    -66    -41    241    -43   -101    -57    -94    528     82   -140   -127    -40 
   -36    -58      4     13     10    -31    -34    -13   1114    510    -54    -33    -16    -24    -61    -40 
   -27     77     -4    -39    -78    -87    -64    -78    -69    -39    -31    -78    -83    -60    -28     -9 
   -33    -49    -66    -87    -89    -90    -48    -32    -75    -70    -26     44    224    173    136    -17 
   -47    -69    -56    -55    -13    -15    -32    -55    -59    -54    -69    -57    -78    -65    -71    -78 
   -86     37    251    205     -9    -18    -11    -25    -15    -50    -26    -27    -46    -72    203    616 
   555    182    154    204    343    296     -7    -13      7    -21    -53    240    684    576    340    285 
   312    481    282    254     -4    -13    -12    -55    121    542    611    588    854    823   1177   1071 
  1112    539    195     -5    -51    425    883    711   1018   1744   1640   1650   1903   1766    885    664 
   256    -16    887   1330   1405   1574   1332    656    613    462   1084    517    625    205     -8    879 
   691   1111   1306   1033    377    400    512   1393    663    179    -21    -32    752   1120    876    701 
   542    427    559    876   1448    626     -6    -50    -36    337    811    450    427    202    235    343 
   835   1399   1294    882     -1    -38    443   1071    857    609    329    225    332    609    829   1210 
  1081    433    -20    415   1278   1153    806    481    389    457    487    438    551    630    315    -21 
    -8    424    386     87    -17    -28    -19    -20    -21    -17    -14    -34    -50    -10    -32    -37 
   -37    -25    -12    -22     -6     -3    -12    -43    -24    129    -45    -87    -82    -98    -97    -67 
   -72    -57    -47    -34    -52    -46      6    -28    -50    -54    -70    -89    -80    -59    -51    -55 
   -54    -64    -55     10    -15    -41    -21    -29    -29    -49    -52    -59    -70    -59    -74    -71 
   -20    -48    -93    -85    -75    -59    -53    -56    -73    -80    -46    -33    -58    -19    -23    -71 
   -69    -48    125    673    849    459    427    520    230    -58    -30    131    -12     12    -40    195 
   476    401    -26    123    920    995     78    -47    184     79    249    -47     -1    595    423    -14 
   301   1277    929    506    -66     -5     44    -27    -66     -5    351    235    251    735   1440    925 
   324    -31    -14    -20    -48    -40     -6    -11    -24    -56     -7     -8    -43    -43    -33    -20 
   -29    -51    -52    -33    -51    -53    -60    -40    -78   -106    -85    -22    -66    -80    -87    -80 
   -73    -72    -66    -53    -47    -75    -88    -98    -40    -50    -58    -69    -64    -57    -55    -52 
   -50    -46    -72    -81    -82    -34    -23    -51    -76    -76    -56    -65    -75    -55    -47    -43 
   -65    -54    -34    -50    -94   -133   -134    -97   -101   -107    -89    -89    -87   -105    -97    -67 
   -55   -101   -152   -153   -125   -123   -126   -116   -109   -110   -122   -119    -84    -53   -102   -156 
  -153   -123   -131   -138   -142   -128   -146   -153   -125    -92    -56   -100   -148   -150   -143   -147 
  -146   -155   -148   -173   -159   -132    -81    -48    -86   -136   -140   -135   -128   -138   -149   -149 
  -162   -141   -131    -78    -47    -92   -138   -128   -132   -149   -141   -180   -187   -201   -168   -170 
   -62    -34    -97   -130   -122   -139   -138   -125   -152   -140   -188   -217   -197    -62    -26    -70 
   -91    -92   -115   -112   -100   -132   -127   -211   -270   -201    -61    -12    -37    -77    -90    -99 
   -84    -75   -104   -114   -163   -215   -164    -52    -11    -31    -70    -89    -93    -72    -72    -83 
   -84   -100   -124    -98    -38     23    -18    -55    -83    -78    -54    -55    -49    -43    -48    -55 
   -52    -21    108     59    -13    -26    -23     -9     -8    -10     -3     -9    -10     -2     54    862 
   211    119    180    473    452     -2    441    907   1440   1401    977    962    819    -32    -24    -31 
   -30    355    -60    -24    381    942   1200    823    520    977    439    148     87    -11    208    -80 
   -69     57    392    906    725    336    913    202    -20     -5    211     82    -88   -113    -24     -8 
   362    208    -17    936    231    -12    -36    -22    -22    -33    -54    107     54    183    228    248 
  1003    -11    -37     -8    100    -40     77     -3    279    -17    -33    207    251    756    -82    -11 
   -42   -110   -173   -149   -254   -160   -215   -121    457    583    -93   -181    -67    -95   -168   -196 
  -153   -214   -313   -430   -147    727    169    259   -112   -147   -101   -150   -100    -72    -36     28 
  -128    -64    809     56    593    -67   -143   -121   -110    -58    243    461    748    604    120    895 
   307    722    -64   -144   -175   -177    -66      0     28    970   1107    846    781    224    750    -34 
  -148   -244   -215    -70    -48    -41    808   1017    793    520    423    841     -9    -72   -145   -108 
    63     -2     82   1279   1683   1136    942    804    241     76    -33    -39     77     -8     67    -20 
   329    -39    103    370     -3    409    222    -41    -17    345    -25    325    -23    392    -31    190 
   391     -7    818    590    -44     -9    460    109     -7     49   1011    312    250    778    324    867 
   774    -52    337    680    751    165      0    943    876    737   1028    855    649    774    156    565 
   508     90      0    -26    -35    -12     98    243    143     48    260    -75    -32    -71    -54   -118 
   -45   -137   -177    -47    -44     91   -103     -3   -178   -111   -206   -302   -333   -299   -336   -249 
  -161    -77    446   -127   -251   -270   -218   -210   -302   -337   -291   -397   -484   -524   -237    534 
  -120   -204   -234   -142   -160   -209   -161    -86   -225   -345   -559   -295     75    314    -31     -2 
   219    -68    -56    -81    -37   -153   -308   -411   -127    -21    570    156    282    266    -41    -13 
   -19    -13    -22   -115   -140    147     55    309     48    -13    -37    -55     93    -11     -6    -17 
   230    -10     86     50     35      0    -24    -27    -33    119     26     87     -9    151    143     -3 
   168   1259   1351   1325   1215   1108   1247   1167   1216   1128   1023    957   1024    882   1387   1416 
  1500   1437   1334   1590   1617   1338    901    974   1122   1207    942   1432   1833   1650   1623   1527 
  1844   1902   1935   1679   1401   1033   1035    709   1320   1664   1685   2051   2167   2259   1991   1491 
  1526   1321    850   1033    808   1149   1350   1595   1851   1570   1416   1535   1338   1273   1214    953 
  1371    877    966   1163   1500   1810   1539   1763   1169   1351   1229    739    578   1161    932    799 
  1205   1188   1150    789    499    -15   -104    -97    -26    457   1037    839    414    -12    242    531 
   556    686    925    767    302    -59    -30    728    785    361    -29    -33    -16    347    478    544 
    -5   -170   -251   -212    -57    408    682    151    -16      0    353    461    398     -9   -133   -184 
  -171    -82    126    808    523    523    672    591    615    322     64    -16    -14    -20     -4    340 
   893    680    605    649    642    647    506    360    322    530    617    566    610    749    654    605 
   643    661    750    696    575    493    582    677    744    869   -117   -119    -98   -107   -126   -138 
  -132   -155   -145   -148   -148   -162   -138   -113   -106    -42    -73   -104   -107   -129   -140   -121 
   -71    -69   -139   -107    -72    -49    309     85    -35    -89   -112   -122   -101    -28    -13   -101 
   -76    -77    -19    641     -9    -45    -55    -77   -100    -80     22    249    -88    -78    -57    -49 
    -6    -10    -76    -99    -94    -92    -68    -25      0    -87    -99     -2    -61     -1     74    -59 
  -179   -152   -216   -189    -36    -23   -121    -96    -56   -116    -33     33   -112   -212   -239   -301 
  -261   -187   -126    -95   -132   -230   -254   -160    -61   -118   -201   -226   -278   -316   -382   -298 
  -134   -154   -185   -177   -109    -77    -87   -125    -53   -117   -161   -376   -331   -115   -153    -84 
   -14    108     -4    -22    -78    -87    -67     -4    -25    -12    251   -110    -96    -37     46     61 
   119    -47    -37    -56    653    803    733    -65   -129   -123    -98    -75    -68    -46    -93   -105 
  -136    -66    -88    -74   -115   -126   -102    -78    -77    -93    -70   -116   -123   -126    -88    -91 
   -77    -97   -101   -144   -199   -169   -165   -183   -201   -176   -133   -116   -129   -138   -154   -118 
  -200   -238   -176   -143   -152   -175   -170   -135    -93    -43    -82   -120    -96   -211   -266   -184 
  -119   -144   -164   -204   -169   -127    -50   -104   -146   -114   -185   -227   -164    -99   -121   -138 
  -251   -254   -205   -140   -157   -193   -155    -98   -127    -73    -44    -50    -91   -209   -199   -134 
  -145   -128   -133   -105    -84   -144   -148   -219   -198   -201   -168   -247   -182   -196   -186   -114 
  -104   -181   -252   -238   -254   -285   -328   -320   -290   -264   -327   -233   -158   -125   -200   -271 
  -255   -183   -192   -237   -216   -223   -255   -372   -309   -233    -81   -160   -133    -82     -5    -11 
   -51    -69    -59   -215   -300   -134   -124    -32    258    532   1275   1124    732    575    666    282 
  -111    -59    447     -9    176     -8    211    711    646    672    711    706    476    -36    457    804 
   397    375    197    190    431    378    401    609    646    651    586    990   1085    786    586    260 
   602   1147   1375   1378   1418   1256    965    919   1058   1222   1301    675     -4    -49    -11    -77 
  -141   -125   -103    -62    -70    -45    -63   -119    -10    -57   -121    -24    -43   -146    -96   -111 
   -38   -143    -53    -23    -88    -38    -53    -77     -6    -67   -123    -66   -155   -111   -148    -70 
   -52    -95    -47     12    -90    485    -29    -79   -119   -150   -300   -160    -91   -106   -109    -50 
   219   -104    940    290    124   -115     -8    -99    -81    -28    -91    -74    -70    675    -13    -14 
   440    760   1425    -26    958    126   -107   -109    -83    -51   1686    948    161    851    428    532 
  2864    564    361   1456    -19    -15    130    874   -158    576     99    -45   -146      7     -7    -41 
  -148     -3    620    830    -32   -196   -232   -166   -170   -113    -89    544    -24    -98     84    -29 
   637    -44   -124   -160   -164   -130    -95    -81    -72   -213   -317   -156   -108    -20     -5    -72 
   -45    -43    -42    -46    -57   -108   -131   -165   -116   -107     -2     -3    -73    -71    -75    -92 
   -65    -86   -103   -105    -68    -40    -96    -18    -22   -102   -100    -95   -100    -80    -86    -91 
  -104    -88    -75   -127     -4    381    393    554    592    582    515    438    423    444    444    657 
   670    517    401    234    248    129    154    376    562    441    459    383    548    395    350    242 
   109    393    364    291    158    434    332    298    143    178    156    330     -5    -27    280    320 
   309    -18     -2    150    -12     75    210    337    406    -14    -52     35    222    191    -19    -22 
   -16    -17     43    171    -10      6     49    -63    -26    -33    -15    254   1146   1145    854    662 
   768    -30    -52    575    -23    120    -13    490   1463   2327   3127   3433   2603   1581    664      0 
   515     -2    106    -49     -3    456   1179   2266   4039   5322   4315   2639    506    162    -54    -30 
  -101    -88    -58    -11    229   1111   1864   1704   1800    389    173    -41    -22    -33    -20    -10 
   -20    -33   -112   -147    -50    218    -21      2    -66    -74    -81    -71    -61    -59    -91   -130 
  -188   -113    -88    -59    -14   -101   -128   -125   -115   -122   -128   -132   -130   -155   -128   -125 
   -63    140    -29    -46    -44    -42    -55    -52    -43    -42    -50    -41    -39    -12   -115   -104 
  -110   -102    -95    -89    -74    -90    -87   -107   -106    -88    -50   -146    -86    -77    -90    -76 
   -80    -55    -56    -33    -70    -67    -58     49   -169   -140   -122   -125   -110   -113    -90    -77 
   -95   -112   -100    -93    -13   -184   -139   -145   -134   -119   -122   -121    -90   -130   -136   -132 
  -107    -32   -152   -124   -138   -152   -128   -125   -157   -149   -147   -130    -90    -77    -28   -166 
  -137   -128   -155   -145   -142   -187   -211   -246   -189   -123    -75    -48   -155    -89    -70    -74 
  -135   -128   -182   -136   -138   -140    -80    -37    -44   -153    -60    -53     -8   -115   -133   -116 
  -146   -263   -307   -236    -80     38   -139    -87     -9    664    550    344    388    334   -137   -252 
  -176     61    532    -37    815   1067   1126   1339   1336   1141    861    -68    -93     12    816   1070 
   -44    838   1174   1366   1343   1201   1061   1153    715   1183   1604   1682   1244    -40    705   1163 
  1546   1622   1411   1406   1393   1409   1578   1723   1806   1117    -10    873   1410   1606   1666   1376 
  1306   1170   1167   1357   1600   1579    948    -53    -53    -53    -76    -98    -36    -44    -28    -23 
   -22    -47    -65    -81    -80    -92   -106   -107    -87    -72   -105    -65    -61    -28    -74    -88 
  -117    -71   -118   -117    -73   -105   -136   -137    -91    -94    -79   -115    -79    -89    -69    -35 
   -79    -29    -78    -88   -109    -57    -19    -21    -87    -64    -86    -44    156    -32     75    -45 
    -6   -109    -62    -51    -36    -60    -40    -72    -40    186    -15     11    -63    -10    141    442 
   549    -12     45    285    -37    -76    -93    -94    -83   -234   -301    -84   1565   2035   -156   -157 
   168    -41   -143   -317   -207   -118   -181   -256   -138    -30    -61   -365   -373   -215    -84    -59 
   -35     10    -27    -34    -99    -55    -36    510   2728   1773    -24    -25    -90    -79    -14    -15 
   -19    -55    -49   -101   -137    -24    -83   -143    -41    -73    -97    -63    -66    -84    -83    -71 
   -93   -118    -67    -84    -96    -63    -80    -97    -52    -45    -41    -57    -58    -67    -68    -53 
   -71    -81    -48    -90   -100    -71    -63    -36    -27    -15    -15    -11    -33    -77    -64    -38 
   607    -25    -59    -82    -88    -62    -65    -44    -79    -81    -55    -45    271    143    -77   -112 
  -112   -101    -72   -112    -80   -105   -139    -74    -55    311    464    -20    -80    -87    -80    -68 
   -93    -61    -79   -103    -65    -42    610    796      4    -73    -72    -44    -41    -72    -59    -91 
   -91    -67    -12    699    637    -11    -39    -68    -29    161    477    409     -9    -29    -29    222 
   933   1179    708     -4    -23    944   1190    911    683    558    813    570     -1    500   1443    868 
   417    -46    -82   -111   -115   -117    -47   1762   2003    335    584     35    -98   -110    -76    -86 
   -73    -33    -50    526   2167   1799    -23    369    249    -38    -82   -133   -137    -75    -89    -77 
   -14    868   1632     -9    485    388    -26    -67    -85   -111    -86    -84    -70    -31     40    484 
   -20    891    615    -14    -29    -50    -72    -84    -74    -77    -28    215    399    150    905    214 
   -52    -50    -80   -105   -105    -93    -99    -95    -46    -31    -37    450    537    -17    -45    -72 
   -85    -70    -64    -59    -49    -32    -23    -14    531     51     -1     78     -5    -15    -13    -10 
    -7      0    133    126      0     -4    152    188    302    243    174     11     -3    150     32    217 
   321    373    189    442    575    598    559    539    298     83    210    384    554    531    620    311 
   150    -12      0    -18    -11      5    194    125    157      1     -5     -1     55    301    244     48 
     4     -5     -2    381    561    472    233    103    168     89      0    -22     82    239    -35    -78 
   -37    134     -8    -87    -86    151    360    -47   -104    -33    241    455    399    309    -10    -71 
  -175   -179    -38    141    848   1339   1157    835   1268   1529   1423   1590   1358   1077    944    507 
   332    805   1202   1115    908    852    775    688    724    850   1379   1361    741    397    284    114 
   132     54     27     44    164    493   1204   1598   1299    556    105    166     14    -22    -29    -21 
   -18    -11      7    172    119     81    140    134    673    643    447    266    165    164    114     83 
   185    188    248    354    335     79    -15    -35    -55    -68    -66    -62    -60    -52    -51    -46 
   -33    -19    -62    -73    -10    -12    -32    -18    -17     -7    265    650    857    950    670    -63 
   -74    -35    -57    -62    -61    -77    -12     14    328    896   1065    570    -57    -84    -74    -79 
   -30   -145    -84    -19      3     -9    176    -13    -32    -91   -104   -176   -163    -77   -156    -51 
   -61    -39    -43    -63    -61    -38     -6      2   -102   -116    -35    992    835    449    -40    -23 
    -2    332    401    104    174    -33     30    430    560    587    414   -100   -125   -133    663    929 
   -35   -104    160    120   -176   -314   -236   -294   -264   -298   -293    451    553    -12   -141    343 
   972    -41   -108   -171   -127    -86   -190   -265   1408    759    269    972    866    447    651    649 
  1066   1971   2703   4756   4389   2790   1792     21    624    679    318    513    941   1405   2083   2736 
  5785   4446   2080   1783    121    484    770    650    167    404    728    522    461   1528   1216    996 
   628    234    414    590    465    156    152    191    234    211    539    421    236    156    -23    -47 
   -19    -30    -31    -34    -12    -13    -31    -26    -40    -50    -16    -39    -88    -94    -84    -93 
   -97   -100    -87    -97    -87    -90   -103    -57    -23    -69   -105    -62    -70    -64    -84    -83 
   -80    -53    -38    -79    -49    -44   -101   -128    -89    -90    -64    -89    -83    -56    -53    -62 
   -93    -58    -30    -97   -117   -106   -136   -147   -139   -148    -95    -64    -75    -87    -51    -23 
   -71    -62    -71    -89   -137   -129   -135   -135   -101   -106   -100    -49    -27    -76    -97    -77 
   -71    -68   -114    -89   -138   -142   -142   -119    -44    -22    -36    -73    -34    -80   -100    -47 
   -58    -99    -96   -147   -142    -33    -10    -76    -78    -24    -39    -74    -72    -31   -143   -312 
  -299   -211    -21    442    601    102    612    338    312     -4    262    -96   -297   -298   -191    152 
   584   1135   1005   1059    867    713    399    627    812    -63   -127    -70    513    479    866    956 
   769    704    737    676    826    984    513    450    394    595    461    788    802    696    729    776 
   767    954    915    896    892    583    543    547    661    696    704    864    929    892    870    840 
   586    584    545    611     37    140    456    417    317    -13     -4    -11    -11    -28    -15    -22 
    32    583    940   1130    987    720    384    260    398    205    413    404    564    565    570    987 
  1302   1221    606    507    -11      0    -20    237    561    502    535     15    222    273     86    -41 
   -63    -57    -32    126    186    189    216    402    581    890    537    566    115    781   1167   1156 
  1027    480    438    409    239    768    834     75    124    -65    -89    -76     72    428    -24    -36 
   339    193     67    -60    -13    -13   -107   -157   -128   -141   -106   -182   -172    -43    141    -17 
   -55    200    539    -38    -76   -180   -316   -332   -510   -490   -300    -55    -58   -113    -89     -2 
   -41    -26    -64    -80   -131   -371   -498   -362    -87    -21    -90    -85    -90    -70    -45    -58 
   -72   -198   -326   -298   -231    -47    -13    -35    -47    -72    -81    -47    -44    -30    -54    -86 
   -80    -54    -27    128     54    -17    -34    -59    -47    -47    -47    -44    -46    -30    -35    -13 
    -6     -1     47    167    186    302    368    240    190    151    118      0     -3    285    482    616 
   712    692    607    581    454    498    458    529    446    618    -96   -115   -104    -80    -65    -51 
   -32    -36    -43    -45    -49    -64    -19    -81   -103    -99    -75    -62    -51    -46     -8    127 
    -9    -30    -52    -13    -88   -127   -109    -74    -47    -55    -81    -65    -38    -60    -72    -86 
   -20    -72   -137   -119    -98    -83    -95    -91    -75    -82    -86    -93    -94    -38    -42   -100 
   -91    -94    -67    -55    -59    -60    -49    -73    -69    -71    -51    -60    -93    -94   -144   -141 
  -124   -150   -220   -196   -137    -65    -68    -39   -114   -121   -106    -81    -75    -36    -26    -14 
   -79   -159   -156   -123    -28    -45    -44    -28    -43     -9     33    -25    -89   -189   -142   -139 
  -131    -37    -27    -25    -10    106    217    340     -5    -53     -8    711    572    -16    -22    -52 
   -51    -12    171    259    376    318    147    751   1032    893    104     -5    -38    -32     -7    147 
   257    398    385    324    409    358    287     53    180    318    529    706    846   1030    993    999 
   894    856    735    519    426    585    -32   -101    -86   -118   -116   -117    -78    -52    -27     11 
    -2     -9    534    -58   -126    -50    -57    -71    -40    -52    -65    -77    -21    -23    -43    241 
   -48    -71     15    -48    -63    -37    -98    -96   -118    -84    -68    -91     -2     -9    -55    387 
   -44    -18     -9     -7    -89    -73    -65    -44    -75     63    309    -15    859    328    350    217 
  1012    833    709    619    638    330    469    821    446    941   1037   1193    841    833   1368   1629 
  1114   1073   1071    704   1379     -6   1166    840    580    -74   1821    443    431    640     14   1837 
   813   1205   -217    848    420    395    -69   1030    120    304   -111    -93   2301    909    717   -124 
   -19    -52    -74     -1    871   1072    134   -181    365   2608    917     95   -104   -130    -92    -70 
    -3    711    642    -69   -255     15   1393    706    285    -60   -115    -64    -20    276    618    615 
    -5    -45    295    459    600    366    -36    -95    -72    -46    -22    -17    -12    -31     -1    434 
   127    421    238    -30    -74    -54    -41     -9     -7    -10     -7    206    329     -5    282    752 
  1522   1542   1544   1508   1567   1285   1110    960    958    975    945    547    676   1414   1664   1692 
  1638   1730   1454   1290    879    789    907    906    562    363   1084   1322   1432   1435   1568   1432 
  1529   1352   1102    965   1009    735    235    898   1297   1441   1637   1683   1520   1579   1607   1489 
  1335   1118    716    -21    191    428    800   1039   1093   1009   1015    997   1065   1102    871    477 
   -17     86     51    212    370    333    152    653   1042   1230   1042    458     90    -78    -61   -102 
   -78   -112   -159   -199   -134    -98    -87    -62   -101    -46   -127   -128   -181   -144   -182   -202 
  -198   -151   -131   -147   -175   -205   -103   -101   -154   -185   -169   -182   -167   -138   -134   -127 
  -159   -217   -175    -95    -86   -106   -122   -131   -137   -131   -134   -166   -196   -239   -214   -170 
   -78    -96   -116   -152   -150   -150   -136   -141   -156   -175   -204   -178   -160    -91   -110   -121 
  -143   -130   -125   -102   -104   -115   -132   -150   -158   -141    -94    -72    -62    -70    -63    -51 
   -40    -38    -40    -49    -69    -87    -78    -53    -89   -105    -73    -82   -103   -109   -112    -94 
   -85    -50    -61    -92    -69   -108   -121    -54    -93   -172   -141   -156    -96    -82     -4     -2 
   -73    -76    -69    -63     61    -67   -129   -111   -149   -108   -110    -52    -65   -135    -92    -83 
   -40    471    -45    -86    -92    -77   -104    -85    -21    -13    -77     -7    -35     -1    228    -31 
  -100    -69    -34    -56    -60    -19     21    -66    -27    -30    -11    154     70   -136   -163    -51 
   -16    -40    -69    -63    -75    -27   -154   -183    -35    458   -104   -213   -122   -131   -193   -339 
  -370   -159    -83   -193   -304   -125    -52   -138   -268   -226   -205   -198   -439   -467   -167   -111 
  -121   -135    -21    109    214    -75    -58    -64   -144   -366   -375   -174    -92   -101    -68      0 
   286     79    -76    -87   -115   -107    -68    -77   -112    -99   -152   -121    -61   -101   -122   -194 
  -178   -193    -97    -20    -44   -113    -99   -113    -77    -26    -77    -82   -141   -145   -164    -66 
   -28    -15    -43    -64    -73    -25    -11    -35    -33    -75    -78    -98    -53    -32    -20    -40 
   -58    -67    -87    -52    -58    -48    -92    -61    -67    -45    -66    -85    -91    -69    -59    -75 
   187    199    139    -36    -28    -60    -25    -17    -40    -78    -60    -50    -61    413    589    196 
   -42    -57    -90    -55     46     -2    -47    -37    -66    -72    111     81    -48    -81   -103   -120 
   -91    -32    -38    -84    -61    -36    -60     -7    -13    -80    -83    -68   -106    -68    -38    -24 
   -84    -64    -22    -57    -20    -21    -85   -145   -127   -142   -131    -47    -20    -96    -39    -36 
   -93    -36    305    -21    -79    -91   -125   -109   -102    -51    -19    -15    -68   -116    -23    751 
   708      2    -21   -123    -61   -213   -205     -8    -45    -28    -71     48    491    500     -4    184 
   -46    487   -199   -156    -22    -98     -8     58    393    551    436    150     -8     -6    764     -5 
   511    268    -90     -5     -9    541    722    880    365    246     11    679    431    747    -19    -78 
   -45    -54    -13    150    341    -16     -6    -33     81    -16     -1    -38    -57    -43    -47    -36 
   -26    -11    -45    -38    -42    -17    -28    -21    -36    -43    -48    654    986   1194   1045   1318 
  1177    893    804    881   1180   1249   1443   -138     26    530    888    464    730    605    568    449 
   582    783   1100   1662   -120    146    151    755    319    224     -5    569   1114   1051    781    754 
  1321   -102     70    -12    265    199     -2    -38    186   1042    742    309    693   1484    -84     -1 
   -48    -19    -30    -46    -39     -1    562    530    248    779   1299   -116     -7    -84    -85   -133 
  -149   -238   -144    -67    -82    269    604    986   -162    -97    -78    -73   -216   -359   -401   -396 
  -284   -362   -117    -11    587   -190   -199   -173    -61   -194   -272   -272   -248   -254   -323   -233 
  -142    635   -158   -120   -104    -15     -8    -20    -43   -111   -211   -165   -226   -149    546    -63 
   487    858   1013   1084    951    640     -6    -82    263     69    333   1033    -79    284   1009   1063 
   971   1046    885    494    672   1076    981    991   1028    -75     -1    652    883    852    970    990 
   928   1448   1857   1426   1231    954    -28    414   1049   1199   1269   1305   1391   1278   1602   2018 
  1554   1189   1083    203    351    562    763    740    579    591    274    439    570    769    557    -17 
   393    530    398    527    529    189    286    121    340     -2    246    477    -30    368    387    101 
   160    293    210    283    276    151    -17     10    707     67    123    201    -37    -44    -62    -16 
     5    247    322     13     -9    553      5    210     22    -25    -30    -52    -89   -102    -62    -64 
   -89   -113    -17    -18     34    -37    -80    -89   -133   -168   -236   -219   -145   -135   -146    -93 
   -87    -31    -86    -92   -131   -180   -167   -205   -130   -144   -159   -135   -100   -143    -59   -153 
  -167   -151   -242   -240   -236   -350   -389   -417   -345   -307   -233    -29   -128    -64   -110   -144 
  -162   -138   -190   -249   -160   -157   -258   -216     -3    -84   -104    -94    -81   -125   -130   -139 
  -200   -167   -160   -234   -144     -1    -95    -99   -107   -112   -132   -149   -131   -140   -139    -86 
   -87   -104     83    -27    257    167     -9    -36    -55    -68    -80    -75    -47    -26    -45    150 
    79    479    376    147     -7      6     -4     20    223    188    204      0    378    774   1383   1314 
  1255   1395   1693   1114    939    914    958   1583   2443     -6    684   1449   1414   1393   1331   1401 
   791    886    304    540   1502   2895    -20   1025   1711   1633   1638   1343   1328   1033   1445   1397 
  1466   1707   2680    -10   1342   1676   1823   1294   1382   1479   1565   1461   1231   1496   1949   2856 
   178   1175   1286   1523    859    848   1031   1523   1052   1095   1533   1865   2651     -1    656   1045 
  1054     -6    -19    -29    -39    415    695    302   1351   2509    -37     40    838     87   -131   -160 
  -209   -197   -188   -100    -14   2089   2698   -166   -131    -98    -46   -150   -133    -91    -92   -217 
  -233     -4   2648   2806   -140   -185   -144    -98   -105    -95    -68   -157   -311   -383    388   2975 
  2489    -49    -83    -99    -31     -6     -5    -39   -152   -355   -431    -75   1271   1744    -61    -84 
   -80    -29    198    124    -24   -124   -186   -225    -55    697   1687    -56   -115    -92    -55    -38 
   -34    -44    -76    -74    -54      7   1028   1862    -45   -115    -94    -70    -65    -48    -58    -59 
   -53    -20    199    762   1505    -92    -60    -99    -80    -63    -76    -84    -68    -21    -43    -25 
   178    -11    -27    101    -63    -64    -49    -67    -33    -20    662    303    557    895    481    -80 
   -50    -94    -67    -75    -81    -91    -50    -17     81    377    328    208   -105    -57   -111    -91 
  -131    -94   -130    -43    -82    -48     -3    179    114    -61    -41    -84    -75    -95    -92    -88 
   -36    -49     -8    -13    -12     85    -47     98    -12    -54    -49    -41    -57    -32    -71    -63 
   151    -81    -17    -63    655    -19     51   1117   2097   1065    621   -113    -21    379   -105     78 
   -19   1958    493    214    421   1214    630    243    -93   1670   1870    164    201    -71    -27    -62 
   -21    -78    -74    -82    -87   -125   -194   -180     70     70    -52    -35    -85    -51    -64    -46 
   -54    -75    -55   -199   -145    -26    -33    -56    -26    -84   -102   -106    -84    -85   -111    -92 
  -146   -111    -57    -66    -34    -13    -69    -95    -88    -63    -58    -75    -64    -70    -53    -17 
   -41    -86    -64    -99   -116   -114   -102    -95    -97    -77    -69    -56    -34    -72    532    165 
   181    428    482      3    522    163    553     17    370    435    493    602    272     34    494    740 
    -5    870      0    726    -22    342    217    473    525    135     -2    487    586    205    939     50 
   245    122    538    180    591    385    102    -15    310     53    323    610    553    -24    131    524 
    57    574    327    311     -6    434     26    160    168    560    -15    118    294     85    825    333 
   294     96    339    424    179    278    219    -17    787    -15    150    757    419    429    179    162 
   938    648    293    828    -86   1284    -42    540    691    651    686    131     -2    871    880    177 
   685    -23   1806    -37    815    780    550    557    311     51    492    679    241    368    155    -48 
   -95   1285    700    639    121    -13     -7    124    312    101    274    640   -102    -64   1021    748 
   680     -5    -18     32    335    388    244    216    331    -28     28    636    680    736    -11    -17 
    15    247    261    251    216    212     25    224    496    577    703     33     -4    121    133    178 
    62     64    131     -2    258    438    371    -11    -25    -66    -35    152     -6    -35    -61    -52 
   -33    -23     -5    -12    154     65    139    259    735    511    233    -36     -3     70    165     55 
   201    -41    -48     50    -15    224     53     14    -39    -59    -32     -2    -57    -20    -67    -49 
   -16    -50    -44    -40   -102    -80   -133   -114    -49    -90    -47    -46   -118   -118   -132   -139 
  -104    -97   -138   -173   -148   -104   -153    -55    126   -123   -100   -150   -166   -172    -10    -60 
   -70    -73    -35    -86    -22    -37   -111   -137   -159   -197    -86    194   1792    569   -210   -255 
  -182    -37   -141   -175   -162   -103    -89     -7    225    -35   -188   -358   -383   -139    -97    -72 
  -108    -41    -24    -21    -73     -3    250    -61   -242   -272     80    -78    -61   -108    -64    -50 
   -16    -19     -2    329    -15   -100    -72    649     -8    -30    -31    -33    -37    -35      4     99 
   214     27    -67    -31     -4    -48    -28    -66    -90    -72    -59    -41    -52    -65    -35    -49 
   -68    -59    -60    -34    -44    -72    -86    -96   -112   -103    -88    -61    -51    -56    -34    -54 
   425    361    585    667    596    590    696    535    734    680    794    645    553    159    139    525 
   611    506    520    681    395    792    656    833    637    617     48     72    572    620    550    460 
   688    301    566    734    919    667    635     39    214    665    673    520    500    732    490    427 
   873    793    509    638    309    362    610    599    512    543    638    518    414    886    709    430 
   521    373    330    594    480    283    121    351    190    172    856    413    424    518    148    -11 
   292    466    370     60    366    546     -2    127    -22    667    437     47    -39    183    467    583 
    53     71    171    -43    -69    -55    906    264     80    -28    197    553    626    493    522    434 
    17    -38    492    974    105    188     47    440    546    646    670    582    567    118     -1    981 
   886    218    153    -11    328    568    611    659    674    627    507    557    989    630    314    280 
   -14    259    563    598    618    659    630    726    825    800    597    402    458    186    432    564 
   598    677    675    703    809    855    831    627    477    875    504    417     89    184     53    -27 
   295    121    376    292    127    -15   1516   1467    645     -9    354    803     -2    446    141    307 
    75    100    -33   1680   1635    718     35    636   1147   1080    578    269    178    -21     16    -14 
   926    699     -8    -14    210    852   1228    704    273     34    -24    216     36    249    536    588 
   689    173    134     33    440    293    -47    -64    369    564    -21    386    530    804    527    433 
   446    536    -43    -86   -147   -126     27    855   1169    410   1095   2032   2357   2371   1857   1429 
  1586    522    -90    -19   1199   1339    601    623    590   1339   1433   1691   1831    988    367    -59 
    30    141    -24    -10    505    642   1384   1092   1076    835    -26   -151    -94    -60    -26    -30 
   -46    -12    458    877    724    389    750    449    -66    -85    -48    213    223     -6    -28    -10 
   125     23    -33    494    431     -4    -41    -46    169    530    385    625    704    778    827    686 
  1031    731    711    389    109    203    663    669    586    433    379    397    363    690    609    540 
   333    128    976   1636   1336   1116    892    896    985   1005   1187   1197   1309   1271    637   1410 
  2197   1485   1056   1070    927   1004   1001   1181   1080   1028   1217    788   1743   2701   2215   1643 
  1454   1536   1507   1545   1102    989   1012    949    526   1914   2596   1906   1994   1653   1724   1610 
  1945   1281   1215   1118    973    683   1496   2073   1960   2025   1642   1377   1497   1765   1139    847 
   875   1171    972   1237   1653   1987   2643   2078   2106   1816   2032   1777   1213    888   1266    898 
   929    870    435    874    660   1151   1008   2057   1985   1101    719   1108    398     -2    -13    -41 
    -2    347    478    404    900   1503   1774   1276    570    177    478    191    -37    -39    278    526 
   239    683   1776   4213   3660   1474     -3     -2    -33    -30    -28    -18     -8     98    566   1091 
  2383   2394   1028     -4     81    -45    -54    -25    -32    -54    -53    -75    -90    -49    -22     20 
   -23    203     -2    -32    -43    -67    -74    -76    -86   -104    -86    -69    -57    -22    443    304 
     3    -10    -37    -48    -36    -22    -15     -3     45    -15    -10    -47    -48    -47    -57    -35 
   -47    -44    -68    -54    -52    -46    -37    -13    -77    -82    -94   -107    -75   -117    -69    -91 
   -91   -118    -95    -70    -39    -84    -89    -80   -104   -102   -119   -108   -102    -95   -105    -96 
   -72    -30    -82    -88    -96    -95   -112   -105   -105    -86   -107    -96   -101    -99    -51    -66 
   -91   -100    -96    -84   -113   -106    -62    -59    -68    -60    -93    -47    -66    -71    -94    -94 
   -92   -100   -156   -150    -88    -66    -49    -99    -64    -93    -79    -99    -92   -110   -155   -238 
  -171   -257   -160   -146   -129    -60    -79   -126   -105    -89    -67   -108    -97   -160    -85    -85 
  -192   -124    -60    -80    -69    -66    -82    -73    -91    -78    -95    -44    -30    -42    -51    -35 
   -82    -87   -101    -99    -61    -78    -65    -70    -73    -26     12     -2    -29    -70    -88   -111 
  -111    -78    -68    -60    -66    -86   -103    -59    -45    -35    -79   -110   -127   -134   -121   -109 
  -108   -101   -100   -108   -101    -72    -45    -65    -78    -83    -94    -91    -81    -81    -75    -67 
   -75    -57    -59    -36    -23    -16     96      6    317    302    652    196    181     -1     -3    244 
    88    -20     -6    504    317    398    253    618    256    514    348     -9     72    -10    -56    -65 
    44    125     61    -11     61    -16    -10     -5    -22     -5    -26    -44    -48    -11    188     13 
    -3    -10    111    316    204    -30      8    -24    -21    -34     74    275    356    108    106    161 
   433    375     68    239      2     -5    -25    -30    -12    -59    -97    -94    -89   -114   -106    -36 
    90    473    -58   -167   -131    -27   -154   -184   -186   -132   -117   -227   -192    -21    749   -170 
  -252    -98     -7   -116   -118    -82    -81   -149   -392   -248    339    642   -131   -114     -6    279 
    -3    -27    113    543    296   -126    931   1960    626    -39    -19    360    854    582    409    511 
   461    734    -27    170    882    150    -18    -13    252    684    768    675    576    415     65    -53 
   -48     -1    -18    -20    -17     -6    366    672    502    432    449    300    121     -7     -2    -23 
   -27    -36    -31    127    327    501    494    475    286     57    -14    -25    -19    -20    -61    -71 
   -66    -59    -58    -65    -60    -64    -58    -49    -39    -33    -59   -129   -154   -144   -123   -124 
  -122   -109   -119   -119   -112    -98    -81    -67   -150   -182   -175   -168   -165   -165   -146   -146 
  -147   -146   -117    -94    -78   -162   -189   -161   -141   -138   -144   -158   -165   -176   -175   -137 
   -99    -73   -151   -196   -174   -160   -154   -173   -184   -200   -202   -198   -151    -98    -79   -146 
  -186   -187   -187   -178   -197   -209   -235   -226   -194   -156    -85   -101   -173   -218   -202   -225 
  -210   -207   -187   -208   -216   -191   -179    -84    -80   -152   -190   -182   -199   -193   -182   -174 
  -212   -243   -233   -202    -88    -48    -96   -114   -117   -132   -142   -154   -177   -191   -192   -179 
  -177    -99    -39    -66    -75    -82    -89    -98   -118   -156   -172   -170   -161   -151    -87    -50 
   -80    -82    -98   -121   -123   -127   -142   -154   -153   -135   -121    -81    -46    -82    -88   -104 
  -112   -114   -114   -122   -107    -98    -87    -76    -55    -14    -33    -29    -41    -45    -44    -37 
   -35    -25    -22    -21    -20    -15    -34    -55    -66     70     -1    -14    -28    -66    -97   -109 
   -90    -58     -8    -59    -77    -97    -52    -23    -24    -20    -62    -27    -34    -47    -21    144 
   -91   -130   -107    -92    -74    -97    -34    -92    -64    -28    -29    137    288    -77    -64    -54 
   -86   -112   -101    -82    -62    -74    -73    -40     -5    218    -84    -83    -98   -148   -143    -87 
   -64    -19    -20    123     -2    -64    -18    -72   -108   -122   -120   -109   -116    -52   -101    -31 
   675    895    -79    -16    -59    -17    -81    -46    907   1483    -13   -157   -118    -10    -40   -139 
   286    -17   1497    294    104    678   1282    594    260     -4    -49   -185   -143    228    -27     63 
   593    546    157    -43    -18     18    -25   -242   -293    -67    182    -19    185    542    630    366 
   -17    -17    -44    415    -71    -76    -17     -6    -11    137    393    564    486    238     65     -9 
   416    -14     69    -18    -36    -18     -6     -9     -4    101     -2      0    -31    -25    -46    -52 
   -31     -1    -17     60    -11    -24    -34    -48    -38    -37    -14     -9     -7    121     89   1025 
  1504   1402   1681   1496   1437    924   1091    815    804    728    946    515    859   1307   1175   1539 
  1211   1361   1160   1374    423    130    474   1103    709    478   1107    896   1535   1538   1725   1577 
  1418   1150    548    809   1451    610     -2    516    593   1647   2087   2283   2076   1831   1807   1220 
  1066   1366    473    -11      0    467    896   1054    511    565    533    543    601    404    645     76 
   -15    -20    218    576   1255    489     -1    -22    -73    -78    -77     -9     -9    312    -42    -47 
   -46    -84   -107   -147   -169   -100    -91   -130    -35    -49    -63    -93    -72    -71   -128    -59 
   -19    504    561    -91    -94     19    -16     -9    620    805    217    314    294    239    -38   -116 
  -131    -94    -72     -7    400    914    865    774   1046    992    477    -43   -108    -31    231     -5 
   -16    271    915   1261   1273   1266   1302    746    247    -23    272    319    239    -18    207    704 
   916    881   1016   1024    685    406     31    224     86    194     17     30    205     95     41     -2 
    64     28    131     -3     -1     62    120     -3    201    -13     25    -16    -29    -35    -16    -11 
   -16    -14    -14     -7    532    -18    -34    110     61    -24     -7    -27     -4    -47    -12      3 
   -23    357      3      6    260    -14    -31     -6    -34     -9    -10     -9    -22    -56    222    186 
    -5    288    -42    -19    -20    139    -62    -24    -22    -17    -47    175    215    -12    583    -22 
   -12    -57    559    208    316     96     92    -21     71    300     -1     59     -5    -18     16    -10 
   740    695     -4     -4    -12     -6    803    -28    956   1072    130    -96    634    -66    -76     16 
   -37    365    159    998   -178    841   1339   1497    548   1686   1458   1302    -90   -116    418    358 
   985    640    760    729   1212   1440   1249   1229    -21   -135    -18    273    110    895    794    452 
   597    840    930   1079    995     -2   -111    -47     22    314    773    940   1027   1059   1227    988 
  1036    988    956    536    575    552    699    350    516    670    727    950   1030    929    910    879 
  1021   1132    601    673    633    467    420    420    457    465    321    277    252    338    594    364 
   856    405     -1    221    -14     17    -13    -27    -20    -38     -6    -11    -42     22    802    532 
   884    243     -7    139    -29    110    -25    166    446     -4     -8    739    358    787    203     -9 
   118    -72    -44    -34     76    660     26     -6   1055      3    392    -51    -28    -55    -48    -81 
   -29    -22    463    -12    -17   1097     -2    525    -47    -20    -80    114    -46    -17    -31    193 
   115    -32    700    -33     65    -42    -54    -90    -18    -53    -81    -76    -39    181    -47    927 
  -112    536    142    370    -62   1404    789    185     69   -126    764    -15   1233   -167   1030    312 
   409    -74    636    -22    -65    -32    -83   1274    291    631    -55    230    462    318    304    216 
   319    -46   -131    -70    392    332    627    148    -47    -10    -24    132    270    178    -20    -85 
   -27     26    210    622    557    -25    -23    -39     -8     -5    -38    -18    -47    -33     -5    251 
   486    590    -28    -45    -53    -14     -4    -10    246    418    537    220    334    473    298    -34 
   -46    -55    -19    -14    -21     47    227    404     32    225    998   1836   2051   2219   1922   1841 
  1822   1645   1716   1280   1581   1255    440   1672   2937   2709   3045   2818   2317   2075   2003   2206 
  1576   2036   1918    979   1919   3302   3029   3167   2665   2118   2294   2279   2604   2088   2660   2788 
  1314   1795   3252   2908   2846   2032   1730   1520   1919   2339   1992   2289   2541   1245   1508   3031 
  2811   2770   2320   2247   1602   1864   2006   1820   1841   1490    403    970   2491   1917   1564   1023 
  1016    -73    -24     33   1042   1827   1145     62    -67   1338   1589    419   -228   -197   -200    -64 
  -259   -231     55    779    340   -201   -172    -80     39   -163   -213   -203   -221   -445   -568   -336 
   -66    153    -81    -80    -65    -19    -72    -80    -44    -12   -148   -262   -231     -5    735    -13 
   386    465    659    419    322    557   1028     -2    -25    -39    881    698    -16     99    373    426 
   369    505    603   1240   1068   1310   1622   1681    370    -41     -9    415    432    155    151    145 
   380    418    418    449    752    -13     -8    -22     -3     -2    -13    -16    -26    -14     -4     -9 
   -12    -11    -39    -43    -19     -3     -6    -27    -29     34     74    -11      3    -26    -46    567 
   -87    -62    245    332    -23    162    -11     -7    -65     37    -20    -88    683   -127   -103    267 
   522    255    725    405    489    -33    372    495    -78    826   -144   -122    102     76    -21    278 
   462    423    -18    208    683    -70    595    -93    -81    119     -5     -1     29    608      4    -30 
   -29    178    -52    361    -69   -146    -54    -22     -2    -75     -1    -62   -123   -135   -140    -96 
   318     -9   -109    -28    -33    -43   -154    520      0    -12    -17   -159    -27    495    194   -225 
   137    -45    -93   -281    380    582    781    -90   -272    909    996    -49   -329   -170   -106   -101 
  -145    -25    877   1660   -256   -353    564    798    -40   -115   -144    -96    -86    -52    -15    709 
  1179   -135   -100    266    499     -4    -45    -94    -54    -19    -12    -20     -6    -15    -76    -44 
   -27    315    -23    -22    -86    -66    -36    -41    -43    -41    -76    -66    -38    -72    390    -68 
   -86   -146   -129   -113   -109   -101    -94   -112   -108    -87   -127    -25   -178   -191   -202   -211 
  -201   -196   -202   -197   -192   -175   -198   -196   -163   -197   -217   -230   -237   -210   -203   -205 
  -216   -198   -192   -232   -222   -179   -213   -236   -243   -248   -234   -210   -209   -235   -218   -223 
  -238   -222   -193   -202   -225   -250   -244   -254   -227   -210   -235   -229   -222   -217   -206   -185 
  -162   -183   -218   -234   -242   -222   -215   -234   -237   -207   -202   -205   -183   -146   -191   -223 
  -255   -267   -252   -237   -287   -262   -245   -195   -177   -151   -160   -164   -188   -217   -227   -191 
  -171   -206   -217   -242   -172   -176   -143   -153   -118   -118   -149   -183   -190   -211   -226   -238 
  -192    -96   -112   -120   -124   -101    -87    -72   -108   -132   -126   -142   -143   -146   -159   -133 
  -116   -105   -100    -73    -80    -88   -100    -95   -100   -167   -214   -208   -125   -112   -103   -101 
  -101   -105    -93    -92    -90    -83   -124   -151   -114    -70    -93   -104    -89    -91    -91    -81 
   -82    -83    -71    -73    -77    -67    -47    -72   -129   -127   -122   -126   -129   -130   -129   -125 
  -119   -109    -87    -76    -96     72    836    824    748    909    703    859    168    117      3    572 
   800    284   1183   2033   1360   1118   1634   1128   1411    975   1342    854   1704   2343   1294   1393 
  2944   1974   1411   1786   1378   1512   1557   1369    786   1356   2091   1030    832   1732    309     48 
    37     77    976   1919   1603    661    678   1505    803    580   1285     -4    -14    -54    -82    -14 
  1255   1086     12    240   1350   1058    -31    592    239    -14   -142   -310   -333   -219   -157   -191 
  -122    484   1037    -74    -51    146    562   -178   -251   -315   -194   -191   -357   -282   1065   1378 
   -89    -31    720   2136    144    -31    -51    375   -126   -422   -372   1036    987    573    417    105 
   683    278     93    421    750     -3    -95   -128    841    392    -24    131    -37    -10    118    177 
   481    502   -171   -314   -370   -103    100    -28    140     -7    113    292    784    899   1168    -13 
   -78    -53    430    218    -46    123     -5    -18    -54    -20     -8    131    -30    -23    -16    262 
   -22    -88   -109   -115   -143   -166   -160   -162   -139   -146   -136   -117    -95   -121    443    268 
   252    319    327    365    406    355    287    320    390    312    427    920    887    896   1046   1043 
  1052    955    842    763    695    842    921    843    745    727    665    760    759    830    750    628 
   590    549    676    732    686    634    513    461    556    609    720    709    659    482    390    536 
   548    561    652    645    744    811    789    624    601    519    514    443    527    622    652    494 
   290    436    586    479    264    300     22    -11    -12     -5    414    562    481     90    394    405 
   192    -11    176    108    -10    -33    -40    328    404    613     24    312    486    134    -14    364 
   166    266    -30    -22    597    477    599    146    544    754    682    624    660    612    744     55 
   250    659    419    647    588    428    457    552    642    726    765    899    732    823    645    517 
   752    824    669    615    693    789    806    728    625    537    673    655    653    790   1012   1022 
   971    984   1027   1062   1094    998    965    953    888    766    676    853    946    902    890    918 
   909    875    804    828    804    725    669    591    654    948   1073    899    996   1046    977    777 
   526    382    298    496   1034    958   1337   1379   1288   1360   1525   1009    775    791    612    477 
   785   1041    900   1128   1451   1243   1219   1413    645    595    739    572    698    827    785    687 
   602    551    -15    367    577    304    495    575    408    754   1074    791    721    436    710    -19 
   105    312    705    576    649    539    821   1164    665    786    284    710    -52    -28    -15    329 
   755    398    364    295    962    -19     81    -21    106    -49    -58   -118   -118    -83    -80    -40 
     0    807    -28      0    -50    351   1038    770    456    892    -75   -146   -117    -77    659    879 
   164    482   1066   1209    730    495    200    -58    -94   -121    -58    244    869    367    428    694 
  1153   1031    704    278    -19    -46    -46    -61    316    890    708    732    776    778    633    489 
   497    514    618    581    207    765   1233   1205   1188   1166   1014    863    628    646    791   1064 
  1047   1152   1163   1191   1344   1508   1387   1234    989    733    634    728    896   1082   1133    967 
   -44    -12    432    633    419     -9     -7     80     43     15    -18    -37    -43    156   1013   1625 
  1660   1294   1076    939    945    147    671    831    752    275    172   1067   2009   2180   2232   2310 
  1525   1226    673    841    684    408     93    142    927   2320   2319   2509   2486   1864   1538   1447 
  1426   1633   1043    522    402   1507   2307   2328   2360   2133   2225   2026   2018   1944   1930   1301 
   173    153   1114   1463   1234   1506   1401   1313   1540   1573   1451   1341    767     -2    -31    661 
   108     -3    155    183     -7    -24    -53    189   1120    262    -16   -113   -102    -60    -96    -62 
   -75    -87   -126   -143   -258   -204   -123    -56   -124    -93    -69    -98    -78   -111   -140   -152 
  -203   -146   -162   -106    -83   -105   -117    -72    -92   -105   -171   -177   -185   -252   -199   -232 
  -187   -117   -142   -187   -168   -185   -210   -270   -275   -235   -209   -144   -138   -145    -94   -141 
  -168   -175   -171   -184   -230   -240   -224   -199   -160   -142   -124    -96   -118   -139   -138   -155 
  -179   -202   -207   -202   -167   -136   -114   -102    -90    417    996    682    615    877    715    512 
   516    743    760    703   1037   1027    -27    490    212     14    279    631    513    389    285    354 
   106    445    969    -55    265    290     -7    423    643   1056    373    341    322    503    624    801 
   -74    198    364    406    638     36    574    447    826    135    544    756    783    -69    602    980 
   932    825    418    350    261    603    142    700    731    679    -22    740    700   1525   1504   1145 
   299    275    807    652   1741    749    894    532   1435   1014   1558    989    361    912    423   1268 
  1197   1283    667   1419      8    -42    -23    365     -4    212   1362   2892   3195    -12    -82    495 
  1724    -89   -117   -138    -78    -94    -40    274   1284    846   -223   -267    199   1127    -40    -43 
  -111    -32    -29     -5     59    933   1628    -50   -157    223    711    -20    -38   -105    -79    -37 
   -14     -7    312    394    -39    -40    170    131    -47    -13    -50    -78    -88    -67    -58    -41 
   -48    -46    -19    -30    -18    -48    -31    -59    -92   -106    -80    -78    -70    -73    -69    -50 
   -54    -12   1448   1714   1632   1645   1677   1518   1467   1010   1176   1343   1760   2002   1666   1334 
  1498   1335   1139   1103    852    776    444    855    910   1262   1631   1577   1272   1323   1183    876 
   926    733    638    562    721    705   1392   1659   1579    884    889    601    546    341    446    623 
   838    667    519   1241   1396   1326    832    609    452    590    444    645    839    808    727    421 
   807    978   1249    921    315    163    262    -27    -50    -48    -36    -19     12    244    468    974 
   367     -4    169    -34   -126   -139   -147    -85    -74   -123    -46    570    869     50    -54    -58 
   -26    -87   -100   -113    -50   -105   -186   -147    168    886   1038    562    239    396    -15    -39 
   -28     -5     82    -93   -103    424    755   1429   1380    987    714     87    -25    -24     45    670 
   485    766   1559   1239   1512   1855   1416    689     50    -41    -37    -19    339    648   1310   1514 
  1182   1290   1476   1222    625     72    -48    -50    -46     -6    366   1060   1540   1398   1198   1159 
   897    443     -3    -37    -34    -33     -3    355    891   1229   1205    -37    -51    -34    -33    -26 
   -14    149    422    386    254    570    524     -5    -14     93     -8    187     -2    -30     -6    520 
   523    288    315    396    -18     83    100    -10    157    117    -30    165    367    298    225     70 
    78     -6    -12    204    194    553    586    280    423    441    391      0     -9    380    179    224 
   290    631   1050   1102   1152    866    675    741      0    -17    378    384    669    102    778    880 
   564    811   1565   2817   2617    589    255   1053    708    287    326    980   1455   1450   1963   2702 
  4455   3454    982    -21    514    435    349    534    325    709   1240   1934   1515   2824   3194   3242 
  2318   1076     -6    -71    -72    -95    -38    -25    204    428   1926   3493   5218   3618    961    -13 
   -78   -120   -131    -88    -42    185    357   1206   2536   3726   3084   1303     47    -21    -58    -42 
   -67    -68     -8     -4    220    756   1146    871    705    244     -9    -16     87    -15    -41    -20 
   -12    -19    142    247    200    356     46     -2     14    191     62    -11    -21    -16    -14    122 
   161    115     83     -6    -47    -68    -79    -84    -94    -80    -85    -60    -85    -60    -53    -70 
   -75    -39    -39    -25     57     38      5    -47    -24    -53    -35     44      1    -25    -62    -81 
   -72    -37    -23    -12    -54    -34    -45    -59    -65    -66    -59    -41    -44     -8     20    267 
   381    336     18    111     -5    -28    -27    -34     -6    -10    192     19    146    -12    -40    -70 
   -76    -65    -51    -49    -54    -75    -82   -109   -100   -109    -80    -62     -6    -72   -151   -123 
   -96    -54    -39    207     -2     20    -20     -8    136    -14    -97   -144    -94    -97    -56    -64 
   -56    -24    464    545    582    237    -51   -135   -137   -116   -156    -53    -17    942    724    954 
  1112   1108    732    142    151   1696   1511    -69    -45    -33    134     -5     -8     12    141    198 
    -4     -2    386    427     -4    -17    -44    -14     27      2    179    220    170    220    465    575 
   335    198    -11    -21    287    616    705    898   1077   1068   1063   1062    829    519    481    203 
    50    433    698    731    663    658    626    547    563    557    515    509    294    748    646    516 
   879   1077    718    843    542    502     19    328    776   1168   1208   1667   1596   1770   1879   1519 
  1854   1158   1722    870    686    920   1787   1054   1499   1554   1309   1286   1389   2048   1282   1555 
  1045    846    940   1795    999   1474    994    738    251    814   1224   1429   1103    673    459    409 
  1381    611    933    450    389    -75    -72    -44     21    497    851    690    318   1321     80    -14 
   572     -5   -118   -184   -167   -228    -81    753    630    431   1416    255    494   1363    795    618 
    31   -149   -140   -137    -52    218    554   1385   1410   1315   1775   1570    984    220    -24    -10 
   -91   -208   -223    459   1289   1451    716   1933   1291    540    285    867    446    -58   -578   -541 
   495    820    961   1200   1216    921    190    134    566    791    122   -377   -230   1635   1089    219 
   185     35    260    121    106    218    446    -47   -175    -36    682    971     79     59    -12    202 
   134     40    214      7    -36    -61    -33    225    583    352    302     17     37     -1    -12     -7 
   -15     -9     97    282    432    437    -36    -52    -22    -48    -55    -20    194    -12    -12     17 
   465    557    921    -92   -150    -74    -75   -120   -121    -48    -64    -55    -58    -30    -21    742 
   -77    -95    -60    -52   -101   -124    -80    -43    -22    -48    -54    -55    711    -18    -26    702 
   832    789    300    350    241     43    175    -13    -33    939    441     87    769    888    583      4 
    29      0    314    364    319    307   1157    409     -2    855   1206    436    -78   -106    -87   -107 
  -104    -89    394   1359    -14    -58    251    530    -66   -178   -191   -179   -250   -239   -242    -45 
  1193    -80   -111    -35    244    -31    -68    -72   -129   -244   -294   -204    189   1468    -35    -16 
   256     54    -40    -53    -17     -1   -132   -179    230   2178   1810    -34    -56    -14    -23    -38 
   -35    -30    -35   -103   -125    125   1423   1206    -23    -56    -68    -65    -50    -55    -25    -41 
   -76    -76     -2    214    868     -6    -53    -75    -94    -98    -95    -98    -99   -130   -105    -53 
   -27    708     -5    -62    -89    -88    -81    -90    -85    -85    -96    -95    -64    -38    351     60 
   -99   -156   -179   -166   -152   -132   -110    -90   -109    -89    -50     -6    600    -22   -149   -191 
  -168   -162   -141   -106    -41    -60    -16    303    379    331    -50   -193   -255   -189   -233   -220 
  -241   -161   -172   -107    -40    -11      1   -102   -249   -260   -222   -316   -277   -242   -234   -253 
  -197    -83    -31    -55   -125   -229   -216   -242   -284   -280   -194   -221   -251   -257    -84    331 
   -42   -129   -140   -157   -206   -237   -226   -215   -206   -214   -171    -21    579     -5    -86    -43 
   -61   -173   -231   -171    -66   -102   -252   -164     33   1026     -4   -105    -71    -54   -200   -229 
  -173    -26   -166   -535   -438    -58   1248    438    -44    -37     59    -77    -85    -43    410    -54 
  -275   -224   1218   1519    996   1130    806    629    173    259    843   1232    520     51    310   1879 
  1912   1362   1466   1112    794    263     79    508    610     -2    353    694   1789   1767   1176    993 
   770    589    202     -6    274    613    366    788    788   1376   1198    766    562    485    358     57 
   -14     -3     21     -6    156    378    759    652    308    418    400    571    411    376    557    606 
   835    720    868    775    445    168    416    760    913    675    374    720    595    747    517    969 
  1025    755    285    640   1019   1324   1229    727    950    973   1088    797    864    735    483     98 
   488    552   1216   1082    587    391    986    914    833    788    677    329    200    368    575   1051 
  1034    560    417    734    856    754    258    359    348    341    264    587    893    732    634     69 
    68     -8    112    432    566    592    116     98    751    602     -2    -37    -65    -24    -49    -35 
   316    716    528    231     94    566    258    -17    -69    -21    205     78    600   1310   1716    784 
   291    -21    290     70    -14    -43    305    633    196    332    561   1668    899    451    234    116 
     7     -9    -29    153    346    116    538    823   1386    757    302    149     44     20     -2    -19 
    -8     97     -1    242    338    703    533    436    528    687    507    464    342    386    454    335 
   324    269    352    286    209    193    249    173    156     -1     -5    -13    -11     -9      4     35 
   148    447    -11    -50    -58    -60    -45    -67    -64   -114    -87    -60    -60    -31    455    -14 
   -76    -60    -51    -31    -83    -60   -111   -114    -81    -44    -22    532    -20    -66    -64    -35 
    -2    -41    -44    -75   -113   -104    -52    -29    515    -42    -53    -56     -9    243    510     63 
   -37    -99    -76    -17    -14    483      7    -16    -27    103    710   1039    795    319    -23    -12 
   346    216    305    184     41    105    685   1378   1582   1639   1023     -3    -28    180    280    142 
   626      2    208    993   1769   1968   1749    972    361    663    -36    339    778   1167    506    293 
   480   1316   1680   2274   1779   2242   2660    504    527    534    603    615    478    564    944    855 
  1335   1920   2985   2580    859    429    278    444    385    335    427    677    734   1067   1753   2788 
  2250    992    571    463    710    583    391    210    354    414    331    253    388    524    499    573 
   499    564    346    178     12    125    350    442    392    413    428    563    665    314    435    373 
   255    244    298    343    307    354    353    352    446    450    -15     70    133    232    114     24 
     8    -17    113     45    123     -1    -22     -7    218    314    358    210    172    229     -3    558 
   319    195     47    -15    -18    382    741    764    749    372    442     76    331    187    328    225 
    -3    -23    468    635    706    651    355    259     -8     -2     99    437    238      1    -31    100 
   118    183     57     -5    -13    -32    -22     21    363     91    -10    -22    242    297    242    -15 
   -53     67    -13    -27     -4     21     98     68    -48    -54     -6     -9    -69   -136   -114    -80 
  -105   -169    -99    -32     75    -70   -100    -94    -21    -24    -53    -38    -25   -135   -293   -210 
   -99     -6     -1    -33     -3    233    252    260    318    280    -63   -281   -149    -41    -24    165 
   537    581    609    670    882    716    725    183    -94    172    483     -5    -14    276    511    531 
   587    857    827    903    843    490    829    584    126     -9    160    230    325    473    594    475 
   331    453    624    661    559    200    -35     -7     -4    -19    -23    -14    -14    -22    -13     15 
   156    149    -12    632    734    774   1007   1045   1070   1101    869    815    807   1021    975    581 
   676    871    795   1129   1372   1353   1181    966   1360    809   1238   1589    995    932   1123    880 
  1473   1968   1526   1751   1287   1977   1330   1115   1196    437    942   1072    504   1128   1182   1213 
  1529   1714   2258   1840   1493   1646    762    774    977    457   1207    760   1003    887   1607   1653 
  1520   1344   1753   1344    988   1436    866   1451    873    -29     42    -35    296    839   1271   1448 
  1055   1009    422   1042    708    -69   -194   -331   -382   -214    -81   1058   1674    362    -22    445 
   466    996    352     97     29     11   -141   -186    -41    211    171    979   1702   1482   1654   1875 
  1867   1393    564   -127   -170   -182   -142     -2   1271   1621   1843   1618   1856   2016   2008    890 
   140    -12    -63    184   1057    993   1417   1457   1391   1703   1788   2017   1844   2082   2619   1973 
  1956   1376    858   1110   1329   1353   1734   1921   2214   2263   2460   2357   1930   1981   1465   1316 
  1600   1824   1724   1767   1778   1618   1555   1665   1704   1667   1728   1042    265    530    590    341 
   217    249    211    152     86    324    401    277    168    572    997   1174    838    825    646    764 
   573    530    344    170     20     60    412   1122   1282   1027    985    998   1286    915    621    370 
   129    224    439    675   1386   1688   1792   1916   1868   1638   1078    754    792    854    868    924 
   447   1048   1108   1452   1907   1906   1405    964    791    803    917    830    726    163    506    826 
  1368   1747   2066   1701   1164    672   1028    848    624    690    198    376    370    770   2049   2841 
  2934   2852   2570   2749   1887    383    348    368   1129    105     -7    683   1638   1544   2073   3156 
  4427   2955    717    280    -41    -30    -49    -45    -25    161    345     36   1355   2386   1289    458 
    -5      6    -14    -52    -73    -46     63    153    -39    248    392    236     73    -48     12     -1 
    18    135    287    640    648    177    514     11     -8    -45    -43     78    262    391    601    794 
  1027   1120    748    656     78    -15    -34     -9    -22     -2    121    255    308    455    581    459 
   364    152     95     -4     95    -68    297    124    481    612    495    -11    -40    -41    -35     33 
    -8   -106    868   2509   1737   1758   1889   2085   1064    257    741    549   1173   1027    -14    970 
  2466   1533   1665   1824   2165   1985    825   1233    933   1275   1446     78    468   1940    500    819 
   657    900    864   1098    854    703   1150   1679    266    -63    685    -10     64    -33    -49   -143 
  -129    -83    -37     96   1282    374   -242   -123   -123    -92   -216   -229   -270   -355   -357   -232 
  -125    165    -30   -299   -134   -172   -103   -152   -121   -257   -152   -261   -351   -252   -174    -40 
  -201    999   -150    -81   -107    -57   -202   -231   -425   -468   -253   -237    -14   -146    879    187 
  1203   1020    927    341    347    -67   -138   -128    -44    212    -96   1109   1530   1876   1561   1079 
   862    610    -17    -37   -142   -105     -3   -126    522    844    682    462    408    331    558    269 
   473    -20    708    334    -89    631   1076    839    427     77     -2    349    691    988    948   1319 
   183   -113    115    546    448    112     -5    -11      5    305    480    412    471    -53   1069   1128 
  1182   1070   1226   1295   1251   1243   1396   1596   1463   1323   1256    790    774    939    750    716 
   918   1133    995   1000   1187   1137   1005   1166    651    589    905    803    598    803   1164   1028 
  1020   1060    921    722   1016    223    229    506    376      0    469    729    840    746    790    577 
   337    786    539    540    791    520     57    352    282     67    -12    206    587    391    598    216 
    -2    410    419     -2    -31    -54   -124   -104    -91      9     55    403     -7    -57    -17    137 
    79     66    247     35    -73   -176   -147    -38    476    288    -31    107    392     92     97    657 
   642    -57   -167   -206     41    799    311     -9    137    446    538    290    560    642    586    -63 
   -74    685    754    229    -12    -30     76    142    128    223    526   1213    709    955    755    520 
   317     -2    -21     -6      7    162     21     97    151     -4      0     -8    362    847    830    723 
   750    834    777    697    632    735    751    766    746    823    860    933    857    949   1068   1124 
  1093    994   1055    945    950    855    915     -8    -32    -43    -44    -40    -49    -51    -54    -60 
   -63    -54    -32    -23    -46    -95   -114   -124   -103   -116    -98   -104   -111   -123   -127   -107 
   -76    -61    -96   -114   -121   -124   -137   -115   -122   -131   -136   -132   -104    -79    -41    -57 
   -80    -82    -86   -108   -103   -111   -113   -132   -135   -105    -60    -39    -70   -110   -112   -133 
  -141   -145   -162   -169   -167   -163   -139    -72    -44    -80   -113   -119   -161   -149   -163   -158 
  -169   -178   -166   -138    -64    -79   -102   -125   -114   -182   -181   -180   -147   -195   -258   -208 
  -163    -48    -91   -121   -146   -107   -158   -165   -176   -191   -269   -357   -327   -222    -64    -23 
   -64    -54    -39    -72    -90    -89   -124   -173   -283   -307   -189    -78     88     -3     -9    -20 
   -36    -49    -69    -97   -158   -215   -218   -141    -62     -7    -12    -15    -29    -46    -64    -62 
   -70    -94   -121   -102    -83    -52     25    -15    -28    -33    -46    -63    -62    -66    -72    -78 
   -50    -29    -19     35     12     32     -4    -17    -25    -26    -25    -20    -15     14     77     64 
   -27     -1    405    579    497    600    781    886    612    780    761    436    530    172    265    298 
   190    162     90    384    956   1079   1125   1249    825    785    987    724    409    141    119    -22 
    -1     27    591    634    184     -6     91   1080   1073    364    -19    -57    -23    205    290    184 
    58     -1    -12     83    844    522     -9    -56    -98    -58    -20    109    -35    -19    -12     -6 
    17    618    374    799    664    140    -49   -103   -181    -80    -17    204    749    463   1241    346 
  1162    815    244   -112   -182   -275   -212   -103     -2    566    689    921    610    780    620    620 
   182    740    934    534    678    137    678   1588    950    789    341    -40    -49    -47    249    882 
  1315   1163   1000   1118   1727     23    342     -6      0    -12     -8    404   1041   2557   3017   2876 
  1692   1204     73     57     -4    333    524    487    495    352    494    661    763    205    510    389 
   281     86    285    645    799   1001    574    408     65    -17    -12    279    395    294    323    450 
   686    693    736    557    499    402    171    166    456    262    118    231    -11     -8    -22    101 
   207    499    117    142    247    -20     60    126    423    -15    -30    -14    245    212    564    428 
   638    369     -5    215    321    581    245     85    238    419    358    306    165     60    -13    -25 
   342    394    560      0    155    693    691     -1    -19     -4     -9    -27    -23    -12    -22    311 
   -35    -61    -10    486    -31    -78    -61    -46    -38    -58      8    -35    -45    -63    -44     -1 
    -7     -6    -44    -28    -90    -78    -87     97    -85    -34    -84   -111   -140    -79   -138    -76 
  1388    149    461   -112    -54   -196    -28    -38    -47     29    695    381     -4   1292   1413   1223 
   -83    -34    -39    476    163    171    813    708    705    -82    -20   3063   2042    -52    -10    -39 
   -13    238    250    491    849    950    272    729   3393   2460    -10    -18    -60     -8    416    610 
   401    547    317     46    299    997    410    -31    -16    -52    -30    208    379    429    309    138 
   205    390    660    374     -3     47    -23    -27     55    190    470    414    288    457    600    732 
   551    450    676    566    462    378    383    240     -2    180    261    406    295    352    398    652 
   622    455    139    265    140     -1    200     55    382    732    800    842    750    809    640    206 
    -6     -3    100    204    153    586    801    500    602    680    573    647    207    -34    -30     -6 
   -25    -36    -13    408    208    430    674    540    800    313     19    -26    -15    -34    -41    -22 
    37     24    291    517    105     -2    100    138    156    293    -16    -18     -1    -15    -46    117 
   487    -57    -42    149     -5    -54    -12    -52    -65    -31    -68    -84     -2    390   -109    -78 
   229    -13    -53     -9    251    975    942    -55   -126     -2    197   -102    -68     -3    -25    -26 
    33    500    341    -39    -84    -75     78    580    190    -11     -6    -21    -30    -28     29     -5 
   -26    -25     -4    342    474    136    -16    -22    -36    -49    -69    -52    -35    -56     -1    339 
   606    555    603    268     70     -6     -8    -14     -6     91    230    773    714    765    760    792 
   581    507    425    369    226    203    325    591   1002    894    952    -62    -83    -72    -91   -118 
  -101   -114   -107   -133   -106    -89   -118   -111   -134   -151   -100    -88   -115   -121   -122   -142 
  -147   -116    -75    -91    -81   -164   -152   -104   -100    -89   -142   -143   -130    -95   -116   -123 
  -133    -93   -150   -146    -86    -49    -37    -58   -106   -164   -162   -131   -101   -120    -76    -92 
  -123    -78   -107   -100   -121   -128   -150   -212   -178   -148   -167   -131    -21    -72    -51    -71 
   -64    -76     -6    238    276   -125   -134   -115    -92     -9    -44    -23     18    345    -39    -79 
  -249   -210   -161   -151    -96   -108    -42    -17    617   1060   3200   2854   1724    329    649   1025 
   -91   -145   -109   1009   3649   2025    389   1310   1337    305   -144   -207   1588   2185    -93   -114 
  -111    -28    -94   -117    -96    -44    -59    -50      1   1563   1610     -8    -61   -135   -119   -153 
  -140    -77    -28    -26     78    981   1617    620    -37    -29   -103    -90    -66    -19    398    858 
   544    145    -18    -39    -91    -80    -19    -20    -25    -54    -46    -36    -11     -7    -23    -28 
   -34    -55    -39     -8     18      3     -5     11     -1      7    -11     34     -2     -6    -11     -1 
    39    -16    -27    -30    -37    -31    -38    -32    -32    -41    -43    -52    -32    -21     -9     -7 
   -29    -42    -50    -37    -33    -30    -35    -48    -50    -30    -23     71     74    -32    -36    -46 
   -41    -40    -31    -23    -50    -48    -29    -30    128    123    -26    -32    -52    -50    -64    -49 
   -24    -48    -44    -39    -32     -2     90    -28    -56    -85   -100   -119   -112    -99    -99    -75 
   -63    -45    -81    -85   -127   -119   -142   -147   -161   -149   -170   -247   -199   -138    -28    -87 
   -76   -108    -88   -103    -95    -91   -111   -179   -252   -169   -119    -33    -26    -52    -42    -50 
   -40    -43    -43    -66   -161   -275   -237   -135    -37    -19    -50    -57    -43    -32    -30    -32 
   -44   -113   -167   -174   -110    -21    -33    -66    -95    -78    -57    -45    -35    -33    -58    -73 
   -61    -41    -15    -39    -60    -82    -73    -51    -49    -48    -43    -46    -50    -37    -18    -12 
   -24    -25    -33    -41    -36    -37    -43    -41    -37    -33    -23     -8    -10    -56    -39    -26 
   -14    -14    230    329    143     58    -36    -55    -28    -36    -82    -71    -71    -15    -36    -42 
   -32    -27    265     -6    -50   -104   -107    -67    -84    -86    -17    -27    -52    -88   -106    323 
   712    436   -106   -111    -38    -25    -32    393    -93   -135   -152    -65    110    359     64    -85 
   -77    -59    -84    -77    264    -73   -137   -197     80   1087   1000    -10    -61    -46    -30   -102 
   -49    416   -150   -150   -176    -20    803     12   -117    -72    -45    -12   -113    -61    405   -144 
  -184    -73    845    938   -132   -268   -119    359   -175   -198   -103    -98   -242   -209   -133    574 
  -111   -527   -533   -254    -30   -215   -182   -157    -80   -177   -138    -98    -48   -308   -660   -688 
  -374    -81    -49    -48     23    533    -11    -21    -55   -146   -288   -386   -455   -388   -147    -54 
   -69      0     28    -50    -55    -33    -94    -97     -5    -54   -162   -129    -82   -153   -128   -145 
  -172   -172   -165   -181   -153    -93    -97   -167   -112    -59   -116    -92   -105   -132   -140   -124 
  -117    -80    -55    -72    -98    -61    915   1004    974    601    539    614    683    516    600    737 
   718    996   1135    437    237    232    -14    -14     -5    104     21    113    397    328    662   1071 
   155    231    325    121    105     -2    264    199     50    383    304    737   1069    406    750    987 
   847    808    615    638    308    245    523    450    727   1114    767   1187   1165    927    654    747 
   817    622    302    453    626    702    920   1233   1434   1458   1483    946   1124    974    598    622 
  1172   1395   1160   1071   1054    895   1393   1717   1283   1458   1720   1765   1897   1399   1390   2010 
  1355    587    933    926   1070   1326   1838   1297   1128   1268    565    961   1785   1369    693   1505 
  1444   1318   1432   1645   1729    967    306    -30    309   1429   1246   1106   1562   1597   1442   1274 
  1015    996    744    794    790   1219   1732   1316    943   1126   1123    926    623    263    320    361 
  1042   1502   1996   1657   1332   1046    951    822    669    388     72     88     21    475    899   1328 
  1533   1540   1416   1599   1457   1189   1033    860    914    894   1139   1349   1705   1872   1716    -88 
   -75    -78    -73    -64    -48    -26    -30    -20    -51    -76    -74    -80    -83    -86   -103    -76 
   -54    -69    -52    -72    -61   -102   -112    -96   -111    -79    -97   -115    -98    -87    -71    -70 
   -80    -78   -122   -113   -110   -123    -66    -93   -128    -81    -72    -58    -73    -65    -40    -80 
   -99   -101   -117    -65    -71    -85    -75    -97    -78    -64    -40    -15    -78    -60    -37    -48 
   -75     -8    -16    209    -46    -28   -104    -41    -51   -142   -104    -38     -8    -92     69     95 
    -8   -110   -166   -207   -112   -183   -203   -145    -96    -43   -194   -152   -148   -102   -129   -147 
  -188   -162   -174   -266   -271   -190    -86   -161   -112   -139   -116    -82   -103   -110   -110   -165 
  -146   -161   -151   -140   -139   -144   -125   -125   -110    -91    -73    -98   -198   -190   -203   -147 
  -165   -117   -129    -95   -124   -135   -105    -77    -46    -82    -80   -117   -102   -112   -119   -122 
   -96    -93    -95    -75    -60    -54    -51    -59    -97    -84   -117    -98   -114   -103   -104   -107 
  -107    -98    -98    -93    -98   -112   -113   -113   -111   -153   -135   -125   -126   -137   -133   -142 
  -153   -153   -155   -132    -85   -128   -171   -139   -109   -130   -135   -135   -128   -139   -157   -140 
  -129    -73   -132   -179   -145   -114   -130   -118   -130   -157   -162   -146   -108   -117    -61   -102 
  -121    -98   -111   -113   -100   -107   -117   -120    -98    -75   -103    -83   -103   -122   -106   -155 
  -144   -140   -124   -105    -99    -74    -74   -111    -93   -108   -138   -138   -236   -246   -243   -260 
  -317   -277   -233   -105    -93    -77   -173   -194   -184   -249   -335   -349   -325   -355   -339   -297 
  -158   -106    -68   -163   -238   -149   -151   -210   -279   -271   -321   -368   -433   -290   -146    -48 
   -67    -74    -43    -39    -92   -130   -114    -98   -181   -201    -26    180     84     -2    241    289 
   590    334    349    149    230    -20    306   1556   1152    588    113    143    326    599    636    751 
   802    948   1253   1904   2148   1587    594     -1     78    449    498    545    377    358    233    294 
   597    676    575    230    102    203    381    329    358    269    222    123    135    274    431    276 
   137    116    -58    -57    -39    -28     -8    -13     -5     81    127    -38    -52    -48    -28   -133 
  -133   -125   -110    -49    -14    167    378    365    -15    -66    -60    -25   -113   -105   -105    -92 
   -55     88    325    413    338      9    -31    -34    -16    -82    -93    -89    -50    -18     -2    -27 
   -12     -2    -13    -39    -71    138    -55    -68    -51    -31     -9    -40    -42    130    252    -12 
   -18    -38    392    -46     -7    -17    -48    -90    -63   -141   -140    -34    -38     20     81    -16 
  -142    -38     15   -113   -169   -215   -231   -192   -270   -206    -22     44    -18    -80    -65    202 
   -66   -101    -74   -106   -300   -362   -301   -100    365    398    -15    179   1029   1274    829   1340 
  1174   -156   -252   -168    -26    687    972    965   1119   1505   1760   1709   1876   1637     39     -3 
   935    939    980   1157   1440   1806   2066   2164   2009   2068   2103   2015   2315   2200   1804   1104 
  1124   1492   1896   2210   2292   2082   2054   2048   2053   1931   1854   1758   1239   1172   1489   1805 
  2009   1941   1687   1577   1479   1393   1314   1431   1425   1068    -92   -150   -164   -187   -167   -130 
  -137   -115   -103    -82    -78    -65    -18   -142   -198   -206   -240   -214   -171   -171   -152   -107 
   -92    -80    -68    -23   -117   -162   -199   -217   -220   -209   -197   -182   -138   -130    -86    -74 
   -36    -96   -139   -204   -229   -218   -219   -222   -198   -179   -155   -138   -111    -82    -81   -114 
  -182   -201   -174    -96    -97    -83    -91    -77    -96   -102    -56    -50    -63   -130   -142   -106 
   -67    -10    187     -7     -4     -8    -41     35    -45    -72    -75    -52    -35    -70    -81    -58 
   -30    -32    -18    -30    224     14     78     84    520    215    -14     -1    180    482    892    862 
   372    314    592   1043   1232   1315    813    204     41    562   1769   2111   2111   1613    911    191 
   696    791    691    362    -14     -7    870   2569   3659   3857   2502   1243    -20    165    194     -3 
   -24    -56    -40     77    864   1600   1745   1357    722    -17    313    431    -11    -61    -85    -73 
   -54    -25     10    396    656    370      0    304    257    -22    -58    -75    -71    -75    -47    -16 
   169    253    123    -51    -21    -37    -65    -55    -44    -64    -52    -39    -11    -26    -16     -7 
   -73    -54    -78   -119   -113    -87    -92    -60    -65    -66    -48     -4    158   -121   -114   -121 
  -137   -136   -118    -91    -76    -96   -100    -66    -12     49   -133   -156   -141   -171   -197   -227 
  -171   -104   -102   -115   -122    -44     12   -153   -156   -197   -187   -210   -224   -222   -176   -171 
  -140   -114    -53     -8   -151   -109   -153   -150   -198   -200   -237   -156   -125    -43    -24    -95 
   -55   -143   -126   -103    -29    -50    -28    -73    -11    -82   -206   -169   -185    -57    -79    -70 
   -32     -2   -113   -139   -140   -105   -153   -244   -212   -144    -58    -89   -150   -119    -23    -50 
   -66    -62    -40    -96   -227   -293   -146    -22    -51    -36    -84    -66    -56    -82    -70    -78 
  -131   -207   -223   -103    -32    -84    -60    -80    -80    -75    -83    -84    -80   -104   -139   -169 
  -101    -43    -62    -31    -47    -64    -57    -58    -56    -44    -38    -40    -70    -41    -20    -87 
   -68    -72    -85    -77    -77    -75    -80    -84    -93   -107    -91    -70    -42    -52    -77    -78 
   -63    -48    -52    -60    -37    -20    -14    -19    -23    -10     -5    -34    -62    -61    -30    -31 
   -36     -4    114    165     -5    -12    -25    -34    -57    -66    -73    -50    -54    -66    -49    -36 
   -14    -36    -28    -43    -39    -50    -63    -84    -57    -62    -48    -73    -66    -48    -62    -49 
   -54    -36    -48    -53    -62    -40    -44    -36    -53    -47    -35    -62    -52    -24     67    -16 
   -51    -78    -70    -53    -68    -58    701    682    -22    -64    -44    -15    157    -52    -93    -41 
   -25    288    -11    280   1051    412    -36    -69    -37    -13    -39    -98    -67    -37    -68   -151 
  -100    311    510    -32    -67   -150   -113    -88   -124    -99    -53    -53   -114   -132    -18    413 
   -39    -42    -98   -107    -88   -104    -96    -58    -79   -135   -139    -46     -6    -36    -48    -86 
   -91    -74    -83    -81    -61    -77   -100    -84    -58    -45    -37    -45    -81    -91    -78    -82 
   -78    -75    -61    -54    -28    -33    -35    -41    -31    -42    -50    -44    -52    -45    -42    -34 
   -25     -4    -14    -27    -36    530    -16     -1    -34     -4     14    418    178    185    -16    -56 
   -36    133    -27   -147   -109   -114   -182   -148   -108    -81   -141   -138    -99   -125    -49    -23 
  -119    -75    -70   -111   -101    -71     -5   -100   -104    -81   -124    -32    -22    -88    -12    333 
   561    491    305    616    312    -14    -95   -140    -74    546    -75   1033   1773   2348   2242   1922 
  1816   2496   2455   1595     -3    -44   2044    377   1598   1746   1461    986   1404   1585   2631   3614 
  3571   1639     -2    -14   -242    -51    -29   -293   -442   -356   -342   -290   -403   -249     -3    -31 
  -175   -486   -251    -93   -277   -387   -314   -227    307   -100   -187    -41     -5    -76   -154   -160 
    -4    -46    -59    -60    -18   2366   2294    724    -95     -8    -36   -103    -82    -63    -69    -52 
   110    189   2526   3841   3478    584     26    -81   -150    -86    -94    -46    -54    -35    -38    319 
  1079    922    -30     -2    -36    -96    -49    -38    -16    -42    -41    -42    123    183    107    -46 
   150    486    213    279    446    598    228    172     36    195    220    104    -18    404   1592   1081 
  1181   1296   1360   1342   1484   1131    991    918   1292   1315   1100   1304    846   1059   1116    951 
  1055   1097   1096   1013   1008   1080    808   1205    940    663   1703   1900   1658   1768   2163   1686 
   905    979   1265    849   1318   1134   1523   2048   2014   1513   1633   2187   2318   1904   1633   1587 
  1145   1358   1351   1892   2633   3249   2208   1962   1801   1741   1665   1779    950    832   1219   1836 
  1287   2390   2957   2179   1385   1928   1563   1401   1847    573    945   1258   2288   1228   1552   2180 
  2122   1452   1718   3130   3289   2802    671   1829   1533   2228   1120   1347   1432   1884    876   1149 
  1156   1421   2053   1057   2668   1870   1786    562   1580   1367   1100    973   1277    149    -78   -259 
  -195   1369   1087   1461   1104   1194   1360   1260   1175   1120    653    138   -158    -80    728    620 
  1170    634    381    737    858   1004   1017    735    787    469    955    620    421   1039    506    227 
   339    414    426    448    294    532    426    666    563    752    886    537    251    257    253    310 
   324    365    729    868    770    638    758    -14    -13    -10    -10     23     35    -16    -37    -43 
   -51    -39    -37    -41    -28    -13    251    374    544    898    457     88    -14    -16     -9    -19 
   -27    -32    -22    315    474    604    836    967    900    508    290    537    166    -21    102    656 
   911    901   1023   1196   1063    879    812    605    778    436     -2     89    589    623    774    839 
  1095    772    673    497    438    364     33    -11    464    660    614    680    821   1020   1636   1524 
   998    441    367     37    -13    601    560    704    494     -2    131   1261   1871   2061    154    164 
   633    -13    -32    -73    141    358    517    110    -31    -35    437    -77     57   1807     72    510 
  1128    819    948   1072    797    769    757   1307    892   1025   1962    164    406   1089   1603   1580 
  1507   1313   1295   1111    693    716    646   1070     90    187    753   1067   1117   1123   1086   1067 
  1102    871   1015    883    509    -20    -15     40    236    438    531    524    562    588    689    595 
   377    158    -13     35    112    322    480    622    663    607    637    756    779    640    449     76 
   -95   -125   -125   -106   -107    -88    -70    -87    -71    -92   -105   -126    -74   -154   -198   -187 
  -183   -194   -171   -129   -153   -128   -100   -109   -186   -120   -128   -179   -174   -185   -211   -219 
  -184   -144   -156   -124   -101   -164    -96    -90   -117   -102   -140   -162   -158   -161   -111   -124 
  -114    -98   -134    -69    -63   -118   -106   -127   -119    -79    -98   -107    -78    -75    -66   -137 
   -80    168    -39    -35    -47      0    343    278    -10     -6    396    205    -82    -76     10    -38 
   -30    -44    -59    -77   -105   -106    -71    -42    -52    -54    -75    -80   -142   -116    -77   -102 
  -118    -52    -98   -109   -118   -134    -39    -79    -68    -79    -42    -13    278     -7    188     -5 
   -44    -77    -81    -16    -25    -11     76      8    261    429    249    135     36     -3    544    380 
   350     34    -22     -5     -8    130    153     98    309    317    403    632    570    198     59    -50 
   -62    -56    -38    -36    -43    -24      2    121    122     -5    -10    -12    -29    -57    -59    -57 
   -47    -60    -54    -49    -56    -62    -60    -53    -33    187     65    -20    -14    -20     -4    -39 
   -73    -99    -57    -27    -28    -89   1330   1289   1074   1158    781   1082    910    845    317    142 
   701    307    -75   1483   1521   1336   1066    500    652    800    870    710    213    426    428    -68 
  1624   1927   1984   1253    741    874   1537   1438   1515    989    903    958    -33   1304   1783   1843 
  1646   1014    961   1300   1641   1489   1314   1137    615    -51    554    951    805    841    -11    -16 
   -47     -6   1041   2015   2016   1018    -27   -148   -124     61    -21   -175   -126   -139   -141   -235 
  -262    -49     -7    -99   -157   -145    -63    -87   -206   -181   -103    212   -224   -382   -222   -122 
  -109    -83   -136   -185   -125   -136   -140    -72     -1   -123   -333   -404   -213   -113    -25    -57 
  -122   -149   -134   -149   -113    -92   -110   -233   -267   -229   -171    -59   -127   -178   -201   -198 
  -176   -160   -144   -148   -167   -198   -202   -168    -37    -88   -128   -145   -149   -140   -153   -156 
  -153   -154   -149   -142   -143    -69    -97   -108   -103   -102    -98   -104   -109   -105   -121   -135 
  -136   -138   -134   -125   -128   -116   -104   -110   -100    -68    -77    -53    -66    -96    -65    -83 
    -6     80    428    420    328    479    675    555    425    396     84    234    -64     85     77    548 
   844   1034   1039    819    963    714    519    139    245    -17    470    291    508    813   1202   1289 
  1055   1039    781    949    406    421    -12    669    710    987   1008    563    486    741    613     95 
   479    333    470    -59     22    661    806    -13   -101    -43    -72   -127   -223   -147    390    777 
   -65   -117     -2    673    -13   -122    115    233    -80   -328   -302    477    746    156    -49    557 
  1159   1017     38    447    704   1060   -116   -157   1135   1057    469    837    559    238    297     41 
   239    327   1175    941    536   1775    820     -7    340    414     -1      3     64    559    568    367 
   -29    -39   1237    257    -17    216    288    218    486    682    965   1107    809    746    820   1121 
   397    274    963    917    846   1037   1343   1500   1397   1060   1205   1213    885    535    -25    -15 
    -7    -14    -13    -12    -14     -8     -8     75    161     18      1    460    278    439    459    558 
   184    471    420    678    919    494    608    846    -22    -51    -35    -55    -38    -70    -10    -17 
   -19    313    217     90    392     31    -18    -37    -88    -60    -94    -62    -63    -70    -50    -36 
   -40     36     -9    -47    -33    -72    -73    -90    -52    -65    -60    -89    -58    -54     23     -4 
   -54    -64   -103    -99    -45    138    297     41    -71    -42    -54     -2    188     43    -37    -41 
   -48    341    389    938   1043    213      0    -69     19    -32    -57     -7    -34    -72   -135    -86 
  -105    -49    -89    -16    -41    166    -92   -176    -77    -91   -131   -138    -54    -38    -99   -260 
  -145    -38     54    -28    -78    -47    -60    -12    -48     36    -20   -177   -206   -131    -86    -24 
   419     -9    -16    -17     62    -34     -4    -17    -68    -10    -76   -108    -27    -15    -84    -89 
   -82    -69   -103    -91    -62    -48    -36    -55    -86    -16    -34   -114   -140   -110    -85    -94 
   -86    -62    -64    -72    -83    -84     -8     -8    -77    -83    -79    -81    -90    -74    -64    -64 
   -69    -59    -63     18     -8     57    181    222    133    184    389    324    181    220    358    460 
   355    -32    -19    -12    -15    -32    -16     87     -1     -5    -16     -8    145    112    -19    -14 
   -17    -14    -37    -44    -15    -17     -9    -35    -15    -11    -31    -11    -26     -9     87    -36 
   -53    -11    242    136    -15    -30    -27    -39    -19    -24    -34     81    -79    -64    -67     45 
    -9    -23    -20     16    -16    -25    -21    -21    -17    -84   -113   -125   -124   -120   -108    -65 
    26     -8   -122   -132   -103    -66   -134   -183   -209   -132   -214   -286   -211    -99     -8   -111 
  -117   -176   -100   -169   -150   -182    -68   -201   -293   -259   -145     17   -111    -68    -90    -17 
   -52    -57    -26     -6   -176   -346   -292   -111    -16    -42    -26    -48    -13     52     57     43 
    56    -89   -162   -127    -85    -42    -59    -35    -56    -35    -25    -15    -21    -32    -45    -67 
   -39    -61    -57    -38    -33    -56    -41    -42    -35    -39    -42    -34    -51    -30    -33    -29 
   -20     -5     -2      0     -6    -13    -16    -16      0      5     55     55     -5    -54   -109   -111 
  -110   -105   -106    -98    -87    -85    -94    -88    -77    -45   -113   -178   -193   -179   -164   -162 
  -145   -139   -119   -113   -122   -117    -66   -116   -179   -189   -175   -166   -183   -182   -197   -142 
  -125   -137   -128    -79   -103   -160   -166   -132   -128   -159   -182   -198   -149   -136   -153   -194 
  -123   -106   -161   -164   -163   -157   -162   -174   -142   -131   -143   -140   -138    -74    -58   -116 
   -93    -70    -64    -57    -16    644    232   -139   -131    -79     -4     -7    -73    -15    486     -3 
   -31    787    960    523   -131   -110    -17    150     88    -56    423    940    732    453   1033   1527 
  1043   -101    -93    564    911    642   1200   1506   1582   1631   1293   1498   1744   2049   1976   2466 
  2288   1261    891   1185   1399   1302   1302   1222   1530   1930   2626   2521   2440   2636   1543    898 
  1041   1202   1171   1049   1010   1214   1422   1850   2019   1836   2033   1475    875   1094   1173   1166 
  1150   1101   1116   1134   1070   1293   1345   1425   1287   1031   1131   1063    916    913    792    752 
   699    627    814   1168   1294   1140    519    488    918   1916   1998   2079   2106   1433   1159   1074 
  1805   1783   1003    636   1071    918   2042   2701   2139   1846   1337   1995   1788   2145   2368   1561 
   848   1498   1573   2746   3283   2727   1731   1687   2447   2216   2325   2307   1650   1026   1166    245 
  2022   2591   2640   1515   2262   2775   2482   1757   1394    794   1333   1198    959   2108   2666   2179 
  2168   2970   3998   3734   2787   2944   1736    976    551   1467   2015   1107    -18    -61    795   2166 
  2159   2519   4357   3085     30    502   1763   1985    -51   -173   -269   -156   -137   -284    -70   2579 
  3279    -78    -52    973   1311   -113   -249   -269   -250   -408   -735   -392    533   3286    973    349 
  1403   2431   1396    347    536   1102    -51   -337   -329     26   2318   1529   1285   1973   2019   1935 
  2006   2074   1635    -56   -381   -421    -18   1944   1394   1492   2110   1919   1858   1845   1972   2280 
  1626    177     83   1692   1576   1134   1017   1802   1412   1000    915   1144   1262   1163   1093    791 
  1109    836    245     79    890    466    429     69    243    511    476    441    102      0    181    664 
   815    889    653    554    596    561    739    506    362    482    725    648    619    671    689    806 
  1091   1062    686    674    449    390    651    644    405    333    329    510    374    385    473    565 
   367    589    534    416    327    395    391    310    544    608    831    418    794    587    812    766 
   881   1119    741    341    410    604    843    689    574    412    789    858    640    339    318    330 
   439    601    494    798   1459   1776   1133    923    773   1027   1050    534    235   1111    850   1142 
  1382    222    -70    377    -20     45    731    892    961    745    -20   -160    -47    568    238    187 
   464   1363   1358    -76   -127    146    594    652    653    123     99    313    380    261    215    -49 
  -149   -106    -15    587    682   1120   1322   1296   1117    729    450    143     50    -55     35    490 
   647    412    579    810    728    531    403    424    262    170    131    293    417    343     -9     29 
   262    202    149    231    301    312    154     62    256    303     98      6    -25    -48    -55    -61 
   -62    -56    -63    -59    -50    -45    -29     33    315    427    480    315    265    159    234    315 
   153    240    127     30     -2    303    384    655    589    443    268    204    303    -16      3    192 
   249    118    463    654    967    765    507    546    520    504     44    252    383    267    161    260 
   356    630    546    611    683    506    458     52    272    364      7     -2    209    293    601    523 
   624    493    505    395    279    390    522    286      3    302    194    550    659   1016    683    934 
   587    447    378    283    451     45    703    351    446    639   1074    826    816    798    778    985 
   125    361     -8    644    351    339    594    764    316    612    706   1325   1594    653    652     20 
   217    275    458    337    259      0    121    602   2111   2372   1987   1453     96     27    185    167 
     0     -6    -31    -10    464   1458   1895   1908   1042    216    337    767    874    616    242    -19 
   -20     -2    545   1122   1303    740    504    452    804    853    608    389    -10    -20    -13    298 
   530    915    810    494     -1     72     23    -15    -22    -56    -63    -60    -37    -21    140    143 
    56    -30    -62    -84    -73    -72    -50    -57    -59    -67    -75    -77    -62    -30    -77   -140 
  -161   -137   -141   -125   -113   -109   -100   -116   -125   -106    -58    -83   -147   -171   -147   -138 
  -128   -113   -111   -107   -115   -102    -82    -50    -83   -136   -160   -149   -155   -157   -147   -123 
  -125   -110   -103    -96    -73    -76   -135   -166   -172   -170   -154   -138   -140   -132   -102    -97 
   -88    -62    -78   -109   -131   -115    -76    -43    -81    -73    -81    -67    -82    -99    -66    -31 
   -55   -114   -102    -75    -19    -28     -7    -32    -42    -54   -109    -61    -78    -58    -74    -70 
  -112    -85    -99   -140   -174   -138    -79    -67    -57   -130   -142   -122    -95    -92    -74    -67 
   -56    -95   -112    -60    -17    -20    -80   -101    -99    -78    -49    -58    -77    -83   -158   -159 
  -134    -60     -4    -35    -54    -58    -46    -38    -39    -53    -60   -112   -125   -115    -36     64 
   -46    -73    -76    -75    -74    -74    -70    -62    -52    -58    -49    -34    -12    -43    -68    -78 
   -82    -86    -80    -81    -69    -60    -55    -47    -43    -24    -62   -121   -104    -79    -67    -83 
   -79   -110   -130   -158   -185   -166    -90    -57    -65    110    489    373     79    375    -16    177 
   150    -54    -95    -49    -77   -107    -67    -29     -4    -29    -15    -61    -60     -9    -31   -117 
   -75   -119   -121    -94   -109   -130   -129   -107    -53    -93    -56    -78   -127    -70    -56    -82 
   -41    -13    -52   -136   -106    -72    -20    496    -27    -60    -12     51    -69     -1    615    965 
  -109    -52   -150     -8    904    210     -4    414   1211    204    606    391    617    -10    -53    -82 
   357    893     86     44     33   -128   -158   -130    -77   -183   -246   -149    -77   -198   -399   -440 
  -121    494   -201   -302   -267   -158   -218   -226    -93    -16   -148   -577   -583   -211     -5    -74 
   -87   -105    -67    -99    -78    -70    -12    -86   -243   -261   -153    -57    -21    210    565    978 
  1009    816    401     -9    -28    -13    -67   -118    -56    -10     -5      8     14    -25    -50    -61 
   -87    -26     19    -14    -75    -64    -73    -93    -93    -82    -86   -104   -116   -121    -93    -84 
  -107   -116    -92   1051   1664   1726   1691   1626   1713   1951   1742   1697   1336   1374   1073    723 
  1126   1762   2077   2249   1999   1820   1749   1548   1323   1137   1457   1211    925   1437   2129   2504 
  2469   2580   2375   2481   2698   2123   1626   1177    959    746   1522   1969   2110   2329   2755   2615 
  2573   2568   2521   1999   1519   1334    890   1508   2085   2410   2497   2539   2367   2269   2061   1994 
  1893   1509   1580   1173    931   1177   1605   2097   1699    915    356    834   1106    388    316   1276 
   881    531    145    410    728    384    -40    -93    -67    -18     -5    -74    484    587     33    -12 
   -38    110    457    130    -24    -83    -40   -134   -146    -26     -9    149    -47    -64    -83    -70 
   -86    -83   -137    -84    -45   -113   -132    -72    -57   -121   -107   -128   -122   -121   -137   -125 
   -78    -10    -83   -141    -81    -64   -134   -139   -153   -135   -128   -154   -168   -141   -115   -119 
  -137    -73    -69   -132   -125   -133   -136   -128   -138   -138   -141   -136   -162   -134    -64    -67 
  -105    -94   -103   -102   -100    -89    -87    -81    -78   -105   -122    -63    -86    -52    -25     37 
   -53    -26    243    212    -29    -49    -65    -68    -63   -101   -129    -78    -22    -19    -21    206 
    -4    -26    -34    -50    -44    -52   -172   -221   -210   -126    -80    -67    -66    -48    -13      9 
   -47    -82    -87    -91   -142    -79    -45    321   1102    980    267     55    104    142    -14    -56 
   -21    -32    418    381    864    943    257    -35    -14    -20    334    780    384      0    293    493 
   933   1488    917    -63   -226   -152    -63    882    832    278    -26    -22    245     -9    -31    -29 
   -69   -235   -172   -172    -10    251     49   -136   -108    -47    -37    -28    -50     95    -37    -54 
  -323   -298   -163   -110    -10    -34    631    312    274    -67    -62   -127    -72    214    624    263 
   -82    109      6    515     -8    -16     -7    -47    -95   -110   -104     -1    -18   -113    -49    -54 
   -46    -45    -36    -10    -21     26    379    -10     -1    -38    -91    -14    -43    -52    -41     -7 
   208    303    510    241    138     -1    -19    -20    413    182    391    357    603    700    725    841 
   944    907    941    993    501    -11     62     -7     53     99     52    342    316    233    324    273 
   305    502    -44    -34     -1    215    338    440    553    189     73     -9    185    354    535    -56 
   -45    -14    202    557    909   1138   1008    862    412    411    654    816    189    496   1013    831 
  1750   2051   2240   1848   1701   1310   1142   1153    897    252    928   1171   1199   1792   1822   1832 
  1467   1424   1456   1555   1608    916    199    948   1024   1291   1544    641     79    -93    -52    480 
  1101   1239    489    -18     -9    485     51    -77   -164   -149   -244   -170    -89    -10   1092    470 
   -19    -34    686    477    -42   -131    -57    -40    -26   -187    -25   1783    858    860    859    229 
    58      0    -58    -66    -69    -87    -90    146   1024    518    262    132    -44    -70    -69    -94 
   -77   -121   -225   -268   -249   -102    -33    -32    -24    -47    -41    -38    -63    -71    -71   -143 
  -137   -145   -103    -30    -18     16     -4    -12    -17    -17    -21    -20    -29    -10    -19    -21 
    -4    -25    -27    -40    -53    -52    -46    -47    -48    -37    -26    -18    -39    -26    865    910 
   997    994    735    920    845    998   1107   1291   1229   1116    901    978   1158   1283   1078    819 
  1047   1089   1175   1038   1033   1198   1069    869    974   1364   1519   1493   1489   1310   1398   1281 
  1248   1031   1093   1221   1053    925   1175   1278   1502   1686   1220   1151   1180   1254   1205   1152 
  1010    762    648    677    999   1310   1167    930    762   1210   1363   1409   1338   1121    713    654 
   775    893   1256   1055    994    918   1216   1563   1786   1644   1420    888    756    410   1247   1316 
   952     45     -3    -60    -37    364    374   1058    811    621    335    945    984   1174    942    736 
   836   1244   1541    681    857    631    586    562    696    640    953   1081   1255   1543   1462   1521 
  1040    984   1058    609    300    525    326    471    613   1063   1308   1734   2769   2511   1850   1176 
   474    123    225    193    214    275    674    679    880   1452   1191    805    530    452    267    379 
   237    119    112    278    234    118    137     87      0    144    758    624    597    351    168    118 
   145     97     30    101     93     79    169   -193   -151   -123   -155   -161   -143   -140   -105   -166 
  -165   -197   -203   -167   -241   -182   -146   -149   -182   -155   -137    -50   -182   -162   -176   -156 
  -194   -204   -100    -60    -83   -129   -163   -225   -114   -112   -146   -170   -137   -147   -116    -33 
    72     -1    379    -79   -126   -179    -60    -95   -155   -109   -119    -59    -24    504    317    539 
   -40    602    890   1231    544    -41    432    -61    133   1684   2141   2332   2136   2861   2367   3521 
  3441    903    453   1599    -13    408    877   2265   2846   2167   1939   3044    414      0    -93   -119 
   407    -33    326    -87   1295   1841   1788   1161   1425   1625   1955   -109   -219   -140    -23    -80 
  1192    961   1054   1073   1525    826    659    -95    -72   -288   -355    -81    -88    610    379    260 
   238    738    489    -26   -153    -86   -245   -270   -118    -58    695    989    915    605    897    749 
   237    242   1698    550    -26    -41    -84    152    297    334    157    672    539    326    129    518 
   259     -2    -49    -90    -46    -45    -57    -61    -39    -41    -51    -80    -62    -68    -79    -72 
   265    111    -11      4     -1    154     -8    107    -11    337      5    -17    489    304    179    286 
   310    -19    547     47    153    -26    557    188    -23    491    492     67     -2    120    -20    456 
    33    126    -35    162    140    -29    539    424     -6    246     -4      9     52     -6    123     -4 
    -7    202     -5    470    361    -17    340     38     47    102    123     -8    -12     49    240    -10 
   232    479    -19     16     90    122    -23    444    178     -8     46    236      0    324    498    -23 
   323     -3    131    -22   1059    -44    441     -5    153    125    336    331    -26    610    169    135 
    92    692    -15    -25    -14    379    386    434    558     -1    296    307    138    123    245    127 
   184    -85   -114    350    487    616    232    -10    256    118    132    167     32    300    -81    -62 
   262    401    404    459    112    150    217    210    253    248    228     86     82     -8    313    396 
   489    118     -3    174    123     89    160     25     51     -5    -34    313    218    332     -6     -6 
    -2    -12    -11    -12    -11     -3    -12    -14    283   -168   -165   -168   -142   -133   -142   -171 
  -158   -162   -129   -165   -158   -143   -270   -273   -266   -189   -183   -179   -206   -183   -184   -169 
  -223   -202   -161   -256   -274   -274   -211   -190   -200   -210   -175   -174   -126   -137   -125   -137 
  -252   -288   -289   -282   -270   -288   -251   -217   -221   -196   -168   -166   -142   -224   -258   -281 
  -326   -311   -313   -262   -249   -236   -227   -211   -192   -164   -240   -250   -292   -331   -355   -301 
  -248   -202   -205   -277   -238   -228   -173   -281   -331   -341   -322   -333   -277   -169   -148   -190 
  -313   -262   -241   -204   -204   -244   -134   -145    -89    -60   -126   -187   -110   -185   -202   -152 
  -165   -116    -19    271    -70    -15    -26    -62    -92    -50    -39   -112    -89   -149   -171   -116 
   -26     -5     -6    -57    -86   -138   -214   -234   -265   -213   -157   -185   -131    -33     -4    145 
    -4    -18    -37    -51    -33    -63   -121   -126   -137    -42    222    546    587    485    409    347 
   388    596    150    -40    -75   -123    -66    -43    -33    -19    -34    -35    -27    -20    -28    -60 
   -72    -92    -18    -50    -41    -19    283    252    346    668    433    299     -9    -21    -31    -20 
  -109    -54    -30     78     -5    372    706    920    592    103    -55    -62    238     -9    371    704 
  1239   1160   1412   1143   1226    825    -10    -75   -103    526    664    886   1464   1776   2188   2021 
  1297   1398   1152    279    -47    -78    212    583    422    748    441    875    891    897    927    965 
   694    793     89    -12    526    436    574     61    104    -12    -54    -67   -104    -15     -3    393 
   -13   1235   1404   1066     41    -89   -123   -191   -282   -218    -22    -38    355    -15    498   1390 
  2188   1298    554    528    -88   -342   -562   -467   -204     85    281   1042   1964   1627   1679    850 
  1199    419   -173   -365   -382    -72    268    -33    -22     -8    437    564    118    253     -8    -91 
  -280   -329    -52    491    -27     -9    280    729    998    362    347    193    -14    -60    -33     -8 
   241     69    551    569    640    796    591    516    315    294    328    312    232    133    -57    -63 
   -56    -27     28     -5     -7    -34    -42    -66    -67    -64    -36     34     -1    440    759    738 
   517    443    208    157    207    420    177    293     -6    -28     26    404    191    -53    -87    -75 
   -20    -19    235    217     60    -30    -79    -46    428    695    -49   -111   -119    -18     -2    150 
   -44    -49   -108   -184   -155    -50    -43   -138   -211   -129    -43    -53    -70   -113    -63    -87 
  -168   -139    -89   -115   -150   -165    -64    -13    -34    -34    -48    -18    -49   -146   -137   -137 
  -245   -296   -329   -279   -208   -191   -100    -60    -16    -65    -82    -28    -17   -125   -176   -235 
  -211   -160   -268   -168   -136    -19    -36      5     88    350     -4    -62   -104   -103   -237   -424 
  -282   -210    -30    -12    -13    832    890    270    -75    -70    -87   -255   -347   -336   -222    -21 
   199    -11    913    495     -8    -60    -65    -51   -211   -150   -200   -114    205    413    153    685 
    87    -71   -108    -91    -86   -125    127     64    197    411     -3    -53    -20    -79   -126   -134 
  -122    -98    -64    -21    -24    -28    137    132    -49    -26    -60    -80   -102   -102    -95    -93 
   -60    -57    -37     96    -67   -129   -149   -123   -103   -112    -88    -92    -69    -64    -60    -43 
    30   -174   -232   -254   -207   -189   -201   -149   -136   -127   -147   -144   -108    -43   -198   -300 
  -327   -246   -216   -245   -231   -178   -139   -124    -82    -93    -34   -198   -351   -336   -233   -206 
  -265   -306   -194   -121   -114    -86   -116    -48   -186   -319   -303   -235   -196   -228   -254   -186 
  -119   -105    -94    -95    -22   -101   -204   -251   -166   -143   -145   -169    -77    -74   -139   -150 
   -46    227     -3    -41    -97    -92    -23    135    -52    -45    -52    -75   -143    -37    612   1145 
   854    -14     -3     64    662    482   1363   2156   2483    552    694   1482   1113   1528    468    479 
   275    587    138   1238   3135   4535   3036   1704   1642    858    815     73    -37    -63    -16    -20 
   580   3383   4571   3097   2059   1870    647    512    -21    -71    -78    -43    -52    -35   1000   1784 
  1129   1004   1148    394    417     -6    -51    -80    -59    -79    -68    -19    125     -1    240    496 
   391    509    468     88    -17     -3     -7    -17     70    161     94    256    520    -22    -45    -55 
   -69    -53    -64    -53    -68    -35    -44    -33     -1     38    256    229    102     -8    189     -5 
    52    -15    362    169     39    417    582     -1    144     -8    -31      5    137    297     82     -7 
   -14     -7    364    474     -6    306    177     69     68    225    189    202    -23    -36    -13    235 
   457     57    333     81     57     -1     -3    -30    -31    -71    -67    -46    -17    281      5    103 
   214    107     -5    285    169     33    -65    -37     -6     -6    144    -39    105    -11    -44    -39 
   538    381    968     -2    -76    232    474      0    -35     66    -48    -51    -72    -17    -35     76 
  -112   -267   -148      0    -25    -29    -52    -39    -13    -17    -25    -23    -73   -148   -287   -196 
   -55    -43    -15    -22    -26     -9    -12    -32    -34    -58   -146   -198   -129    -30    -15     45 
   -17    -38    -36    -49    -54    -66    -69    -96   -108    -55     -1    170    323    211    -10      8 
   -27    -31    -36    -31    -15     -8    273    608    530    411    628    443    422    339    236    308 
   325    356    465    731   1038    727    324    249    537    532    699    562    508     42    431    493 
   518    267    -60    147    -29     48    185    344    149    437     -2    -22    -23      0     31   -106 
   404    443    589    233    -14     -3    569    724   1002    542    400    203   -126    314    594    677 
   388    205    642    433    272    835    701    260    -12   -135    395    535    602    589    160    345 
   246    443    961   1072    621    106   -123    241    621    736    497    -74   -153   -205    -65    297 
   935    347     17    -94    -38    -17    151    169   -189   -323   -349   -318   -257   -123   -131    -58 
   -93    -55    -77    287   1276     29    -15   1290   2408    355   -154   -230    -10    -31     13    613 
  1427   2067   1593   1437   1337   1270    -68   -181    -98    529    -57    722   1050   1115   1299   1192 
  1466   1607   1911   1242    799   1076   1101    -34    315    655   1062   1292   1170    961   1188   1255 
  1758   1837   2093   1587    -33     75    364    674    716    559    387    340    400    772   1125   1188 
  1048    -64    -25    -37    -20    -15    -25    -49    -62    -60    -55    -37    -32    -40   -104   -101 
   -86   -108   -104    -89    -97    -84    -95    -91    -92    -96    -79   -101   -107    -71    -90    -83 
   -86    -94    -67    -76    -92   -107    -80    -60    -82    -99    -58    -79    -69    -63    -78    -57 
   -40    -85   -134   -115    -92    -95    -73     -6    -15     16    192     -6    -45    -57    -90   -107 
   -76    -83   -100    -74    -21    -22     12    405    532    403    125     -6     -2    -11    -56    -90 
   -57    198     30    289    745   1073    619   1062    863    525    258    -27    -49    -71    787    288 
   -17    -59    -67   -137   -104   -123    -41    240    -36    -46   -154    -49    -89    -26    -83    -72 
  -116   -126   -156   -155   -169   -167    -57   -135    -80    -71     -1    -23    -29    -50    -51    -78 
   -86   -135   -139    -74    -88    -37    -41    -40    -40    -20     -7     -3    -38     -1    -44    -88 
   -76    -63    -23    -24    -22     26     -5     -4    144    -13    271     -2     -4    -46    -45     52 
   180    391    522    258    200    163    -25    -30    -38    -21    -62    -68    -41    -38    -17    -18 
   -43    -44    -61    -87    -91    -76    -62    -83    -48    -46    -45    -37    -49    -42    -81    -76 
   -62    -20    -46    -63    -39    -61   -103   -100    -89   -127   -123   -132    -84    -55    -40    -66 
   -43    -21   -113   -175   -168   -179   -226   -224   -177   -127   -116   -104    -87    -33     -5   -163 
  -209   -147   -178   -247   -277   -234   -189   -168   -117   -100    -83    -26   -144   -175   -151   -183 
  -190   -213   -216   -183   -175   -122    -95   -158    -97   -139   -148   -175   -266   -243   -160   -107 
   -73    -29    752    809   -144   -131   -144   -140   -206   -190   -121   -146   -113    -43    -24    601 
  1173   -164   -138    -98   -106   -144   -125   -114   -132    -99   -150   -150     17    504   -124   -109 
  -105   -181   -100    -76    -73   -124   -104   -126   -156   -102   -220   -156   -105    -84   -156    -72 
   -31    -44   -100   -102   -107   -135   -150   -221   -194    -93   -103   -177   -181   -156   -151   -182 
  -165   -157   -153   -186   -179   -154    -96    -85   -130   -153   -119   -100   -126   -122   -110    -86 
   -52    -76    -95    -54    -28    -48    -63    -38    -20    -29    -27    -22     -8     17     -3    -28 
   -13    -40    130    270    449    597    568    377     -3     59     74    359    156    -58     58    834 
   941   1163   1022    855    842    388    296    244    858    745    -52    383   1302    964   1000    901 
  1027    806    844    931    754    978    896    -66    596   1253    939    983    950   1088    279    330 
   850    891    834    758    -71    163    611    332    333     26     -1    -23     68    369    517    699 
   894    -56     46    392     56    224    -20    -37    -44    888    757    -29    -64    177    -50    -56 
   205     -5    309    -17    -43    -80    -58   -151   -195   -207    -91    -83    -84    -34    -24    519 
   327    235    356    848    354   -110   -118    -45    -69    -21    417    282    641    539    138    173 
   220    -44   -131   -189   -102    -82     86    623    695    567    420    140    362    510    -33   -102 
   -98    -25    -63     29    664    771    477      2    -13     82    505    296    340    391    527    -33 
   -31    436    619    474     66    147    159    488    385    715    857    806    -43    -33    181    387 
   283    203    183     70    112     -7     97    245    328    -45   -105   -212   -204   -208   -193   -196 
  -184   -144   -148   -126   -134   -114    -27   -103   -259   -261   -219   -177   -183   -163   -134   -127 
   -90   -102   -102    -41   -156   -292   -299   -240   -229   -228   -230   -178   -153   -136   -136   -116 
   -64   -143   -287   -274   -214   -196   -175   -178   -165   -153   -173   -191   -159    -90   -123   -254 
  -228   -200   -151   -156   -122   -132   -131   -141   -146   -133    -65    -75   -169   -134   -122   -129 
  -166   -170   -160   -223   -193   -119   -125    -23    -37   -135   -106   -108   -205   -249   -221   -248 
  -272   -268   -199   -154     15    -67   -127    -75   -129   -209   -219   -201   -228   -243   -254   -221 
  -136    392   -106   -102    -62    -46    -67    -93    -81   -112   -131   -206   -143    -76    312    -51 
   -80    -74    -45    -30    -40    -78    -97   -101   -145   -146    -77     53    -62    -80    -71    -67 
   -51    -57    -66    -68    -60    -86    -78    -63    -12    -67    -88    -64    -51    -49    -54    -53 
   -61    -46    -65    -67    -68    -20    409    558    889   1141   1289   1246   1191   1063   1040    912 
   813    565    668    613     63     -4    102    -21    -15     44     99     17    313    -11    -21    604 
   494    -24    -58    -10    -56    -40    -25    -34    -49     52    -51    -65    448    516    -14    -45 
   -20    -39    -11    -15    -40    -30    105    -42    -65    576    490    -17    -56    -38    -54     -7 
   -14    -55    -39    -28    -38    -78    579    639     -5    -48    -30    -45    -31      1    -10    -22 
   -66    -35    -79    690    485    187    -35     83    -15     -5    441    -46    127    -52    -23    -78 
   814    718    466     75     59    -17    -11    612    -58     -5    -18    710    -51   1055    757     69 
   119    -23     -3     97    917    -13    565      0   1334     90   1224   1042    329    -18    -44    -16 
   245    193    118    287   -144    -65    -52   1037   1070    431    -25    -45    -51    -27      6     -2 
    -7   -199   -181    -67    950    910    160    -37    -64    -46    -39    -14     -1     51    -98   -111 
   -44    857    690     50    -60    -85    -63    -60    -54    -47    -71    -85    -96    -85    534    750 
   337    -33    -48    -48    -44    -39    -36    -45    -60    -55    -35    477    -64    -92    -86    -69 
   -54    -75    -82    -67    -33    -29    -44    -36    -18   -101   -141   -143   -134    -98   -120   -116 
  -123    -67    -55    -65    -57    -45    -90   -102   -127   -122    -93   -131   -131   -156   -100    -79 
   -75    -47    -44    -42    -53    -88   -112    -65    -94   -107   -171   -143   -136   -127    -70    -55 
   -20    -26    -75    -83    -93    -92   -140   -155   -153   -153   -135    -58    -21    -14    -16    -39 
   -47    -69    -82   -102   -116    -75   -136   -103    -42     84    -52    -18    -32    -30    -84    -85 
  -102    -98   -133   -231   -137    -76      8    -72    -38    -78    -38    -86    -63    -65     -8    299 
   -88   -102    -81      9    -21    431    406    364     -1    -25    -20    -22    -56    -56    -61    -56 
   199    205    484    616    451    314      4    -22     -6    -78    -53    -88    -39    347     42    239 
   437     94    -20    -31    -36     -8    -36    -32    -35     58    466    379    313    283    -11    -20 
    -8     -8    108     28     86    387    555    662    662    733    863    588    490    364    223    241 
   300    503    724    853    669    330    600    573    620    613    645    493    356    566    563    721 
   905    738    588   1011    972    844    991    808    776    523   1093   1029   1358   1464   1079    512 
   983    747    663    779    394    348    349    932    901   1191   1307   1000     -7    291    110    267 
     0    -10     -6    549    619    404    706   1066    983     -6    167    227    143     61    -24    -38 
    70    374    500    793    884    744    -24    -18    -18    -41   -106    -98   -119    -91    -54    -40 
   411    908    594    -24    -18    127     49    -61    -51    -23    364    -36   -143    -55    918    881 
   -15    -24    -17    497     -1    -20    140   1137    -18   -200   -146    581   1020    445    256     -8 
   617    663    717    767   1435    222   -125   -115    263    965    479    497    446    793    752    856 
   890   1064    214    -70    -48    321    825    505    541    337    443    621    816    951   1039    983 
   700   1002   1172    856    689    840    692    486    528    609    733    681    865    938   1191   1259 
   812    933   1162   1183    940    911    944    936    900    993   1084   1178   1284    857    816    640 
   447    476    575    612    477    427    560    579    529    548    773     71    -55    -71    -67    -45 
   -36    -27    -15    -22    -18    -25    -12    335     69    -41    -55    -55    -39    -44    -33    -16 
   -28    -37    -36    -29    177     19    -49    -73    -64    -45    -36    -38    -53    -45    -64    -63 
   -74     -6    243    -22    -58    -68    -46    -40    -26    -30    -37    -45    -44    -41     55    417 
   -11    -11    -37    -41    -15    -22    -16    -30    -42    -25     48    322     -3    -34    -14    -21 
   -52    -52    -66   -105   -119   -154   -113    -20    309    378     36    242    307    466    244    152 
   -64   -138   -172   -163    -48    329    999    751    937    576    692    430    389    -29   -101    -92 
   -90    -41    429    792    629    549    501    540    424    328    145    -23     -3    -17    153    634 
   834    663    626    664    585    511    487    619    634    774    740    879    945   1052    899   1009 
  1027    903    883    818    817    784    850    979   1141   1139    989    956   1067   1091   1036   1018 
  1006    933    862    994   1091   1125   1127    778    894    752    652    581    917    654     65    100 
   338     -1     84    326    334    408    258    421    383    841    330    -24    -60    -38    -54    -58 
   -11     -3    171     23    -20     -1    162    203    -34     32    217    685    810    492    -13     70 
   174    -15    -59    -25    263    103    286     48    688    786    457    244    389    509    246    -12 
   -20    -17     26    -14    -16    449    256    225     11    397     -4    147    141    189    -55    -88 
    -9     38    253     -4    367    -18     -7    -96    -31    265    504    -25   -126     42    722   1104 
   745    611    611    685      5    580   1399   1462   1008   1361    930   2373   2616   2218   1229   1127 
  1592    -26    688   1263   1744   1152    894    911   1570   1650    435    639    992   1567    731    422 
   744   1327   1118    313    573    692    327    -22      7   1032   1937   1526   1425   2017   2428   2064 
  1084   1182    909    836    271    345   1055   1793   1656   1594   1773   1804   1803   1324   1441   1055 
  1033   1023    774    628    932    926   1040   1079   1390   1323   1194    959    703    671    777    687 
     0    251    296    343    346    213    145    112     41     21     33    308     79    -65    -49    -19 
   -12    -12     -4     -2    -15    -32    -14     17     77    -15    -44    -25    139    144     -5     -4 
   183     73     86    214    360    584    144     -8    301    516    511    303     79    -40    -55    -21 
   188    327    542     -2    -20     -4    159     -7    -13     -2     -7     -9     21    -13     39    147 
   -19    127    484    418    227    215    267    510    787    770    339    361    206     -8    167    177 
   203    539    -70   -161   -132   -104    -35    -63    -41    384    338    -66   -131    -52    485    -17 
   -48    -21     78    210   -103   -122    170    315    109    874    701    762    906    769    687    485 
   -40   -155   -138     22    173    461   1154   1293   1267   1083    979    744    368    -16    -87    -63 
   103    127    127    567    694    866    887    747    717    730    860    932   1036   1047    388    -14 
   351    397    493    573    574    490    409    473    604    741    764    180    168    538    514    574 
   748    731    749    708    707    682    692    788    387     37    132     -8     10    128    211    396 
   583    669    731    689   1097    668    614    945    757    377    534    304    104    128    832    531 
    18    632    481    762   1031    500    229    370    451    277    135    707    346    -19    448     36 
  1081   1389    403    606    601    729    560    662    804    748    688    808     33    804   1302    956 
  1137    619    551    175     19    188    785    755    822    333    -22    372    417    740    -48    -95 
  -189   -262   -262   -184    -19    557    462    -56    764    631    260    -40      6   -140   -304   -292 
  -158     -8     -1    401    -38    909    551    -23    -38    -57   -100   -205   -362   -211    -39    -50 
   699    241     11    317    -23    -84   -103    -29    720   1911   3046   2804   2218   1629    637    192 
   182    -19    -82    -80    -24    912   2170   2796   2454   2115   1217    379    -23    -35    -55    -80 
   -84    -75    -80    -69    -70    -81    342    223    651    453    418     -1    -31    -48    -67    -87 
   -98    -63    -55     44     -6    176    -11     42    -17    -37    -55    -58    -62    -58    -27    -11 
   -13    -16     -3   -196   -193   -197   -193   -159   -138    -90   -126   -101   -126   -126    -25    586 
  -170   -151   -172   -176   -148   -103    -62    -81    -33    -42    -96    -40   1048    -75    -94    -70 
  -111   -111   -119   -147   -121    -65   -103   -155    -86   1103    -73   -108   -110   -145   -113    -75 
   -97   -110    -65   -129   -147    -55   1022    -37    -63    -38    -72    -46     71    776    217     14 
   -43    -69     12   1502    791   1009   1164    514    179    990    201    -30    239     -2    133    877 
  1205    -35    381   1432    486    -88    -35   -126   -192   -245   -212    257   1189   1119    -35    331 
  1455   1356   1125   1854   2176    400   -334   -358    241   1407   2263   1917   1779   1706   1490   1516 
  1488   1626   1123   -143   -133    916   1136   2074   1647   1107   1304   1249   1373   1718   2248   2931 
  1832   1562   1647   1021   1708   1047    819   1084   1158   1225   1557   1836   2247   2398   2454   1317 
   904   1681    703    236    461    711    721    836   1087   1111    998    854    513    685   1678   1124 
   895    958   1074    945    899   1048   1352   1363   1326   1150   1052    -44    -46    -55    -62    -54 
   -35    -56    -28    -52    -39    -24    -24    -25    -21    -16    -29    -29    -39    -22    -31     46 
   -11     -8    122    208    -33    -10    -16    -33    -15    -34    -10    -15     24     -6     -5     -7 
   176    -36     -2    -15    -32    -29    -57    -43    -47    -21    -45    -17    -36     46    -28    -32 
   -33    -68    -51    -72    -66    -92    -76    -78    -72    -67    -24    -59    -78    -54    -95   -114 
  -132    -69    -97   -143   -180   -172    -88    -85   -109    -32    -12     49    -38    -82    -97    -77 
  -130   -139    -83    574    150    -59    -51   -111    -46    -75   -107   -115   -100   -123   -103    -58 
   138    629    -43    -16    112     -3     -7    -18    -48    -44    -97   -139   -147   -163    -70    -33 
   -49    -23    -30    -36    -15    -44    -26    -24    -72    -88    -88    -30    -22    -75    -70    -79 
   -90    -68    -69    -60    -54    -79   -124   -104    -62    -55    -76    -77    -71    -76    -57    -46 
   -58    -56    -66    -75    -69    -48    -61    -36    -43    -31    -36    -23    -22    -33    -35    -32 
   -37    -42    -39    -31    -51    467    808    780    512    404    242     92     -9     10     46     -3 
    15    -23   1389   1793   1781   1374   1529   1482   1558   1220   1197   1267   1357   1266    -52   1025 
  1453   1296   1093    852   1173   1167   1189   1190   1020    889   1061   -105    120    800    687    668 
   211    530   1015    791    824    674    749   1077    -89     95    388    282    351    -44    -23    197 
   805    697    697    858    904   -105    -35     -4    -20    -41    -91   -117   -102    -24    -19    193 
   526    607   -181   -190   -106    -67   -118   -205   -141   -106   -104   -150   -123    -11    222   -176 
  -206   -102    -80   -132   -142    -59    -26    -24   -287   -342   -102      1   -168    -91    -71   -115 
  -133   -130    -85    -53   -115   -257   -292   -119     -4   -138    -61    -86    -64    -42    -40    -64 
   -70   -147   -218   -253   -143    -13   -118    -35    -42    -52    -38    -13    -42    -74   -129   -141 
  -133   -116    -33   -133    -46    -73    -98    -98    -84    -97   -127   -144   -142   -144   -144    -70 
  -134    -85    -98   -112   -120   -123   -120   -112   -114   -117   -125   -126    -78    -50    -38    -80 
   -86    -92    -75    -52    -66    -60    -67    -83   -124    -96   -103   -104   -108    -65    -85    -83 
   -37    -49    -96    -97    -42    -95    -67    -53    -39    -34     10     -4    -15    -32    144    231 
    38     -1    -70    -51    -21     32    162    464    552    385    -36    -88    -13     54      0    -82 
   -64    441     86    446    518    756    601   1044    505    315    445    471    -18    -50    470    212 
   502    849   1057   1134   1173   1793   1620    312      1    260    -11    184    639    395    322    211 
   -28    -34   -129   -170    -53    -45     -9    -45    -40   -122    -42    156    -24    -65    -29    -42 
   -81     -4    -72    -15    -36    -52    -91    -51    -34    -21    205    105    -25    -88    -65   -139 
  -131    -72    -33    -81    -87   -102    -99    -75    -52    -84   -190   -214   -170   -144   -108    -43 
   -72    -43    -28    -25    -21    -18    -37    -43    -56     -5    -17    -32    -33    -32     -9     -6 
    -2    140    216    206    207    289    495    212    121    -43    -51    -36    -24    -18    -12    -18 
   -21    -38    -42    -23    -33    -15    -21     25     46    156     -1     -3    -17    -11     -6      6 
    13     -4    -19   1128   1985   1724   1598   1414   1067   1071   1198   1189   1103   1245   1668   1038 
   962   1596   1576   1492   1008    771    741    839    697    936    985   1557   1029    823   1327   1288 
  1209    567    445    351    884    421    491    631   1239   1079    772   1641   1620   1385    974   1094 
   418    596    260    289    458    398    423    -10    608    384    280    -61    -37    -58    -74    -84 
   -98    -34    -40     -3    -71    152    326    426    220    629     84     16    -47   -203   -131   -102 
   -19    -28   1097    396    327     69    309    -36   -109   -189   -186   -117   -135    -45    -14    313 
   817    454    367     85    -19   -105   -189   -171   -150   -135    -28    -41    -20    138    104    223 
   -39    -27    -53    -65     -3    196    -21     -5    -45    -59    -54    -39    -21    -53    -56    -66 
   -83   -104    -70    -39     -5    -12     -4     55    195    214    -10     -9     -8     19    -16    -12 
    91    127     15    148    366    490    506    274    333    304    323    308    290    346    101    -17 
   -45    -52    -55    -53    -51    -33    -26    -28    -25    -42    -39    -18     -1    -22    -22    -21 
   -33    -32    -31    -28    -12     -6    -53    -64     -7    -30    -53    -36    -49    -54    -55    -40 
   -87    -91    -47    -52    -75    -17    -25    -31     -7    -29    -36    -30     50    -36    -75    -44 
   -51    -80    -37    310    289    495    139    -14    -13    -25    -38    -46     -6    -21    -68    -31 
   381    -20    199    567    228    -40    105    -38    -49    -10    -31    -44     32    722    -18    256 
   625    913    938   2083   1074    954    465    -46    100     -6    998    657    819    400    698    977 
  1047    633    832    -22    -45    678     76      0     -1    -11    -32    -62    -38     60    162    808 
   -48     -3   1097    260    -25    -78   -105    -90   -110    -75    -37    166    469   -112    -76    421 
   223    246    -23    -52    -45    -51    -37    -26    -11    -14    -83    -49    -20     82    537     86 
   -32    -20    -11     -7    -17    -19    -24    -26     -9      4    352     19    -41    -78    -68    -60 
   -64    -62    -65    -70    -59    -48    -27     20    990   1142   1360   1294   1302   1319   1241   1005 
   956    890   1102   1179   1064   1039   1145   1130   1115   1084    751    759    508    675    447    575 
   891    738    976   1065   1099   1244   1234    879    864    612    893    907   1094   1118    909    710 
   770    659   1050    782    715    589    973    926   1076    806   1062    841    561    259    185    522 
   627    657    693   1057   1064   1030    832    967    852    670    190    427    531    271    331   1090 
  1534   1288    876    885   1226   1091    462    -27    284    380    -15     -9    816   1581   1164    -42 
   -43    746   1081    188    -62    -11    318    -62    -96    -11    236    -12   -128    -74    837   1111 
   526    -44    143    301    -14    -48     24    347     -4    -97    -50    973   1082    482     99    147 
   529    444    314    286    690    316    -76     -4    988   1017    612    325    136    312    410    435 
   548    788    708    -18    104    794    713    556    373    349    377    401    409    496    680    735 
   485    585    763    641    798    863    796    664    621    556    528    610    697    778    912    828 
   666    -22    -30    -21    145     61    121     61     24    126    164     65    -45    -38    921   1538 
  1047   1124    950    929   1017    942   1077   1283   1242    644    358    953   1084    784   1102    934 
   906    900    874    597    748    596    322     -3    928   1529    611    698    466    448    449    760 
   642    742    826    865    365   1520   1975   1561   1335   1054    950    712    650    558    813   1104 
   800    256    879    905    799   1204    874    258    -57   -102   -140   -136     15    743    378    238 
    27     -2    -56   -154   -205   -241   -313   -307   -250   -106    619    263    -10   -200    -81   -124 
  -119   -193    -86    -58   -112   -213   -196   1267    945    296    -44    -31   -153   -139   -183    310 
  1770   3078   3532   4392   2991   1434    704    454   1054    337    -32    -41   1075   2849   4757   6070 
  6288   3729   1631    789    591    926    814    866    922   1241   1195   1037   1019   1312   1163    905 
   747    615    446    217    751    840   1009    929    880    670    446    357    324     -4    -47    -28 
   -25     -8    -11     -2      9     -6     -7     -3    -22     -6    689   1529   1524   1634   1570   1429 
  1267   1057    991    872   1122   1144    867   1176   1583   1469   1257   1162   1253   1117    814    839 
   602    537    444    627    549    821    820    787    622    600    930    908    899    542    684    736 
   988     -1     41    140    119    -19    -30    720   1155    659     -8    122    385   1045    -57    -48 
   -63    -37    -65    -88    -80    -36    -54    -70     -7    110    633    -94   -103    -86   -108   -151 
  -145   -127   -182   -140     -1    497    -33    -25   -134   -159    -76   -171   -225   -222   -212   -141 
  -198   -271   -117   -117    -54   -167   -156   -215   -236   -295   -302   -298   -163   -233   -331   -301 
  -268    -69   -216   -320   -389   -323   -317   -284   -252   -193   -244   -380   -418   -302    -80   -112 
  -205   -266   -216   -187   -186   -186   -195   -169   -255   -292   -226    -81    -69   -167   -212   -188 
  -144   -140   -135   -174   -198   -247   -256   -235   -113    -23    -74    -93    -61    -36    -43    -53 
   -92   -104   -128   -145   -137    -73    -32    -56    -53    -30    -10    -20    -30    -41    -35    -61 
   -99   -108    -77    -32    -26     -9    129     19     -7     -3    -15    -36    -60    -49    -13    -20 
    27    180    320    553    322    162    516    393    465     -3     -6    155      1     -1      0     29 
   343    427    277    678    420    409    219      1     38      6    -12    -16    -44    -25    -32     -1 
   114    677    394    288    182    149     96    -34    -27    -46    -40    -47    -33    -37    144    269 
   492    415    271    156    -34     -4     24    -10    -28    -50    -54    -79     -3    487    368     -9 
    -6     79    564    405    350    672    733    -46    -30    135    328    150    -45    -13    -21    680 
   141     31     84    395    -39    -71   -146   -184   -168   -131    -41    -92   -101    -56    -31    -13 
   -31    -20    -35   -174   -287   -303   -169    -71    -62    -92    -89    -48    -15    -25    -23    -46 
  -148   -193   -214   -132    -60    -52    -52    -64    -29     -9    -10    -13    -15    -78    -95   -100 
   -59    -31    -47    -48    -66    -40    -26    -23    -11     -6    -21    -37    -46    -28    -17    -31 
   -22    -27     -9     -9     -7    -11    -15    -12      0     -1     11    -15    -88    -92    -67    -85 
   -93    -93    -44    -44    -69    -67    -70    -80    -51    -62    -18    185    300      3    100    222 
   255    -14    163    255     -9     -2    -49      0    766    675    522    814    297    392    433    644 
   485    -21    -11     -6    234    732    585    651   1032    947    424    686    914    657    183     11 
   208    558   1348    937    893    965   1939   1515   1309   1126    960    580     95     71     76    649 
   861    265     -9    197     58    237    308    -30    504    384    -26    -73    512    907    -29   -100 
   566    -37    -56     -4   -124   1200    627    274   -199    931    732    -66   -127    590    184    120 
  -202   -216   1688    603    -12   -115      0    175    -66    -22    614   1247    571   -263    -92   2044 
   514     -9    -44    -45    -14    -22    189    798   1157    -40   -267    -58    939    239     71     -4 
    -8    265    489    563    782    833     -6    -33    519    751    263     14    128     -7    135    369 
   471    502    466    147    293    592    530    210    -59    -90   -108    -86    -78    -74    -72    -71 
   -75    -58    -32    -53    -37    -29    -40    152     94    388     13    576    228    562    517    -20 
   -18     -4    -64    -69    365    488    271    353    960    229    762   1014    -12    -19    242   -117 
  -109    186    315    -26     27    504     -4    197    549    -10    -60     -3   -170   -130    -22     -1 
   -96    -21    -23    -24     52     51    -36   -113    -59    -84    -46    274    287    -12    289    253 
   -16    391    474    334    -91    -47    -38      6    178    125    -18    -39    -26    -94    -50    152 
   326   -101    -43    -71    -53    -18    -15    -91   -159   -135   -140   -133   -176    -83    -50    -20 
  -129   -178    -61    119    -13    -57     -8    -15    305   -252   -245    190     -2    -36    -13    -14 
   265    521    420    754    409   1895   -139    -25   1249    -44    -17    -34    -60     -7    374    656 
   713    462   1276   -120    -47    548    -50    -16    -35    -49    239    911    737    786    566    829 
   -38    -32    -27    -36    -27    -25    -30    335    799    536    645    611    700    132    -21    -49 
   -35      8     45    -15    361    772    692    783    709    746    235    114     -4     -3    -42    -33 
   -31    -51    -27     40    -13    -18     36    130    154    306    371    -41    -31    -28    -41    -19 
   122    -13    -15    494    361    447    561    577    -21     -4    -14    -16     25    102    -16    -37 
   145    210    535    682    679    -38    103     -4    -10      7    207    -15    -46     -2     -2    311 
   641    552    -42      2    -11    -17    114    423    128     -5    321    375    414    816    710    -25 
   179     10    187    260    579    188    263    759    912   1026   1096    826    -30    303    105    261 
   429    421    449    431    731    950   1727   1631    964    -24    284    146    134    478    333     51 
   100     55    959   2289   1730    875    -51    -26    -38    -50    -67    -42    -56    -68    -74    -55 
   455    899    515    -58    -51    -50    -76    -93    -70    -85   -100   -110   -134    -20    696    655 
   -43    -63    -56    -99   -121    -76    -54    -67    -33    213    507    797    795    -38    -57    -42 
   -96   -116    -78    -63    -62     -7    385    238    665    701    -14    -22    -28    -64    -72    -42 
   -35    -41     66    298    226    397    464    120    -10    -10    -59    -67    -17     79    213     -1 
   298    147    -25     -1    -11     -1    556    511    589   1030   1006    695    606    773    206    148 
   198    170     95    174    382     12    236    266    438    -10    -16    -67     27    197    956    682 
   799   1025    808    907    728    961    797   1229    446    631    647   1325   1741   1322   1738   1511 
  2481   1555   1583    924   1020    660    792    669    668   1658    432    811    334    -19    -57    -24 
   -73    -32    -87    -20     36    -66   -183   -203   -168   -417   -553   -442   -318   -228   -324   -453 
  -185    -25   -301   -464   -322   -218   -402   -441   -254   -254   -207   -533   -467   -130    -27    -37 
  -257   -124   -113   -163   -209    -66    470   1684    861   1084   1876    518    192    -97    -57    -26 
   -51   -115    -42    807   1665   1738   1902   1573    768    197    -79    -36    -47    -43    -69    -88 
    -3    -40    -48    -15    -16     44    575    201    486    230     22    -30    -48    -28    -77    -27 
    56    173    428    225     -8      3     65     29     38    112    183      7    105     55    -10     99 
  -117      4    262    133     -1     96     19    400    174    385    216    202    644    -81   1409   1986 
  1904   1771   1866   1356   1373    975   1239   1371   1552   1871    -65   1558   2167   2497   2126   2280 
  1695   1780   1637   1806   1863   1995   1882    -42   1688   2089   2751   2377   2228   1783   1889   1853 
  1802   1956   2232   1961    -59   1592   2132   2714   2316   1366    702   1198   1517   1430   2019   2345 
  1713    -97    907   1356   1684    367   -121   -199   -206    -99    -23   1229   2217   1752   -173    -24 
   905   1153    -31   -203   -192   -226   -188   -306   -184    726   1526   -163   -132    -32    873     95 
  -121    -90    -62   -116   -441   -398    -56   1452    -91    695     -1    933    768    552    548    513 
    -4   -103   -183    -49   1744   -129    786   1041   1056    998    785    903    705    535    176    -87 
   719   1574   -140    503    305    170    406    372    502    648   1029   1200   1040   1382   1038   -181 
   172    244     -2     -9     -9     38     39     -5    263    591    654    724   -164    -40    -23    -45 
   -31    -20    -24    -41    -37    -36     -3     76    346     37     -7    -29    -43    -26    -34    -42 
   -38    -35    -13    -27     59    202    -41    -42    -63    -74    -67    -55    -80    -99    -41    -46 
   -46    -11    110    -49    -77    -81    -78    -55    -69   -118   -151   -100    -85    -40    -19     -1 
   -69    -78   -114   -127   -150   -163   -187   -152   -100   -126   -110    -77    -51    -60    -99   -121 
  -148   -183   -194   -180   -137    -89   -125   -118    -87    -23    -80   -134   -165   -147   -210   -246 
  -206   -161   -149   -180   -147   -136    -42    -67   -135   -163   -114   -157   -133   -132    -79    -55 
  -184   -194   -167    -63    -46    -32    -72    -35    -75   -102   -144   -223   -300   -314   -224   -232 
   -90    -32     -1    158    717    373    -16    -31    -55   -141   -277   -216   -204    -57      9    313 
   389    557    240     79     59     -9   -109   -210   -187   -107     44     74    467    528    333    208 
   243    263    229     -2     -6    118    408    376    103    568    513    172     84    261    298    367 
   632    825    893    941    635      1    145     -3    -38    -49    -37    -30    -22    122    242    267 
   371    175    -98   -100   -112   -130   -112   -102   -126   -100    -67    -48    -57    -55    -81    -90 
   -82   -120   -135   -108    -92    -95    -86    -29    -26    -38    -29    -90    -86    -73   -121   -131 
  -110    -99    -80    -99    -36    -25    -37    -11    -75    -84    -79   -128   -141   -134   -113   -122 
  -127    -62    -26    -56    -13    -67    -62    -61   -124   -117   -103    -94   -129   -138    -86    -43 
   -64    -48    -62    -80    -55   -118    -82    -74    -86   -132   -154   -100    -74    -65    -71    -64 
   -53    -32    -96    -54    -27     -9    350    193    -27    -80    -85    -81    -40    -75    -54    -90 
   -47    -44    -42    -30    -26   -146   -208   -192   -131    -70    -90    -53    -98    -72    -90    -80 
   -78    -47     -4    -37    -94   -122    -83    -90    -70    -85   -115   -121    -86    -94    -68    623 
   577    -13    -91    -81    -84    -94   -125   -188   -194   -121   -107   -111     94    100    -46    -54 
   -59    -64    -61    -81   -148   -161   -111    -98    -96    -18     -1    -38    -33    -64    -64    -60 
   -62   -100   -108    -61    -58    -58     -5     54    -31    -31    -69   -129   -109   -108    -90    -88 
   -92    -88    -75    -82    -61    -34    -71   -142    -97    -47    -23    -19    -33    -28    -19    -10 
   -22     35    938    432    -75    -48     -1    -14    -24    -24    -18    -18    115    558    662   1019 
   628    -75    -30    -25    -39    -46    -36    -16    -46    -31    179    564    605    464    -68    -94 
  -110    -71    -89   -107   -130   -111   -109   -100    -62    -58    -20   -120   -169   -186   -118   -202 
  -267   -322   -309   -341   -339   -285   -186    -84   -146   -180   -153    -33    -77   -156   -319   -329 
  -341   -385   -319   -125    -50   -138   -145    -70     -7    131    -34   -119    -92   -134   -313   -317 
  -159   -131   -140   -123    392    751    829    675    632    684    870    -98   -155    -85   -121   -164 
   -85    363    460    494    194    346    293    731    498    504    371    -55   -118    -93    250    683 
   707    473    284    184    623    933   1511   1543    595    -52   -106     47    674    904    885    613 
   401    509    501    794    748    157    -78   -170   -125   -100    -82    -69    -86    -94    -94   -115 
  -127   -129   -148   -167    360    231     -3      6    386    277    -22     65    159    467    284    163 
   -18    -16    -38    -17    -14     -9    211    -54    -23    -39    440    261    484    105    231    253 
   244    200     -1     -6    -57    -38    -73     16    100    273     -6    300    -30    -16    -40    -55 
   -66    -76   -164   -147    -18    300    805    250    -45   -137   -121   -210   -236   -233   -108   -152 
  -144   -101    -87    -10    -11    -55   -104   -117   -184   -162   -222   -189   -154    -77     -1    -72 
   -54    -25    280   -116   -111   -187   -240   -367   -166   -222   -194    -47    -38    243      7     22 
  -332    -87    -28    -66    -45    605    791    898    -51    -90   1145    579    835   1858   1164    712 
   906   1649   1385   1311    398    -13   1812    759    324   1307   1617   1565   1160   1019   1125   1097 
  1516   1347    -55    235    853    949    524    885   1420   1494   1292   1217   1099   1528   1907    542 
   381    828    436    -26    162    215    900   1106    958    754    711    458    192    292    356    -23 
   248    299      0    149     45    -15    -34    -33    -36    -43    -22    -17    -43    -16    -47    -52 
   -49    -36    -51    -52    -55    -56    -60    -54    -38    -33    -61   -117   -134   -122   -101   -113 
  -109   -109   -119   -134   -132   -125    -89    -64   -111   -125   -108   -102   -108   -110   -122   -134 
  -139   -129   -122    -89    -57    -86   -103    -92    -99   -109   -107   -120   -121   -134   -131   -112 
   -75    -51    -91   -112   -107   -116   -114   -119   -136   -138   -144   -136   -117    -70    -32    -65 
   -87    -91    -95    -91   -109   -113   -121   -105    -92    -91    -51    -30    -51    -86    -82    -96 
  -101   -122   -137   -150   -125    -91    -92    -35    -31    -62    -70    -62    -91    -90   -114   -139 
  -178   -201   -160   -111    -36    -23    -44    -41    -29    -48    -57    -47    -73   -133   -207   -209 
  -129    -51      0    -10    -28    -35    -38    -42    -44    -65    -98   -126   -116    -80    -34     -9 
   -17    -22    -27    -29    -34    -27    -24    -24    -29    -27    -19    -13     99    127     50     49 
    73     -4     -8     -6     23     87    183    314    129    134    259    265    224    193    110     84 
    49    150    233    311    355    207    -40    -65    -79   -104   -107   -116   -110    -75    -59    -55 
  -108   -113    -95    103    -20    -27    -19    -40    -31    -51    -31    -58    -12    166    -13    -51 
   274    100     -1     -7    -47    -31    -48    101    -18    -13     -1    -23    -54    139    100    199 
    45    -28    -10    -37    -34    -67    -35     -4     17    -24    -36    -40    -18    -12    -37    -66 
   -46    -12     14    -37     -7    -13    -27      0     38    -34    -47    -19    -19    -19    599   1428 
  1240    628    -10    -47    273    600    423    -45   -184   -241   -206   -143   -110    986    861    281 
   -54   -186   -349   -180     13    -30   -103    225    849    238   -147   -276    -58    -41    -32    -90 
   -56    -23     -3     -3    254    266     99   -130   -239   -106    -64    249    894    865    574    566 
   451    561    455    -47   -132   -163    -99    -34     94    659    927    951    893    643    706    939 
  1190   1317   1015    527     -4    -90    -58    -51    -31    -16    -14    -11    -21    -18     -3     -3 
   -30    -61    -37    -45    -70    -75    -77    -82    -91    -83    -75    -70    -49    -55    -45    -57 
   -26     -5    -32    -47    -43    -31    -10    -22    -18     -3    -47    -74    286    815    996    563 
   615    327      2    654     -3    124    690    539    -34    788   1423   1291    731    695    539    -33 
   529    488    334    201    109    -48    676   1053    989    344    712    779    706    450    536    351 
    68     -4    -37    614    959    902    276    691    328    823    404    383    376    408    507     39 
   159   1188   1034    660    497     58   -134    -45    -13      4     -7    392     -8    -13    594    192 
   525    -36   -108   -152   -219   -234   -105   -116    -94    -50    -58   -120    -64    -12    -82   -127 
   -50    -21    -64   -150   -285   -211    -82    -69   -169   -124    -80   -135   -168   -134    -91    -25 
    27   -133   -215   -103   -129   -194   -197   -169   -168   -176   -154   -119   -101    -69    -90   -168 
  -117   -102   -124   -126   -122   -137   -147   -135   -134   -149   -143   -132   -145   -108    -68    -61 
   -33    -55    -73    -74    -72    -72    -90    -85    -76   -109   -100    -74    -82    -65    -66    -74 
   -85    -81    -76    -77    -75    -74   -112    -82    -61    -54    -59    -65    -53    -39    -49    -53 
   -55    -54    -54    -72    -75    -72    -48    -37    -43    -31    -19    -27    -26    -22    -23    -23 
   -41    -67    -22     -3     -5    -14    -36    -81    -92    -76    -57    -75    -82    -96   -104    -50 
   -25    -14     48    309    -36    -61   -129    -82   -106    -86   -118   -122    -23     28     -8    117 
   288     99    162    101    171     95     -5    -42    -91    236    604    560    517    700    215     -9 
   491     65    233    427    236    -39    -27    301     -9    147    -28    -30    -38    -48    -89   -122 
   -49    -96    -57    -68     44    -12    -25    -56    -44    -22    -78   -161   -227   -101   -131    -25 
   -14    117    116     98    421    469    493    112    -61   -169   -177   -151    -22     86    622    678 
   487    520    774    593    160    -64   -197   -240   -138    -57     41    636    791    759    800    911 
   743    791    800    513     -1    257    -31     -6    354    359    354    594    727    614    551    408 
   247     72      7    -46    -46    -24    -20    -26    -21    -35    -33    -44    -55    -59    -55    -49 
   -70    -25    -15     -6     12     34     21    -15    -29    -26     -6    308    183    -81   1077   1578 
  1451   1500   1394   1036    930    968   1284   1314   1750   1767    -11   1024   1484    799    881    588 
   800    802   1295   1449   1542   1774   1932    -31    826    954    -20    -14    -94    -16    -12    783 
   965   1166   1119   1530    -35    533    543    -16    -36    -55    -56    -94    -36    -21     13    147 
   581    -64    -50    -33    -63   -111   -222   -249   -247   -188   -169   -103    -57    -15    -99   -118 
  -103   -135    -57   -186   -220   -266   -141   -123   -203   -224   -118   -107   -119    -28    -32    -15 
  -172   -157   -187   -130   -269   -341   -270   -141    -86    -85    259    -28    264     -5    160    650 
  1010   -134   -252   -294   -242    -96    -22    486    610    890    855    808   1046   1204    -48   -100 
  -153   -116    -99    -12    450    521    755    754    839    897   1100    563    528    500    614    -81 
   333    872    982   1093    954    846    909   1048   1073   1082    840    930    -75    406    812   1051 
  1172   1184   1212   1142   1264   1311   1190    946    859    -38    -14    -36    -47    -37    -37    -45 
   -54    -50    -38    -42    -47    -47    -43    -36    -86    -97    -77    -75    -80    -80    -83    -96 
   -79    -72    -76    -70    -45    -93   -117   -113   -119   -107   -108    -81    -97    -98    -97    -93 
   -76    -47    -90   -124   -124   -120   -112   -129   -125   -125   -140   -128   -107    -73    -53   -106 
  -132   -143   -154   -156   -163   -176   -177   -175   -152   -118    -90    -78   -128   -149   -165   -186 
  -172   -189   -174   -184   -207   -176   -137   -102    -79    -92   -148   -173   -212   -222   -238   -260 
  -254   -214   -167   -148    -98    -89   -188   -169   -165   -197   -207   -206   -225   -258   -249   -240 
  -166    -96    -59   -120   -114   -124   -120   -135   -145   -179   -275   -314   -324   -227   -117    -30 
   -77    -79    -88    -97   -101   -110   -163   -258   -285   -285   -217   -117    -31    -71    -82    -95 
  -110   -113   -114   -137   -162   -161   -150   -131    -88    -37    -74    -82    -86    -93    -94    -93 
   -96    -96    -90    -82    -76    -65    -10    -26    -31    -34    -37    -43    -42    -37    -36    -30 
   -24    -21    -19    -38    -70    -88    -74    -63    -37    -69    -70    -97    -86    -93    -54    -45 
    -4    -32    -69    -47    -23    -23    -70    -58    -86    -84    -66     -4     -4     -4    -31    -81 
   -86    -64    -28    -60    -57    -47    -74    -79     -6    -11     -5    -34   -117   -115   -118    -59 
   -66    -30    -20    -64    -78    -28    -22    -19    142    -48    -56    -87    -75    -52    -13     14 
   -28    -62    -39    -16   -105    -94    -81    -78    -73    -40     -7    -38    -45   -139    -97    -72 
   -19    -76    686    120    298   1245   1902    785    694    328   1130   1779    -49    193    367   2904 
  1084    626   1010   1392    606    365    -37   2815   3820     88    812    394   1302    193     -3     46 
   572    653    765    432   2203   2283    149    990     -7    -12    -70    -68    -60    -22    208    518 
   370    977    526     -4    390    -21    -35    -43    -59    -68    -56    -45    -60   -109   -110   -112 
   -47    -18     66    -20    -52    -67    -80    -68    -61    -67    -91   -105   -114    -75    -55    -64 
  -104   -117   -121   -145   -149   -137   -141   -136   -146   -154   -123    -99    -97   -109   -136   -145 
  -136   -136    -72    -68    -64    -74    -45    -18     97    -66    -67   -123   -109   -118   -129   -117 
   -89    -55    -65    -14     72    179    -72    -81   -119   -121    -85   -119    -96   -102    -36    -90 
   -84    -79    -62    -84   -163   -189   -164   -118   -178   -156   -139    -76   -113    -91   -101    -93 
  -106   -119   -131   -123    -91   -112   -100   -136   -131   -131   -100   -108    -68    -84    -41    -37 
   -65    -14    132    -17    -55   -145   -104    294    -88    -31    310   2241   1679   1235    955   1648 
  1957   1298    519   1622   2346    428    571   1622   2511   2951   1990   1030   1486   1138    410     -4 
  1234   2564   2078   1171   1506   1936   1546   1080    706   1271    880    545    725    -58    708   2371 
  1476    803   1232    373    -25    -73    -39     27    135    775    -52    729   2112    767    300    508 
   -30   -118   -151   -142    -91    -94    -83   -176    -90    439     34    -18     -5   -125   -207   -238 
  -230   -190   -169   -174   -175   -144    -68    -66    -49    -71   -160   -212   -235   -223   -206   -195 
  -209   -218   -176   -112    -87    543    410    616    479    606    488    424    505    450    434    703 
   230    269    390     18    306    430    472    155     84    612    128     24    653    204    237    316 
    48    391    607    435    343    152    725    437    143    734    276    244    437    -12    388    748 
   652    241    391    474    548    298    533    290    209    646      1    345    656    931    155    590 
   658    625    390    552    599    147    554    231    365    470    612    413    130    839    230    215 
   249    838    246    700    -25    255    550    526    -37    208    847    -62     67    -89    601    297 
   994    -71    374    614    627    -50    480   1023    695    517   -176      0    299    595    157    455 
   703    706    303    453    833   1198    914   -203   -109    301    490    877    505    473    602    540 
   444    798   1052    742   -103    -44    398    541    698    450    389    485    610    524    605    748 
   459    105    304    355    618    785    525    439    313    526    441    529    461    299    502    320 
   402    654    808    681    549    495    645    571    581    518    386    612    279    485    642    734 
   739    856    802    638    722    609    754    595    698    649    624    345    403    577    612    489 
   360    502    278    393    356    654    459    437    349    444    601    566    334    256    410    458 
   516    549    790    596    458    442    572    804    530    395    348    367    310    422    675    855 
   651    531    477    507    655    461    433    358    586    591    568    791    766    466    369    511 
   601    531    443    550    723    757    985    967    883    730    495    377    512    828    866    830 
     0    -59    -25    -17    -48     33    338    794    686    -30    -88    -15    721    346     95    325 
   716    -21   -135   -126    115    565    253    132    291    682    640    628    742   1004    -10   -140 
  -112     92    411    506    580    704    843    896    883    891    968    274    -41    -32    272    531 
   386    485    597    776    778    819    927   1056    938    864    956    957    667    291    355    380 
   529    546    610    598    621    711    728    854    673    486    685    715    681    638    634    612 
   576    573    700    807    913    770    715    570    674    677    931    883    974    699    745    513 
   257    394     60     -2    681    643    764    819    359   1021   1203   1007    370    277    323    -19 
    52   1154   1293   1460    787    131    861   1209   1307    539    551    682     -8     75   1205   1268 
  1303    888    521   1538   1907   2051   1480   1034    989    188    204   1064    811    944    789    683 
  1469   2256   2281   2142   1551   1109    553    372   1013    708    531    973    474    520    341   1565 
  1368   1215    269    -15    401     -6   -103   -142    -35     -8    -32   -108    -34    -28   -137   -200 
  -194    -17    -38   -122   -111    -46    -54    -81    725   2210   2086    762    -54    -86    -39    -11 
   -99    -25    428    295    -10    772   1486   2541   1121    102     -6    -44    207     40    -16     27 
   672    496   1292   1785   3727   4665   3438   1442     62     -9     42    248    609   1226   1056   1093 
   915   1556   2590   1414    173      9     -7    229    386    512    676    671    608    533    820    841 
   571    108    101      6    207    162    215    166    303    403    301    391    471    252    109    132 
   -12    -21    -19    -16    -14    -27    -28    -29    -29    -33    -38    -35    -20    -17    -38    -39 
   -39    -28    -45    -43    -46    -41    -44    -55    -57    -29    -18    -42    -47    -51    -52    -62 
   -68    -76    -76    -64    -74    -62    -40    -23    -47    -51    -60    -72    -79    -80    -94   -103 
   -83    -83    -67    -40    -29    -56    -73    -85   -110   -119   -119   -117   -127   -123   -100    -90 
   -49    -34    -63    -87   -103   -132   -141   -149   -163   -158   -125   -101   -101    -55    -65    -99 
  -122   -107   -134   -155   -170   -193   -209   -195   -147   -129    -54    -77   -104   -135   -112   -122 
  -116   -131   -167   -223   -273   -237   -182    -61    -38    -74    -77    -75    -79    -78    -85   -127 
  -209   -310   -291   -183    -68     -3    -31    -37    -43    -45    -45    -55    -83   -138   -210   -195 
  -121    -55    -14    -46    -54    -49    -40    -43    -44    -57    -72   -107    -93    -73    -46     -3 
   -37    -56    -46    -30    -33    -35    -41    -48    -52    -50    -37    -20     53     -5    -12     -7 
    33     17     -2     -4     -5     -9     -6     42     48    -18     -2     -3    114    125     -2    -14 
   -19    -22    -25    -24    -28    -20     60    211    184    188    261    165     95     -1     80     14 
    16    -15     -9     12    231    217    110     -5     -5     -5    -19    -28    -15     -9    -21    -10 
    84    489    481    275     -1     -3    131     86     -6     92    269    231    151     12    226    102 
    -9    -43    -29    -33    -33    -33    -17    100     13     -9     94    252     19    -17    -58    -78 
   -77    -85    -74     -5    198    -17    -27    -41    -70    -62    -41   -105   -159   -141   -164   -183 
  -170   -130    -88    -31   -116   -161   -149    -91   -125   -152   -157   -181   -272   -393   -332   -198 
   -50    -71    -74    -64    -44    -55    -60    -50    -82   -169   -335   -315   -167    -51    -21     -7 
    -3     51     -1    -14    -28    -55    -93   -176   -170    -93    -34    -45    -46    -44    -37    -29 
   -33    -27    -25    -20    -36    -52    -63    -47    -52    -65    -74    -71    -58    -59    -57    -58 
   -49    -54    -49    -49    -40    -17     -2    -11    -16    -14    -18    -20    -20    -13     -4     19 
    50    -12     -2    176    340    355    292    148     -1     -6     13     -1    164    125     -6    285 
   650    673    566    629    499    351    269    162     33    399    570    187    222    653    601    423 
   416    436    294    352    217     49    250    444     -3     41    190     99    221    180     -4     -5 
   -15      2    -18     -3    190     -5    -21    -24    -21    -10    -28    -66    -59    -53    -46    -31 
   -25     -1    -21    -73    -85    -76    -76   -109   -107   -134   -113   -128   -115    -90    -55    -49 
   -76    -76   -115    -92    -83   -101   -163   -160   -180   -166   -143   -141    -62    -36    -62   -101 
   -91   -107   -116   -135   -148   -190   -182   -179   -175    -65    -51    -82    -47    -32    -47    -77 
   -62    -79   -197   -263   -262   -173    -58    -23    -36     -2    -26    -17    -33    -35    -51   -149 
  -165   -153    -97    -48    -28    -31     -8    -18    -33    -44    -49    -53    -81    -85    -64    -44 
   -45    -15    -16     -1    -12    -28    -35    -39    -44    -31    -24    -14    -20    -37    -11     -9 
    91      0     -9    -17    -18    -20    -18     -8     18     -6    -15    823    913    836    770    807 
   882    751    712    520    354    263    525    786     67    -17    -22    -42    -37    -30    -46    -31 
   -15    -47    -56     -2    634      0    -48    -56    -69    -49    -29    -27    -43    -22    -19    -27 
    -7    587     -6    -79   -106    -87    -77    -64    -64    -79    -80    -88   -104    -58    340    -24 
  -102   -106   -114   -134   -142   -175   -192   -158   -144   -127    -49    397    -37   -146   -132   -118 
  -105   -138   -169   -284   -294   -210   -173    -88     -3    217   -130   -107   -130   -121   -140   -129 
  -211   -195   -164   -164   -109    -44    -29   -171   -148   -173   -196   -226   -206   -241   -210   -212 
  -206   -182    -55   -114   -228   -223   -190   -186   -177   -172   -168   -146   -165   -136   -146    -58 
   -54   -152   -176   -169   -172   -129   -134   -166   -169   -181   -105    -88    -25    -33   -104    -95 
   -78    -99    -91   -104   -146   -169   -151   -116    -77    103     61    -54    -59    -53    -71    -61 
   -71    -86    -90    -70    -50    -32    378    -14    -73    -75    -68    -78    -72    -71    -76    -73 
   -68    -64    -45    210     94    133     80    118    133     62    178    247    278    453    687    797 
   526     -8     -1    211     -3     -5     -2     85     38    231    222    152     70    228    -16    -25 
   156    249    206     -5    372     37    -25    -14    -17    -27     -2    -11     74    204    294    307 
   369    768    340    -53    -36     -1    -21    -15    233    368    212    294    191    624    838    751 
    88     87    311     -9     12    413    215    554    561    411     -9    305    -45    -31    573    357 
   368    303    536    853    888    620    848   1047    333    191    -18    615    796    639    382    631 
  1643    507    630   1446   1757    961    699    471   1471   1497   1310    467    786    473    194     39 
   384    397    871    951    877     83    105   1464    637    682    586    436    304    289    297    403 
   536    758    -44    -39    993    402    683    820    395    394    380    498    419    550    743    186 
    80    466    209    616    492     87    126    308    475    350    207    367     98    185    408    337 
   350    311     -4    -18    -13    -16    -19    -17     -3     19    126    394    153   1243   1264   1425 
  1630   1383   1337   1356   1243    983    668    863    784    825   1405   1362   1307   1652   1573   1514 
  1442   1253   1133    861    961    613    768   1349   1416   1260   1821   1927   1906   2006   1879   2095 
  1818   1441    973    936   1558   1438   1382   1978   2267   2254   2373   2252   2277   2029   1575    990 
   829    970    778    890   1686   1438   1382   1295   1528   1658   1736   1542   1196   1034    734    446 
   806   1346   1293   1238    909    586    783   1001    873    865    730    480    611    569    884    450 
   203    -49   -126   -132    -64    164    219    676    131     -3     47    -11    -57    -98   -102    -91 
  -112   -161   -137    -91    430    -50   -149   -127    -79    -89   -132    -95    -53   -215   -364   -412 
  -242     15     -8    -99    -98   -118   -129   -144   -120   -129   -222   -349   -426   -277    -47    -22 
   -94   -109   -116   -134   -128   -121   -126   -207   -267   -310   -233    -71    -22    -95   -122   -153 
  -178   -169   -149   -122   -156   -151   -170   -179    -71     11    -61    -90   -112   -107    -93    -78 
   -55    -68    -69    -79    -84    -15    -34    -56    -42    -66    -56    -52    -40    -30    -21    -15 
   -60    -63    -55    -50   -107    -97   -111   -101    -79    -60    -23    -36     -9    -50    -79    -81 
   -39    -82    -66    -91    -93    -87    -90    -55    -46    -33    -44    -51    -53    -34    -71    -62 
   -82    -78    -89   -134   -144   -103    -85    -97    -83    -86    -52    -91    -73   -112   -109    -90 
   -93   -134   -134   -124   -117    -74    -86    -11    -15    -48    -31    212    592     79     53    126 
   219    -17    -44    -64    408    499    152    285    105     -9    -33    -85     -7    168    326     -6 
   -34     -1   -143    -63    -13    309     77     -8    -33    -45   -128   -162    -63    -46    -11    -75 
  -119   -119    -70    -69    -69   -107   -171   -184   -161   -127    -94    -58   -126   -171   -162   -151 
  -129   -137   -142   -184   -218   -199   -163   -132    -74   -123   -145   -149   -151   -136   -142   -157 
  -153   -139   -134   -136   -108    -91   -144   -156   -152   -157   -151   -160   -163   -178   -174   -169 
  -150   -107    -35    -85   -109   -111   -116   -110   -105    -95   -103   -115   -116   -106    -65    -60 
   294    448    430    162      6    359    120     -9    -38    -22     -8    -55    -39    978   1080   1269 
   946    705   1002    870    322    150    432    721    105     -7   1070   1171   1299   1280   1365   1109 
  1584   1274    771    857    837     -9    237   1331   1384   1789   1884   1792   1009   1278   1180    824 
   902    611    -28    215   1066   1309   1619   1701   1539   1310   1358    830    608    683    651    -33 
    19   1124   1021   1391   1313   1998    863   1927   1412    652    655    769    -17    -86   1092   1068 
   575    -42    -28   -120   -140   -159    -76    134    438    -41   -127    -62    -25    -41   -108    -87 
   -73    -74   -148   -195    -81    -28    -61   -134    -45    -48    -33    -42    -20    -27    -40   -214 
  -189    -59    -44    -98   -109     59    192     82    167    -18    -17    -60   -265   -200    -68    -45 
   -94    -93    125    455    524    456    -34    -50    -77   -193   -134    -31    -26    -88   -102    -12 
    89    293      0    -65    -66    -83   -141   -120    -77    -42   -100   -118    -89    -59    -51    -59 
  -109   -106   -106   -147   -140   -116   -102   -103    429    179     90    108     39     97    -17     67 
   234    418    207     60    113   1174   1037    619    466    379    286    105    313    652    383    399 
   267    268   1110   1031    608    549    579    372    317     84    151     -4    -11     -4     82    701 
   702    753    639    801    708    621    -14    -24    -40    -38    -22    -18    874    830    674    595 
   605    193     -1    -14     -3    210    136    -12    -25    735    604    637    586    249    -39    -77 
   -77    -29     67    340    107    150    479    331     -2    347     -3    -34    -84   -118   -111   -141 
  -131   -116     12    558    767    140    533    660    477     -6    -72   -102   -173   -227   -220     -3 
    48     -8    -15    197    470    222     -5    -44    -60   -138   -246   -232      0    -13    -41    -44 
   -45    -46    -32    -41    -29    -38   -116   -146   -101     83    388     27     54    -20    -27     -7 
    34    398    460    528    249    356    508    759    575    642    492    562    701    681    695    802 
   699    597    620    602    592    417    316    197    234    357    373    301    468    477    482    687 
   561    -34    -46    -67    -81    -81    -71   -100    -95    -90    -78    -61    -69    -64    -59    -81 
   -99   -114   -142   -143   -164   -102    -91    -65    -53    -65    -85    -69   -126   -112   -140   -168 
  -198   -203   -151   -140   -118   -101   -107    -92    -72    -92    -81   -110   -109   -118   -122    -65 
  -131    -88    -67    -44    -29     -7    -22    -57    -72   -110    -75    -91    -67   -105    -51    -11 
   -30    -50    -49    -44    -20    -68   -162   -187    -92    -88   -160    -49      7    137    -17   -102 
  -172   -122    -69   -159   -147   -137    -91   -224   -267   -213   -174    -81   -147   -185   -165    -84 
  -165   -228   -221   -142   -286   -379   -353   -294    -75   -122   -141    -90    -44    -62   -102    -84 
   -89   -184   -282   -318   -234    -81    -57    -14    488    211    -24    -38    -45    -91   -182   -116 
  -124   -129    -85    -85    -38     36    -42    -95    -85    -49    -93   -115     -1    -35    -82    -78 
   -28    -14    113    -25    -52    -54    -65    -97    -35    222    344     -5    -32    -46    -22     10 
   -13    -36    -49    -50    -54    -25    135     19     -2    -23    -30    -98   -113   -120    -97   -100 
  -116   -116    -68    -52    -90   -103    -42    -99   -205   -242   -229   -188   -195   -160   -151    -66 
   -78    -91   -102    -47    -79   -220   -270   -248   -204   -225   -161   -178   -138   -145   -130   -112 
   -51   -113   -215   -289   -275   -234   -222   -235   -236   -263   -244   -241   -221   -126    -88   -192 
  -253   -256   -268   -211   -227   -213   -239   -204   -221   -236   -128    -74   -150   -146   -182   -222 
  -187   -196   -263   -298   -261   -114   -123    -86   -111   -120    -25    -58   -139   -165   -193   -249 
  -354   -395   -164    -22    -52     -4     90    740    882    611    158    -55   -257   -458   -520   -336 
   -51    -20    534   1480   2085   2242   2847   2146   1603    246   -202   -276   -131    449    438    820 
  1128   1310   1841   2068   2162   1780   1727   1557   1116   1768   1947    944    428    635   1053   1756 
  1943   1954   1786   2137   2559   2951   3090   2554   1283    959   1223   1493   1875   2176   2136   1967 
  2010   2337   2348   2052   2082   1321   1323   1528   1660   1709   1829   1613   1457   1294   1559   1711 
  1614   1598   1188   -118   -159   -109   -153   -184   -150   -113    -77   -120   -102   -118   -140    -68 
  -144   -142    -48    -92   -112   -101   -110    -50   -116    -96   -124   -129    -58   -127   -103    -14 
    -6    -33    -47    -95    -63    -66    -71   -111   -148    -65   -105   -127    -18    169    180    -47 
   -18    -47    -33    -45    -55   -131    -74    -55    -42    220    799    781    594   1012   1335   1552 
   881    453    -10    -14    -37    -13    724   1133    613    128    604    726    979    -26    -50    735 
   455    -17    -98    744   1210   1111    -75    592     -6    -31   -144    -96   1075    724    867    -80 
   808   1083    514   -107     -6    -15    872   -116   -141    831    711     -5   -194   -105    -68   -107 
  -135    -74    211   1376   -130   -283     88    712    -22    -94   -119   -148   -146   -135   -104    -50 
    58   -221   -356   -155    181    -14    -23    -73    -99    -99    -91   -107    -74    -48   -112   -183 
   -96    185     -7     50    -46    -80    -90    -96   -113    -99   -123   -126   -113   -104    -20    -48 
   -49    -83   -113   -127   -138   -130   -129   -150   -154   -130   -124    -71    736    932   1390   1277 
   933    901   1073   1104    673    575    593    353    564   1006   1381   2102   2129   1711   1770   1548 
  1533    734    667    825    455    574   1057   1519   2133   1995   1609   1833   1551   1534   1285   1175 
   892    343    470   1328   1588   2367   2057   2016   2003   2154   1655   1894   1735   1411    842    770 
  1231   1649   2264   2254   1956   1735   1995   1918   1883   1714   1378   1057    683   1292   1529   1947 
  2087   2237   2082   2229   2470   2167   1577    696   1012    572   1413   1263   2050   1907   1189    695 
  1188    -20    -29    344    361   1519    649    551    -42   1130   1328   1201   1224   2103   2170   1788 
   691   1053   2134    916    447    433   1160   1006   1058   1262   1420   1162    -20    -71    705   1220 
   588    939    947    928    952   1152    995    959    590     -8    -18    513    286    277    652    785 
  1009   1194   1184    998    911    788    817   1018    932    341    248    315    318    499    652    713 
   671    699    702    742    792    694    247    274    415    402    519    562    598    559    531    472 
   477    552    526    239    345    349    141    -68    -13    292     -1    -32    -64      0    -35   -114 
  -111    -78    251    364    111    371    493    400    383    -25    110    275    171    224    180    187 
   428    329    233     -9    423    526    569     78    147    829    785    114    351   1188    410    318 
    -2    169    -97    -15     -9    194    101    -29    -29      0    -49    -11     26     -7    -38     -3 
   -41      0    455    513     86    184      0    -43    -13    -24    -58    -77    668    604    557     -6 
   -33    -28    241    375    678    -14    -20    920    928    -76    -50   -127   -138   -167    -92    -36 
    -3   -172    -19    307    -81   -165    -13   -121   -175   -211   -319    -94    -30    -60   -130     -2 
   583    366    116    232    205     -9   -258   -214    -20    -85    120    -66   -112    -61    -94    -64 
   -36     -5    -17    -97    136    524    -11    -16     63    143     59    -18    -25    -37    -16    520 
   902    967    297     -8    -20    -36    -64    -82    -85    -84    -69    -46    -22     56    -49    -37 
   -25    -12     -1     -4    -17    -32    -36    -41    -32    -30    -22     25     31    -19     78    -48 
   -42    -40    -47    -79    -50    -57    -77    -82    -80    -59    -52    201    -49    -65    -57    -60 
  -107    -71    -79    -96   -107   -119   -119   -100    -32   -105    -92    -75    -93    -97    -75    -67 
  -119   -124   -130   -106    -86     56    -41    -49    -22    -60    -69    -85    -69   -112   -120   -113 
   -94    -72    251    -41    -26    -35    -47    -27    -38    -45    -70    -96    -91    -88    -66    199 
   -19     17    -21    -27    427    264    374     -1    -28    -53    -92    -63    593   1068    513     60 
   459   1140    463    207    -21    762    460    -90    -79    341    756    603    124    -38     17    -32 
   -82   -118    -94    -58   -145    -76    -29    -18    811    534    260     -3    -22    -91   -166   -211 
  -114   -120    -68    339    343    559    481    486     -1     -6    -45    -72    -89    -20    -66    -59 
   642    686   1148   1332   1094    112     -4    -13    -41    -46    175    -15    -37    622    622   1054 
  1359   1231    458    557    580    289    288    534    383     69    704    803   1169   1394   1348    703 
   674    590    395    519    908    860    521    327     -1    -17    -31    -34    -62    -54    -27     69 
   115     -7    -32    -10     -2    -25    -33    -73    -93    -81    -64    -11    -35     -8    -40    -53 
   -24    -47    -38    -17    -42    -70    -87    -84    -46    -34    -35    -36    -46    -28    -98   -113 
   -61    -89   -129   -116    -70    -31     -1    -16     88    -42     -4     -5    102    429    188    -24 
   -77    -48    139    175     58    205    -26     -1    259    508    795    717    245    -33    -26    -75 
  -119    -81     -6     83    280    761    567   1554    673    536    357    779    -65    -78    300    541 
  1299    209    185    270    652     82    -29    167    937    357    -31   -123    -89    -26     40    288 
   589   1309    968    614   1141   1540   1524    244   -216   -149    -83    -24    527    737    764    755 
   864   1200   1142   1236   1293    -95    -61    -54    -13    408    662    936    920   1267   1366   1170 
  1425   2054    845   1038    285    -18    573   1040   1392   1343   1295   1202   1179   1288   1596    975 
  1367    548    267    128    420    518    510    282    249    212    277    551    480    744    245    192 
   930    770   1047   1175   1164   1089   1029    617    304    147    -23     -6    474    489    204    417 
   303    390    456    219    164    257    230    165     -2    694    957    621    762    505    247    290 
    60    948    967    687    745    463   1159    521    -37   -101   -111   -136   -164   -108    262    497 
   135     -9     -7    947    366    -59   -101   -161   -157    -92    -30    481    241    -14    -66    -56 
   510    232    -74    -93   -198   -241   -144    -78    -55    -46   -102    -91    -11    488    -49   -115 
  -121   -111   -185   -182    -99    -20   -128   -242   -235    -94   1019    -31   -172    -58    480    -35 
   -63    -69    -71   -190   -316   -296   -143    107    -10   -167   -128    -17    -79     44    458    235 
   -61   -269   -360   -203    -79    -10    -35    -30     39    -14    442    595    668    -24    -76   -145 
  -171    -29    191    -24    -47    -14     -9    511    672    920    963   1050    993    388    516     18 
   -20    -45    -36    -54    -42    -19     84     79     38     -8    -29    188   1168   1133   1097   1033 
   966   1002   1076   1249   1508   1461   1226    825   1061    -50    -25     -1    -30    -35    -49    -48 
   -32    -32    -22    -36    -47    -77    -30     69    516    183    -12     37    -19    -13    -10    245 
   361     26    -45    -15    324    768    326     -1     18    -14    -31    -31    223    537    200    -37 
   -31    253    754    496    225    357    158    -34    -30    -19    498    238    -27    -39     60    574 
   245     27    323    839    611    699    500    591    261    -30    -11    186    665    618    199     -1 
   529    760   1062    516    611    605    -16     61    -55    307    436    -11   -131    -73    -90    -65 
    46    -20    636    -41    -31   -122    -27    132    -12    -99    -27    -40    -44   -130    -75   1012 
   -38    -48    -44    127     -8    -19    -33    177     -2    -18   -103    542   1657    -29    -58     -1 
   385    313    452     -2    137     -8     -2     -8   1428   1283    -24    -11    514    712    476    505 
    -6     56     -7    230    823   1645    863    -17      0    506    694    544    597     -1     -1    -25 
   283    532   1054    722    -19    -60    -44    -43    -53    -40    -71    -70    -71    -26    -18     -4 
   -30    -72   1017   1355   1875   2000   2044   2255   1873   1724   1063   1499   1553   1160   1061   2000 
  2873   2959   2959   3250   2921   2360   2150   1435   1782   1708   1785   1510   1962   2729   2483   2506 
  3163   3059   2622   2235   2217   2306   1663   1643   1299    908   1521   1174   1852   2145   2628   2564 
  2493   2353   2498   1908   1744   1399   1071   1781   1170   1601   1672   1170    548    965   1030    952 
   889   1269   1220    315    281    865   1342    167   -145   -241   -309   -247   -320   -201     -2   1034 
   519     -1    231   1010    -52   -166   -223   -204   -166   -384   -195    465   1293    792     -7    -54 
  1222    904    -52    216     52    -19   -269   -245    231   1590   1117    274    941   1262   1688    939 
  1134    354    -42    -55   -128    -47   1241    817   1267   1922   1668   1824   1318   1611   1145    -56 
   -97   -129    -42    989    952   1272   1784   1810   1581   1081   1108   1194    688    701    599   1152 
  1042    769   1073   1693   1617   1707   1339   1304   1348   1490   1603   1106   1139   1022    985    959 
  1306   1123   1248   1145    977   1023   1165   1200    986   1037   1179    -31    -49    -58    -29    -23 
   -22    -23    -27    -34    -42    -41    -13     -1    -61    -86   -135    -92    -77    -57    -37    -49 
   -84    -75    -20    -27     97    -73    -93   -199   -171   -140   -121    -75    -98    -76    -50    -30 
   -57    -36    -99   -119   -203   -165   -191   -208   -148   -130    -93   -143    -78    -60    -44   -125 
  -183   -243   -205   -211   -194   -182   -132   -130   -155   -111    -96    -41   -100    -87   -167   -192 
  -217   -181   -225   -248   -216    -84     70    151    -15   -114   -108    -74   -156   -187   -200   -110 
  -222   -258   -150    -19   1146    753     -3    -26     -2    -66    -68    -55    -88   -118   -246   -190 
  -149     49    490    445   1285    -35    -30    -27    607     44    -51   -281   -415   -340   -176    616 
   475   1329    236    430    571    796    231    -46   -172   -284   -249   -142    247     93    328    -57 
   -72    -24     67     -3    -53    -72   -176   -143    -60     19    -24    -14    -95   -117   -104    -89 
   -84    -89   -110   -148    -92    -33    -19    174    325    -16    -46    -64    -58    -56    -52    -57 
   -59    -29    155     37    -82   -159   -129   -167   -136   -143   -101    -77    -50    -20    -37    -57 
   -35   -124   -218   -136   -169   -168   -145   -124   -120   -127    -33    -33    -23    -51    -97   -159 
   -87   -140   -150    -88   -144   -145   -131    -86   -112   -109   -103    -43   -121    -50   -102    -65 
   -15    -51   -130    -76    -67    -90   -124   -120    321    -29    463    -16    120    459   1110   1184 
  1118    384    636    276    -62    874    812   1294   1769   1139    776   1125   2122   1796     -7     -3 
   584    167    919    106   1492   2697   2177    636   2513   1143   1111    266   -195   1004    719   1312 
  -149   1805   1842   1394    457   2897   3816   3895    -56   -224   2584   1386   1283   1001   1714   1357 
  1054   1141   1670   2384   2053   -123    165   3019   1189   1003    609    571    605    269    372   1268 
  1613   1236    -22   1490   2374    508    690    171    202    489    306     32    438    292    486   1017 
  1494   1171     24    298    -33    -83    -83    -92    -90    -44    -44    -69    -12    383    295    -13 
   323    -51   -105   -105   -119   -105    -96    -94   -113    -76    -13    -33    -30    -90   -103   -110 
  -114   -115   -106   -102    -97   -101    -99   -112   -100    -65    -90   -102    -78    -67    -78    -87 
   -93    -92   -106   -109   -108   -100    -54   -103   -130   -111    -99   -110   -118   -116   -142   -170 
  -165   -136   -121    -65   -100   -100    -61    -50    -54    -67    -77   -150   -160   -154   -114   -119 
   -83    -60    -66    -38    -52    -43     -9    -12    -39    -28    -16     -5    -65    -63     -6     -3 
   103    171    866    997   1334    609    686   1134    907    525     -9     15    243    271    -20    151 
   490    705    349    313    595    718    403    -15    -61    -35    -58    -70    -85   -107   -103   -128 
  -103   -123    -99    -68     -1    -98   -127   -136    -47    -50    -75    -66    -37    -49   -188   -184 
  -127    -18    -17    -25    -43    -16    112    172     43    174    -50   -120   -128    -66     -9    141 
   184    299    425    608    525    425    647    529    494    224    479    425    205    158    327    530 
   782    843    814    714    865    622    678    746    409    -53    -50    -31    -26    -20    -28    -21 
   -24    -24    -23     -9    -14    -32    939    994   1013    835    701    995   1326   1314   1143    689 
   506    749    656   1138   1174    814    523    613    982    882    831    659    162    -10    196    215 
  1077   1301    717    573    987   1217   1191   1296   1232    834    591    843    505   1414   1486   1016 
   913   1543   1684   1515   1523   1730   1309   1325   1337    685   1194   1541   1301   1040   1426   1497 
  1466   1425   1267    627    864   1375    964    873   1304    823    995   1287   1557   1213   1334   1512 
  1268   1171   1280    901    762    551    244    473    357    606   1521   1767   1659   1485   1317   1652 
  1115    565    -12    -45    -20    -16    479    793   1994   2839   2685   2538   2459   1326    545    118 
   -96    -86    -75     -8    -10    921   1321   1313   2276   2287   1240    672     33    -59    -90    -84 
   -44    -10    218     18    -32    352   1174    713    370    -17    -97   -135   -127   -103    -76    -80 
   -84   -119    -89     -3     -7    221    -44   -149   -205   -199   -184   -172   -163   -162   -163   -145 
   -58    -35    293    -33   -108   -143   -137   -118   -122   -111   -106   -117    -87    -42    -25     82 
   147    732    621    391    536    572    588    271    324    156    103    241    -43    -62    -27     -2 
   -61    -21    -18     34     -1     70    -10    -48    -52    -58    -88    -66    -59    -66   -101    -54 
   -52    -11    -17    -26    -93    -73   -116   -158   -189   -115   -143   -198   -139   -128    -62    -66 
   -42    -92    -86   -119   -200   -239   -194   -233   -241   -206   -112    -45    -59    -56    -54    -59 
   -95   -125    -60    -61   -174   -201   -154   -118   -163   -178   -117    160     -8    -47   -233     -5 
   202    -99   -139    108    831   1098   -196   -165    873    712     54    -97    -19     -3    -59    -25 
    29   1707   2936    -56    170   1161    982    -55   -101   -189   -150   -129    -65    -72    -86   -207 
  -466   -334   -176    -26    -49    -33   -110    -76    239    581     -3    -72   -243   -249   -241   -206 
   -67    -57    -76    -69    -77     62    509    241     93    -99    -35    -89   -120    -78    -43    -68 
   -81    -48    -32    -22    -32    -42    -98    -78    -91    -91    -52    -37    -71    -61    -56    -48 
   -49    -49    -24    -16    -15    -52    -70    -48   1774    371    -10    146    -27    -70    -75    -36 
   -24      1    -23    -48    -49   1542    -76   -120    -61   -108   -124   -116    -75   -136    -65    -65 
   -81    -95   1604    -43   -112   -122   -176   -149   -143   -131   -188   -134   -112   -105   -101   1291 
   -63   -110   -128   -155   -164   -158   -262   -212   -158   -151   -144   -115   1535    -75    -89   -115 
  -125   -210   -168   -157   -129    -84   -164   -171   -128   1784    -25    -30      9    -37   -113   -160 
   -90    -53   -143   -152   -205   -119   2132    -74   -110    131    -92   -189   -101   -259   -226   -398 
  -279   -261   -117   1683   -169   -133    368     26    -71    642   1063    197   -519   -535   -361    -84 
  2381    384    -42    841   1121    871   1393   1591    359   -274   -420   -375    -78   2611   1541    917 
   850    970   1046   1658   2070   2136   1125    -84   -135     -7   2442   1411   1294   1138   1295   1127 
  1145   1600   2140   1710   1341    507    751   2576   1818   1619   1435   1626   1463   1315   1409   1187 
  1406   1701   1273   1271   2239   1542   1212   1157   1247   1035    959    798    478    747   1078    996 
  1354    -82    -67    -32    -44    -50    -44    -37    -28    -30    -39    -79    -80    -91    -86    -42 
   251    332    317    336    342    160    -11    140    -12     13    -43    -58     60    500    425    264 
   203    186    189    127    454    192    -10    -57    -62     -8    278    217     -4    160    -18    -16 
    54    411    108    -25    -67    -48    186    408    415    221    463    331    206    632    778    381 
   255    -51    -16    626   1014   1013    304     -6    -28    201    744    193    -16    310    -24    -71 
   -19    742   1355    163    -61    -59    -54    -86   -170   -204    -10    -35   -101   -100    102   1042 
   252    -60    151    -31   -163   -379   -418   -128    -55    -51    -44    386    863    885    670   1269 
  1173   -121   -338   -420   -161    -60    -51     -7    466    708   1008    965   1456   1249   -113   -228 
  -277   -145    -70    -40    225    286    527    696   1028   1286   1521    578     -9    -23    226    -23 
   -49    278    278    367    497    699    765   1063    815    558    592    452    -21    -88    -60    -66 
   -61    -57    -60    -64    -56    -58    -61    -46    -55    -77   1023    930   1118    952    989    963 
   801   1007   1023   1143    830    816   1144    193    -19    168    190    104     88    -26     54    333 
   758    313    124    687    124    -36    154    105    -10    -33    -57    -49    -41    232    167    -19 
   729    204    -29     -6      6    440     -8    -81   -111   -105    -31    -29    -49    172    246    -91 
   -78    -79    -29    -84   -151   -157   -103    -66    -91   -109    -22    -33   -145   -143   -149   -153 
  -119   -118   -147   -183   -109   -125   -112    -31    -61   -184   -163   -168   -223   -243   -171   -136 
  -153   -125   -128   -114    -38    -73   -223   -155   -173   -191   -192   -104   -132    -90   -116   -149 
   -84    -18    -23   -128    -74   -153   -151   -148    -81   -136   -111   -176   -182    -93    -25    227 
   -72    -33    -51    -76    -95    -95   -123   -150    -83    -85   -105    213    351    -20     77    -16 
   -72    -89    -77    -86   -163    -81    -97    -99    370    248    -29     58     -8    -35    -51    -43 
   -30    -46     -9     80    -20    526    848    482    752    759    507    284    335    387    246    335 
   539    407   1064    844    997    914    789    866    838    403    437    324    521    376    409    411 
  1213   1462   1124    667    843    755    393    186    138    585    932   1026    451   1321   1461    772 
   208    423    663    340    303    795    688    668    537     54    802    743     -7    -33     27    520 
   366    -13    471    482    500    477    197    561    553    233    412     10    -11     -1    342    472 
   187    271    330    251     -2     -7    -45    -23    -82    -48    -14    757    694    -87    -73    -88 
   -24    -58    -58    -86    -88   -148   -134   -103   -164   -200   -232   -151   -183    -27    -80   -131 
  -109    -85   -229   -243    -40     -5   -142   -389   -296   -161    266    -81   -134   -132   -124   -148 
  -107    -30    310   -142   -366   -315   -102    157     -5    174    -58    -82    -87    -63    -13    810 
    75    -63    -17    697    821    251    217    -24    -35    -51    -60    -47    225     -2    -72    -54 
   348    405    -12    -23    -52    -83    -94    -92    -77    -56   -101    -95   -107    -75    -65    -13 
   -37    -58    -85    -94    -97    -98   -109   -124   -127   -111    -95    -72    994   1051    887    879 
   832    902    739    667    544    433    465    614    884    773    642    528    567    592    959    809 
   535    522    603    314    258    594    488    273     42    -14     -6    307    452    350    401    477 
   309    165    725    587    332    443    422    391    653    757    617    519    477    588    467    831 
   159     -2    167    219    201    449    192     -6     -7     83    442    383    619    205    -46    -49 
   -48    -20     -7     -7   -124   -127    -18    194     -1     -4    128    -90    -64    -83   -129   -140 
  -142   -143    -77    -39    -15     -3    -21    -61   -137   -116   -105   -120   -131   -128    -44     -3 
   -78   -159   -129    -25    -48   -102    -73    -53    -51    -84    -62    -34    -97   -200   -184   -116 
   -43    197    242    465    519    168     -6    -51   -100   -160   -176   -104    -70     -6    450    787 
  1018    810    460    358     43    -37    -61    -43    -20    -30    345    539    731    719    488    410 
   364    261     51     32    130    374    359    868   1044   1358   1440   1416   1423   1374   1276   1208 
  1300   1403   1541   1480   1434    -16    -31    -30    -22    -37    -34    -26    -28    -35    -27    -12 
   -31    -27    -48    -90    -90    -64    -78    -80    -76    -70    -79    -72    -62    -68    -54    -49 
  -103   -102    -77    -85    -82    -98    -84    -68    -71    -86    -79    -64    -46    -93   -106    -84 
   -89    -82   -100   -111    -91    -93   -102    -80    -54    -55    -89   -115   -112   -114   -125   -145 
  -167   -154   -149   -123    -84    -56    -78   -104   -132   -146   -167   -162   -173   -189   -220   -215 
  -165   -102    -47    -67   -108   -123   -148   -194   -208   -225   -243   -247   -218   -166   -108    -62 
   -68   -148   -132   -117   -144   -163   -156   -150   -178   -215   -198   -128    -63    -41   -110    -88 
   -83    -80    -96   -102   -136   -159   -169   -168   -133    -78    -29    -65    -48    -60    -61    -61 
   -70   -117   -132   -109   -101    -89    -62    -23    -44    -23    -27    -49    -52    -55    -82    -78 
   -57    -44    -50    -46    -24    -33    -29    -34    -47    -52    -52    -65    -57    -34    -25    -26 
   -25     -3     -9      0     -9    -17    -20    -15    -18    -18     -4     33     -1     -1     85    -28 
   -49    -44    -33    -24    -44    -43    -34    -27    -35     -2    318    -35   -101   -146   -141   -120 
  -103   -108   -100   -106   -118    -98    -58     -6    -24    -98   -154   -143   -136   -119   -120    -72 
   -73    -84    -51    -18    132    -23    -81   -128   -111   -105    -96   -115    -76    -77   -102    -46 
    61    248    -17    -79   -119   -119   -111   -110   -124   -111   -115   -118    -60    -12    132     -4 
   -73   -122   -120   -147   -112   -123   -127   -148   -174    -87    -24     -7    -40    -55    -68    -84 
  -157   -119   -182   -187   -215   -218   -153    -79    191    -43     -4    -72    324     94    131    -46 
   -64   -244   -320   -313   -187    591    344    378    178    822   1080    922    675    125   -143   -200 
  -145     45   1220    943    977    890   1168   1133   1196    918    549    -32    -46    120    996   1411 
  1112   1437   1319   1513   1319   1296   1117    916    813    878   1085   1743   1522   1310   1536   1464 
  1441   1500   1493   1448   1400   1577   1815   1931   2166   1573   1178   1318   1317   1223   1184   1172 
  1124   1069   1239   1494   1696   1753   1353     -8     -6    -24    -25    -37    -65    -33    -38    -71 
   -77    -56    -70    -73    402    754    593    429     98    -28    120    184    -37    -38    -24    -54 
   -46    154    364    514    557    303     -1    239    377    -50    -52    -36    -72    -43    274    288 
   449    546    315     23    129    578    -37    -88    -38    -60    -46    157    313    684    668    481 
   417    364    660    113    -23    -12    -46    -38    179    283    265    590    591    334    411    758 
   268    202    -16    -64    -39    559    667    763    799    888   1123   1185   1437   1833   1602    315 
   -56    -43    872   1405   1318    613    444    451    478    730   1931   2396    962    -17    -50    578 
   814    812    521    340    105    210    663   1492   1692    740    -11    -56    350    902    747    516 
   301    -27    -14      8    257     80    -47    -90    -70    378    986    762    581    401    -71    -75 
   -62   -116   -151    -98   -100    -76     58    722    378    213      5   -100    -92    -80   -128   -139 
   -67    -97    -76    -13    230    111     45    -13    -74    -67    -53    -97   -113    -61    -77    -55 
   -84   -100    -71    -80    -87    -91    -64    -54   -100    -88    -85    -82    -52    -30     -4    337 
   311    -24    -23    -22    190    -48    -60    -53    -57    -57    -26     66    616    551    424    396 
   176    179    -19    -32    -48    -31    -51      4     65    480    113    -19    -32    254    -37     -7 
    -4    -24     26    -28    150     47    512    199    -22   -110    -70    -80    -47    -52    -40    -11 
   -36    -35    -29    -15     77    -27    -94   -148    -97    -71    -53   -113    -32    -29    161     -2 
   184    666    863    535   1335    102    -59    -76   -168    -49    -14   1186    133   1353   1049   1347 
   427    808     74    -43   -191   -114    921    298    306    458    360    588    675    670    498    475 
   -70   -209   -147    -38    158    -19    161     39     80    351    286    246    182   -173   -304   -280 
  -177    -57     49    162    292    426    611    707    613    425    -65   -100   -105    -67    -33    245 
   362    372    424    384    647    614    542    364    295    192    104    -11    -54    -65    -54    -43 
   -54    -39    -46    -41    -51    -49    -48    -64    -65    322    535     23    355    633    378    319 
   324    382      7     77    312    663    256    320    -63     -1    230     84     21    243    191    -41 
   -17     70    516    349    463    -28    354    669    941   1056   1294    608     57    287    481    844 
   513    683    -25    539   1138   1213    735   1312    939    522    687    909    676    149    307    -38 
    -3    484    607    223    581    523    309    358    845    981    184    829    -32     79    759    582 
   -63    -25    -32    -23    578    226    699    258   1405    -21     51    -22    -13    -63     41    -31 
   802    753    -40   1034    -49    -13   -139    -76   -153    -79    -86    -39    -38    253    -87   -121 
   899    -82    -78   -205   -155   -137    -61    -57    -19    -52   -160   -313   -212    892     88    -20 
  -133   -130   -107    -58    -39     -1     -9    -98   -201    -83    975     83    -27   -122   -151   -102 
   -73    -57    -16    -11    -34    -77     61    607     -6    -28   -105   -152   -139   -121   -120    -84 
   -97   -102    -86    -21    291    375    184    -36    -61    -56    -42    -44    -47    -61    -67    -32 
   223    537   1616   1682   1695   1642   1738   1748   1687   1494   1474   1451   1601   1680   1973   1454 
  1561   1872   1608   1471   1592   1690   1383   1347   1493   1762   1720   1951   1243   1452   1765   1595 
  1415   1305   1510   1266   1039   1134   1474   1464   1766   1207   1406   1839   1677   1658   1485   1671 
  1681   1339   1424   1526   1421   1633   1332   1444   1762   2006   1771   1848   1864   1941   1602   1617 
  1563   1150   1456   1536   1293   1517   1722   1570   1282   1841   1780   1316   1511   1381   1129   1462 
  1032    582   1127   1274    364    -17    713   1000    509     27    -11    987   1686    553    -40    521 
  1312    710    628   1156   1567    975   -152   -130   1009   1631   1675   1338   1300   1578   1295   1190 
  1041   1162   1169   -128    -63   1325   1448   1715   1564   1279   1675   1586   1471   1248   1233   1639 
   666   1144   1382   1354   1349   1210    923    909   1043   1088   1066    972   1101   1027   1192    876 
  1085   1169   1038    771    674    701    722    677    643    693    751    884    969   1194   1590   1756 
  1700   1675   1599   1546   1500   1441   1633   1736   1759   1695   1541    -65    -76    -87    -50    -11 
   -30    -19    -20      0    -25     -6     78     54    -60    -55    -82    -41    -21    -62    -41    -55 
   -26    -47    -16     -7    -28    -41    -23    -40    -31    -27    -26    -29    -35    181    -27     -9 
    77    -20    -29     -8    -46    -23    -37    -17    -54    -11     -7    -32     -3     -3    -16    -31 
   -13    -64    -57    -64    -61    -64    -12    100      9     -7    145    327    -78    -20    -39     55 
   407    376    -30    -30    -71    -62    -36    -32     29      7   1142    314     -3    352    507   -100 
  -150   -139   1529   2636    493    447    -40   1635    220     -5   -101    -39   -165   -159   -140    946 
  1613     12    526    -49    475     -4    752    325    421    -64   -114   -208   -439   -354   -148    105 
    -7    562    208    387    518    485     -3    -64   -193   -426   -400   -197    -58    -58     -5     -7 
   -16    -22    -29    -18    -40    -77   -169   -159    -80    -72    -52     29    135    161    -23    -11 
   -12    -16    -25    -39    -44    -20    -63    -25    247    330    459    280    443    395    251    189 
   224     56     43    -41    752    719    637    561    643    458    447    407    336    310    462    404 
   359    634    647    562    432    610    457    449    305    244    198    273    165    155    560    356 
   324     62    304    449    434    171    222     74     19    103    159    523    301    119    -29    209 
   501    581    250    243    109    143    431    426    664    411    193    -15     22    186    273     -7 
   -19    -37    -27      2    200    264    157     -6    -43    -61    -75   -110   -144   -120   -117    -74 
   -44     -2     91     11     73    -26    -15    -54   -111   -181   -176    -89    -24    -30    -17    697 
   578    781    179    293     -5    -40   -139   -139   -113    -34    -29    -27    464    119    396     -3 
   -12    -29    -41   -110   -176   -199   -110    -73    -31    271     -9     -3    -18    -23    -44    -58 
  -121   -195   -209   -171   -126    -35    192     -4     -8    -28    -35    -39    -48    -50    -73    -83 
   -69    -33     79    248     86     33     -6     -5     -8    -12    -17     -9    -15     -5     73    160 
   295    274    329    423    412    347    249    171    205    206    231    183    226    -19    -15     26 
   172    178    224    284     -5    -41    -39    -46     -3    -16    -12     -4    853   1750   2055   1322 
  1186    316    258     83    574   1470    622    -18    281    944   2153   3163   2567   2580   2055   2019 
  1270    662   1285    239    195    870   1165   3130   4612   3997   3095   2058   2173   2035   1353   1171 
   -31    -37    -31    503   2374   3040   2862   2479   2972   2470   1959   1181   1143     17    118    246 
   507   1197   1440   1029   1605   2220   1096   1572   1247    891     37    935    671     -4    786    735 
   364    748   2126    501   1070    456    209    346    270      9    -68    -16    -51    -60    -41    -52 
   -48    -24    -72   -113    -54    389   1220    893    490    568    829    355    -57    -62   -145    -41 
   -87   -115    757    997    808     -6     -6    153    272     -7     33   -121    -48    293    -64    -80 
   -86    -14    -30    -89   -145   -122   -107   -100    -96    -79    -16    -73    -74    -16    -45    -28 
   -66    -79    -84    -72    -64    -50    -57    -30    -56    -67    -63    -39    -38    -49    -68    -72 
   -81    -57    -68    -63    -48    -63   1089    908    879   1156    995    969    678    409    524    674 
   935    688    879    718     -2    -15    477    413    364    103    -27    -12    323    625    389    649 
   755     -2    -37    -11    125     17     27    -24    -20    143     82    -17    295    374    -59   -117 
   -89    -69    -58    -54    -22    -25    -29    -56    -84     -4    453    -56   -122   -149   -169   -153 
  -143    -90   -110   -118   -127   -119    -25    -12   -165   -208   -190   -243   -271   -201   -185   -207 
  -239   -287   -192    -53    -75   -317   -272   -240   -245   -277   -293   -260   -228   -291   -288   -198 
   -64    -81   -163   -182   -122    -77   -115   -209   -187   -194   -266   -265   -283    -65    734    381 
    -8    387   1076    385     41    -33    -77    -74   -166   -206    -45   1046    774    788    975   1145 
   905    899    976   1442   1988    544    -57    464    941    658    850    905    990    968    894    762 
  1141   1401    932    420    966   1418   1188   1109   1167   1311   1473   1414   1230   1332   1427   1193 
   992   1252   1511   1503   1618   1499   1389   1328   1403   1325   1472   1678   1448   1282   1304    -38 
   148     33    254    253     65     52    223    662    547    756    682    316    -43     47    -11    287 
   264    289    -42    -43     45    120    439    828    611     -9    -34    -63    -30     92    -24    -88 
   -74    -17    -20     -4    -20     -8    -23   -102   -180   -147   -104   -145   -110    -69    -27    -66 
   -96   -103    -81    -50    -92   -137   -115   -107    -88    -96    197     70    -55    -89    -71    -16 
   -79    -70    -96   -139   -236   -227   -290   -182   -233   -215   -130    -69    -13   -104    -72    -86 
  -125   -218   -281   -447   -396   -427   -380   -237   -163    -29    -99    -62    -87   -112   -230   -237 
  -335   -425   -564   -661   -458   -388   -116   -196   -151   -126    -65   -146   -166   -193   -243   -424 
  -559   -523   -422   -127   -119   -112    -73    -43    -40    -66    -93    -94   -141   -300   -403   -283 
   -87    -73   -103    -90    -77    -37    -29    -62    -64   -101   -196   -180   -120    -44    -68   -100 
   -73    -41    -45    -45    -40    -48    -32    -51    -32    -55    -31    -58    -83    -64    -43    -31 
   -20     -2     -8     47     25    -34    -49    -47    815    717    749    764    624    533    428    531 
   235    295    415    600    591    637    611    708    582    458    492    430    542    323    376    541 
   473    581    635    470    632    311    261     -5    167     98    336    131    143    218    583    415 
   103    222     -3    -35    -76    -58    -33    -31    -70    -57    -21    313     -8    -65    -24    -40 
   -90    -80    -59    -10    -18    -51    -81    -48     -5     -4    -79    -37    -69   -105    -99    -74 
  -107    -60    -53    -82    -60    -36    291    -94    -13    -43    -82    -80    -38     -2    902    -53 
   -97    -55    -11    493    -17    515     56     33    225    410    791    479    -97   -143   -128    -19 
  1260   1528   1634   1050    834    709    506     -9   -120   -117    -65   -109    -30    933   1453   1738 
  1577   1181    681    766    266    -35    144    793     -6     91    796   1104   1146   1278    996    354 
   507    446     -8     27    906    433    416    854   1062   1106   1400   1240    647    781    694    444 
   530    886    534    572   1053   1351   1588   1944   1849   1425   1419   1421   1232   1161   1193   1060 
   904    592    403    472    412    297    334    419    468    457    410    443    582   1129     94    -26 
   -12    -21     -8     15    151     95     -2    -16    -17     33   1093    107    -10     52    -18    -12 
   -18     -4     -4     -4    -11    -41    -34    976     21    -31    -16    -29    -19    -32    -15    -22 
   -30    -42    -60    -49    801     84    -37    -32    -49    -59    -78    -80    -93   -103    -89    -79 
   -50    734    217    -77    -42    -54    -69    -92   -101   -135   -120    -98   -109    -58    565    163 
   -78    -42    -59    -94   -128   -117   -142   -156   -139   -130    -31    657    -19   -116    -89    -51 
   -67    -78    -75    -81    -97   -143   -168    -30    754    -17   -115    -79    -73    -69    -80    -64 
  -105   -125   -189   -123      1    717    174    -76    -75    -56    -58    -55    -68    -82   -122   -151 
   -71     -1    814    270    -45    -53    -37    -46    -50    -62    -74    -78    -76    -25    -10    931 
   363    -28    -34    -33    -36    -49    -49    -53    -51    -37     -5    132   1018    772    385    291 
   271    228    120    146    166    194    282    521    664   1238    519   1536   2106   2208   2007   1861 
  1762   1429   1333   1247   1407   1298    994    382   1835   2319   2243   1903   1782   1814   1671   1075 
  1186   1186   1018   1012    412   1752   2375   2360   2024   1899   1888   1629   1217   1194   1340   1212 
  1217     -1   1135   1707   1648   1522   1658   1474   1344   1454   1416   1562   1281   1352    400   1348 
  1721   1716   1681   1434   1575   1468   1751   1630   1342   1159   1017    427   1087   1557   1714   1408 
   685     -1    316   1420    624    422   1124   1065     84    532    674   1095    949    357    -11    -37 
   699    660    -45    607    739    232    -37    -36    -21    105    -15     -6   -105    -18    472    -82 
   -29    176    -52   -145   -134   -169   -115    -48    -31    -54    -61     68   -101    -56    287   -102 
  -110   -125   -111    -62    -28    -51    -79   -163   -120   -178   -162    -20    -97   -105   -124   -101 
   -70    -49    -69   -104   -157   -171   -152   -140    -60    -99   -105   -115    -99   -106   -108   -124 
  -154   -182   -195   -178   -160    -68   -115   -128   -134   -126   -128   -126   -124   -126   -142   -146 
  -153   -161    -76    -90   -108   -157   -153   -105    -95   -123    -99    -94   -116   -108    -77    -81 
   -80    -98   -160   -163    -93    -70    -72    -43    -43    -91    -68    -34    -61    -63    -73   -160 
  -165   -103    -84    -90    -80    -73   -112    -69    -36    -88    -48    -93   -197   -183   -130   -103 
  -131    -85   -103   -165   -115    -75   -123    -58    -81   -134   -132    -88    -81   -124    -62    -80 
  -138   -114    -54    -75    -42    -35    -62    -77     -5    -39    -95    -86   -134   -165    -97    -57 
   -75    -37    -43    -37    -69    -67   -114   -124    -70   -127   -127    -79    -52    -57    -76    -91 
   -75    -33     43    490    519   1206    -23   -108   -135   -100    -76    -43    -67   -144   -153   -127 
   -43    -22    195   -173   -270   -224   -125    -90    -47    -84   -126   -100    -89    -12     99    292 
  -121   -195   -204    -87    -53    -20    -14    -69    -45    -28    719    733    918    -28    -86    -79 
   -38    -51    -40    -30    -84    -83    -70    330    427    571    -43    -55    -66    -63    -70    -71 
   -88   -121   -125   -127    -63    -68    -70   -114    -97    -91    -82    -84    466    -10     -4      4 
    -9     -1    218    303     81    374    406    297    359    -17   -102    -80    -47    -51    -38    -27 
   -16    -46    -47    -28    -65    -27     96    -74    -77    -47    -21    -64    -81    -81    -58    -75 
   -73   -133    -66    311    -40    -28    -19    208    -24    -41    -87    -55    -46    -46   -104    -50 
   588     89     96    350    240    -19    220    622    531    399    318     -4    207   1208    947    910 
  1049   1244    462   1031   1081    697    635     36    462    568    743     53    808    464     56     60 
   155   -111   -131    -53    -46    406    172    -24    -29    794    541    748   1123   1283    964    -16 
  -169   -166    -29     68   1039    798    669    449    705    702    649    138    -45   -120   -197   -133 
    91    883   1052   1022    915    942   1257    977    704    878    801    134     77    395    929   1184 
  1328   1361   1405   1608   1331   1127   1491   1100    614    447    600   1123   1012    953   1197   1499 
  1569   1328   1130   1246    821    476    472    682    997    899    784    952   1013    875    732    654 
   770    658    543    616    765    881   1215   1313   1155   1151   1012    976    719    584    428    512 
   713    733    961   1220   1199    900    924    646    691    553    411    104    534    699    759   1013 
  1280   1122    869    906    784    837    846    833    718    850    798    634    783    755    564    531 
   117    210    524    778    565    334    605    686    500    583    581    399    320    149      0    137 
   186    -15    -12    271    620    526    585    413     85    -30    -12    -47    -91   -141   -151    -52 
   -11    247    297    278    -17    -16    -48    -49    -39   -100    -79   -133   -106    -38    181    244 
   132    -14    -55    -63    -82    -96    -94   -113   -215   -179    -93    -23    253    -38   -148   -177 
  -124   -138   -153   -118    -86   -144   -161   -172    -65    155    -15    -56   -134   -129   -132   -132 
  -142   -127   -136   -147   -138    -61     -8     -1    -20    -87   -101   -117   -133   -155   -148   -152 
  -181   -134    -43     52    177    119    -38    -65    -82   -106   -111   -108   -100   -106    -66    -12 
   145    157     72    -20    -37    -54    -64    -69    -66    -64    -65    -38     -5     94    -22    -30 
    -4     -6    -10    -27     20     98    202     71    -27    -52    -31    -26    -36     42    291    200 
    -2     98    230    163    209    -11    -39     -4    -24    -35    190    451    348    238    104     -8 
   -15    118     -8    -54    -13    -56    -54     -6    115    178    287    157    -26    -32    -13    -19 
   -68    -37    -25    -28    259    403    268    184    343    130     47     -5    -17    -57    -34     56 
   -15    145    351    445     97    303    241     68     -7    -30    -36    -11    644    299   1058   1021 
   754    129    711    431     48    -24    -61    110     -3     -5    -52    597    424    494    -13    -15 
   -14    -51    -78    -77     10    -20    -51    -27    -42    -21    -12    193    323    213    235    -57 
   -65    -55    -32     45     72    -20    -22    -18    217    269     -5    -81   -248   -223    -86    -18 
   161      0     -9    196    328    374    390    408     99    -48    -46    -14    145      2     84     -4 
   176    335    457    464    682    473    326    160    -15    181    139     63    -16     18    123    179 
   114    113    -10    -26    -12    -12    227    -76    -92    -97    -94    -89    -88    -93    -90    -94 
   -87    -89    -84    -84    -75   -101   -113   -116   -101    -97    -98    -97   -107   -104   -111   -107 
  -101    -79   -100   -121   -127   -118   -107   -106   -108   -113   -114   -119   -109   -103    -70    -89 
  -108   -117   -106   -105   -103   -115   -116   -123   -122   -107    -96    -78    -94   -116   -117   -113 
  -117   -118   -123   -132   -137   -133   -113    -98    -59    -83   -105   -104    -93    -91   -106   -129 
  -132   -117   -110   -110    -96    -66   -110   -122   -118   -133   -137   -138   -151   -144   -143   -121 
  -119    -88   -110   -137   -163   -165   -181   -166   -148   -142   -135   -139   -106   -130    -97   -124 
  -173   -193   -185   -186   -175   -161   -169   -204   -234   -208   -169   -115   -102   -149   -175   -173 
  -162   -154   -153   -166   -191   -191   -180   -165   -132   -101   -142   -167   -164   -161   -154   -155 
  -162   -181   -187   -181   -169   -134   -107   -148   -173   -170   -168   -166   -168   -167   -177   -178 
  -170   -155   -127   -104   -132   -146   -147   -147   -145   -142   -138   -137   -135   -137   -131   -108 
   482    535    604    601    679    606    702    706    655    580    511    605    570    356    285    391 
   390    382    403    532    513    474    465    252    255    321     83     -5    174    196     39    234 
   370    196     56    172     48     34    199      0     -7    271    271    209    222    401    336    232 
   296    276    169    196    215    284    507    388    389    362    354    193    162    195    269     78 
   123    438    564    662    617    553    501    588    366    352    617    740    445    188    385    157 
   528    733    561    412   1025    722    585    294     32    624    425    315    -33    321    440    573 
   654    911    782    375    -83   -102    381    387    417    403    534    538    691    714    718    552 
    -2   -126    -84    409    287    436    440    459    698    809    829    805    760    556    -55    -33 
   394    250    344    241     51    284    486    616    654    743    655    268    255    417    198    332 
   369    223    456    680    777    744    719    593    400    379    429    332    820   1079   1003   1163 
  1295   1340   1317   1293   1189   1081   1076   1117    867     -3    260    289    421    412    474    285 
   112    198     61     -3     -2    -28    -21    -25    -63    -35    -72    -33      0     -7     -3    -16 
    -7    168    -29    -12    -26    -66    -40    -73    -31    -32    -29    -69    -56    -29     -3    -17 
   -49    -57    -90    -49    -43    -65    -93    -76    -98    -85    -93    -78    -61    -65    -69    -95 
   -89    -66    -71   -127   -166   -144   -101   -104    -79    -88    -99    -95   -103   -135   -140   -112 
  -221   -208   -169   -126    -90    -94   -115   -210   -255   -234   -211   -178   -131   -161   -138   -147 
  -162   -190   -203   -144   -140   -234   -186   -159   -145   -127    -98   -123    -95    -42   -193   -148 
  -121    -72   -149   -102    -99    -89   -115    -96    -69    -38    549    -23    232    -57    -37    -57 
   -67    -53    -44    -73    -85    -54    -53    469    480    133    -46   -103   -148   -128   -119   -121 
  -133   -148   -159   -174   -150   -138   -127    -74   -114   -158   -177   -170   -175   -187   -200   -185 
  -181   -162   -162   -132    -81    -68   -104   -122   -113   -114   -118   -116   -108   -111   -113   -114 
   -99    -78    -70    -84    -82    -80    -85    -80    -96    -92    -94    -80    -70    -71    -68    -76 
  -107    -87   -107   -126   -112   -140   -128   -133    -96    -77    -97    -84    -61    -75    -50    -58 
   -80    -63    -81    -82   -109    -80    -66    -81    -64    -30    -12     -3    -16    -31    -32    -34 
   -62    -82    -50    -28    -36    -29    -48    -58    -44    -41    -50    -43    -49    -58    -68    -39 
   -23    -33    -31    -28    -13    -24    -49    -79    -89    -82    -99    -81     60    209     -8    -39 
   -73   -104    -66    -37   -105   -187   -178   -197   -210   -199   -199   -126    -67   -117   -200   -141 
   -76   -117   -190   -163   -173   -261   -359   -344   -200    -84    -58    -88    -46    -50    -67   -109 
   -95    -80   -171   -282   -280   -180    -67    -37    -41    -16    -42    -72   -105   -100    -98   -150 
  -182   -165   -118    -53    -51    -67    -30    -54    -87   -118   -106   -106    -94    -45    -31    -72 
   -62    -43    -63    -58    -76    -91   -114   -113   -107    -85    -54    -29    -51    -49    -55    -60 
   -63    -78    -96   -115   -120   -124   -110    -79    -51    -61    -61    379    780    893    817    739 
   729    512    541    398    463    344    178     -1    742   1362   1498   1146   1094    778    320    635 
   463    532    558    658    401    376    618    993    702    918    514    -30     34    505    548    234 
   735    332    -11     -8    218      9     47    -29    -82    -89    -47    -31    -14    119    -23     71 
    15    144    301     25    -48   -113   -111   -115   -132    -85    -67    -88    281    -16    -40    -60 
   -62   -101      9    -18     -9   -145   -171   -114    -74    609    147     91     -4    -17    -87    -64 
  -119   -153   -146   -143   -102    -60    710    346    -35    -24    -24    -57   -109   -267   -266   -277 
  -241   -248    -76    -30    -11    -61    -47    -59    -63    -88   -106   -213   -213   -209   -198    -94 
   -65    -72    -53    -39    -55    -98   -114    -92   -219   -216   -187   -148    -64    -24    -37    -37 
   -55    -56    -85    -89    -68   -164   -166   -119    -87    -36     38     -1    -16    -36    -21    -38 
   -45    -29    -22    -19    136     68      2    267    276    208    232    444    435    259    119    204 
   150    357    416    190    -32    157    142    286    294    199     16    -23    -23    -43    -47    -21 
   -23     -2    468     66    -15     -8    -33    -43    -51    -31    -54    -53    -20    -13     -6    283 
   -25    -42    -51    -99    -85    -65    -46    -33     50    147     98    -14    558    -24    -23    -45 
   -62    -82    -64    -42    -49     -3    196    122    -51    -11    -77    -70    -77    -41    -53    -50 
   -19    -34    -41    -14     -5    -42     -6    -78    -99   -148   -119   -118   -120   -105   -111    -61 
    -4     37    -61    -20    -81    -21    -58    -91   -198   -250   -291   -329   -239   -135    -25    -54 
   234    -47     84    -39    -36   -108   -192   -347   -365   -311   -203    -22      9   1012    602    752 
   580    691    357    -13   -151   -194   -190   -122    213    238   1122    887   1050    898   1102    898 
   401    -60   -118   -112    -46    400    284   1465   1695   1579   1379   1440   1329   1322   1432   1665 
  1602   1468    866    505   1326   1431   1456   1478   1545   1633   1717   1938   1904   1758   1710    952 
   620   1175   1225   1183   1170   1198   1085   1114   1268   1242   1291   1225    626     91    603    612 
   484    490    434    288    182    239    146    -10    -16    -21     12    483    556    450    266    266 
   217     94    181    355    216    126     -6     89    562    666    731    228     79     -9     -4    270 
   632    528    151     85    163    669    799    924    336    237     37    375    320    446    376    -11 
   -14    419    639    840    864     71    -21     -9     61     -4     -2     -5    -31    -20    593    560 
   868    963    836    936   1509   1354   1436    517    140     -1    200    162    256    118    346    121 
    -2    289    284     79    -57    -15     66    188    -72   -167   -107    -16    -73   -132    -12    673 
   437     14    -74    224    532    -60   -123   -117    -33    -54    -33    256   1094   1795    326    -35 
   143    219    427    541     43    369    142    778   1326   1640   2557   2302   2627   1499    600    984 
  1377   1373   1520   1699   2146   2261   2072   2124   2460   2015   1388    698    584   1051   1155   1100 
  1472   1565   1682   1476   1200   1294   1212    829    378     78    283     82     -5     11     -4     -5 
   -10     -6    192    380    282     -5    529    287    479    496    410    606    499    590    621    878 
   730    482    872    966    776   1014    866    721   1079    921   1120    829   1113   1271   1333   1483 
  1000    906    752    721    258    631    489    876    887   1216   1370   1395   1492    955    681    465 
   549    215    586    612    621    714   1064   1228   1387   1604    670    565    465    681     91    176 
   370    557    873    919    828   1046   1383    426    180    153    386    -49   -118   -116    -24    452 
   749    553    501   1112    134    -87   -107    -22   -134   -263   -239   -207   -173   -113    -70    -53 
  1074    -30   -187   -129    506    -64   -151    -74     -8    -22   -182   -156    -49   1486    358    -90 
   -53    573    574    440    483    704    -70   -275   -269   -113   1521    929    267    255    497    621 
   687    973   1355    448    -40   -102    -14   1390    495    -12    239    240    336    297    400    802 
  1170   1115    706    707   1088    777    308    481    339    449    597    659    834    926   1124   1057 
   761    951   1309   1095   1120    932    968    981   1014   1013    988   1113   1199   1070   1221    201 
   197    331     -2    298     -6    100    -29     -6     -9     -2    -15    106    -17     14    443    -20 
   146     64    488     44    200    406    200    -17    171    -44    -14    328    -24    -48     37     21 
    34    -10    770    537     -1    113    -55    -29     -3    -85   -127    -10    -15     -7    -33     65 
   524    597    778    108     59    302    -25    -67    -81    -77    -55    -86    -69    -17    119    517 
   591      0    -43    -71    -38    -86    -47    -63    -31    -55    -80    -34    306    235    121      0 
   -96    -52    -43    431    152    379   1012    609    453     71    -10    -48    103    -91    -95    -79 
    -8     -1    -93   -241   -167    -36    331    -41    -47    -61   -131   -120   -135   -151   -105   -236 
  -258   -151    -98     -6    156    -33    -68    -77   -108    -88   -125   -136   -291   -411   -252   -150 
   -42    398    689    467    163    133    424    344    424    -24   -111    -73    -62    -29    400    638 
   604    223    443    643    758    827    796    368    386     61    -12     33     40    121     93     92 
   137    143    185    154     14    150     30     -8   1155   1105    940    764    836    693    538    436 
   490    504    340    468    730   1096    710    438    349    514    474    457    274     -2     50    199 
   249    568   1202   1201    820    521    582    599    669    724    546    434    457    372    612   1178 
  1234   1042    710    976    844    887    427    489    567    658    678    833   1103    796    727    427 
   411    256    778    866    534    551    746    797    923   1295    728    478    400    232    -19     70 
   690    765    459    175    460    722    390    -40    -52     -7    -52   -109    -85   -132   -158   -145 
  -188    -79    515    105   -121    -65    371    221    -15    283    348    -50   -237   -314   -116    592 
   729    342     -6    253    394    299    363     97   -160   -282   -262   -112    578   1162    918    552 
   495    458    462    493    211   -104   -220   -179    -58    429   1043    683    535    371    273    288 
   362    467    351    -15    111    427    760    963    551    338    148    208    296    333    300    300 
   348    669    663    890    951    619    454    280    274    253    139    127    239    444    829    847 
   995      9    -49    -47    -49    -46    -51    -31    -31    -24    -23    -63    -54    -35    -21    -87 
   -80   -125   -118    -81    -66    -51    -38    -15    -45    -66    -34    270    -22    -28    -77   -110 
   -86    -79    -47    -14    234     -3    -43    -29    366     27    -23   -111   -164   -109    -88    -89 
   -85    -46    -55    -66    -23    -20    -62   -102   -132   -245   -155   -114   -100    -70    -41    -39 
   -46    -39    -63   -109   -108   -133   -263   -231   -135   -158   -136   -172   -152    -93    -64    -53 
  -112    -19    -71   -216   -274   -227   -228   -208   -269   -258    -62    -91   -114   -124    -23    354 
   -93   -125    -30     -6    -33   -110   -153     -1    -41    -33    -42    389    446    289    371    633 
   681    291    -33    -44    422     -7    -36    -25     -4    457    580    870    985    958   1041   1015 
   866    464     83      8     29    156    459    750    728    936    590    810    512    710    115    -19 
   -18     22     63    268    384    334    586    310    533    285    208    -20    -17     17     -7    -45 
   -44    -54    -72    -56    -44     -9    -22    -18    -48    -29   1377    971    933    798    748    544 
   616    524    647    668    700    730   1487    789    -23    -21    -23    -22    -31    -13    -33     -5 
   120     45    -17    971    698     -1    210    103    -11    -30    -30    -34    -19    106    119    -25 
   945    353    -27    147    173    -32    -45    -65    -66    -79    -33     -1    -61    607    280    -49 
   -40    -60   -110   -113    -94    -72    -94    -52    -16    -73    485    652    -77    -61    -72    -96 
  -125    -62   -127   -151    -64    -48    -89    359    969    -73    -40    -30    -20    -22   1036   1111 
   863    283    -76     -9    868   1298    -29      5    320    846    463   1121   1215   1498    109   -145 
   293   1127   1602    345    490    327    521    148     43     -3   1214    -55    -76   1296   1275   1511 
   797    626    676    568    322     50    316   1706    284    757   1323   1494   1598    989    769    779 
   613    412    294    225    981    411   1124    897   1456   1656   1114    625    581    689    497    364 
   189    473    445    887    910   1769   1717   1396    936    772    818    721    719    713    803    849 
  1226   1426   1939    -99   -128   -160   -105    -87    -91   -111   -131   -102   -115   -128    -99    -91 
  -100    -86   -143    -95    -59    -95    -80   -100    -38    -63   -105    -49    -29   -104   -133   -174 
   -77    -46    -53    -51    -49    -18    -27    -62    -32    -34    -82    -79   -156    -61    -67    -79 
   -81    194    -10    -43    -89   -108    -81   -105    -90   -114    -60   -118   -135   -101    175    725 
    61    -36    -88    -28   -163   -197   -145   -153   -173   -152    -91    -49    -32   -123    -89   -111 
   106   -175    583    -72   -104    435   2092    742   1043    439    868   1864   -186     -7    -63   2506 
   554    -53     -8   1254    254    -82   -112   1545   2458   -122    -19    -84     -1    624    508    744 
   549    632    160    450    740    -20    -69      0   -104   -134    -94   -114    -56    -80    -38    -44 
   193    -20   -169    -87    -24    -95   -111   -107   -102   -103   -131   -117   -109    -94   -127   -187 
   -94    -63    -87   -117   -126   -139   -156   -135   -111   -117   -109   -125   -169   -130   -107    -78 
   -92    -86   -104   -126   -130   -122   -131   -117    -97   -109    -82    -88    -19    -33    -38    -35 
   -36    -26    -25    -26    -25    -22    -17     -9    -10    -32    -39    -37    -36    -44    -34    -33 
   -33    -23    -10    -13    -13     -6    -26    -33    -45    -38    -43    -37    -28    -22    -14    -15 
   -25    -26     -8    -26    -35    -45    -43    -42    -27    -21     -6    -13    -22    -37    -25    -12 
   -19    -29    -35    -42    -29     -3      1     -8     -4    -11    -17    -21    -15    -20    -41    -39 
   -45    -27    -23     -4    -12    103     -3    -17    -26    -22    -22    -54    -48    -54    -72    -76 
   -69    -41    130     -1     71    -20    -22    -43    -50    -53    -44    -52    -63    -46    -34    -12 
    -5    -13    -33    -35    -27    -59    -47    -19    -11    -14     -5     -1     -6      5     -1    -11 
   -24    -13    -28    -22    -11     -4    -10     27     -1     -4    365    443     83     -6    -11    -23 
   -17    -12    -15    -13    -12    -10    -13    156    132     -1     12     -8    -13     -5     -5     -9 
   -11     -6     -3     50    156    143     22     48     -4     -7     -5     -6    -15    -11    -11     -9 
    -2     81     68     -4     -1   1127    997   1383   1063    975    969    886    895    783    940    737 
   601    959   1318   1122   1716   1687   1634   1478   1418   1324    816   1035   1291   1037   1272   1391 
  1420   2084   1566   1929   1955   1774   1465   1364   1400   1149    560   1126    697    634   1112    980 
  1171   1389   1676    804   1226   1492   1113    671    974    795    427   1097    338    442    223   1168 
   873    994   1042   1031    682    751    404    -43    -37    -20    -18    -88   -108    -44     -9     -1 
   -74    -34    595    240   -128    -89    -72   -117   -179    -63   -136   -105    684   -105    -24    487 
   517   -156    603    -34    -49    -67    929    235    -38     -8    -48    830    924    594    142    747 
   -10    -15    319    833    427    -89   -204    -55    403    730    494    122    -31    -12    -10     81 
   110     -6   -145   -354   -212    -78    518    474     -8    -39    -21    -27    -29    -33    -23     -3 
   -33    175    139    780    294    -28    -57    -40    -56    -71    -75    -58    -47    -42    -26    -42 
   614    215    -47   -110   -106   -112   -105    -93    -82    -86    -99    -81    -72    418   1027   1102 
  1253   1052    864    683    869    719    547    487    421    308    565    859    796   1050    990    682 
   749    492    396    195    655    729    193    375    859    754   1021    866    583    710    692    897 
   738   1011    804    285    402   1020    882    872    236    536     92    350    269    789    947    736 
   387    589    584    457    452    401     -8    -29    -26    -71    -59    -33    -14    414    715    487 
   -14    -22     -6    -56    -99    -63    -19   -123   -173   -140     -9    529    947     40      6    235 
    44    -70    -46   -102    -96    -46   -120    224    427    936    -34    579    737    682    206    -47 
  -134    -76    -93    -44    570    350    491     -9    -13     32    -10    275     -7    -61    -86   -123 
  -111    -20     93    634    499    250    159    186    367     -5   -105   -241   -302   -259   -154    -18 
   737    885    974    869    812    661    256    -10    -76    -93   -109    -97     -1    266    306    343 
   494    469    380    225    128     -2    -15    -25    -47      7    346    425    544    684    766    716 
   668    658    668    448    250     55    376    -68    -74    -93    -52    -48    -65    -81    -96   -116 
   -95    -64    -56     -8    -96   -118   -136   -107    -92    -86    -99    -63   -141    -93      0    357 
   307    -78    -82    -69    -78   -116    -64    -93    -28    -18    -47    -27    375    -16    -79   -124 
  -118   -127   -184   -156   -164   -124    -88    -79    -63    -21    -65    -42    -46    -52    -82    -82 
   -89    -11    -20    -47    -79    -54    -32    -66    -17    777    -60    -62    170   1490    419    178 
  -100   -132    -64    -98    -70    171   2370    848    292    -46    155    904    100    -89   1828   2580 
    -7    397    832   1642   1091   1300    432    737    733    -14    -73   2654   4175    990    952   1472 
  2643   1621   1752   2453   3231   1746    283   -251   -475   -283    -55   1516    638   1794   1173    572 
   929   1412   1209    255   -139   -443   -283     67    819    -58    396    597     -8     -3      0    493 
   302   1027    -55    -10    922    375    -49    438    433     -1    -41    -36    -33    -21     -6     88 
   338    766    -13      0    553    247    119    -20     -4    -13    -28    -49    -32    -25    113    -18 
   530    237    175    276    373    399    496    551    359    378    169    140    512    389     -2    -32 
   -25    -14     -4     89     56     43    139     13     14    273    557    202     -6     -1    252     -7 
   -13     -6    233    155      6     -3    243    351     93    -48    -15     25    -19    -73    -18    396 
   202     -9    -15     85    169    -31    -64    -49    -69    -51    -30     15    335    182     69    253 
   452     68    -62    -85    -93   -139   -148    -96    -59    -55    -58    -26    -20    223    -32    -82 
   -15    -38    -90    -90   -160   -199   -191   -147    -25    -20     12    316    756   1168    606    -17 
   -27    -29    -55    -59     -9    236    -13    146    909    984   1268   1050    713    430    443    -16 
   -54    -80    -96   -137     -5    965   1191   1072    684    159     -5    -26    -38    -89   -143   -130 
  -100    447    668    779    723    356    -15    -61    -68    -51    -50    -65    -40    -20    420    435 
   392    372     -6    -45    -79    -69    -46    -21     73    231    212    473    535    476    376     42 
   -16    -26    -25    -27    -17     -1    128    251    491    844    663    868    837    527    155    489 
   482      0    230    376    331    748    904    825    920    798    397    161    549    519    -31     -6 
   182    -10    642    936    672    989    584    180     -1    391    391    -49    -19      6    -36    481 
   783    298    788    657    264     96    519    384    -47    -70      7    -41    349    793    293    950 
   827    218    392    451    617    116    -41    -10    -36    351   1008     70    335    827    388    -22 
   -11     -8    -92   -116   -120    -89    293   1404    -49    -49    398    406    -44    -15     -3     90 
   -40   -172   -136    335   1605     -9    -39     -6    -15    -40    -32    -87      0   -116   -236   -153 
   311   1272    389    501    328    262    -17      0    -47    -37   -168    -89    -30    306   1333   1118 
   704    803    759    -24    -32    -98   -145   -179   -108    -98    284   1278   1121    932   1055    960 
   -62   -109   -111   -154   -210    -76    -59    408    947    799    654    889    721    -81    -90    -93 
  -151   -163    -33    -26    611    780    924    969   1176    990    -14    -10    -11    -74    -71    273 
   315    894     13    -24    -44    -34    -16    -21     -1     -2     83    -20     -3     -3      3    -30 
   -80    -87    -44    -34    -60    -32    -36    -35    -87    -52    -40    -29    -16    -50    -73    -46 
   -49    -31    -27    -14    -29    -57    -11    -11    -19     -6    -31    -54    -26    -28     -2    -16 
    -5    -22    -28     -3    -21    -14     55    -19    -52    -30    -25    -35    -44    -36    -50    -31 
   -10     -4    210    -28    -44    -40    -13    -17    -25    -44     -5    -60    -78    -45    127    218 
    51     50    -49    -21    -19    -49    -24    572    -66    -42    -29    218    350     -2    -47    -74 
   -53    -49    -61    -33    280    -52    -62    -59     -3    505     -5     63    -32    -35    -23    -10 
    14    434    549    165     74    186    368     71    -11    -37    -56    -41    -30    -21    144    -17 
   -95    -79    125    384    143    -30    -51    -52    -38    -29    -42    -34    -62    -78    -40    120 
   392    233    -29    -49    -57    -53    -38    -45    -32    -34    -21      9    214    318    158    -22 
   -31    -32    -26     -3    -12    -11    -13     -7     85     91    152    569    331    362    664    565 
   517    404    537    473    349    353    247    521    -32   -107   -117    -75    -65    -49    -67    -69 
   -51    -76    -61    -70     -7    -11   -116   -147   -125    -80   -105   -108   -119    -89   -108   -101 
  -107    -46     -8    -99   -138    -90    -17    -70    -91   -159   -111   -100    -85   -115    -64    -21 
  -103   -166   -136   -128   -150   -135   -153   -135   -110    -71    -80    -35    250    -79    -98    -65 
   -39   -137   -123   -148   -193   -185   -115    -88     -8    189   -117   -128    -99   -121   -203   -248 
  -343   -321   -300   -218   -201    -58    -44    -95   -127    -71    -56    -90    -97   -157   -214   -363 
  -318   -257     -3    169    112     -7    175    771    485    471    -53   -150   -264   -303   -210    209 
   757    942    945    508    859   1212    819     -4    -59   -102   -146    -50    745    463    460    682 
   569    709    793    583    658   1207   1660    929    990   1240    462     53    196    313    830    908 
   795    766   1091   1189    775    886   1264    762    741    946    871   1013    987   1003    775    935 
  1088    977   1290   1367    170    -31    -56    -36    -28    -49    -21    175    340    196    172      5 
    70    -63   -129   -136   -125    -95   -122    -99    -58    -10    -26    -79    -83    -19    -70   -132 
  -136    -76    -63    -98    -96    -52    -20    -48   -114    -98    -34    -76   -134   -191   -117   -106 
  -101    -80    -15     -7    -46   -133   -135    -46    -23    -62    -91    -65    -79    -59   -112    -97 
  -105   -118   -137   -124    -26    -55   -129   -131   -108   -158   -178   -258   -277   -342   -319   -252 
  -154    131    -86    -92    -50    -76   -144   -177   -221   -229   -248   -329   -250   -115    148    -61 
   -55    100    -18    -93   -139   -165   -192   -280   -475   -352   -107     -3     -2     76   1427    975 
   205    -11    558    232    -28   -162    -98    480      0    505    690   1113    634    470    516    408 
   161    378    -43    -91     -5      9     -6    169    270    164    633    810    274    189    572    322 
   -15    -33     -2    -23    -31    -39    -37     20    204     -6     70     87    -10    -20     -7    284 
   -37    -72    -89   -102    -95    -81    -81    -69    -62    -76    -78    -69     -8   -144   -239   -215 
  -170   -169   -189   -145   -124   -118   -137   -143   -147    -91   -153   -272   -235   -167   -122   -155 
  -143   -147   -141   -127   -100   -114    -97   -170   -336   -353   -273   -212   -236   -247   -225   -179 
  -184   -177   -202   -170   -151   -337   -354   -316   -282   -317   -331   -301   -262   -259   -216   -213 
  -168   -133   -250   -262   -278   -252   -272   -285   -265   -281   -306   -240   -220   -135   -108   -206 
  -232   -303   -240   -249   -279   -285   -249   -271   -219   -228   -128   -161   -196   -204   -301   -316 
  -328   -358   -313   -297   -286   -185   -178   -102   -261   -218   -219   -212   -191   -243   -270   -209 
  -232   -358   -238   -160    -39   -127   -137    -82    -75    -59   -124    -86    -55   -131   -185    -61 
   -28    -21     -8    -33    950    605    471    144    270   1049    910   1947   1730   1262    145     -8 
    -2    356    484    192    -31    -20    325    509    824   1028    736    164     65    216    432    696 
   703    378    368    525    201    443    641    503    222   1035   1171   1561   1564   1532   1086   1001 
  1045    841   1134   1371   1364    771    -89   -114   -104   -117   -139   -128   -143   -150   -150   -129 
  -120   -110    -97   -126   -121    -92   -107   -121   -121   -137   -119   -133   -118    -93   -112   -115 
  -106    -88    -93    -82   -101   -123   -159   -123   -133   -100    -64    -74    -85    -63    -45    -56 
   -41    -45    -51    -95   -114   -122    -48    -53    -70    -67    -57    -80    -96    -91    -78    -61 
   -77    -67    -72    -36    -31    -36    -41    -17    -45    -64    -77    -77    -75    -79    -45    -11 
    52    -32    -17    -14    -71   -102   -124    -64    -84   -105   -179   -156    -93   -145   -164   -109 
   -55   -168   -153   -153   -100   -119   -124   -171   -150   -131   -187   -175   -175    -92   -178   -155 
  -122    -95   -116   -160   -145   -142   -131    199    339   -175   -123   -105    -90    -56    -63    -85 
  -135   -115   -135    -42   2035   1297   -130   -102    -97    -88    -67    -68    -80   -121   -129   -159 
   -94    206    -21   -115    -81   -106   -110    -90    -85   -107   -147   -162   -175   -106    -77    -76 
   -95    -65    -86    -73    -62    -75    -75   -106   -104   -101    -68    -54    -61    -75    -40   -111 
  -178   -180   -184   -179   -164   -174   -166   -199   -165   -178   -170   -145   -129   -192   -197   -199 
  -208   -185   -170   -164   -184   -132   -114   -141   -135   -161   -248   -230   -232   -223   -200   -209 
  -178   -160   -125    -95   -134   -131   -174   -261   -257   -238   -236   -196   -208   -178   -143    -97 
  -123   -164   -163    -98   -177   -166   -151   -148   -130   -106    -94    -89    -41    -90   -130   -143 
   -95   -163   -171   -139   -164   -241   -277   -287   -241   -193   -149   -138   -109   -103   -161   -166 
  -109   -105   -138   -143   -172   -153   -116   -126   -140    -92     32    -48    -21    -18    -14    -66 
    -1    176    276    927    -21    -51    -77     -9     20    -49    -73    -86   -100    -86    -37    890 
  2787   2738   1347    -44    -91    -98   -118   -107   -152   -144   -123    -44     -4    580    984    -17 
   -81   -108   -107    -67    -64    -87   -105   -107    -77    -72    -63    -40    -95   -103    -99   -103 
   -56    -83   -101   -132   -140   -131   -115    -99    -93   -129   -118   -117   -147   -139   -144   -151 
  -160   -155   -154   -146   -154   -145   -163   -140    870    765    830    645    667    725    717    744 
   611    469    706    687    912   1479   1393   1312   1020   1098   1188   1204   1196   1021    757   1206 
  1297   1371   1437   1482   1219   1031   1091   1495   1733   1606   1247    957   1010   1166   1150   1296 
  1245   1167    964   1156   1668   2041   1971   1509   1136   1072   1093   1012   1317   1498   1279   1482 
  1563   1965   1938   2253   1863   1599   1380   1149   1044   1314   1878   1791   1840   2053   2045   1489 
  1538   1252   1610   1213    517    848   1317   1923   1358   1537   1601   1453    987   1037    771   1465 
  1121    359    989    972   1457    938    837    831    731    367    329    318    717   1145    592   1055 
   262    294    -16     22    190     64    -25     -5    -41    -69     24    426   1006    169    -13    -54 
   -25      0    -27    -51    -53   -107   -183   -109     -9    411    135    -35    -82    -60    -46    -74 
   -74    -69    -88   -171   -120    -42    303    209    -16    -60    -61    -57    -63    -57    -50    -57 
   -79    -71    -31    232    309    201     -7    -11     -5     -8     -5     -7    -10    -24    -11     15 
   308    -51    -65    -68    -79    -93   -119    -71    -88   -126   -117    -96    -65    -77    -22    -24 
   -43    -49    -72   -119    -76    -74   -120   -133   -117   -111    -97    -43    -40    -31    -61   -104 
  -120    -86    -75   -141   -171   -123   -121   -112    -40    -29     -1    -15    -52    -63    -47    -73 
  -182   -212   -118   -101    -91    -21     -1     96    -10    -33     20     65    -17   -153   -153    -94 
  -101    -80    -12    127    150     39    -47    -19    -27    -32   -118   -130   -107    -95    -58    -21 
    29    498    251     -3    349    275     -4    -73    -87   -133    -86    -74    160    631    437     -9 
    83      0    -75    -97   -114   -163   -271   -228   -122     77    291     -3    -51    -54    -41    -66 
   -78    -84    -82    -39    -92   -110    -45    122    274     39    -26    -67    -55    -46    -72   -109 
   260    -38   -115     -2    329    349    503    268    -95    -99   -107   -213   -237    -47    -50    -83 
    63    577    635    946    706    -62    -65    -76   -165   -170    -48    -45    -55    -29    -21    -10 
   214    145    -82    -77    -71   -135   -139    -57    -55    -62    616    849    861    600    684    888 
   629    244     37      0     75    170    194    483    812    625    499    355    603    526     17    -15 
   -11    135     87     33    272    528    486    397      9    -26      9     26    156    376    218     -7 
   -12    318    743    780    793    721   1260   1305    678    385    406    262    274     78    409    522 
   513    570   1009   1563   1464    567    134     -3     -6    -25     -9    -11    230    207     -6   1005 
  1482   1814    906    310    741     81    -23    -47   -109    -35    -74    -31    427   1127    253    -18 
   -15    478    620    -70    -74    -67    366    -55    -43    -58     18    -62    -22    962   3264   3294 
   646    -39    -42    -58    -78    -21    -29    -34    -29    -20    759    955    728     -6    -35    390 
   100     -9    -15     -9    -10    318    192    694   1395   1036    132     -9    194    522    506    676 
   148    182    389    314     99    515    100    -12    -12    339    434    118    329    362    363    548 
   428    468    327    412    613    243    511    677    569    818    959   1114   1070    904    695    488 
   546    843    495    604    918   1058   1060   1219   1168    896    776    935   1086   1219   1053    852 
   655   1240   1387   1325   1281   1281   1114   1114   1260   1316   1304   1105    904    329    822    984 
   911    746    715    695    679    654    690   1007   1041    895    187    654    959    951    930    844 
   900   1137    938    781    893    816    762    600   1074   1202   1166   1433   1525   1301   1102   1270 
  1284   1197    824    570    347    692    897    993    712    847   1121   1158   1352   1223   1299   1237 
   793     -7     96    533    992   1128   1308   1510   1789   1479    305     -8    443    681    584    557 
   955   1061   1114    756    828    735    240    -18    -63     -6    546    520    617   1331   1437   1347 
  1196   1169   1268   1033    892    649    775    640    181    453    901   1080   1107   1221   1321   1153 
  1125   1257    992    501    413    114    313    476    532    588    839   1018    827    550    469    406 
   154    163    531    822    960    899    909    979   1002   1017    808    919    896    699    639    717 
  1159   1336   1357   1353   1408   1431   1421   1345   1367   1392   1084    828   1210   1547   1439   1372 
  1568   1486   1281   1231   1392   1450   1429   1556   1234   1031    997    878    607    740    551    657 
   479    535    691    880   1346   1053    862    958    766    365    509    477   1057   1126   1115    927 
   878   1161    807    345    231    467    168      2    -12    120    435    458    573    441    929    875 
   358     30    156    -10    -22    -47    -30    -23     -2    249    485    556    580    242     -7     -2 
   -46   -111   -109    -87    -35     81    370    839    665    700    -56   -103    -54    -58   -122   -158 
  -140   -145   -205   -263   -158    -26    638    -50   -186   -145    -75   -126   -194   -151    -95   -214 
  -414   -354    -94    386     -6   -107    -89    -53    -83   -115    -68    -34   -151   -338   -278    -71 
   467     -6    -57    -90    -89    -80    -85    -51    -49   -205   -391   -307    -93    141    -25    -81 
  -128   -148   -133   -121   -113    -86   -134   -206   -145    -47    145     -3    -33    -80   -101    -96 
  -107   -107   -100    -94    -95    -77    -23    108    -24    -55    -86    -88    -78    -84    -94   -102 
  -101   -101    -82    -58    -16    798     -8    -53    -84    -46    -27    -47    -52    -12    -24    -29 
   -12    441    892    -18    -82   -111    -48    -41    -34    -46     -8    -63    -21     -8    399    959 
   218    -59    -81    -74    -49    -14    -37    -43    -77    -10     50    559   1090    370    -84    -72 
   -73    -55    -59    -82   -116   -104    -34     47    498   1127    422    -70    -52    -63    -24    -42 
   132    -21     -3    364    594   1101   1261    359    -51    -39    -85    -47    -23    108    -22    327 
   440    651   1228    128    -77    -75    -72   -174   -180   -199   -146   -252   -295   -189    -76    941 
   -11    -96    -98    -34   -155   -199   -214   -203   -388   -472   -302   -109    841    436   -109    -80 
    -2    -42    -81    -22    -27   -108   -308   -156    130   1122    970     -8    -23    143    -15    -48 
   -20     -9   -116   -225    -55    668   1358   1504    847    758    558    142    -26     -9    276     -3 
   -14    754   1424   1588   1749   1435   1300    856    551    122    354    598    887   1087   1565   1661 
  1438   1594   1537   1444   1157    856    633    818    825   1101   1310   1706   1705   1252    460    529 
   660    685    719    787    671    795    675    772    712    667    919    -34    -72    -55    -25    -34 
   -21    -36    -21    -48    -27    -25    -29    282    -41    -72    -59    -18    -17      8    -24    -27 
   -33    -41    -35    -22    265    -37    -66    -23    199    438    307    188     44    231    351     32 
    -4    203     54    -36     -3    312    544    313    218    161    233    216    173     -3    324    184 
    22     -9    145    577    331    -14    -14    -30    -63     11    -25    512     -8     85    -20    167 
   -19    -72    -76   -122   -131   -135    -83    -55    724    -20    -51    -22    191    -18    -74    -42 
   -16    -11    -96    -98     -7    988    291    662    462    744    533     67    346    731   1023    656 
   861    901    997    190    589    594   1224   1242   1142    907   1150   1017    476    290    695    970 
   398    599    559    845   1121   1354   1226   1378   1353   1087    908   1186   1098    496    766    836 
   935   1260   1412   1313   1381   1385   1318   1369   1367   1244    763   1026   1100   1273   1486   1530 
  1411   1304   1345   1403   1460   1270   1200    -58   -109   -122    -56    -48    -88    -61   -109    -62 
  -145    -80    -54    -29    -53   -103   -118    -17    -23   -120    -19    -77    -16   -147    -77    -56 
   223    -59   -105   -131    -20    -35    -98    -21    -57    -38   -126    -44    -12    251    -48    -86 
  -146    -58   -113    -86    -51     -5   -108   -116    -55    -25    266    -34    -43   -148    -78    -86 
   -81   -103    -28    -88    -86    -73    -47    342   -151   -102   -132   -111    -98    -73   -122    -70 
  -203   -155   -186    -65     67    -89    394   -138    -90    697    922    -96   1545   -160    882    -92 
   -97    -26    -17   1596   -195   -127     79    982    -99    424    -96   3068    -90   -116     -8   -109 
   266    -58    -74    -17      5    -32    -60   -134    -20   -334   -150     -4    -87    -56   -105   -119 
   -58    -38    -53    -27    -39    -79   -257    -42    277    -77    -65    -79    -58    -22     -6    -45 
   -24    -44   -123   -107    521    327    -70    -87    -99    -62    -63    -27    -55    -47    -43   -104 
   -70    130     27    -46    -56    -64    -50    -67    -46    -64    -56    -52    -71    -48     -2    -15 
   -47    -56    -66    -28    -26    -25    -13    -13    -36    -40    -33    140    209      9    331    400 
   724    669    496    703    697   1198    670    740    931    693     63    305    513   1461   1556   1313 
  1467    984   1196    649    142    279    118    120    230    248   1201   1268   1152   1396   1004    728 
   819    491    466      4    291    901    943   1535   2022   1958   1117    951    829   1097    957    994 
   639    698   1232   1207   1624   2447   2396   1707    286    -48    567   1521    899    747    804   1801 
  1331   1377   2314   2204   1119    297    105   1860   2832   1659    674    689   2257   1191    906   1148 
  2077    743    232   1321   2695   3130   1401    -13    204    934    543    116    -13    745    430    -60 
   -12   -120   -136    -43    -50    -19    306     -8    -25    -10     14    -54    -92    -44   -251   -268 
   -87    -50    -14    125    -17    -26     -6    -16    -44    -50    -12   -101   -102    -20    -11    -45 
   -20    -24    -24    -20    -13    -21    -30    -37    -76    -68    -21    -26    -32    -15    -19     -1 
   153    124    106     44     60    -26    -29     65    -10     -5    -47    -57    -41    -39      0    240 
   168     -5     99    256    350    797    403    -11    361    218     81    761    947    763    534    162 
     1    -15    475    577     59    -11    -17    -35    848   1188   1453   1029    643      4     -7    684 
  1067    514    100     -3    -41    908   1639   2642   1931   1359    739    288   1018    836    712   1094 
  1295    940   1437   2210   2938   3032   2462   2240   1472   1758    813   1010   1228   1315    955    178 
   641   1584   2049   3274   2886   1765   1921    381    144    450    573    -79   -237   -168    -40    671 
   557    108   1188   1858    -80   -167    -29    736    -15   -140     88   1160   2529   1247    -13   2264 
  1521    -27   -176   -131   -105    -94    -68    731   1381   1823    348   1602   2580    906     17    -36 
   -66    -44    -25    433   1456   1939   2525   2044   3183   2194    887    397    170    -26    209    459 
  1042   1652   1743   2263   1658   1948   1251    819    -10    -17    -37     55    230    398    674    469 
   245     72     86    -32    114    910    826    491    454    488    483    512    515    593    737    713 
   625    754   -158   -156   -146   -139    -91    -99    -71    -81    -88   -126    -79    -77    -44   -153 
  -170   -134    -98    -70   -111    -53    -27    -64   -135    -53    -57     -4   -118   -142   -126    -47 
   -46    -98   -116    -29    -48   -102    -66    -62    -16   -106   -167   -142    -74    -53   -102    -89 
    -6    -76    -86    -39     50    -11   -109    -99   -112    -86    -68    -92    -52    133    -67   -104 
   -27    491    -45   -168    -95    -85    -65    -64    -87   -141    190   -155    -70    -10   1158    -33 
   -91     64    -43    128    587   -103    -92    336   -195   1830   -138   1362    -18    377   -129    -99 
   -13    721    157    -60    373    397   3480   -363   1082    264   -124    -45    372    -66     -8    -12 
    20     -4   1063   2042   -460    586    459   -168    -59    -95   -103    -80    -54   -102    -54   1590 
   965   -294    113    251   -121    -69   -121    -88    -96    -87   -126   -102    741     -9    -83    971 
     0   -125    -83    -79    -77   -100    -70   -101    -69    -30    -53     -3    411    -35   -133    -86 
   -79    -85   -102    -85   -102    -99    -88    -96    -20     96     19   1183   1478   1556   1183   1148 
  1334   1281   1606   1539   1697   1695   1616   1316    848   1167   1556    975   1005   1196   1247   1505 
  1164   1122   1394   1308   1204   1107   1710   1921   1541   1510   1548   1854   1833   1521   1109   1115 
  1338   1113   1501   2151   2351   2085   2443   2569   2717   2291   2235   1494   1445   1471   1092   1694 
  2412   2511   2349   2691   2982   2633   2561   2259   1686   1604   1667   1291   1704   2288   2308   2510 
  3004   2211   1907   1459   1168    680    888   1508   1223    956    816    916    418    -40   -123   -133 
  -131   -158   -128    -54    720   1119    -81   -110   -119    -51    -88   -110    -35    293    -28    -42 
   -36    126   1241    319     -1    -29    -37    -42    -75    114    775   1441   2790   2737   1739   1309 
   636    359    337    329    407    229    709   1170   2175   3180   2655   1970   1040    469    377    461 
   577    886    795    928    975   1304   1368   1348   1145    689    899   1066   1020    829    952    986 
  1021    884    811    676    815    741    581    744    761    843    707    790    870    984   1006    920 
   848    877    703    754    -18    -73   -123   -119   -125   -114    -90    -26    114    253    384    250 
   496    -26    -85   -102   -115    -98   -155   -125    -78    -11    -29    134    399    519    -23    -82 
  -166   -181   -148   -204   -171   -151   -104   -133    -93    -18     94    -63   -155   -230   -265   -258 
  -281   -268   -262   -249   -242   -225   -103     14    -48   -150   -185   -193   -261   -295   -310   -318 
  -333   -277   -231    -98    261   -137   -198   -186   -197   -293   -330   -414   -368   -414   -409   -263 
  -109    680   -110   -137    -94    -40    -66   -150   -232   -292   -341   -286   -198    -77    445   1356 
  1055    955   1506   1460    605    -91   -203   -221   -231   -163      8    474   2011   2680   2899   2816 
  2525   1857    816    -30    -88    -32    203    679    792   1133   1933   2442   2025   1777   1456    601 
   394     18    105    767    776    723    667    930   1167   1235   1004    665    108    -11     82    129 
   809   1098    889    787   1086   1411   1694   1564   1426   1215    933   1256   1391   1517   1860   1242 
   553    700   1305   1407   1339   1185   1213   1180   1414   1475   1368   1187    865    999    811    932 
   934    663    256    434    578    146     84    506    433    -10   1209    919    767    763    447     -9 
   302    278    -26    -20    410    341    -26   1035    791    801    862    406    209    636    272    -19 
   -20     14    134    -47    721    507    653    567    152     14    508    786    -36    -92    -15    147 
   -47    377     78    511    612     25    353    405    819     -8    -49     38    237    -29    411    118 
   714    598    -12    -33    -52   -122   -215   -164     -9    229    -37    338    -89    -26    -16    -84 
  -136   -124   -145   -158   -282   -214    -88    -56    367    -26    -41    -34    -85   -123   -144   -137 
  -223   -341   -291   -146    -74   1101    679    358    216    -29    -61    -91   -107   -103   -163   -208 
  -116    -65    845   1210   1229    978    706    -47    -94   -158   -207   -234   -169   -111    -68    779 
  1034   1032   1264    869    -95   -157   -157   -218   -210    -63    -63    -62    510    906    828   1186 
   913    -83   -102   -101   -172   -173    -42    -49    -62    509    787    846   1160   1074    -22    -23 
   -12    -83    -79    217     46    -24    778    719    714    361    355    313    501    343    125    186 
   180     46    398    617    600    486    -12    -22    -24      0     84    -48    -40    -67    -67    280 
   442    385    547     -4     -6     17    316    328    -18     -2    -22    -62    409    612    327    603 
   108     12    -11    400    409    -19    -14     -8    -67    199    586    165    571    102    -18    -64 
   -18      0    -45    -71    -29    -66    244    425    -20     30    -20    -37   -114    -86   -108   -110 
   -87    -89    -99     61    566    -42     -3    -24    -34    -86    303    228     39    -24    -82    -61 
   195   1222     -6    379     -6     -8   -103    178     55     -6    -10   -120    -22    538   1174    -56 
    -7     52     65    -47     87    276   1364    -25   -171    -34    548    935    578     20    191     -2 
   -23     -4    400   1774      4   -156    -64    650    982   1064    454    517    157    -20    -42    -23 
   149   -113   -108    -45    538    867   1255    555    361    143    -41    -49    -38    -66    -83    -29 
   -44    519    747   1045    627    560    178    -42    -38    -35    -83    -93    -35    -22    543    639 
   231    284    457    435    514    324     48    -12    -14     -4     -9    140    512    -14    -57    -46 
   -19    138     97    -15    -44    -33    -15    -14    186    549     -7    -72   -112    -82    -29    -10 
   -29    -51    112    285    255    335    647      1    -70   -127   -140    -87    -89    -57    -53     -3 
    -6     -7    276    198    -42   -105   -147   -143   -116    -97    -97    -73    -49    -40    -31    305 
   -21    -58    -98   -127    -86    -26    271    547    239    397     -5    -31    405     -6    436    -91 
   -27    797   1371    802   1159    305    756    709    -67    835    609   1500    612    930   1116    872 
  1052   1971   2002   3077   2998    842   1496   1004    947   1259   1285   1063    852    815   1540   2874 
  3664   3302   1961   1654    625    681   1037   1285   1338   1200   1369   1569   2499   3087   2767   1825 
  1375    807    776   1157   1466   1285   1065   1268   1049   1324   1422   1262   1166    957    845    622 
   765    920    739    365    490    661    998   1129    851    934    681    546    481    415    487    498 
   339    412    568    627    589    522    538    459   1135     -2     -4    -34     -6     -2    -13    -41 
   -35     -8     90    372    299    329   -177   -197   -225   -210   -189   -180   -174   -130    -92    -80 
   -72    -69    319   -139   -192   -188   -189   -158   -151   -119    -80    -66    -25    -54    -64    -11 
  -190   -255   -219   -229   -185   -160   -125   -108   -106    -52    -91   -108     78   -145   -247   -230 
  -207   -128   -124   -109    -95    -66    -60    -60    -76    529   -109   -113   -167   -194   -200   -172 
  -200   -181    -32    -21    -24    -74     -5   -121    -41    -61   -122    -80    -53    -51    -93   -157 
  -117    -55    -22    -26   -115    142    -15   -131   -135   -169   -286   -445   -466   -301    -53    -55 
   442   -153   -104    -55   -141   -123    -82   -132   -254   -411   -358    -99    -66    589   -124   -112 
   -86   -117   -107   -100   -176   -264   -370   -357   -179    -92    862    -84   -135   -127   -162   -130 
  -109   -111   -112   -118   -109    -96    -70    637   -100   -173   -212   -249   -238   -223   -159   -117 
   -95    -92   -119    -70    878    -27    -80   -115   -132   -125   -113    -83    -40    -10     30    -21 
    52   -129   -167   -135   -123   -132   -121    -90   -105   -118   -117   -127   -138   -103   -130   -168 
  -112   -109   -130   -101    -74    -82    -94    -83   -101   -129   -102   -113   -150    -89    -87   -102 
   -85    -73    -95    -84    -55    -65   -113    -90   -120   -154    -92   -123   -135   -117    -78   -103 
   -89    -57    -89   -149   -125   -110   -151   -104   -148   -166   -143    -97   -110    -97    -70    -82 
  -129   -135    -94   -186   -127   -145   -161   -191   -122   -167   -148   -132   -141   -158   -142    -65 
  -185   -108   -115   -144   -240   -200   -251   -162   -120   -137    -99   -119    -94   -184    -98    -87 
  -126   -188   -171   -202   -153    -94    -77    -41    -88   -130   -166    -94    -28    -42    -36    -51 
   -74    -85   -174    -66    -38   -120    -62   -109    -51    142    208    138     -4    -35    -49   -134 
   -15    -44   -120    -54    -77    -13    499    730    465    293    143    258     47    233    -48    -77 
   -64    -88    -41     23    287    240    315    233    313    290    132    -55    -71    -78   -101    -75 
   -30    -22    -14     -7    -16    -20    -27    -41    -74    -77    -74    -93    -94    -95   -109    -88 
   -80    -65    -62    -67    -76    -68    -62   -119   -174   -171   -168   -171   -158   -134    -96    -97 
   -79   -105    -80    -54   -176   -244   -229   -191   -190   -194   -152   -148   -138    -97   -101    -95 
   -61   -176   -225   -183   -164   -169   -192   -180   -157   -135    -91    -92    -99    -74   -150   -159 
  -158   -141   -190   -178   -190   -168   -123   -110   -110    -72    -56    -87   -115    -80    -54   -120 
  -161    -83    -41     -6    -59    -93    -64    -39     60    -22    180   1140   1053    939   1802   2394 
  2790    904    393    944    329    711    635   1153   1773   1871   1762   2036   2941   3560   2263   1484 
  2733   1267    877   1240   1489   1558   1759   1638   1711   2183   3009   2771   2027   2758   1260    612 
  1023   1275   1242   1204   1233   1215   1809   2481   1215    458   1572    769    174    265    241    242 
   196    283    289    560    737    119     34    321     39    -28    -47    -59    -66    -60    -53    -40 
   -20     -3    -15    -31    -22    -22    -24    -47    -59    -69    -58    -49    -45    -41    -39    -59 
   -61    -45    -42    322    642    349    128    218    208    349     29    212    217    -11    351    395 
   279    941    329    103    556    397    717     93    362    277    -43    279    469    289    930    465 
    29    449    490    780    275    603    414    -30    414    607    158    863    317     -8     74    626 
   592    435    818    324     -4    354    626    243   1006    405     70    180    531    486    561    880 
   241    381    221    762     59    895    532    426    343    774    625    281    899     -4    556     94 
   739     -3   1090    688    427    410   1200    870    821   1225    350   1681    150    776    181   1108 
   782    379    245    994   1010    513   1234     -2   1404     80    763    197    561    485     47     -7 
   388    593     76    128    -76    731    282    763    325    167    196     -9    -16     -4    166     11 
   -15    -66    -27    230    657    446    328    112    -10    -18    -11     -1     86     -1    -55    -47 
   207    585    450    507    346    100     -5    -10     -9     -8    -27    -31    -41     18    414    323 
   386    161     -6    -21    -23    -15    -18    -24    -27    -25     67    224    358    781    915    809 
   786    811    703    593    514    633    797    623    275    726   1372   1678   1447   1230   1393   1188 
  1108    909   1093   1456   1197    680    795   1437   1782   1439   1329   1509   1482   1456   1370   1393 
  1578   1305    801    738   1309   1765   1326   1451   1661   1648   1524   1579   1566   1766   1554    845 
   657   1122   1706   1320   1563   1699   1892   1691   1901   1777   1681   1519    671    580    987   1497 
  1148   1153    997   1532   1343   1682   1571   1327   1407    395    615    537   1450   1273    867    359 
   886    703   1269   1118    812   1464    346    612    186   1399   1426   1068    697   1283   1560   1995 
  1403   1166   1768    412    555    371    921    975    954    949   1184   1587   1655   1444   1640   1644 
   454    407    433    681    837    857    939   1272   1589   1471   1339   1551   1350    490    377    656 
   844    926    893    977   1219   1523   1483   1452   1588   1277    646    357    915   1184   1206   1155 
  1142   1328   1353   1187   1186   1248    883    434    269    626    866    851    856    816    830    794 
   655    708    735    480    193    -90    -28    -31    -33    -37    -13    -14    -23    -35    -30    -58 
   -68    -51    -72    -19    615    685    -14    216    551    445    -18     -2    -25    -65     -1    -98 
   -75    489    388    -24     79    304    569     94    207    -29    -81     73    -16    368   1618   1155 
  1041   1414   1506    846    836    687    658    678   1087    -15     -9    808    345     -3     -4    425 
   -57    -45    -58     -7    334    542    -60    -22    876    675    -57    -93    -89    -75    -89   -100 
    -5    646    377    -37    -95    236    809    186   -146   -175   -298   -219   -217   -100    -15     12 
   243   -162    -18    464    923    561    358    -86   -102   -232   -308    -91    -21    -23    332     -7 
   416    997   1169    806     -8    -65   -109    -59     -1     14    -32     15    -13    137    318    336 
    98    -19   -167   -275   -226   -109     -7    -58    -86    -75    -45    -32    -41    -44     54     58 
   103    -48    -77     -8   -105   -134   -115    -43    -19    -19    -22    -17    -41    -63    -71    -65 
    13    -60    -79    -66    -42    -26    -16    -15    -25    -36    -27    -28    -26      5    -43    -80 
   -84    -86    -89    -98   -101    -89    -98    -93   -100   -100    -59    -56   -107   -112   -108    -93 
   -99   -109   -112   -125   -124   -108   -106    -63    -45    -87   -116   -119   -120   -107   -130   -125 
  -117   -114   -118   -111    -72    -55   -114   -133   -128   -133   -133   -131   -165   -168   -162   -150 
  -121    -73    -64   -105   -135   -136   -170   -188   -189   -178   -193   -186   -161   -124    -65    -91 
  -133   -170   -165   -184   -199   -255   -252   -285   -268   -208   -151    -58    -75   -113   -148   -153 
  -189   -209   -228   -318   -351   -274   -189   -150    -52    -74   -121   -141   -130   -154   -144   -134 
  -127   -186   -249   -206   -146    -33    -52    -68   -100    -95   -121   -126   -120   -139   -183   -252 
  -237   -154    -44    -20    -35    -63    -74    -82    -79    -90    -85    -98   -113   -108    -70    -22 
    -8    -21    -40    -51    -60    -74    -80    -67    -51    -48    -49    -25     -6     31     -9    -22 
   -33    -32    -40    -53    -52    -42    -31    -25    -11     -3     45     -9    -22    -27    -30    -41 
   -44    -48    -45    -38    -30    -13     55    698    568    894   1069    797    816    980    655    395 
   480    675    614    503   1477   1753   1981   2175   2050   1942   1922   1166    801    452    983   1119 
   807   2040   2482   2339   2670   3091   2670   2756   2033   1725   1657   1571   1593    837   2189   2400 
  2308   3076   3070   3015   2871   3254   3117   2477   1650   1651   1236   1742   2308   2422   3460   3344 
  2933   2252   2595   2620   1838   1425   1930   1643   1308   1261   1671   2680   2715   1394    930    884 
   378    260    -40   1208   1571    278    -28    379    589      0    -48   -227   -203   -239   -233   -144 
   303    944    -76    -14    -89    -91   -118    -55   -124    -80   -202   -171    -20    -33    588    -57 
  -152   -148   -113    -99    -78    -50    -22   -142   -143   -234   -164    -33     33    -34    -42    -41 
   -29    -35    -45   -103    -73    -57   -212   -155    -69    -18    -36    -19    -41    -50    -38    -56 
  -109    -71    -36    -74    -58    -35    -33    -84    -74   -104   -142   -143   -144   -162   -145   -142 
  -134    -98    -49    -34    -60    -45    -67    -86    -86    -97   -103    -86    -81    -87    -59    -30 
   -13    -21    -27    -28    -44    -34    -33    -15    -27    -35    -35    -32    -36     -5     -9     -9 
   122    133    291    177    -12    -14    -15    -21    -40    -54     -5    222     -7    153     64    240 
   207     82     62    -11    -11    -26    -28    -17    310     -5    384     94    152     -5     59    110 
   -11    -15    -24    -37    -35    -16    -43    -23    -30    -26    -32    -34     -2    -44    -40    -36 
   -32    -47    -31    -47    -22    -52    -60    -68    -84    -85    -78    -73    -54    -36    -57    -46 
   -69    -29    -83    -35    -83    -52    -13    -65    -51     -2    -29    -95    -52    -48    -10    -23 
   345    253    556    768    402     -1    352    -44    -37    -24    -84    -57    -39    -22     -2    -34 
   -36    -64   -108    -61    -84    -44    -66    -64    -12    130    181    167     -5    -65    -52    -72 
   -69    -67    -43    -53    -56    -30    200    311    236    186     -2    150     -8    -27    -48    -63 
   -51    -48    -26     -7      0     70     18     -9    -26    -49    -51    -58    -24    -17    -29    -34 
   -33    -35    -31    -25    -12    -26    -39    -34    -38   1306   1782   1885   1916   1844   1816   1526 
  1270   1377   1305   1517   1514    841   1226   1748   1768   1873   2079   1928   1518   1436   1846   1730 
  1751   1407    885    579   1147   1336   1475   1585   1470   1413   1439   1752   1692   1477   1142    678 
   675   1636   1556   1877   1884   1798   1641   1446   1279   1521   1558   1208    686    260   1112   1058 
  1446   1183   1073    326    282    304    890   1002    340    408    -14    405    328    265     82    861 
   234    -21    159    907    812     58     32    -14   1075    609    558     59    347    -32    117    386 
   874    659     -9    404    117    534    408    359     -5     -9    -83    -25    -60   -195   -133     -9 
   606    611    864    833   1423   1097    590    217    446   -104   -275   -231    -58    578    711   1303 
  1907   1831   1472   1147    920    668    -26   -122   -134    -47    237    382    648   1121   1187    807 
   748    823    689    141     93    -36    -15     -2    224    130    404    506    419    437    583    786 
   984   1160    568    365     42    134     -9    198    423    541    536    578    728    886    838    454 
   285    114    -39    -39    -36    -13     -7    186      0    -45    -32    -16    -11    -40    -40    203 
   872    435    400    259    340    561    -32    -11     -4      0    -57    -39    552   1181    217     27 
   -37    -54    -50   -105    -31     -1    290    -26    -13    556   1343    316    -32   -186   -142    -93 
  -101    -38     -6    397    393    785    -33    -35    -88   -150   -241   -269   -174   -186   -169   -134 
  -104    -59    168    -26   -103    -77   -100   -181   -157   -152    -65    -62    -65    -71     -1    288 
   -60   -228   -125    -60   -146    -90     -4    156   1104    -55   -121    315    -16     25   -171     -2 
    -6    -60    -62     26    -30    904    -42    -45   1754     99     12    -77    345    788    622    666 
   391    416    697    316    458    291    164    378    662   1261   1650   1573   1329    455     26   -101 
  -112    -41    -56     71    397    488   1028   1302   1045    854    446    224    -10    -24    -17     -9 
    -5     94    -22    385    714    767    862    764    794    872    615    494    113    102    454    606 
   845    775    596    793    781    934   1034   1233   1030    829    603    353     27     29      0     84 
   354     -4    -39    -71    -63    -63    -48    -25    -30   -117    -75    -62    -46    -11    -58   -103 
  -156   -161   -181   -145    -92    -61   -156   -123   -117   -116    -97    -88   -106   -140   -118    -94 
   -91    -22    -49   -152   -154   -182   -210   -185   -130    -94   -104   -117   -121   -113    -26    -70 
  -168   -193   -227   -278   -206   -189   -147   -143   -117   -146   -148    -72    -53   -121   -187   -164 
  -220   -138   -119    -70   -155   -131   -197   -175    -85    482    -46    -60    -52   -108    -74    -20 
   -62    -40    -12   -137   -106    -89     -4    -50    521    244    119    -22     34   -124   -235   -308 
  -317   -223    -95    222     -6     35    391    789    688    463    -14   -158   -306   -226   -221    -58 
   -62    -77    -82     -1    424    472    381    -25   -161   -327   -255   -221    -46    -40    -43    -76 
   -30    102    472    703    471    114    -99   -113    -83     69    -60    -47    -27    385    833    702 
   821    916   1136    845    644    269    455    -13    -18    -47    -27    -15    -30    -32    -20    -11 
   -16     -7    -23     25   1588   1728   1750   1726   1615   1377   1340    993   1031    771   1080    756 
   957   1720   1959   2137   2049   1927   1373   1339    907    700    514   1288   1059   1206   1953   2333 
  2357   2000   1886   1549   1072    957   1474   1601   1724   1209   1166   1510   1695   1664   1469    998 
   877    757    785   1195   1331   1234   1023   1417   1544   1289   1693   1542    950    319    892   1147 
  1041   1095    923    741    888   1710   1281   1525   1155    929    933    867   1095   1214    743    549 
   582    799    958    665   1094    866    -23    -36    -54   -129   -215    -89    -81    212    645    686 
   -34    596   1324    806    665    721    367    -90   -169   -191    -39    625    925    433    587    461 
   404    673    351    -29   -147   -175   -133    -33    684    596    234    198    554    668    831    815 
   691    807    930    955    928    871    620    143    448    896    885    917    935    883   1293   1426 
  1323   1255   1167    922    558    912   1197   1262   1538   1586   1403   1575   1460   1161    860    953 
  1224    740    897    790    869    833    795    752    943   1053    997    798   1161    568    299     62 
   102    209    353    173    272    341    504    244    268    472    -89   -166   -174   -159   -148   -122 
  -105    -76    -70    -79   -103    -90    -20    -88   -165   -183   -153   -132   -101    -77    -67    -67 
   -60    -77    -62    -15    -86   -152   -192   -156   -116   -106    -91    -93   -107   -106   -134   -135 
   -82    -47   -139   -173   -165   -144   -135   -160   -146   -132   -112   -131   -144    -61    -46   -123 
  -142   -142   -101   -101   -152   -179   -169   -115   -107   -140    -62    -26   -101   -146   -160   -122 
   -99   -122   -123   -141   -109    -43   -147    -66    -65    -44    -97   -128   -152   -136   -149   -156 
  -131     -7    268   -154    -53   -100   -115   -141   -123   -126   -126   -122   -100   -122    -76    -77 
  -187    -54    -80   -116   -123   -102    -97   -100   -110    -92   -148   -137   -114   -158    -55    -56 
   -97    -76    -69    -56    -57    -70    -95   -107   -117   -115   -128    -39    -17    -56    -38    -53 
   -50    -37    -41    -41    -30    -37    -43    -70    -19    145    -25    -21    -24    -24    -13    -15 
    -8    -10    -22    -33    -39     43   1275   1420   1463   1381   1417   1599   1681   1265   1412   1382 
  1692   1304    964   1625   1778   2014   2040   2145   2083   2079   1481   1317    715    971    792    745 
  1602   1948   1953   2215   2507   2161   2141   2087   1858   1149   1455   1195    826   1458   1539   1677 
  2518   2204   2580   2421   2582   2295   1653   1555   1130    966   1468   1677   1596   2510   2012   1771 
  1818   2318   2174   1784   1820   1642   1051    954    808   1270   1863   1275    456    925   1344   1154 
  1249   1130   1893   1504    186    -36   1472   1205    -12    -97   -111   -108   -225   -244    -73   2582 
  1341    290   -115    567    736    -44   -144    -26    526     -3   -102     58   3979   1618    555   -214 
   -75    -19    -35   -130    -87    -30    -20   -192   -202   1821    957    208   -108   -124   -116   -107 
  -117    -92    -86    -34   -173   -224    -17     81    181    -70   -119   -111    -95    -85    -92   -122 
  -111   -206   -230   -136    -66    496     -3    -37    -50    -70    -73    -80   -104   -100   -112   -114 
   -70    -54      0    -62    -62    -81    -95    -95    -94    -96    -87    -95    -98    -87    -69    334 
    95     -1     -6     -1     13    162    209    375    323     44     39    461     49    -26    -15     -9 
   -27    -15    -11    -29    -39    -10    -24    -45    337     -9    -33    -15    -14    -34    -18     -1 
   -14    -55    -23    -12    -40    385     73     -8    140     98     53    151     54    -17    -24     -3 
    31    -26    420    337    108    381    250    157    210    295    -23    -12    191    375    131    572 
   283    -15    230    322    199     -8    309    359    251      9     72    335    714    632    255    263 
   356    354    -15    119    -24     -3    142    -23    499    576    745    -61    204    159    -37   -118 
   -32    -78     -8    -83   -108    958    633    216   -127    -68    -52    -63    -72    -35     31    735 
  -141   -129    541    610     36    -59   -104    -97    -96    -69    -43    -22    -12   -168   -139    -41 
   369    338    -17    -54    -58    -48    -37    -31    -30    -24    -79    -58    -29    431    354      0 
   -28    -35    -25    -19    -15    -20    -12    -19     72    107    617     62    -13    -33    -37    -31 
   -26    -26    -30    -32    -27     -7    -12    341   1301    591    433    238    309    280    254    489 
   420    520    306    416    984   1176      4     -4    -31     -8     -7     -4    120     -6     82     -7 
    21    730   1009     -8    -19    -43    -39    -37    -10    -16    -45    -30    -30    -19    676    962 
    -7     -4    -41    -19    -55    -24    -67    -77    -50    -46    -19    609   1069    -22     -6    -36 
   -51    -82    -63    -74    -85    -54    -48    -29    552   1306    -30     -9    -26    -49   -107    -64 
  -102   -111    -77    -65    -26    637   1272    -91    -49    -40    -90   -177   -122   -167   -148   -150 
  -168    -40    756    443   -192   -125    -72   -127   -182    -83    -99   -146   -250   -275    -46    775 
   369   -169   -119    -89   -102   -112    -68    -56   -142   -288   -223    -35    696    923    -36    -61 
   -47    -53    -33    -39    -29    -81   -149    -66    -18    741   1062    -13    -33    -34    -32    -25 
   -24    -31    -48    -57    -12    -11    777   1223     96    -16    -32    -30    -31    -33    -27    -23 
   -21     94     43    954   1458    807    688    591    623    551    498    485    498    589    872    879 
  1438   1299   1737   1719   2206   2236   2053   1571   1083   1005   1111   1502   1404    926   1664   2307 
  2199   2670   2722   2385   2176   1993   1753   1773   2394   2184   1417   1678   2198   2258   2634   3075 
  2457   2741   2561   2550   2457   2513   1409    706   1502   1472    824   1435   1639   1721   2268   3161 
  3157   2689   2004   1605   1117   1486   1684    922   1649   1527   1564   1024   1480   1835   1919   1121 
  1034   1174    733    -32     -8    142    -53   -124    -98   -180    -96    -65    -70    195    686    -60 
  -259   -112   -130   -206   -297   -275   -186   -153   -349   -232    262    430    -73   -217   -145   -114 
  -195   -276   -219   -159    -78   -218   -233    -76    267   -140   -281   -195   -143   -153   -174   -161 
  -170   -191   -169   -283   -186    -24   -131   -155   -124   -124    -80   -108   -130   -210   -212   -147 
  -266   -238    -54    -73   -100    -63    -79    -53    -59    -91   -166   -183   -199   -217   -193    -67 
   -13    -53    -38    -55    -62    -65    -67    -57    -47    -34    -71    -87    -42    -83    -93    -70 
   -65    -50    -43    -43    -30    147    280    -32    -72    -47    155    197     19     -8    237     -1 
   -12    -19     -6     60    249    310     41    520    754    545    394    727    468    354    272    494 
   427    632    396     -4    258    267    183    260    523    272    303    226    215    164    380    208 
    -7    145    429    490    746   1066    704    740    810    673    311    490    474     97    130    310 
   266   1009    999    735    636    717    638    415    354    208     38    663    692    729   1097   1161 
   908   1130   1234    698   1252   1403    819     85    475    511    664    520    350    697    642    731 
   523    987    941    549     -1    258    750    513    -16     -4    612    468    897    894    187    224 
    13    -17     -1    223     67    -64   -123    -96    -77    -55    359    221    -13    -11    -43    -20 
   -32    -66    -58    -98    -89    -71    -44    806   1191     58    -59    -49    -25    -20    -42    -61 
   -75    -83    -76    -77    -25    142    -45   -113    -87    -30    -16    -41    -65    -74    -79    -96 
  -107    -97   -109   -110   -126    -90    -22    -12    -31    -56    -63    -59    -61    -66    -47    -55 
   -72    -74    -60   1157    831    892    702    689    795    430    353    355    842    805    578   1019 
   377    -10    156     -2    -28    437    234    774    -28    295    503    663   1160    121    -22      7 
   -25    -53    138    202    467    -12    -13     -4    548    954    243    -65     89     98    587    879 
  1063    238    342     11    -28    600    971    612    -33    411    483    770    234    856    596    744 
   523    360    710    903    743    516   1037   1488   1424    648      0   1017   1559    578    952   1163 
  1053   1315     -7    934    892      2   -155   -124   -221    -64     -1    750   1672    648   1264   -188 
    18   1333    611    -17   1040   1328   2194   -149   -142    667   1147   1487    257    801   1213   1642 
  1916   1808   1208    -54   -249   -172    -52    928   1616   1408   1271   1463   2253   2523   2385   2075 
   519    -60    -43     46   1253   1826   1891   2356   2465   2879   3072   2929   2276   1823   1494   1304 
  1154   1295   2035   2191   2578   2617   2943   3025   2920   2537   2382   2551   2318   1820   1545   1728 
  1777   1909   1971   2141   2285   2232   2031   1950   2162   2067   1880   2043   -105    -65    -80    -94 
   -90    -81    -88    -94   -102   -122   -105    -86    -89    -82    -19     -1     -7    -16    -43    -64 
   -46    -47    -45    -10    223    -10    -81     64    441    243     -4    -54    -67    -25     -8    -12 
    -2    150    -39   -108    -80    -59    -63    -89   -143   -117    -35     -9    -10    -31    -12    -60 
  -145   -141   -119   -109   -105    -72    -18    551    513    272    -17    -38    -73   -145   -101   -110 
  -128   -144    -87   -111     -9     79    136    420     -2    -54   -190   -109    -15     46    -31    -61 
  -101    -82   -111   -158    -68     -9    -27    -96     37   1362   1362   1001    728    134    -89   -162 
  -179    -31    249    -32    -18   1546   2331   1743   1213   1059    791    713    296    -42    799   1060 
   238    -64    879    936    740    508    278     89    615   1075    659    444    755    332    -79    205 
   204     -3    112     -4    -28    -18    -25     39    206    713     18    -91     -5     -1    -31    -30 
   -46    -54    -43    -46    -53    -45     11    -38   -100    -36    -50    -69    -69    -74    -82    -80 
   -88    -97    -81    -83    -99     -3    -27    -32    -30    -25    -26    -23    -18     -7     12     -7 
   -11     49     -9    -50    -63    -57    -51    -50    -47    -46    -28     -5     -9    -30    -11     -6 
   -49    -60    -71    -79    -74    -85    -70    -60    -45    -41    -38    -11     -1    -33    -39    -49 
   -53    -57    -58    -57    -65    -50    -25    -11    104    128     -9    -14    -32    -32    -34    -20 
   -26    -32    -24    -10     -4    120    388    172     73     -2    -26    -29     30    146     27    215 
   325    345    344     63    -41     -9    116    -13    -32    443     31    -46    -81    -87    -19    257 
    -3    -80    -19    104     31    -25    -17    -38    -88   -189   -174    -45    186    204     33    192 
   261    210    190    171     -5    -58   -144   -132    -33    305    407    318    336    361    364    336 
   252     23    -41    -71    -48     16    339     93     -4     -1     11     17     10     61     -3     -4 
    -3    176    209    274     90     -9    -19    -28    -27    -23    -24    -28    -28    -20     -4    133 
   299    331    305    241    129     68     -2     -5     -6     -4    124    292    354    441   1307   1809 
  1777   1947   1748   1606   1762   1705   1917   1591   1691   1660   1189   1022   1547   1805   2100   1806 
  1686   1878   1630   1507    978   1200   1453   1175   1396   2124   2574   3035   2683   2723   3048   3005 
  2744   2027   1549   1527   1181   1793   2699   2591   3110   3155   2704   2674   2420   2520   2351   1629 
  1356   1211   1172   1861   1562   2016   1484   1160   1171   1082   1341   1536   1245   1244   1465    700 
  1108    599   1200    545    -54   -108    -41    294    131    -79      0    867    204    -16    -78    -72 
  -140   -248   -355   -358   -241   -196   -243   -124     15   -142   -162   -154    -96   -188   -245   -284 
  -332   -304   -423   -364   -235    -52   -118   -173   -125    -59    -56    -87    -95   -122   -203   -432 
  -426   -332   -109    -56    -77    -71    -92    -76    -82   -107   -138   -249   -331   -309   -265    -64 
   -17    -41    -14    -54    -70    -72    -86    -90    -80    -55    -95    -96    -11    -21    -51    -38 
   -47    -60    -55    -74    -92    -74    -58    -76    -74    -12     -9    -57    -58    -66    -64    -60 
   -54    -58    -46    -43    -55    -41    -12    -30    -26    -19    -41    -33    -35    -28    -39    -34 
   -32    -35    -47    -65    -55    -58    -17    -33    -40    -58    -57    -65    -58    -56    -54    -58 
   -88    -74    -90    -25    -47    -51    -65    -67    -43    -52    -48    -41    -58    -85    -66    -85 
   -20    -40    -22    -61    -61    -35    -36    -23    -16    -22    -52    -43    -51    167    105     -8 
   -53    -72    -42    -69    -46    -40    -31    -73    -40    -37    -17    -18    -46    -56    -62    217 
    -5    -49    -70    -36    -68    -19    -32    -39    -35    -31    -74    -71    352    -15     12   -107 
   -65    -76    -49   -116    -92    -56    -51    -95    -99    -55    -56    -32   -124    -64    -66    -74 
   -70    -49    -30    -30    -60    -62    -25    -35    -12    -85    -34    -55    -87    -48    -35    -13 
   -25    -48    -60    -55   -101    -91   -129    -61    -50    -75    -42    -40    -32    -57    -73    -79 
   -68    -87    -57    -46    -37    -49    -54    -35    -41    -31    -49    -59    -70    -56    -43    -21 
   -12    -11    -37    -52    -36    -25    -16    -15    -23    -36    -50    -54    -45    -38    -30    -35 
   -50    -88    -80   -108   -101    -89    -58    -75    -76    -42    -76    -77    -56   -107   -198   -141 
  -138   -142    -66    -52    -48   -111    -89   -119   -124    -69   -146   -203   -112   -114    -90    -67 
   -81    -55   -105   -100   -121   -129    -58   -120   -189    -99   -120    -53    -79    -59    -74    -63 
  -104   -148   -168   -111    -63   -155    -88    -61     -3     92    148     -7    -10    -17    -27    -80 
   -63    -22    -68    -33    128    129    -60   -117   -242   -142     -4    -21    -26     29    -54   -123 
    -5    161    -98   -180   -220   -341   -329   -366   -320    -90    185    -33    -60    508    884    415 
   -45    -70    -47   -162   -368   -379    -99     -1    -21    -16    -23    709   1009    956    619     77 
   432    -24    -25    -50    -54    -39    -28    -29     -6    253    300     28    -51    -49    -53    -70 
  -125    -97    -47    -26      0    281    645    513    252    -10    120    370    147    -76    -74    -25 
   -19    -12    372    674    716    743    539    583    243     47    -53    -24    -14    -27    -24     55 
   384    553    755    801    786    413     67    -32    -34   -129    -80    -62    -49    -51    -81    -54 
   -84    -81    -87    -58    -50    -78    -93    -16    -30    -18    -46    -85    -61    -58    -19    -43 
    -5     -4    -44    -88    -33    -25    -23     -1    -35    -40    -61    -25    -45    -39    -57    -71 
   -88    -10    -20     14    108     -4    -10     -3     -4    -18     -6    -12    -33    -85    -35    -31 
   -16    147     90     39     -9     -3    -20      0     90    -26   -116    -47     -2    -33    -61    -43 
   -86   -131    -89    -47    248    428    -18   -134    107    591    363    599    404    -79   -124   -136 
   -45    128    287     -7    -23   1314   1284    707   1034    756    -30    -93    -46   1374   1535   1098 
   305    -40   1044   1603   1260   1136   1096    691     -6    -63    -38    296    979     58    -43    633 
   967    758    742    275     -3    -59   -103   -138   -109     -9    -33    -60    220    478    196    195 
    38    -22    -38    -70    -69    -45     91    -15    -89    -14    103     86     70     41     55     14 
    -6     -9     -4     97    -31   -114    -50    -15     -4     12    -10    -10    -18    -30    -30    -30 
   -26    -66    -43    -36    -32    -55    -70    -65    -57    -72    -75    -63    -60    -79    -71    -33 
   -24    -18    -47    -76    -71    -45    -29    -54    -43    -35    -53    -38    -45    -46    -22    -55 
   -86   -107    -50    -17    -62    -66    -42    -29     -7    -67    -73    -39    -61    -93   -120    -66 
   -43    -83    -95    -70    -38     -2    -73    -75    -54    -56    -69    -95    -65    -50    -61    -60 
   -60    -48    -19    -53    -75    -52    -53    -81   -170   -139    -74    -48    -36    -98    -86    -35 
   -37   -113    -72    -44    -55   -132   -112    -19    344    -33   -168   -127    -36    -13    -52    -36 
   -17    -51    -92    -58    -13    745    217   -160   -129    -35    250    -46    -41    -10    -21    -56 
   -56    -24    526    -38   -183   -133    -16     -1     43    -22    -14    -12    -39    -61    -56    -13 
   -64   -149   -133     -1     -7    129     -8    -17    -21    -53    -72    -72    -81   -129   -125    -96 
   -17    -11    146     45     28    -17    -54    -60    -69   -101   -118   -100    -84    -39    -21     -5 
    -4     -2    -15    -40    -37    -41    -73    -94    -81    -62    -42    533    494    364    132    301 
    33     -6    104     12     -8    -21    -22     71    265    206    156    173    302     28     -1    -16 
   -43    -66    -40    -57     92    299    379    385    307    632    635    557    298     11    -49    -31 
   -46     27    299    623    583    996   1046    830    413    274    135     -4     21    -22    130    190 
   584    964    872    701    418    358    263     -1    355    417     88    237    558    876   1223   1200 
  1604   1325    971    650    634    591    546    495    380   1255   1026   1501   1067   1129    875   1254 
   556    313   1280    788   1191    258    215    -95     92     -6    -55    -98    -18    -37    -62    -24 
  -106    268    434    -47   -129    -95    -54    -67    -58    -20    205    -31   -150   -281    -64     -1 
   235     -3    -48    -56    -53    -30    -25    -18    -55   -110   -155    -18     77    139    131     -5 
   -39    -29    -37    -43    -33    -23    -10    -29    169    321      4     -5    -28    -76    -75    -90 
  -104   -101    -81    -59    -54    -44     -9    -18    -28    -39    -66    -70    -82    -97   -107   -101 
  -104    -82    -68    -16    -26    -76   -124   -144   -112   -118   -124   -105    -79    -42    -53    -25 
   -18    -50   -105   -113   -114    -83    -73    -65    -72    -44    -16    -38    -22    -33    -79    -95 
   -80    -89    -98    -76    -61    -66    -68    -80    -73    -15    -25    -54    -36    -17    -22    -33 
   -35    -32    -54    -64    -86    -72    -12    -23      5    143    319    407    335    636    647    782 
   498    398    131    -13    -30    651   1289   1035   1543   1334   2079   2101   2830   2541   1743   1364 
   711    162    456   1502   1481   1733   1030   1553   2228   2165   1363     -1    468   1366    734    467 
   284    468   1643   1604   1683   1897   2816   1951    -81   -112   1102   1052   1234   1639    927   1288 
  1091   1158   1194   1416    702   -124    -81    796    682    827   1070    930   1067   1011    862    948 
  1108    792    -13    255    844    343    810    740    399    342    499    395    601    603    863    863 
   999    597     -5    646    672    329    240    119    136    231    196    314    455    642    684    280 
  1113   1388   1196   1038    849    769    783    835    948   1117   1283   1227    727    -23    -23     -3 
     3    -23    -11    -27    -16    -30    -15      6     72     20    -33    -19    -23    -26    -21      0 
   -28    -10     -3    127    134     79    -21    -36    -47    -42    -30    -18    -44    -65    -67    -41 
   -30    -43    -28    -41    -55    -84    -64    -33    -47    -69    -63    -26    -22    -38    -47    -15 
   -21    -26    -15    -29     -8     -7    -10    -44     -3     -7    -31    -65    -36    -23     81    213 
   -13    -11    -24    -54    -95   -147   -132   -111    -73    -57    -67    -57    -80    -24     -5    -60 
   -30    135    459    -35   -146    -75    -42    -34    -83    -24    -56     -7    703   1765   1558   2282 
   669    -42    -48    -76    -40    279    826    213     35    221    561    408    323    -47    430    250 
   -20    -17    200    711    829    822    813    751    509    347    953   2801   2379    948    294    -23 
    47    238    184    108    207    240    139    654   1451   1040    114    -21    -43    -61    -64    -65 
   -69    -55    -61    -64    -53    -47    -54    -49    -42    248    361    409    313    248    235    197 
   265    395    316     32    166     27     40     61     -6    -11      3     -3     -5      6     36     68 
    -6     -8     -3    119    259    134     57    136    214    100     77    162    187     49     16     10 
   241    312    220    104    206    233    305    116    183     52     -1    -12     -4    137    229    135 
    99    202    179    182    185    207     31     -9    -20    -20     92    169     46     72    235    338 
   196    190     45     -3     -4    -17    -13     32     19    112     -4     -2    165    306     78    151 
    36    142     23    -12    -11    -20     86    -16    -18     -1    320    486    579    -21     -3    106 
    -8    -23    -11     -1    -21    -20     -4     65     94    250     -2     -7     -8    -17    -29    -11 
   -19    -28    -22     -5    134    236    581    453    296     89    -15    -31    -28    -37    -32    -20 
    -7     86    106    244     -1    -16    -23    -25    -20    -19    -34    -22     -6     -1     25     25 
   -12    -29    -27    -19    -10    -21    -14    -20    -12     -2     -4     -6     -1    -12    -27    -29 
   -29    -11    -25    -27    -32    -19    -19    -15    -14    -11    -20    -32    -35    -30    -19    404 
   -18    -75    -72    -54    -57    -72    -83    -46    -40    -48    -18    378    352    -55   -139   -165 
  -138   -151   -142   -141   -108   -123   -121    -72     -7    479    -52   -139   -164   -150   -178   -185 
  -161   -140   -119   -111    -64     50    204    -71   -145   -175   -189   -173   -196   -184   -213   -173 
  -116    -66    -11    448    -62   -129   -187   -163   -171   -176   -194   -202   -190   -151   -109    -25 
   565    -89   -159   -163   -156   -133   -132   -124   -147   -158   -151    -97      2    -13   -139   -172 
  -157   -212   -143   -162   -162   -271   -372   -262   -138    -11    -15    -51   -164    -44    -58    -49 
   -85   -107   -236   -389   -327   -239      0    419    -77   -169    -96    -70    -92    -74    -92   -112 
  -233   -203   -164     60    472    -82   -120   -105   -104   -111   -110    -84   -145   -198   -177    -97 
   185   1127    309    -67    -48    -63    -47    -55    -27    -54    -79    -36    453   1014   1558   1375 
   918    966    800    752    791    817    558    582    980   1273   1390   1667   1585   1231   1143    941 
   851    791    805    886   1094   1398   1485   1493    -54    -84    -59    -70    -75    -56    -44    -63 
   -84    -54    -16    -58    -78    -67    -77    -17      7    -19    -33    -53    -42    -71    -52    177 
   -14    -70    -77   -105    -42    -23    -39    -66   -116    -85    -89    -87    -40    -63   -103    -84 
  -114    -58    -20    -51    -64    -80    -75    -75    -71    -79    -77   -109    -30    -70    -75    -78 
   -75    -64    -64    -57    -53    -60    -92    -90   -104   -101   -149   -151   -127   -223   -263   -254 
  -190   -196   -191   -186    -86    -52   -145   -189   -173    -90   -176   -238   -309   -181   -277   -305 
  -275   -145    -62    -47   -121   -162     -1    -58   -175   -206   -187   -215   -127   -173   -204    -38 
   -35    -72    -41    945    847    326     17    -19    140   2083   1104   -112    -37    -20    193    610 
   839    970    497    366      0    -85    313    -15   -131    -74    -61    -26    397    606    676    368 
   435    161    -42    -28    -41    -77    -70    -45     27    700    711    607    630    769    613    595 
   455    339    -10    -43    -51    -18    268    181    143    178    189    232    302    281     71    -30 
   -52    708   1045    804   1072    934   1017    548    193    222    413    588    397    299     56    423 
   555    576    428    697    637    121    -16    149    920    981    772    314    686    793    358    129 
   134    331    351    197    314   1077   1257    845     -5     -3    118    -35    -80    -62    -40    301 
   157    -16    415    808    708    -68    -94   -124   -181   -201   -161    -95    -25    -16    -63    -26 
    83    154    -86   -166   -130   -178   -227   -225   -114     -7    -42    -99    -72    -14    -12   -152 
  -255   -110   -143   -229   -313   -250   -132   -118   -253   -122     -6    -40   -117   -153    211    343 
  -100   -165    -41    -57   -182   -306   -207    153     23     94    -12   1217   1429   1670    954   1302 
   753   -137   -198   -214     -4    529    532    989    988   1046   1439   1140   1428    767   -108    -47 
   -38    513    829    390   1041   1237   1304   1439   1125   1434   1569    913   1036   1118   1197    841 
   349    855   1186   1395   1332   1270   1482   1536   1475   1460   1351   1289    610    375    697    766 
   677    457    476    581    524    597    819    762    790    493    -45    -23    -30     -1     -7    -11 
   -16    -79    -84    -84    -75    -51    -43    -43    472    710    862   1227    849   1122    180    -27 
   -94    -84    -57    -27    -12    435    849   1658   1784   1540   1140    678    595    253    133    -13 
   134     -8    422    783   1144    918   1492   1329   1027   1036   1275    628     -2    330    140    369 
   390    330    -42    -26     83    471    836    796    627     -1     -2    -26    367     37    -14    -52 
   -61   -156   -176   -168   -186   -118   -159    -50   -124    -88   -231   -111   -220   -244   -387   -359 
  -452   -435   -273   -172    -50    -57   -191   -208    -75   -171   -214   -126   -315   -337   -453   -561 
  -279   -104     65    -88    286    481    176     -3    436    -62    -97   -300   -438   -164    -75    926 
  1150   1101    961    430    504    295    102    146   -199   -170    -26    -39    323    170    320    725 
   628    726    444    540    451   -100     -7    327    -16    302    589    834    569    593    476    239 
   165     19     -9    174    412    174    -33    -22     96    -20    -20    -20    -13    -19     -2    -23 
   -32    -38    -28    -90    -82    -86    -69    -71    -71    -76    -60    -48    -31    -37    -34    -54 
   -88    -75    -95    -70    -83    -77    -74    -48     -8     42     -7    -10    -47    -85    -89   -132 
  -125   -143   -134   -109    -84    -49    -18    -13    -31    -71    -83    -76   -106    -85   -114   -108 
  -125    -92    -74    -28    -25    -32    -64    -73    -61    -78    -78    -68    -88   -110    -76    -76 
   -35    -26    -30    -49    -89    -42    -67    -93    -92    -60   -138   -161   -136    -70    -14    -38 
   -71   -138    -39   -102    -86    -86    -73   -101    -80   -141   -114    -25    -65    -58   -156   -176 
  -170   -121   -139   -159   -143   -172   -263   -286   -228   -148    -93   -149   -194   -169   -120   -124 
  -114    -75    -68   -172   -213   -259   -171   -104    -79   -115    -71    -42    -18     -9    147    -31 
   -95    -98   -126    -85    -75    -79   -144   -129    -92    -63    -33    -13    -40    -77    -64    -55 
   -25    -68   -103   -177   -189   -155   -132   -106    -86    -73    -83    -47    -65    -77    -96   -102 
  -140   -130   -104    -88    -73    -65    -50    -37    -20    -38    -54    -75   1206    937   1107   1026 
  1125    936    796    918    695    836    503    322    752    157    -42    129    210      3     79    235 
    -4    -21     -1     -7    -55    245    357    -15    235    237     -3     -3     93     98    380    365 
    64    -55    137    231    -48    -36     -2     -7    -29    -54    -22    247    162    -60   -103    -16 
   640    -47    -11    143     -8    -52    -43    -11     35    288    -15    -48    164    837     -2    339 
   606    249     -8     -7    -15     -9    -44     -9    224    743    438     56    498    447    395     -8 
   807    -37    -90    -72    -10    276    775    963    -49    606    396    297    208   1718   2010   2197 
  1216    201    730    891    850    765    285    144     57    439    712    616    696    -72    -61    -60 
   607    394     -1    -42    -14     -2    542    583    442    881    161     36    -64    246    113    -54 
   -70    -64    -15    101    125     74    301     -3    -40    -99     85     56    -53    -57    -54    -34 
   -50    -54    -54    -66    -81   -105   -107     -7     25    -55    -63    -37    -19    -24    -23    -41 
   -71    -94   -105   -103    -14    -75     -6    183    444    255    308      0    719    162     13    -21 
   -53   -118    107   1205   1338   1679   1418   1651   1394   2253   1471   1352   1835   1428    -21    228 
  1663   1331   1551   1108   1065    515   1136   1071   1172   1372   1111    -65    149   1275    682    857 
   597    520    242    343    850    643    779    872    -52    -46    527    279    300    -36    -53    341 
  1008   1066    463    213    592    -64   -102    163    -36     81     -4    -12     -5   1570   1184    -35 
   -42    183    -48   -101    -13    -19    -50   -142   -241   -216   -219   -166   -136    -60    -24    -59 
  -190   -159   -101    394    -44    -76    -36   1355    242    -88    -47    -61    108   -108    -19    -43 
   495    603    521    512   1560    -37   -157   -108   -136    -67    -54    869   1261   1590   1835   1805 
  1609   1526    426    159    691     -8    -78    -64    771   1777   2047   2030   1849   1626   1241   1057 
  1218    878    359    -88    -93    381    717   1081   1253   1345   1145    722    873    890    641    489 
   -90   -133    -55    -42    -51    -63    -32    -20    -30     53    231     -2    -29   -121   1572   1215 
  1199   1376   1056   1145   1018   1051    942   1172   1590   1521   1364    539    -26    -51    -10    -11 
    42    -23    -26    -15     33    439    467    667    278    -42    -67    -61    -47    -49    -61    -52 
    -6     -2    287    211    519     -9    -81    -86    -65    -89   -117   -139   -137   -116    -84    -29 
    -6    494    -20   -100   -106   -115   -143   -168   -191   -185   -185   -159   -100    -36    253     16 
   -96   -129   -134   -133   -161   -231   -281   -250   -194   -124    -83     99    608    -66   -149   -127 
  -130   -162   -152    -83    -90    -26    -51    -53    575    339    -72   -201    -83    -23    -69    -77 
     3    -59    -94    -97   -126    734   1278    432    -28    342    511     68    -42    -22    -41    -61 
  -103    -74    652   1292   1370   1603   1523   1505   1155    593    543    343    408    480    845   1228 
  1310   1358   1685   1529   1378   1216    831    712    971   1125   1657   1377   1361   1269   1059   1344 
  1280   1242   1159   1043    949   1184   1648   2084   1732   1323   1690   1705   1977   1795   1657   1614 
  1601   1584   1803   2050   2162   1925   1671    -26    -60    -74    -71    -70    -65    -61    -54    -43 
   -19    -41    -42    -40    -51    -98   -119   -110   -109    -99    -97    -76    -68    -50    -66    -67 
   -66    -56    -92   -101   -118   -117   -108   -108    -93    -67    -60    -67    -51    -41    -46    -78 
   -91   -114   -111   -104   -120   -128   -122   -116   -110    -69    -47    -34    -73    -82   -117   -117 
  -126   -120   -145   -161   -163   -160   -101    -51    -46    -77    -78   -101    -69    -46   -107   -115 
  -109   -101   -100    -86    -55    -39    -34    -58    -87    -65    -29    -36    -45    -63    -26    -47 
   -36    -38    -24    -79   -100   -130    -98   -101   -124   -125   -102    -73   -144    -99    -70    -68 
   -85   -139   -160   -137   -140   -165   -169   -158    -69   -128   -166   -104    -70    -96   -125   -125 
  -138   -150   -175   -190   -217   -225   -266   -237   -132    -68    -91   -103   -114   -130   -133   -147 
  -183   -174   -173   -180   -162   -104    -76   -109   -118   -128   -150   -145   -155   -170   -175   -164 
  -152   -136    -94    -54    -83    -96   -100   -117   -116   -110   -102    -95   -101   -110    -95    -58 
   186    -52    -48    -44    -39    -49    -25    -27    -16    -13     -7     -8    201    -43   -142   -138 
  -119   -106   -105    -77    -93    -75    -70    -48    -51     -8    -48   -161   -156   -150   -144   -154 
  -161   -167   -138    -93    -70    -84    -40    -41   -150   -178   -211   -260   -205   -176   -169   -122 
  -122   -140   -161    -80    -19   -149   -181   -236   -255   -252   -188   -174   -135   -148   -158   -166 
   -73    -51   -161   -199   -230   -281   -290   -259   -246   -198   -204   -195   -151    -56    -27   -164 
  -114   -121   -224   -325   -250   -262   -231   -250   -229    -89    -44    290   -164    -16     -1    -71 
  -196   -171   -254   -238   -329   -382   -198    -85    942     89    918   1126    700    128    101    -23 
   -41   -115   -202   -135    -65    747    477   1116   1302    957    798    826    703    322    -27    -24 
   177    154    732    633   1246   1285   1244   1128   1193   1166    962    563    706    556    190    673 
   725   1110   1105    979    794    911   1159   1002    926   1005    588    337    657    599    804    553 
   432    252    388    640    726    752    723    282    312    -64   -112   -101   -114    -94   -104    -75 
   -90    -59    -84    -94    -84    -67     -8    -72    -66    -49    -33    -34    -19    -57    -16    -37 
   -42    -26    -39     14    -28    -36    -68    -81     -6     17    -55    -73    -45    -31    -21    -50 
    44    -26    -37    -85    -94    -17    -28    -44    -67    -51    -51    -33    -52     -3     -6    -29 
  -110   -117    -52    -11    -57    -61    -45     -5     -8    -23    -82    -73    -32    -86   -141   -104 
   -12    -29   -142    -66    -57    183      7   -117   -120    -81    -82   -138   -117    -53    252    -96 
   -95   -145    777     80   -105   -200    -30    -41   -178   -170    -35    -32   -108   -223   -130   2145 
    40   -118   -212    -78    -60   -127   -110    -26     -4     48   -193    306   3061    111    -43   -128 
   -76    -77    -62    -41    -18     -6    -66   -215    796   2785     82    -20    -74    -84    -56    -48 
   -25    -24    -44    -83   -172    -36    838    -20     34    -47    -89    -56    -41    -51    -60    -53 
   -45    -67    -26    253    -47    -63   -110   -148   -129   -111   -104   -109    -98    -82    -77    -47 
   -51    -79    -78   -122   -120   -124   -111    -99    -88    -90    -68    -65    -73    -62    -57   -140 
  -201   -217   -191   -188   -191   -153   -143   -100    -96   -103   -100    -74   -148   -196   -214   -198 
  -223   -227   -202   -185   -160   -147   -118    -90    -41   -135   -160   -203   -185   -214   -206   -231 
  -223   -220   -190   -150   -132    -80   -130   -173   -233   -260   -247   -230   -246   -266   -257   -204 
  -163   -136    -90   -131   -151   -187   -222   -240   -190   -195   -182   -187   -179   -119   -113    -71 
  -161   -134   -151   -140   -165   -143   -159    -70   -168   -210   -155   -166    -69   -100    -90    -76 
   -44    -65    -66   -116   -160   -271   -272   -293   -249    -73    -48    -31    -16     78     -3     -4 
   -31    -67   -153   -101   -133   -132    -33    -22    -30    -36    -39    -35    -16    -25    -60   -108 
   -89    -90    -70    104    -14    -37    -40    -48    -54    -33    -33    -28    -28    -12    -25     -3 
   258    152    256    260    247     32     24     62     36     37    274    421    576    399    286    382 
   384    306     63     59    116    145    254    383    485    479    295    126    194    722    932    725 
   758   1028    877   1165   1175   1124   1002   1070    -28     -1    410    499    491    422    679    375 
   824    803   1166   1341   1433    -51    -66    -17    453    807    485    728    501    765    626    962 
   927    873   -122   -105    -45    436    181    119    -28    379   1010    930    390     -5    316   -113 
  -136    -45    350    -21    -93   -154    -23    455    753     27     92    437   -116   -219    -91    -19 
  -105   -274   -399   -439   -367   -299   -230    -82     13      0    -55    465    422   -110   -239   -366 
  -378   -459   -536   -334    -77    313    -19    -55    286   1620     -9   -145   -249   -367   -580   -946 
  -655   -223    470   1362   1359   2234   2704   2381   1749   1245    236    -72    -99    431    597    526 
  1532   1923   2086   2196   2266   1833   1895   1218    780   1607   1342    903   1002    936   1152   1387 
  1531   1853   1578   1519   1167    796   1636   1184    602    960    721    867   1041   1255   1274   1123 
   985    954   1120   1179    626    306    380    577    618    989    992   1121    962    721    586    552 
   533    377    162    462    -53    -94    -71    -83   -112    -72    -54    -29    -46    -25    210    369 
   521    -62    -89   -118   -105   -137    -93    -93    -63   -127   -122    -93    -59    -48    -55   -106 
  -170   -147   -118   -133   -165   -153   -122   -154   -146   -123    -90    -66   -197   -243   -208   -182 
  -170    -94   -103    -92   -130   -134   -108    -74     -2    -53   -159   -107   -105   -110   -110    -36 
    24    -30    -48     -7     -8    -26    -37    -99    -77    -72   -120   -217   -234   -177   -117   -147 
   528    -18   -121   -205    -72    -46   -101   -156    -78   -170   -201   -169   -231    -17     -5    196 
  1082    -24    -79    -42   1283    256   1878   2346   2418   2642    445    -16    -23    142    -94    -81 
  -102    -46    -64    -33   -127    -39    128   -130    -29    -52    -75    -77    -74    -18    -54    -37 
   -24    322   3571   1873    -96    -10    -54    -58    -58    -96   -101    -84    -77    -80   -153    -24 
  -120   -117    -17    -13    -10     74    -26    -80    -81    -90    -96    -99    -68    -47    -10     -8 
   -52    -59    -27    -45    -91    -79    -83    -81    -49    -23    -63    -54    -51    801    746   1124 
  1219   1270    944    963    704    606    537    410    386    165   1170   1511   2054   1410   1263   1091 
   989    694    426    210      3     95     -2    955   1335   1841   1345   1040   1024   1223   1078    654 
   553    331      0    126    840   1159   1573   1195    931   1087   1485   1801   1224    922    547    476 
   469    816   1495   1939   1796   1204   1400   1344   1525   1044    721    320    287    516    630   1446 
  1437   1169   1025   1538   1106   1509    472    174    -21     -9    267     78   1093   1417   1357    938 
   802   -110    -98   -202    -57    -76    -27    537    -81    470    -21    215    -22    -66   -109   -112 
  -301   -223   -169   -119    236    -75   -125   -151    -49     -3     -7    -12    -44   -373   -535   -575 
  -393    -49    -49    -89   -110    -71    -22    -14    -28    -72   -307   -443   -458   -317    -63    190 
    -6    -79    -89    -94    -69    -72    -61   -105   -158   -109    -77    -27    -15    -32    -70    -95 
  -119   -108    -87    -46    -25    -33     34    -20    -12    159    157     -4    -29    -40    -54    -49 
   -53    -37    -22    197    253     80    -85      0    268    445    425    306     95    -11    -56    -59 
   -32    -37   -109    -32   1323   1746   1786   1744   1655   1169    983    527    350    645    849    -27 
   -25   1458   1870   1903   1785   1705   1617   1496   1489   1152    983    975     -7    -42   1160   1427 
  1867   1920   1734   1667   1603   1478    980    813    751    -19    -51    792   1131   1590   1626   1258 
  1226   1309   1530   1397    876    571    -34    -68    293    365    752    564     58     -3    540    921 
   618    472    211    -36    -95    500    431    487    -43   -108   -195   -222   -145   -125    -58    -28 
   -58    -89    160    166    846    256    -67   -105    -92    -76   -217   -246   -117    -55    -31    747 
   604   1623   1588    813    590    562     -8   -145   -283   -173    -88    -39    802   1139   1475   1320 
  1061   1070   1032     -2   -112   -239   -155   -108    -59    873   1018   1010   1112    916    882   1133 
   841    324    -20     82    -81    -69    806   1313   1323   1333   1216   1196   1254   1200   1087    989 
   670    -57    -96      2    354    325    277    181    166     98    113    169    129     23    -78    629 
   220     68     -9     -3    158    127    319    451    660    566    693   1196     -9    -85    -75    -98 
   -93    -72    -67    -40    -28     -8    -10     21    900    -27    -89    -81    -89    -90    -83    -67 
   -53    -50    -32    -24     -4    696    -34    -95    -66    -78    -69    -60    -63    -72    -90    -63 
   -61    -45    338    -12    -78    -74    -85    -69    -46    -48    -53    -83    -34    -37    -44    346 
   217    -32    -40    -55    -17    -12    -10    -40    -37      8    163    -42    452    537    241    267 
   251    271     64    167    -23    -21    -10    -13    -16    817    679    570    732    772   1024    606 
   423     -7    -63    -63    -38    152   1111    738    949    909   1046   1128    936    809    920    746 
   -24    485    969   1431    696    771    827    846    777    716    464    737    901    348    842   1240 
  1492    788    715    677    731    676    473    429    592    857    769   1117   1209   1439    822    672 
   653    564    612    469    457    504    497    549    918    942   1314   1138   1114   1025    964    968 
   909    886    861    819    853   1129   1103   1291    465    124    229    204     -5    -21     -4     -4 
   -22    -29    -31    -54    -49    611    151    173    168    -17    -64    -26    -12    -41    -51    -43 
   -72    -68    429     70    182     65    -19    -69    -33    -35    -34    -45    -57    -63    -57    429 
     8    143     14    -25    -91    -43    -45    -47    -60    -62    -54    -60    265    -19    178     -4 
   -34    -85    -47    -18    -17    -38    -61    -63    -61    121    -27     -4     -9    -34   -117   -124 
  -100    -96    -98    -94    -99    -73    469    -80    -63    -27    -41   -133    -85    -74    -74   -117 
  -183   -177    -79    669    -53    -53     93     -5    -39    -35    -27    137    -78   -251   -246    -58 
   716    732    429    512    463    305     32     43    529     42   -161   -216    -40    791    934    460 
   594    505    263    218    283    463    121   -101   -164    -32    813    964   1062   1090    948    483 
   245    315     54    -36    -43    -81    -28    756    952   1010   1209   1093    633    470    412     -8 
   -32    -11    -52    -22    547    632    686    873    733    358    307    295    -20    -38    -17    -23 
   -13   -108   -110    -70    -65    -83    -96    -79    -70    -56    -31    -85   -100    -72   -137   -148 
  -104   -108   -144   -151   -116    -85    -75    -27    -91   -111    -74   -133   -154   -106   -133   -177 
  -185   -158   -137   -121    -55   -113   -134    -88   -142   -159   -127   -149   -210   -221   -203   -181 
  -159    -76   -106   -105    -71    -99   -115   -117   -163   -186   -184   -168   -159   -142    -88   -100 
  -116    -73   -108   -119   -106   -142   -174   -152   -115   -119   -100   -114   -130   -117    -81   -160 
  -199   -175   -113    -90   -127    -27    -14    -54   -168   -246   -172    -87   -130   -210   -149   -129 
   -72    -60     65    -28    -85   -229   -287   -184    -91    -73    -54    -16    -58    -55    -50    -29 
   -42   -179   -236   -193   -130    -68    -60    -55     44    251    371    199    140    -31   -124   -170 
  -152   -148    -57    -85   -122    -88    -44     -3    150     54    -25    -64    -92   -107   -109    -57 
   -82   -114   -110    -61    -21    -15    -14    -30    -52    -57    -96    -91    -37    -71    -89    -83 
   -51    -38    -42    -39    -38    -47    -52    -67    -53    -40    858    945   1188    928    932   1070 
  1148   1302   1160   1264   1079    738    821    906    851   1087    743    780   1061   1200   1384    857 
  1059   1172   1046    834   1442   1648   1672   1087   1219   1444   1382   1698   1460   1100    867    856 
   480   1516   1401   1219   1264   1635   1520   1514   1249   1425    876    508    674    435   1284    996 
   901   1240   1137   1093   1434   1541   1320    887    656   1333    942   1077    813   1091   1173    759 
    -5    429    794    612    -25    179   1491   1142    337    -25    760    690     -3   -109    -80   -166 
  -172   -214   -126    852   1186    501    -76    537    733    212    -66    -34    171      0   -125   -106 
   872   1317    556     66    -34     52    260    271    251    726    299     67   -105    -10   1073    230 
    60    -35    -28     17     -9      7    144    -73   -118   -162    -25    538     -4    -38    -24    -19 
    40     -3    -21    -23    -18    -31    -64     50    350    340    158     30     -1     -5     27     -1 
   -15     -4     -5    -14     66    173    116    -14     -3     33    123    217    165     15     32     -9 
   -20    -14      0    -84    -75    -69    -74    -71    -87    -69    -78    -64    -82    -95    -76    -80 
   -62    -18     13     15    226     71    361     -1    211     99    -23    -16    -42    -56    199    245 
   229    325     84    310    207    262     35    -22    104    -30     -4    814    829    845    464     73 
    -1     -7     82     88    183    313    -28    -25    457    661    699    329    238     -1     90    212 
   255    200    174    -35    -37    389    365    285    307    921    611    816    848    512    796     87 
   -50    -12    876    723    239    543    780    956   1318   1340   1395   1711    847    -21    -67    -22 
    -1    -30    -14    186    313    733    487    -20     -9    -20    -24    -90    -19     -2     -3     17 
    -6    132    187    -52    -88    -70    -49    -32    -61    -12    275    270    520    316    390    313 
    -6     -1    -17    -24    -37    -50    -28    -15     -7    364    272    274    166     49    -24    -25 
   -37    -58    -76    -44    -59    -38    -18    -16    -16    -25    -42    -57    -66    -55    -71    -76 
   -63    -62    -50    -41    -39    -43    -47    -43    -50    -50    -52    -69    -70    -49    -44    -56 
   -47    -38    -29    -36    -44    -52    -57    -49    -57    -39     -2     -7    -18     36     -7     77 
   136     -5    -20    -13     62    -25    -23    150    -16    -33    -23    -27    -22     47    172    -10 
   -26     -7    -42    -61    -51    -58    -59    -71    -54    -36    -12     -1    -13    -28    -14    -39 
   -67    -37    -41    -47    -36    -42    -36    -15    -15    -43    -40     -2    -20    -89    -51    -55 
   -66    -97   -124   -171   -143   -106   -137    -96    -53    -39   -134    -84    -90    -76   -146   -175 
  -191   -133   -156   -144    -74    -76    -39   -146   -121    -94    -52   -109   -122   -112    -83   -131 
  -155    -89    -87    -40   -112   -120   -126    -84    -93    -71    -45     -3    -59    -31    -54    -81 
   -35    -65    -68    -65    -58    -36    -25     -9     30    -86    -63    -88    -80    -38    -64    -60 
   -50    -44    -29    -19     -7     -2    -46    -74    -76    -34    -34    -65    -45    -31    -25    -24 
   -10    -11     -7    -36    -48    -56    -49    -62    -61    -61    -41    -30    -32    -22    -20    -21 
   -27    -34    -43    -46    -56    231    274     84     55    195    415    124     13     -7    112    217 
   245     -1     22     -4    -30    -43    -23     -1    -17     17    -18    -31    -18     -9    -33     -1 
    -2    -27    -20    157    197    189    262    114    -24    -20    219    -20     82     52    -25    -15 
   162    397    457     62    -16    -59    -71    -20    -51     58     -5    -34    -17    209    618    307 
    -7    -32    -46    -45    -18    -55    -10    379      0     -3    137    492    -10    -30    -27     96 
   146     -4    -43    -61     -9    -55    -77   -136    -97   -125   -118   -145   -190   -109    -81    -35 
   -70    -45    -65    -66   -119    -91    -96    -86   -232   -323   -229   -162    -48    -19    -38    -45 
   -11    -32    -44    -11    -44   -206   -257   -295   -230    -76    126      0      9    -29    -51    -42 
   -17    -29   -118   -130   -186   -128    -62    110    129     97     82     -3    135    140    183    -11 
   -43    -52    -18    -23    293    355    119    190    272    481    487    450    423    257     27    259 
    19    135    237    193    156    204    309    345    419    314    127     37    191     21    -26    -45 
   -63    -75    -75    -81    -74    -49    -12     -7    -12    -39    -42    -15    -31    -32    -10    -21 
   -49    -62    -25    -30    -22    -21    -45    -57    -38    -40    -53    -51    -39    -60   -105    -55 
   -52    -63    -34    -17    -50    -52    -79    -89    -67    -41    -97   -165   -178   -105   -120   -112 
   -74    -72    -25    -63    -31     -7    288    -79   -107   -146   -138   -113   -121    -65    -75    127 
    -2    -20    -22    -58      2    -73     -2    -58    -67    -44    -29    -35     10    411    -14    201 
    -1    749    847    142   -102   -194   -140    -65      4     -5     -8    114    -36    -89    -91    -82 
  -160   -175   -230   -142    -63    -45    -68    -22     -6    -41    -75    -65    -81   -146   -255   -125 
  -116   -115    -58    -47    -26    -19    -76    -64    -61    -88   -111   -299   -200   -191   -120    -81 
   -25    -44    -19    -57    -66    -54    -75   -122   -199   -163   -140   -102    -86    -39    -56    -36 
   -44    -78    -63    -71    -83    -88    -73    -74    -62    -61     -9    -44    -18    -16    -31    -23 
   -34    -36    -38    -31    -26    -38    -10    384    394    211    332    515    198    147    -23    -20 
   141    385    391    624    418    113     -6    200    368    106     64    -15    -29    -14    222    258 
   821    247     30    -30    -57    -23    -49    -43    -53    -89    -60    -18    -15    446    514     -6 
   -35    -48    -25    -22    311    278    -27    -66    -67    -48    708    606     -6    -79   -120    -74 
   511   1045    569      0    -28    -16     21    690    551    204    404    165    -19    -20    -17    -51 
   -39     44     34    460    862    726    357   1017    582   1682   1979   1524    646    698   1083    217 
   457    946   1544   2595   2125    836   1179   1213    330    -96   -149     34    -17     -4    677    170 
    56    974    995   1005    898    568    -99   -325   -536   -515   -237     -1    362     76     90    -15 
   359    250    -34   -144   -254   -369   -277   -135    -21    236     -7    -15    -13    357    169     -3 
   -40    -65   -155    -66    -65    197    354    -19    -12    116    236    133      2     -6    -23    -79 
   -37     -3    657    156    228    462    601    604    689    679    480    358    175    221    299    574 
   809   1075   1218    996   1103    901    959   1082   1054   1198    921    766    633   1206   1443   1435 
  1019    856    720    914    986    818   1049   1183   1168    932   1656   2348   2203   1560   1352   1360 
  1005    988    890    992    848    865    655   1629   2061   1875   1461   1397   1431    849    398    788 
   833    594    813    843   1452   1550   1648   1427    823    396    433     51    353    261    340   1094 
  1052   1314   1440   1672   1468    545    -35    -50      0    335   -106    -55    438    951   1214    612 
  1247   1599    957     -3    211   -115    -88   -132    -94    525    530   1124    -54    505    999   1008 
   449   1262    591   1682    668    265   1396    510    910    479    727    396    258     59     91    -42 
   -31   -120   -170    -55    125     15    185     -7     -6      8     -9    -32    -15    -37   -120   -152 
   -93    192    -12    -10     19     -2     80     37    -23    -16    137    -12      1     25    452      0 
   253    371    364    393    365    223    149    385    473    581    708    655    -18    -35    -35    -21 
    -6     40     -3    -22    -16    -18    -12      0    207    -41    133    257    258    433    525    588 
   365    357    405    546    526    432    -87    -29     95     -6    -15     -2    128      9    188    333 
   622    566    454    -79     -8    476    384    152     -1     -8    -10    261    321    605    509    337 
   -71     81    302    322    149    -18    -27    149    639    539    451    327    276    -82     -8     45 
   248     -7    -35    -32    134    500    444    363    419    370    -49    142    182    506    174    -62 
   -84    -68    -34    -64    -59     -7    375    -27     77    405    591    -25   -132   -116    -77     73 
    63    -15    764    608    -45    -55    491    935    425    -63     -9    -12    -63   -193   -130   1085 
   968    423   1327   1524   1662   1466    580    486    226    -48   -148    -68    888    884     36   1086 
  1281   1393   1268    757    538    499    247    -21    255    709    829     -9   1066   1352   1274   1111 
  1022    867    887    797    933    830    755    677     -7    999   1222   1017    998   1019    984   1035 
  1232   1487   1415   1214    646    -21    516    866    684    787    774    732    637    580    570    667 
   580    315   1192   1482   1303   1459   1160    974   1002    828    673    649    665    633    596   1448 
  1655   1689   2097   2103   2016   1973   1515   1165    784    671    575    761    935   1183   1286   1569 
  2049   2461   3066   2772   2037   1524   1087    833    834   1270   1794   1732   1783   2327   2640   3329 
  3129   2630   2387   2186   1544   1023   1304   2005   1861   1787   2500   2996   3369   3035   2831   2685 
  2407   1949   1246   1042   1623   2113   1834   2593   2426   2625   1696   1664   2089   1760   2039   1096 
   661   1457    945      0    985   1438    676    214     -5    407    351    853    641     59    547    -14 
   -84    -18    -41    -93    -79    -26    -29    -36    223    -19     10    -78   -104   -130   -123   -114 
   -96    -88    260    913    619    701     -4     -8    -80    -38    -93   -109   -103   -104   -104    -93 
   -36    -17    -20    -65    -26    -95    -86    -95   -118   -120   -117    -89    -73    -51    -35    -62 
   -65    -41   -141   -140   -131   -156   -151   -139   -122   -142   -168   -170   -137    -79    -13    -98 
   -97    -88    -85    -67    -70    -54    -62    -67    -93    -66    -56    -24    -66    -80    -31    -24 
   -15    -20    -50    -73    -59    -43    -32    -23    -36    -79   -128    -81    -82    -89    -51    -57 
   -52    -56    -45    -56    -27     54    -57    -94    -43    -39    -25     97     -1     63      9    -17 
   -12    116     -1     -2    202    178    -10    299     -8     32     -9    -54    -82    -60    -50     96 
   175    444    556    503    682    -16    324    281     86    -45    -94    -49    110    -24     -3     45 
   283   1155   1679   2401   1996    999    334    -92    -53    565    957     92    454   2066   3117   2945 
  3475   3130   3423   2037    -88     -9   1943   3915   1348    532   1421   2344   1795   2556   4038   7571 
  6504    834    576    346   1467    284    281    626    998    765    726   2353   3924   2264    -23    558 
   325    809    368     85    247    688    480    323    850    -63    -43    -27    431    441   1124    908 
   816    838    987    782    786   1019    207    466    503    562    464    744   1047    986    984    976 
   891    830   1028    937    698    587    522     47    151    410    584    628    564    482    431    469 
   415    307    623    420   1469   1427   1667   1611   1406   1235   1264   1240   1217   1333   1334    985 
  1309   1544   1608   1921   2121   1796   1688   1540   1423   1083   1404   1694   1251   1514   1789   2297 
  2611   2583   2366   2016   1832   1692   1806   2002   2045   1479   1426   1674   2055   2248   2524   2435 
  1893   1884   1552   1851   1930   1804   1337   1407   1670   2089   2599   3291   3003   2045   1912   2164 
  2134   2065   1530   1039   1464   1726   1703   1661   2544   2209   1359    837   1187   1270   1194    669 
   385   1352   1548    951    845   1782   1371     36     55     -6    -40    -31    -90    -33   1328   1623 
   636    796   2046   1791    609    790   1037   1408    -82   -308   -168   1306   2228   1912   1720   2269 
  2178   1450   1177    979   1753    -87   -310   -209    793   1996   2145   1932   1854   1836   1415   1322 
  1470   2714   1186    -27    -52   1079   1863   1992   1928   1589   1602   1328   1356   1543   2432   2122 
  1761    868   1322   1770   2082   2176   1798   1737   1600   1743   1648   1785   1746   1682   1357   1395 
  1629   1766   1874   1687   1624   1450   1473   1352   1328   1329   1474   1467   1544    812   1431   1400 
  1389   1342   1282   1131   1124   1216   1234   1095   1072   1021    826   1029    858    581    504    553 
   513    455    313    297    433    479    440    660    941    854    451    296    477    725    709    501 
   547    752    726    635    230    138    164     42    -41    -50    -29    396     75     50    161    508 
   748     97    -29    -31    -25    -51    -70    -91    -51    -58    -44     -9    148    373    -58    -95 
  -109   -120   -156   -143   -140   -164   -191   -156    -83    -78    -36   -125   -163    -94    -98   -141 
  -127   -116   -116   -211   -281   -209   -142    -22   -116   -122    -86   -112   -179   -171   -177   -184 
  -309   -328   -223   -133    -14    -74   -107    -79    -54    -73   -109    -78    -94   -203   -259   -202 
  -116    197    -32    -59    -62    -18     10    -38    -51    -67    -79    -59    -62    -91     -2    -33 
   -75    -87    -45    -14    -13    -32    -73    -70    -96   -101    -93    -15    244     77    141    248 
   568    565    442    242    454    205    150    278    488     58      1    288    318    515    616    608 
   536    601    470    225    148    172    -90    -86   -101   -101   -102    -96    -96   -118   -106    -90 
   -78    -84    -71   -101   -107   -113   -111   -116   -108   -105   -119   -126    -79    -70    -83    -71 
  -113   -117   -124   -121   -112   -113   -115    -84    -92    -81    -81   -104    -84   -108   -122   -110 
  -119   -130   -120   -112    -75    -69    -95    -90   -103    -78    -73    -84    -83    -82    -71    -69 
   -28    -20    -33    -73    -85    -88    -75    -64    -87    -81   -104   -131   -117    -64    -37    -17 
   -97    -91    -87   -103   -125   -139    -89   -108   -157   -148    -86    -54    -97   -208   -172   -113 
   -95   -104    -59    -35    -63    -56    -37    -36   -126   -199   -235   -208   -146    -99    -55    -57 
    -6    -22     -9    -22    -51    -93   -182   -201   -187   -104    -73    -49    -34    -20    -19    -19 
   -53    -55    -89   -181   -196   -222   -100    -40    -55    -30    -30    -50    -68    -80    -71    -67 
  -112   -135   -139    -53    -27    -63    -57    -64    -85    -94    -98    -88    -67    -63    -54    -62 
   -44    -34    -72    -58    -64    -79    -83    -88    -89    -88    -88    -76    -78    -63    -62    -22 
   -86    -88    -99    -76    -67    -57    -87   -102    -99   -102   -109    -22     -7    -84    -61    -96 
   -60    -75    -59    -91    -84    -94    -65    -62     83    -31   -106    -81    -66    -51    -66    -75 
   -92   -127   -146   -137   -136    -41    -21    -73     -8     -4    161     -2    -26    -38    -73    -83 
   -99   -139    -43    -11    -35    341    336    296    -39    -52    -46    -56    -63    -61    -86    -23 
   -27    -43    571    388    107    -29    135    232    107     24    -47    -36     96    556    502   1071 
   928   1411    986    452     29     41    653    -14    173    224   1106   1035   1442   1553   1849   1143 
   978    -36    -46    -36    -25    563    606   1902   1621   2424   2249   2014   1751   1375    345    505 
   -37    -23   1168    448   1594   1789   1818   1852   1851   1782   1697   1653   2073   1222   1195   2195 
  1215   1026   1125   1155   1395   1536   1367   1387   1735   2060   1787   1816   1866   1202    745    869 
   915   1281   1616   1531   1415   1599   1431   1291   1122   1076    774    682   1011    995   1119   1249 
  1131   1104   1076    955    825    894    834    613    427    777    864    765    596    801    637    785 
   503    806    602    162    533    246    573    855    774    312    789    457    877    361    991    779 
    12    536    257    489    904    909    405    549    329    843    521   1100    963    106    550    179 
   318    864    858    490    394    432    675    764   1096    943    192    492    292    316    737    725 
   524    382    405    476    715    826    865    332    319    346    147    481    616    408    -24    192 
   144    387    349    534    297    272    370    -40    308    497     87    -88    122    -46    441    -23 
   -47    100    180    109    -83    293    580    240    -62    299     -1    743    -52   -133    -30    235 
    84     -2    528    806    690    335    541    457   1173    539    -67    -31    237    130    689    660 
   782    720    610    513    501   1183    887    -32    -48    230    145    835    912    877    804    771 
   597    569   1066   1129    487     -6    303     87    810    880    801    783    721    659    653    809 
   874    673     73    344    155    609    628    606    567    512    509    479    500    492    347    147 
   440    -33    -15    -40    -44    -35    -13    -35    -67    -79    -77    -66    -49    -37    -28    -14 
   -65    -38    -18    -50    -15    -57    -50    -62    -59    -53    -30    -49    -40   -119   -108    -55 
  -103   -102    -86    -30    -54    -46    -40    -43    -66    -66   -133   -109   -145   -110   -155    -95 
   -27    -23    -26    -23     -5    -75   -118   -148    -89   -126   -171   -162    -83    -98    -78    -71 
   -25     10    -61   -122    -70    -58    -77    -79    662   1284   1085    169    -56    218    346    -52 
   -88     44    -28    -95    -49   1324   3008   2304   -116   -180    612    273   -109   -266   -116    -69 
   -92   -115     -9   1412    654   -142   -246     -1    295    -26    -95    -82    -37    -48    -74    -38 
   623   1921   4251   2909   1145    337    -34   -131    -90    -84    -96    -74    -53     -3    437   1338 
   744    507     71    -31    -97   -103    -99    -99    -65    -49     -8    -27    -76    -88     30     -2 
   -15    -23    -36    -62    -81    -70    -77    -43    -45    -42    -46    -14     92     -2     16     -3 
   -39    -64    -69    -85    -59    -41    -34    -30    -12    -25    311   1081   1394   1200    986   1087 
   956    734    628    658    587    618    427    143    967   1115    673    361    544    552    530    217 
   225     57    274    197     -2    760   1125    766    502    460    615    923    629    619    416    600 
   328    -33    219    843    749    485    377    376    566    473    418     72    340    158    -50    -34 
   214    143    -12    -12    -22    -21     -3      0    -10     17    -23    -76    -74    -15    -53    -77 
   -83    -90   -101    -85   -102    -59    -31    -63    -95   -142    -57    -88   -138   -176   -173   -206 
  -175   -192   -127    -58    -81    -79   -116    -52    -58    -83    -72    -58    -73    -65   -121   -136 
   -95    -81    -76    -52    -21    -38    -46    -52    -60    -92   -134   -111    -70    -71    -61    -85 
   -55    -41    -27    -31    -68    -86   -120   -169   -124    -98   -106    -53    -94    -71    -41    -31 
   -42    -82    -93   -119   -176   -190   -150   -117    -70    -72    -35     -1    159     26    -35    -55 
   -81   -104   -106    -85    -70    -49    -65    -56    -29    -13    -17    -49    -55    -62    -81    -91 
   -86    -79    -64    496    717    750    791    812    728    702    733    713    688    717    745    482 
   721    957    865    889   1019   1013    967    949   1001    825    793    808    566    675    957    888 
   931    905    824    866    787    927    793    701    708    428    385    478    337    595    556    627 
   661    946    715    622    662    478    266    302    383    208    211    260     82     -5     78    188 
    77    233    287    205    -14    -49    -17    -33    -81   -128   -111   -147   -121    -91    -36    390 
   277    -58    -99    -22    -30    -70    -83   -128    -85   -119   -202   -133    166    169    -12    255 
   -10    106    -38    -69    -86    -93    -94   -168   -137     44    173    315    -13    270    439    390 
   148    491    765    539    -79   -109    542    381    171    310    521    688    745    673    698    879 
   412    -31    -11    709    459    260    444    539    624    529    573    574    748    672    485    635 
   741    365    405    551    631    663    660    611    563    601    572    477    597    693    299    430 
   645    812    794    780    681    629    651    725    740    844    774    347    -21    -45    -25    -35 
   -26    -35    -40    -60    -67   -104   -111   -112   -111    514    924    723    662    729    608    567 
   273    645    545    297    386    -12    860   1058    810    620    336     -3    -58    -84    -20    230 
   358    695     64    916   1144    923    943    516    440    -50    -64    -64    -38    -52     -3    -15 
   618    118    276     89    -21    -78    -32     -6    358     35    -48    -63    -41    -22    -80    -78 
   -98   -166    -80    -23     -7    572    160    -47    -38    -23   -150   -167   -100    -44    -41    204 
   -13    443    -16   -101    -19    -29    243    -37    -38    -28    -24     18    441     41     98   -118 
  -259   -212   -144    -30    -25    -14    178      7     -8    -36    -27     -9   -109   -156    -81    -66 
    45     -2    -45    412    403    -22    -67    -38    -42   -140   -186   -172    -73     -4    175    -26 
   115    170    -24    -40    -32    -25   -100   -114   -107    -37    -17      7    -41    -31     -9    -18 
    -1     34     45     22     43    -33    -30    -48     -7    -29    -35    -32    -55    -46    -28    -23 
    -5     -7    -26    -42    -44     -6    -20    -12    -32    -32    -62    -55    -52    -22     -7    -62 
   -79    -45    -20    -30    -47    -88    -77    -96   -108   -109    -92    -57   -111   -153   -111     -1 
   109    -31    -91   -120   -171   -230   -224   -180   -138   -133   -175   -125    247     22    -30    -91 
  -126   -183   -257   -282   -225   -202   -176   -170   -117    400    278    289    -39   -107   -171   -195 
  -222   -255   -233   -185   -150   -114    415    138     -4     -1    -47    -45    -84   -118   -166   -227 
  -147    -97    -90    380     86    356    -53    -56    122    387   -128   -133   -148   -126    -34    -81 
   -85    -83    -22   -160   -175    -95    -13    -65   -110   -137     -1    191    -22    -59    -25     10 
   -92   -105    -79    -36    -50    -75    -94    184    -23    -48    232     18    -22    -71    -81    -63 
   -45    -12    469     15    -27    -64    -71     -9    -14    -32    -63    -52    -67    -88   -102     -8 
   -32    -47    -62    -69     26     93    -28    -47    -38    -66    -78    -94    -53    -56    -47    -58 
   -32    -33    -37    -52    -72    -72    -98    -97   -103    -83    -70    -62    -66    -45   -117   -102 
   -70    -99    -60    -77    -60    -66    -49    -47   -101   -123    -67   -132   -100    -21    -42    -50 
   -19    -16     -9    -29     46    -19   -118    -27   -125   -107    145     91    -33    -24    -34     -7 
   -42     54     -2   -127    -41   -124   -100    100    435    208     19    -34    -36    -46    -31    -25 
  -146    -87   -106   -102      1    572    215    -22    -48    -72    -25     -8     27   -106    -91    -70 
  -134    -25     75    -37   -189   -104   -156   -144    -38    -24    -71    -84    -72   -233    -40    437 
   -37   -242   -158   -163   -146   -167   -308    -90    -68    -40   -262    -49    313     31   -163   -100 
  -127    836    -34   -331    415    -38    -40   -122    -11    131    -11    -28     27    210   2540   -108 
  -279    857    -24    -74    -50    -76    -13     27     76    145    272   1964    -36   -105      8    -86 
  -111    -57    -51     -7    266    138    332    112    705    269     93    -63    -91   -130    -48    -30 
    42    562    422    490    525    680    141     -4    -70    -80   -144   -103   -118    -88    -42    -48 
   -42    -44    -39    -87    -99   -133   -109    -23    -42    -28    -29    -25    -64    -57    -55    -63 
   -69    -94    -83    -17    -87   -120    -60    -53    -64    -73    -88    -81   -134   -115    -65    -75 
   -44    -90   -102    -81    -82   -110   -102   -116    -92   -135    -99    -31    -31    -17    -58   -106 
   -64   -115   -165   -224   -202   -181   -154   -114    -26     68    211   -126   -211   -179   -187   -263 
  -266   -199   -203   -206   -169   -129    -82     -8    -60    -51   -137   -169   -234   -193    -86    273 
   -23    -72    -98   -111     -3    415    -51   -115    -52    -99   -164    -15    -57    -74   -102   -232 
   -80    275    195   -177    -46   1539   1635    817    522    166     51   -182   -220    144    481   1714 
  1377    627   1310   1404   1468    234    -43    -73   -149   -147    -93    181    606    755    798    998 
  1145    827     -5    -75   -153   -251   -260   -174    -20     35    195    219    186    270    -13    -12 
    -5    169    -69    -88    -59     -6    -39    -45    -30    -12    -27    -44    -44    -28    -17    -21 
    -6    -18    -27    248    226     31    171     72     -7    -34    -39    -30    -12    -11    -16    -19 
   896    770    569    398    135    -10     -2    126    -16    -20    -29    155     -1   1078   1019    835 
   237    -13    -26     -9    257    -66    -46    -40    216     80    725   1197   1416    168    -38     -2 
   450    286    -30    -30     45    545    285   1008   1549   1688    404     -1    -27    141    -10    -33 
   -76    -15    390    380   1055    772    862    204     81    219    551    692     86    -42    -40    -13 
   137   1148    967   1416    250    -43    285    759    575    788    278    447    436    -11    524    359 
  1895    458   -100    -71    -38   -173   -293   -331     29    634    -26    111    -64   1442    531    -68 
   -63    -15   -162   -312   -460     70   1426    -39    722     -2   1289    236    -39    -37    -14    -98 
  -447   -516     83    546    -62   1070    570    805    391    119    -69    -63    -90   -427   -420    146 
   382    -36   1144    726   1054    972    584    -76    -84    -88   -241   -235    -26     58    -27   1007 
   528    482    733    563   -109   -106   -125   -214   -189    -60    -29    -16    962    490    490    737 
   565    -64    -67    -86   -164   -127    -26      5    -12    -11     16    -46    -69    -37    -35    -75 
   -47    -35    -23    -37    -48    -63     -9    215    -56   -101    -61    -44    -70    -34    -12     90 
   -11    -43    -80    -27     -1    -47    -95    -70    -68    -88    -67    -30    -22    -46    -48    -73 
   -25    190    -67    -73    -51    -79    -95    -98    -17    -17    -62    -46    -84    -22     15    -47 
   -47    -34    -79    -67    -86    -14    -26    -69    -77    -78    -21     84    -74    -28     -2    -52 
  -136    -91    -70   -111    -47   -101    -78     42    167    -61    -16    -27    -42    -33    -11    -30 
  -117    -66   -171    -72    -24     -4    -57    -29    -89   -102    -75    -56    -50   -213   -190   -230 
   -87    -24     -6    -59    -40    -99    -89    -65    -20    543    -67   -177   -240    -77    -10    418 
    13    -41   -105    -61    -41    -37    776    505   -128   -225    -71     90    591    100    -80   -143 
   -71    -63    -53    347    551    -70   -105    -50     46    738    247    -87   -126    -71    -65    -56 
   125    479     -8    -50    -44    -16    280     -5    -74    -93    -46    -40    -42    184    329     -9 
   -24    -25    279    -13    -18     57     64    125     58    176    106     -8    -14    -23     43    -35 
  -119   -126    -84    -70    -41    -68    -71    -30     34    -39    -80    -11    -53   -118    -96    -11 
   -39    -84   -105    -99    -40    209     -1    -68    -16    -60    -91    -37    558    -18    -66   -134 
  -111    -48    -21    -40   -130    -50    -75   -143   -108     -9    -83   -152   -180   -183   -163   -126 
  -125   -136    -42    184   -118    -50     65    -24    -65    577    163    -56    -76    -90    -51    173 
   792      8     -8     81    812   1514   3118   3772   3569   1048    543    607    507   1286    622    527 
   290    627    459   1869   2558   2479   1512    511   1635    816   1084    -25    662    784    574    296 
  1063   1455   2143    383    -52   1808    883    238    -35    -13    349    475    686    890   1602   1764 
   596    457   1472    976    170    -22    -38    259    353    679    832   1074    933    -12    -16    210 
   241    696     -8    -50     45    590    669    660    549    350    -11    -25     -7    374    320     70 
   -19     76    350    345    437    426    190      9      0    145    448     -5    -13    -20     -9     -6 
   -17    -31    -23    -13    -10    -14     -6     70    -27    -36    -26    -11    -10    -24    -29    -25 
   -13    -30    -25    -10     81    -45    -54    -29     -6    -25    -18    -15    -22    -25    -20    -14 
   -13    155    -44    -29     -9    128    -12    -16    -19    -32    -71    -71    -60    -47    -12    -28 
   -22    -27      0    -42    -41    -68    -57    -57    -59    -58    -67    -34    -42    -62    -41    -41 
   -91   -110   -107    -99    -92    -96    -73    -60    -22    -89    -92   -108    -62    -89   -131   -129 
  -102   -184   -225   -166   -131     -3    -61    -76    -98    -63    -84   -114   -151   -168   -266   -322 
  -294   -172    -14    -51    -49    -29      0    -26    -59    -75   -126   -263   -420   -417   -206    -28 
     2    -15     -2     79    -14    -22    -38    -66   -184   -323   -331   -145    -26     -7    -17     -7 
    -9    -23    -28    -36    -38    -76   -106    -88    -32     -3    164     29    113     -4     -6     -2 
    -1     57     69    262    360    291    251     -1     -3     -2    -12    -20    -17    -17    -15     -3 
    91    255    299    177    373    481    657    720    804    685    631    453    592    431    310     86 
   186    191      8    380    582    460    427    637    451     53    322    446    292    428    437    875 
  1315   1253    886    922    920   1219    902    854   1020   1135    962    686   1122   1604   1752   1465 
  1421    807    412    580    803    628    274    315    430    452    949    964    888    907   1004    947 
   712    779    805    484    263    809    978   1121   1052    577    517    661   1165    890    761    787 
   962    629    314    155    577    977     -3    -88    -78   -103   -137   -188   -128    624    534     -2 
  -155    170    994   1014    341    829    479     -9   -134   -164    493    429    819   1411   1324   1031 
  1207   1055    869    348    -23    256    369    184    345    369    201     -4    140     53    134    163 
     5   -130   -226   -170    -60     38    157      7    -20     38    171    236    286    593    580    173 
   425    656    308    272    370    381    602    739    884    912    963    700    558    433    539    444 
   726    813    673    803    923   1035   1016   1044    844    728    740    670    718    768    662    789 
   913    804    785    833    914    947    952   1101   1007   1076    -65   -151   -133   -123   -121    -94 
   -81    -59    -71    -59    -88    -95    -29    -70   -154   -136   -132   -142   -133   -126    -90    -77 
   -62    -89    -67    -23    -54   -152   -131   -125   -111   -129   -141   -141   -116    -95   -119   -100 
   -35    -57   -167   -179   -189   -154   -165   -167   -192   -188   -172   -166   -140    -67    -40   -118 
  -146   -156   -107   -115    -85    -67    -47    -44    -99   -121    -73    -40   -104   -158   -188   -190 
  -189   -182   -172   -129    -98   -112   -110    -37    -86   -122   -150   -126   -114   -103   -123   -133 
  -141   -129   -119   -119    -36    -27    -72    -67    -50    -15    -20    -31    -87   -139   -159   -144 
  -124    -41     -2    -22     43    102    179     77    -30    -69    -76    -79    -84    -56    -11    -13 
   -45    -25    -14     -7    -11    -28    -47    -32    -43    -58    -54     -5     80    -40    -30    -18 
   -14     -6    -21    -28    -39    -37    -38    -32     84   1286   1413   1604   1656   1679   1803   1813 
  1838   1824   1743   1532   1444   1328    150    -11    -24    -46    -35    -68    -32    -26    -13    -34 
   -68   -113    -58     19    -15    -29     -9    -28    -54    -30    -30    -53    -16    -50   -119    -44 
   -14    -13    173    228    -42    -20     17    -16    -55    -21    -37   -144    -43    -16    -32    141 
   171     -9    -78    -40    -36    -26    -30    244    -72    -41    -34    -12    161    335    215    -48 
   -32    -21    148    -20    413    -40     -7    -77   -100    -58    103    -17   -154   -130   -138    -67 
  -140   -125   -132    -24     33   -180   -138    -49    -13   -230    -32    129    147   -119   -241   -209 
   -36    -17   -237   -201    -54    111   -139    -59    -24   2131    -76   -456   -325    -40    466    -49 
   -91    -19    123    -25    -28     62   4537    335   -416   -216    172    737   1289    127     -2    -27 
   -26    -28    121   4336   1221   -202    -99    574    548   1035    316     -2     -2     15    -21     38 
  1613    551    -61    -68    424    450    989    349    -21    -42    -55    -53    -34    -58    -77    -48 
   -85     97    332    601      6    -19    -52    -66    -57    -66   -100   -122    -68    -58    -24    -16 
   -54    -92    -53    -40    -61    -48    -63    -38    -46    -53    -32    -16      3    -11    -29      8 
    -3    -37    165    -31    919    102    -21    -26    135    -29    -74    -68    -18     -1    -48    297 
   -69    -20      5    -20    -64     -8    -34    -35    -63    -51    -89   -102    -67    -17    -81    -42 
    55     18    262    -19     -1    -49     -8    -77    -36    -76    -48    -75    -42    -34    -59     92 
   230    -49    -33    -13    -76   -172     -8   -147   -140    -35   -101    -74     14    263   -162    -27 
    46    131    -22    406    710    406    -80   -199    -69     17    -43      4    -53    125    581    479 
   -86   -116   -155   -117   -132    -50     -5     27    161    -16    -29    -64    -58    -37    -13    -20 
  -303   -283    355    202    121    190    417    465    134     -5    -15     -4    169   -204   -131    543 
     8    -35    -23    -23     -9    -22    -21    -24     43     23    -38     47    154    -24    -50    -68 
   -79    -60    -57    -71    -68    -49    -48    -66    -53    -39    -40    -16    -28    -72    -62    -70 
   -80    -75    -83    -72    -67    -58    -12    -28    135    344    202    273    582    559    459    224 
    -4    -27    -15     60     51      3    226     -5    167    423    498    263    133     -7    -49    -15 
   121     -4    150    353    120    273    849    971    726    779    600    156    316    440    268    499 
   538     49    274   1101    934    553    815   1006    657    485    703    204    129     -2    -22    -16 
   215    259    173    294    337    212     71    380    179    -37    -11    -45    -79    -70    -10    -12 
   647    161    -20    301    307     56    -84     20    -16    -26    -81    -43     -4    203    -97    -96 
   591    344    314    -64    -54     -7    192    -54     -4    584   1534    782    536   1646   1137    732 
   -38    339      2    615    763   1010    746   1000    586   1100   2068    515    732    678    925    595 
   734    878   1150   1111   1158    796   1247   1752    805    574    176    384    339    363    621    730 
   702    812    778    838    634    630    279     -7     39     -9    -12     88    297    315    369    342 
   132    108    489    201    164    232    156     73    110    232    193    156     -3    -13    110    418 
   199   -126   -183   -145   -124   -144   -137   -119   -128   -106   -117   -134   -157    -89   -188   -212 
  -120    -79   -126   -127   -115   -124    -65    -29    -71   -175    -88   -161   -188    -85    -46    -96 
  -128   -122   -154   -106    -35    -68   -206    -88   -148   -150    -82    -58    -81   -122   -133   -142 
  -158    -90   -111   -223   -134   -114   -124    -67    -61    -73    -52    -82   -133    -92    -45    -66 
  -169   -117    -85   -138    -64    -45    -40    -28    -11   -173   -213   -139   -128   -141   -103    -72 
  -144     -7    -23    -80   -189   -139   -165   -179   -270   -233   -108    -95   -101   -196    -50    -53 
  -106   -216   -130   -166   -108   -194   -201    -16    -61    -64   -206   -102    -44    -65   -122    -62 
   -27    100   -166   -159    295    -46    -27    -56    -23    235    -12    -35    -37    -11     -1    -35 
   467    816    -31    -30    -21    408    759    583    203     -8     -6    -33    272    306    -16    -15 
   -58    -84     -6    217    125    -26    -15    224    -11     80     -3    -71    -49    -66    -98    -63 
   -45    -46    -81    -75    -63    -78    -69    -68   -101    -62     -9    -30    -49    -42    -25    -40 
   -51    -62    -50    -36    -31    -12    -10    -80   -119   -122   -108    -90    -96    -91   -102   -113 
  -100    -92    -76    -47    -74   -109   -128   -127   -111    -78    -58    -74   -103    -98    -71    -65 
   -33    -85   -104   -116   -129    -92    -59    -61    -74   -101   -108    -87    -94    -46    -76   -114 
  -135   -164   -123    -76    -91   -121   -133   -141   -147   -142    -68    -92   -121   -126   -109   -101 
   -86   -100    -51   -124   -203   -212   -171    -51   -133   -157   -160   -138   -145   -144   -172   -197 
  -214   -230   -232   -140    -56    -52    -70    -69    -43    -43    -49    -87   -136   -204   -200   -231 
  -124    -29    317    618    624    347    442    492    381    -19   -108   -118   -115    -49     -9    146 
    36     72    235    309    449    575    244    -19    -47    -24    -24     80    124    120    131    349 
   471    616    761    798    925   1024   1173    809    573    460    579    759    863    929    962   1087 
  1001   1038   1203   1339   1206    996    399    454    564    564    471    465    444    414    515    694 
   835    851    693    384    710    924    944   1102   1150   1001    751    460    557    619    984    696 
   319   1274   1456   1328   1472   1453   1388   1040    747    589    667   1930   1460    507   1694   2051 
  2116   2136   2147   1850   1507   1686   1586   1381   2734   1812    622   1635   1441   2038   1688   2078 
  1631   2162   2206   1745   1035   1789   1444    620   1194   1490   2080   1457   1437   1376   2227   2749 
  2153   1195   1487   1470      0    678   1106   1211    -14    -69    -47    719   2059     -2    724   1289 
  1282   -103   -108     -9    843    -52   -174   -219   -203    -92   -331   -255    -52    958    -24    -83 
   196    581   -115   -198   -184   -246   -263   -584   -386   -109    411    -18     -6    193    731    110 
   286    303    353    -85   -356   -350   -152    289    537    613    166    267    396    644    637    473 
   308    -46   -122    -36    714    222    110     59     -5    202    275     86     99    218     -7    -51 
   105    547     -9    232    451    452    416    381    213    365    254    250      0    301    274    -29 
    78    332    279    321    212     21     26     94     -4    -24    -14     -4    866    528    124    122 
   301    156    288    -21    173    -29    -22    331    233   1250    301    -27    -32     89    -14     -5 
   -67     -1    -38    -40    -25    -49    979    217     -4     15     43     -1     25    -38    -38    -50 
   -46    -43    -48    431    -47    -50    -46   -112    -74    -41     -6    -32    -47    -55    -65    -67 
   373    -58    -52   -111   -158   -143   -119   -114   -157   -112    -94    -90    -86    -30   -124   -142 
  -196   -226   -149   -144   -112    -98    -27    -99   -180   -124   -106   -167   -155   -241   -197    -37 
   -38    490    387    356    -58    -92   -149    -55    -76   -176   -192   -122    399    184    304   -147 
  -151   -136   -100   -134    -47   -153   -185   -181   -173   -108   -116   -123   -281   -353   -235    -67 
  -147     12   -182   -155   -141   -130   -111   -123   -145   -281   -307   -172    -93   -119     13   -193 
  -209   -165   -118   -102   -114   -144   -227   -259   -181   -150   -144     59   -175   -197   -146   -116 
  -119   -135   -144   -123   -135   -102    -99   -104    -25   -157   -186   -154   -143   -139   -152   -131 
  -108    -99    -86    -87    -92    588    767    768    592    543    697    819   1065   1310   1506   1484 
  1302    951    923   1458   1390    941    968   1258   1046   1133   1214   1350   1227   1222   1030   1194 
  1885   1602   1417   1479   1722   1729   1638   1375   1358   1245   1335    941   1668   2237   1752   1545 
  1890   1844   1824   1839   1745   1732   1682   1784   1246   1731   2767   2522   2242   2360   2490   2313 
  1787   1509   1813   2108   2149   1471   1536   2731   2648   2882   2883   2692   1744   1396   1352   2304 
  2432   2374   1519   1658   2654   2047   2302   2388   1583    316    -10    655   2960   2306   2083   1391 
  1632   2845   1847   1741   2245   1855   1211    730     12   1755   1726   1778   1724   1379   1745   1255 
  1426   1732   1453   1428   1891   1342   2075   2429   2520   2229   1186   1497   1339    842    736    573 
   889   1383   1271   1806   1974   2135   1748    707    959    765    410     -3    -51    -43    -44    -16 
   217    436   1004    804    776    742    323    -12    -53    -81    -84    -83    -58    -43     28    483 
   522    757    889    805    579    370    185    221    324    262    337    636    752    798    -47    -62 
   -54    -36    -63    -48    -60    -88    -88    -74    -58    -52    -37    -55    -70    -75    -67    -88 
  -126    -78    -97    -42    -83    -46    -54    -24    -84    -89   -101    -74    -77   -132    -97   -111 
   -70   -100    -50    -27    106   -108    -85    -72     -4    -44   -106   -106    -51    -39    -85    -70 
   -45    155    -94    -89    -35     -7    -55   -144   -173   -130   -120   -131   -104    -65    -11    -58 
   -81    -49    154    -16      1    111    -56    -88   -106    -65    -44    -13    717    419    716    993 
  1451   1851   2672   2742   2302   1189    913   1038    348    856    940    657    551   1244   1164    758 
   239    164    278    500   1053    472   1028   1648    727    266    826   1011    872    -19    288   1057 
   356   1158    273    655    434    162    -10    142    313    137    -46    -66   -112    -75    813     -2 
   284    108    322    364    509    483    473    405    271    212    367    304     -3    404    417    591 
   382    405    195    174    435    240    128    -24    -38    -20    198    345    429    314    459    374 
   532    755    670    430    152    -29    -13    -71    -63    -61    -62    -80    -79    -78    -73   -108 
   -98   -119   -138   -130    -51    -24    103    286    117    178    -15     -9    -58    -39    -71    -76 
   -98    -48    -16    383    372    426    243      2    -20    -34     -7    -23    -48    -76    -80    -25 
   384    125    125     -3    -10    -45    -29    -14    -31    -43    -57    -31    226    816    561    365 
   135     22    -22    213    473    215      4    -35    -55    -36    275    243    -33    -78   -113   -157 
  -149    -80    -38    -51    -33    -97    -53     46    333     -9    -28    -75   -148   -141   -144    192 
   -37    -64    -84    -53    252    543    460    169    425    -39    -87   -151    -21    -38    -72    -71 
   -82    -19    -23    -12    -31    229     -4    668   1314   1631    225    -69    -89    -34    -31    -36 
   -11    -16     -2     40    657   1645   2199    486    -60    -63     -3    330    465    741    380    266 
    -2    156    443    762    -20    -54    -67    -21    -11     88    384    -15     -9    -35     44    -12 
   -10    -41    -68   -122   -117   -111   -102    -72   -113   -111   -106    -92   -104   -110   -116   -101 
  -166   -129   -119   -103   -111    -82    -72    -87   -134   -152   -168   -152    -66   -199   -127    -44 
   216     -4    242    404    168   -114   -120    -72    -81    -31   -138    -68     51    613    794    295 
   451    923    119    -39    -57    -80    -69   -110    -47    577    627   1166    573    620    316    556 
   665    386    -14    -30    -66     -1    709     71    275    -20    719    741   1105   1303   1425   1207 
   246    -12   1370   1008    966   1549   1966    486    992   1441    508    635    321    144    264   2103 
   919    730    -16    -58   -185   -397   -278    -43    -37     -4    -33    -66    -74    694   1546   1254 
  1665   1952    965   -123   -445   -480   -162    -17     57   1577   1085   1049   2260   2477   1833    397 
  -345   -440   -416   -166    651    -46    731    629    780   1677   1709   1347    847   -128   -202   -243 
   -86    766    -24    754    862   1090   1873   1940   1840   2029   1565   1451   1223   1303   1441    -37 
   922   1360   1615   1859   2034   1832   1772   1384   1495   1568   1474   1077    147    752   1138   1200 
  1557   1670   1411   1177    881    826    996   1002   1018   1780   2148   2082   2482   2459   2236   2504 
  2474   1640   1668   1794   1641   1341   1740   1976   2515   2852   2374   2249   2594   2764   1315   1263 
  1680   2042   1608   1648   1909   2655   2729   2787   2813   2998   2752   1844   1839   1943   1490   1023 
  1409   1290   2164   1795   1900   2277   3158   3200   3298   2961   2618   1673   1220   1361   1727   2587 
  2421   2690   2241   2964   3057   3342   3178   2666   2166   1505    946   1135   1822   2319   1171    187 
   -35     37   1092    922    695   1533   1232    -50   -118   1355   1399   -110   -224   -147   -229   -247 
  -385   -284    156    422    -52   -183    586    937   -100   -196    -89    -85   -233   -685   -543    -31 
   215     -1    -83    -44    222    -16    -37    294    845   -129   -410   -473   -162    -19    615    -27 
   -52    -27    385    600   1009    440   -171   -284   -352   -169    269   1196   1078   1100   1007   1330 
  1554   1584   1745     -9    -27   -109     63    849   1204   1252   1523   1557   1695   1512   1547   1554 
  1081   1298   1082    853    617    864    619    879    959   1023    856    555    404    303    496    519 
    84    200    -90   -116   -130   -141   -105   -107   -116   -117   -113   -130   -140   -135   -153    -85 
   -81   -110   -101    -57    -88    -64    -96    -71   -111   -149   -132   -154   -114    -70   -103    -33 
   -35     -6    -24    -63    -56    -89   -110    -83   -117    -71    -12    -49    198    -16    472    272 
    -7    100    -35    -45    -33    -76    -63     37    -26    437    780    709    -11    340    195    -13 
   -21    -18    -48    -62     33    -23     87    -31    110      0    406    599    -53    -53    -17    -49 
  -135   -111    -92    -88   -186   -166    -36   1324    826   -242   -248    -84   -106   -265   -248   -186 
  -202   -266   -204   -195    -80   -266   -542   -342   -165   -130   -204   -168   -120   -145   -184   -161 
  -159   -173   -304   -425   -369   -200   -147    -81    -95    -91   -118   -136   -132   -127   -206   -305 
  -364   -446   -280   -168    -74   -106    -92    -64    -63    -59    -75   -128   -194   -177   -242   -166 
  -129    -53    -68    -88    -72    -65    -41    -55    -66    -80    -69    -85    -68    -69    -82    -93 
   -90    -69    -56    -30    -24    -25    -52    -69    -94    -70    -58    -88   -141   -119   -109    -90 
  -100   -102    -45    -31    -16     -7    -36    -32    -82   -108    -55    -48    -29    -52    -34      0 
    20    123     -5     -2    -12    -52    -35    -45    -17     42    -15    -14    -19    -11     -5    -24 
   -11    -20    -47    -10    -56    -19    220    190    -45    -66    -62    -21    -45    -39    -65    -27 
   208    -18    574    690    829    -20     18    -25    -35    -80    -82    -79    -14    353    -79    -63 
   -61      6    -55    -20    -19    -24    -59   -122    -63     -5     -4    -40    -58    -95   -139   -135 
  -144   -134    -36    -33   -117    -83    194    172     -7    -33    -50   -167   -155   -175     -1   1416 
  1492    -21    -26    -17    634   1015   1165    620    -52    -20    -28    -12    -83    -23    -57    407 
   336    416    495    392    139    -55    -42     61    -24    -63    -13    175    570     95     -1    148 
   -19    -21    -57    -77    -33     -7    206    537    537    391    282    571    764    356    195    -18 
   -43    -15    137    503    936    610    385    102    274    534    392    359    199     -6    -18    -10 
   105    262    128    151    -30    -49    -57    -42    -59    -77    -40    -41    -35    -36    -50    -53 
   -17    -26    -19    224    841    711      3    199    328    222     13     78    116    225    -20     32 
   529   1090   1178    355    285    814    609    211     50    454    508    -36    -31     21    430    494 
    -9    -33    307    409    263    121    558    744     33     26    123    172    100    -31    -59    -38 
   -42     69    114    463    489     44     -8    -52    -43    -83    -93   -226   -190   -128    -89     42 
   253    676    562    485    968    730     55    -48   -115   -156    -80     -6    756   1029    868   1008 
   880    814   1255    800    575     30      1    242    342    -29    -76    619    634    450    172    287 
   493    730    -20    -38    -89     -9    -76    -89    442    300    348     -1    -63    -53    -17    -50 
   -84   -214   -217   -198   -118     -9     -9     62     -1    -46    -16     -3     -9    -31    -94    -77 
  -107    -67     33    -20     -6    451    309    131     -7    -31    -35    -42    -18    -60    -45    -25 
   -12    -30    136    140     28    -18    -23    -29     -8     -3    -26    -28     -9   1038    664   1048 
   786    494    286    666    732    382    687    844    355    803    344     -8    773    773     35    -18 
    19    484    -42    493    856    472    750    322    160    990    438    141     80    -43    269    325 
   839    992    617    805    371    -43    309    -21     -8    -41    -41    -92     27    136     16     -9 
   397    425    -60    475    -35    -69   -134    -20    -68     -1    -29    -48     -8    248    253    -76 
   -11    -13   -110   -172   -131    -70    -92   -163   -151    -20    308   1363   -111    862   1618    -29 
  -222    809    -46     21    -21   -210   1206    878   2235   -237   2474   2856   1083   -123   1035    730 
  2060   -181   -344   2175   1664   1963    233   2188   2707   2145   1283   1484   2186   1922   -224   -265 
   337   1629   1935   1699   2109   2304   2318   2026   2512   2651   1322    -85    -10   1030   1795   1945 
  2183   2734   2807   2595   2095   2166   1870   1237    939   1679   1321   1653   1556   1840   1886   1863 
  1797   1575   1590   1472   1666   1949   2167   1437   1598   1312    760    751    643    700    577    480 
   398    286    507    821    350   1075    897   1000    957    818   1061   1015    985    799    741    631 
   601    737    831    990   1281   1401   1022   1197   1328   1514   1286   1052    804    862   1010   1051 
  1093   1607   1709   1168   1192   1340   1671   1585   1216    901   1057   1231   1023   1016   1438   1565 
  1254   1259   1542   1673   1593   1103    925    929   1096    815   1089   1376   1698   1505   1314   1427 
  1634   1649   1535   1349   1024    859    596    560    616   1112   1088    782   1200   1255   1521    996 
    59    175    575    669     -2    183   1008    955   1061   1505   1784   1776    592    -21    388   1401 
   845    278    468    942    853    466    555   1480   1601   1572    454   1036   2110   1178    -26    -54 
   101     33    -17    -17    728   1211   1087    -90    -60   1224    958     -8     -6      0    188    321 
   154    281    814    301    -79   -126    -28    469    303    426    397    390    643    575    437    649 
   451    -25    -50     -4    390    541    719    621    638    625    656    611    669    597    313    267 
   269    256    176    147     17     47     30     46     12    102     87      4     66    -14      2    -70 
   -46    -27    -20    -30    -25    -21    -34    -60    -55    -46    -38    -25    -52    250    701    853 
   863    964    676    496    437    413    368    255    304    -27    624   1131   1317   1295   1184    761 
   525    522    600    429    281    257     -3   1002   1469   1497   1428   1396   1125   1116   1057    731 
   497    415    527    289   1564   1873   1946   1677   1869   1928   2011   1584   1438    953    866    599 
   361   1684   1850   2138   1662   2173   2086   2207   1928   1631   1655   1611   1211     -9   1605   1926 
  2295   2205   2798   2611   1657   1107   1128   1542   1923   1399    360   1930   2218   2160   2302   2742 
  2708   2333    244    -37    576   1825   1384    555   1928   2049   1887   1942   2325   1822    978     -6 
   -72    116   1694    918     90   1041    820   1035   1086   1236   1035    465   1286    855   1363   1557 
   319    -39    237    259    512    662    668    659    378   1040   1067   1030    673     -7    -49     -5 
     0     39     92    100    145     95    139    382    289    490    168    -17    242    301    214    176 
   145    250    135    267    332    286    545    206   1296   1040   1022    803    736    833    630    644 
   794    808    852    967   1434    626     -7    -20    -30    -25    -10    -19    -26     73    288    262 
   176   1028    439    -24    -36    -51    -32    -20     -5    -28    -21    118    223     54    854    328 
   -53    -66    -72    -74    -99    -99    -79    -78    -52    -34    -29    518    200    -70    -91   -110 
   -97   -105   -118   -113   -126   -109    -69    -41    322     42   -116   -131   -117   -108   -124    -78 
   -56    -94    -48    -39    -20    348     92   -114   -130   -147   -186   -181   -131    -95   -122    -93 
   -40    158    671    -50   -159   -175   -147   -149   -146   -171   -140   -185   -125    -40      0    887 
    -5    -80   -150   -146   -140   -124   -150   -144   -222   -195    -66    -44    598    218    -53    -86 
   -74    -85    -86   -130   -155   -264   -332   -186    -92    421    550    -17    -42    -48    -38    -57 
   -97   -139   -153   -205   -145    -76    329    358    -47    -66    -70    -70    -83    -89    -97   -100 
  -124    -85    -40    424    809    384    190    157     51     -2     -1     53     -5    -14    174    407 
   790    -32    -71    -75    -74    -83    -81    -69    -47    -29    -19    -30    -41    -14    -75   -103 
  -103   -103   -101    -91    -82    -80    -53    -49    -48    -60    -18    -79   -102    -93    -92    -80 
   -90    -89    -91    -68    -69    -56    -52    -11    -72    -81    -94    -86    -77    -69   -100   -111 
   -90    -84    -90    -77    -24    -52    -65    -74   -100    -93    -74    -87   -105   -101    -91    -86 
   -93    -39    -41    -47    -57    -68    -63    -26    -33    -14    -32   -100    -98    -88    -24    -16 
    -9     52     93    -32    -65    -43   -102   -132   -136   -123    -47     12     44    -53    334    779 
   578    273    124    -72    -91   -143   -150    -48    135    360    903    884    934    994    977    649 
   475     -7    -46    -12    -13     43    117     -5    -24     98    149    575    658    935   1567   2005 
  2025    919    115     51    -22    -24    -10     57    473    781    846   1250   1609   1377    756    331 
   384    386    446    435    447    621    729    780    959   1213    969    775    637    764    757    674 
   534    509    534    557    551    711    879    873    751    659     66    163    183    213    221    167 
    85     -2     -2     -2    122    153    146    368    556    508    505    466    472    296    226    368 
   273    297    212    259    316    592    673    638    608    503    454    427    232    210    419    493 
   389    489    911   1030    948    902    679    741    974    920    835    970    995    756    398    698 
   719    645    571    681    658    649    644    803    835    695    485    367    557    345    191    -33 
   -49    -19    160    120    489    702    629    488    -38    -55    -14     -5    -72    -90    -65    -41 
   -39    -68    -67    162    374    -51    -82    -44    -14    -56    -78    -66    -73   -114   -164   -105 
   -14    282     43    -11    276    457    400    394    491    477    -24    -78    -49    240    383    232 
   503    528    520    464    523    425    214    -21    -54    -15    375    313    -12     -4    -13    -13 
    -6     30    225    139     79     -5     -3     20    102    -28    -19    -31    -34    -36    -38    -40 
   -45    -33    -26    -17     66    166    -18     -9    -16    -25    -34    -42    -43    -47    -41    -24 
    -7     12     86    299     33    148      9     -8     -3     51     97      0     87     56     -5    277 
   360    177    383    415    305    366    489    477    205    254    440    288    391    710    671    602 
   547    589    502    325    530    656    604    506    450    499    700    404    369    401    551    749 
   598    238    374    319    303    276    348    822    614    697    803    723    703    898    980    934 
   673    481    535    511    944    848    799   1037   1113    897    564    840    877    260     38    482 
   697    605    110    613    744    161    -38    -24    -98   -110    -60    -74    278    581    491    168 
   472    590    918   1091   1056   1200   1171    844    749    499    571    667    867    402    198    212 
   537    499    324    -16    -24    345    187    480    513    362    314    221    387    378    470    400 
   881   1294   1057    567    402    612    504    329    288    468    501    542    487    668    972    800 
   589    559    559    559    516    518    427    441    405    387    262    342    361    321    433    593 
   390    250    213    225    208    205    236    193    180    124    119    394     24     -6     -9     93 
   138     -7     11     64     76    143    306    416    544    208    243    204    142    190    246    404 
   434    899    874    835    952   1106    -15    -26    -10      0     -8     -4     92    -26     -5    445 
   616    727    819    -20    -29    -20    -16     -4    130    484    505     67    264    403    472    528 
   201     70     -8    -21    -25    -29     -2    123    -18    -26      0    115    348    -14    -42    -27 
   -26    -65   -132    -63    -92   -116    -59    -33    -44    356    -45   -121    -48    421    223     -5 
   625    913    633    -75   -111    -20    475    582    381    881   1277   1743   2193   2238   2395   2569 
   384    -51   1134    842   1629   2270   2757   2008   2001   2085   1920   1796   2439    572   1156   2888 
  1154   1540   2076   2350   2585   2488   2226   2058   2195   2971   1664   1765   2634   1355   1162   1492 
  1557   1743   1930   1831   1859   1752   1855   1615   1616   1328    809    730    648    352    719   1163 
  1215   1248   1125    940    847    761    742    697    990   1044    622    599    746    741    738    721 
   769    756    785    945    859    322    623    854    433    287    911    475    666    184    690    352 
   587    784    250    532   1006    344    284   1124    117    712    -11    887    186    508    631    301 
   574    771     97    385    818     -5    622    574    712     71    509    535    440    365    843     89 
   780    590    524     -9   1063    538     88    450    419    569    330    956     65    678    478    734 
   203    877    418    305    584    143    468    442    547    281    312    412    235    648   1141    153 
   494    397    283    572    -10    832    584    -18    -40   1091    -39   1807      5    691    910    365 
   489    -77   1290    792    100    -14   1251    500   1331    -85    802   1046    652    609     52    739 
   752    746    678   1016    781    -32     -4   1343    631    824    372    541    611    716    617    772 
   801    792    -26    400    992    397    768    257    574    634    672    603    607    724    827    660 
   563    455    354    606    181    763    667    705    624    666    733    670    521    678    583    462 
   674    285    535    588    621    544    478    602    533    489    712    721    456    674    127    -61 
   -88    -72    -62    -63    -51    -40    -30    -28    -34     -8    402    -43   -161   -208   -185   -156 
  -151   -116   -118   -112   -119   -102    -72    110    -42   -149   -213   -175   -154   -159   -156   -142 
  -149   -152   -124   -100     74    -50   -154   -237   -172   -155   -161   -198   -166   -203   -194   -164 
  -141    -20    -14   -132   -189   -169   -148   -138   -126   -110   -128   -154   -145   -107    213    138 
   -72   -122   -105   -114   -136   -170   -161   -199   -233   -177   -104    566    -17    -66    -87    -54 
  -147   -186   -256   -238   -302   -331   -252   -114    779    204     -1    -24    635    -16    -43    -48 
   -38   -136   -291   -289   -111   1163   1542    861    847   1047    838    504    390    371     26   -158 
  -187    -27   1197   1463    785    543    590    596    796   1008   1119   1128    159    -39    260   1310 
  1794   1355    995    751    781   1136   1304   1458   1531   1380   1267   1534   1631   1833   1651   1350 
   993   1181   1326   1488   1427   1489   1608   1672   1837   1608   1685   1685   1515   1098   1084   1092 
  1105   1097   1242   1412   1604   1592   1378    787    781    814   1030    640    906    557    908    677 
   814    415    264     67    383     77     82    741    236    748    800   1190    172    -23    -54    -82 
   -70    556    380    447    498    272    289    707    817    607     -1     -2    -44    -66    424    144 
    -9    245    179    668   1247   1420   1571    906    385    231     47     -1     -5    -19     96    -29 
   -22    262   1362   2021   1503    844    703    420    -26    -58    -29    -19   -148   -155   -117    -56 
   -19   -155   -123    -30     77    -87   -192   -148   -126   -185   -248   -292   -266   -275   -342   -165 
   -68    -47    -57   -176   -190    -58    -96   -151    -40    517    -41   -220   -275   -206    -27    332 
   -11     -8    -36    138    -45    -24    -21    -44    473    -73   -148    -86     -6     64    -34    -52 
    44    -32    -72   -175   -239   -136   -256   -333   -134    -20    -10     -1    -16     14     -5    -60 
   -65   -106    -81   -178   -183   -100    -38    -34    -17     32    -11     -9    -10     -2    115    -11 
   -60   -110    -92    -60    -54    -34    -49    -79    -72    -64    -54    -33    -35    -91   -124    -74 
  2089   2061   2238   2434   2315   2062   1988   1688   1685   1569   1827   1752   1844   2380   2227   2470 
  2469   2135   1903   1752   1331   1624   1631   1777   1326   1909   2206   2027   2318   2338   2082   1905 
  2125   1589   1217   1448   1827   1258   1599   2283   2096   2491   2234   2121   1950   2538   2304   1903 
  1907   1831   1184   1492   1924   1705   1822   1655   1169   1281   1681   1454   1361   1852   1969   1410 
  1326   1663   1178   1743   1471    886    556    766     35    136   1639   2086   1731   1375   1073   1009 
  1341   1108    699    185    -58    -51    -25     53   1110   1616   1603   1185    932   1213   1451    854 
   -35   -111   -230   -197   -181    -20   1831   1623   1909   1219   2099   2197   1686    667    962   1050 
  1039    -66    -17   2387   1790   1948   1900   2311   2193   1795   1107   1148   1384   1289     92    253 
  1800   1716   1737   1514   1548   1537   1413    839    809   1101   1084    820   1085   1066   1275   1703 
  1006    947   1014    993    663    556    699    943   1037   1171   1093   1278   1726   1594   1729   1647 
  1508   1289   1211   1196   1337   1549   1716   1671   1552    -52    -38     71     -8    -19    -34    -14 
    -9    -57    -35    -13     18    415    -49    100    709    559    397    281    228    312    -27    -48 
   195    421   1206    -55    -14    416    271     81    347    318    396    -10    -55     -3    191   1084 
   -46    -26    273    489    143    284    241    764    -52   -140    -31    243   1282    -42    -32    445 
   387    121    543    319    619    -28    -87     -5    539   1020    -39     -4    659     14    -37    373 
   405    -27   -139   -146      0    598    886   -107    -24    962    150    -43    146     67    -93   -170 
  -143    -20    605    595    -18    -36    963    226     93    184    151   -123   -200   -149     -4    676 
   455     55    312   1021    402     83     -4    -43   -153   -287   -163    890   1169    366    -50    -14 
   431    924    810    -55    -74   -139   -348   -303    -15    446    206    -51    -32    129    877    636 
  -127   -151   -162   -325   -291    -29    222    305    -63    -35      4    696    461   -101   -110   -113 
  -187   -178    -13     -6    212    -41    -34    -12    218    139    -75    -73    -56   -116   -105    -13 
   -21    160    338    -13    244    340    107    272    476    647    100    -28     -7     -6    922    996 
   668   1339   1660   1109   1251   1507   1286    925    732   1430   1038   1543   1463   1648   2268   2340 
  2289   2052   1455   1271    994    766    816    509   1285   2088   1741   2171   2178   2772   2104   1975 
  1504   1540   1626   1106    460   1022   1612   1166   1481   1908   1572   1245   2017   2217   2517   2275 
  1795   1806   1514   1731   1168   1997   2422   2230    426    356    -49    683   1060   1118   2059   1630 
  2133    514   2190   2570   1045   -123    227   -111    -76   -160   -162   1389   1688    511   -228   1637 
  1653     -8   -141    -44   -167   -196   -417   -328    892   1502    -27   -148    -21    -14    -80    -66 
   -54     -1    -77   -316   -112    884   1155    -30   -127   -152   -111   -112   -104    -63    -26   -111 
  -316   -238   -116    806     76    -64    -98    -69    -55    -63    -29    -17    -83   -131   -146    -81 
   974     -4    -60   -103    -86    -83   -100    -62    -39    -82    -59    -81    -76    635    555     -3 
   -30    -14     56     46    188    167     91     89    134     -4    653    167    547    739    793    576 
   771    771    614    425    185    446    335    262    -52    -16    277    434    262    667    471    315 
    -3    -41    -13    -26     18    -60    -28     75    455    528    762    614    535    384    206    214 
    -6     56     -7    239    332    507    814    852    893    437    440    431    385     91    120    -13 
   382    210    707    570    702    347    177    206    341    208    148    105    -13    372    -21    541 
  1015   1197    702   1402   1394    934    -64    -52    -24     42    289    -56    -22    156      8    -53 
   -35     -9   1008    -16    -35    -28    -26     84    -71    -45     -1    185    -23      3    447   1453 
  1587    521     -5    -68    -19    -30    -26    -13     97     -5    -29    -33    509   1110    471    -16 
   -60    -20    -10    -22    -32    -43    -60    -68    -75    128    110    -34    -33    -87    -48    -16 
    -9    -17    -34    -71   -103   -111    -71    -95   -108    -66    -72    -61    -58    -56    -56    -50 
   -66    -70    -67    -61    -66    -74    -51    -59    -49    -46    -45    -45    -34    -41    -43    -42 
   -49    -56    -64    -39   1415    597     92    206    459    719    603    466    -22    -49    -72    -66 
   -37    923    -35    -29    238    478   1040    526     -1   -101   -124   -131   -155    -82    726    -53 
   -61    -10    335    427    -30    -84    -58    -66    -82   -143   -111    761    -83   -111   -133   -127 
  -112    -60    -37     -3    -47   -101   -153    -88    587    -90   -155   -178   -242   -236   -208   -213 
  -230   -241   -234   -209   -119     -9   -163   -274   -332   -463   -443   -380   -300   -327   -384   -357 
  -341   -156    -71   -287   -210   -295   -609   -670   -642   -725   -608   -641   -385   -225   -210   -151 
  -379   -162    -73   -330   -420   -402   -446   -539   -748   -488   -215   -128    -34   -143   -135    402 
   -18    -59    -72    -20   -224   -448   -358   -201    -45    166     46    -53    533    757    646    571 
   415   -117   -317   -208    -84    156     -6    300     26    662   1042    784   1151    763    142    -74 
   -77    -62     -1    -77   -100    -92      3    560    400    551    207    145      0     -1    185    227 
   441    372    225    493    766    783    838    615    571    625    674    904    891    -69   -153   -138 
  -108   -112   -103    -82   -102    -92    -57    -32    -21    313   -189   -305   -212   -174   -162   -122 
   -88   -111   -137    -99    -45    -36    308   -139   -177   -107    -69    -68    -69    -45    -29    -38 
   -57    -32    -20    557    -66   -103    -39    105    -10    -29    266    166    135     48    -39    -45 
   264    -38    -63    -38    220    258    740   1024    910    576    545    168     21    434     96    103 
   514    903    319    989   1805   1497    793     -1    -47    -47    354    -60    -79   1113   1408    -51 
  -187   -129   -125   -138   -245   -209    -13    740   -109   -214    -53   1156    -13   -162   -194   -245 
  -458   -578   -509   -217    184      7     35     -2    933    922    587    -14   -120   -414   -543   -489 
  -277    -25    -65    -86   -132    -83    -66    -58    -99   -151   -378   -417   -421   -260      0    -76 
  -105   -154   -151   -157   -135   -143   -109   -185   -171   -172   -136     -8    -86    -96   -120    -92 
  -124   -143   -132   -103   -118   -125   -111    -98    -17    -10     -4    -34    -35    -62    -88    -78 
   -77    -69    -52    -40    -66    -21    375    -47    -64    -81    -65    -40    -42    -28    156    259 
    -7     -1    303    606    -33    -53    -55    -44    -36    -30    -50    370    667    349    240    203 
   577    -17    -56    -41    -38    -22    -49    -69     -8    352    174     14     -4    499    -14    -72 
   -79    -86    -48    -83    -84    -42    114     -3    -19    -17    468    -26    -78    -93    -95    -69 
   -93    -98    -99    -39    -49    -63    -27     59   -101   -130   -164   -183   -161   -184   -193   -237 
  -164    -69    -71    -24    -37   -100    -96   -132   -187   -128   -114   -138   -193   -234    -90    -46 
    -4    -31    -36     82    -51   -149   -114   -109   -200   -246   -207    702   1437    180     15    -53 
    -9    -53   -113   -108    -94   -142   -165   -146   1208   2045    496    139    -63    -28    -57    -87 
  -104   -113   -125   -162   -160    235   1097    421    162    -92    -71    -84    -95   -100    -99   -132 
  -125   -101    -40    -22    -15    139   -109   -116   -115   -132   -121   -114   -116    -75    -40    -27 
   -26     -8    680     33     -5     -6    -12     29    116    152    539    916    903    819    730    -44 
   -65    -91   -108    -89    -73    -75    -76    -88    -86    -99    -99    -95    -36    -55    -67    -62 
   -47    -49    -67    -46    -73    -78    -67    -67    -83    -25    -35    -54    -61    -45    -75   -116 
   -87    -63    -76    -65    -62    -62    -11    -11    -23    -62    -26    -56   -108   -105    -75    -81 
   -84    -81    -60    -14    -32    -22    -80    -44    -71    -27    -38    -50    -55    -57    -35    -39 
   132    367    564    215    492    566   1002    948    963     31    230    101    -42    525    571   1218 
   835    132     41   1016    914   1229   1213    848   1176    -41    196    -72   1082   1319   1108    659 
  1975   2001   1584   1233   1037   1829    107    362    434   1081    985   1200    990   1338   1253   1081 
  1641   2080   1455    449    251   1039    924   1007    850   1046   1409   1751   2413   3011   3340   1796 
   551    409   1127   1270   1352   1110   1288   1313   1233   1731   2070   1983   1466    504    296    952 
  1119   1117   1278   1292   1331   1265   1216   1415   1326   1257    549    530   1147   1363   1411   1593 
  1632   1667   1668   1634   1578   1552   1336    702     -7    -31    -30    -33    -34    -48     -1     95 
   -19    -47    -49    -20    -43    145     -2    -28     47     -4    -48    -11    340    481    201    -57 
   -34    -43    127    -32    -25    -29    -37    -51    -57    -37    -17    -42   -118    -72    -51    -36 
  -137   -171   -124   -108   -117   -152   -124    -96   -129   -176   -104    -37    -25    -92   -177   -121 
  -111    -82    -20    -20    -23    -64    -90    -30     30    480    -10    -87    -63    -29     27   1121 
  2416   2764   2099   1182    927    699   1286   1621   1008    931   1969   2716   2292   2843   3593   4525 
  3913   1553    976   1640   3517   2071   1158   1911   2845   2802   2387   1987   1463   1736    -31     50 
   222    969   1133   1211   1546   1707   1095    -16   -212   -436   -364   -261   -100    315    366    471 
   539    954   1117   1056    464   -112   -313   -292   -136    -49    532    570    460    387    628    886 
  1014    979    325    -68   -115     -9     44    682    747    503    615    683    763    959   1198   1218 
   941    403    569    257    300    180     64    263    476    677    666    576    648    395     20    253 
    -5    381     -2    -44    -41    -33    -33    -60    -69    -76    -48    -78    -43     -4    208     34 
   -35    -40    -21    181    111    -33    -76    -37    -24    -25    113    268     82    -76    -77    -73 
   -10     73    -12    -89    -77    -59    -33     20    565    763    227    220    220    513      0     -9 
   -82   -105    -54    -62    -18    386    517     78     52    210    417    544    341    -37     -4    308 
    -4     -3    493    809    270    339    431    339    -18    -73    -66    271   1113    525    154    364 
   654    249     54    -33    -24   -134   -179   -193   -182    -47    -45    362    -38    -43    -56    -15 
   -58    -39    123    -63   -246   -388   -332   -121    485    822    677    530     -9    -45    -61    115 
   274   -102   -244   -168    663    484   1023    933    677    487     -9    -41    165    348    -72   -163 
   -53    853    423    919   1107    831    812    432    -13     -9    101    -23    -40    -16    320    266 
   776    708    194    -13    -14    -58    -54    -38    -21    -13     -5    123    165    675    870    398 
   209     46    -22    -23    -27    -28    -23    -10    209     -5    375    711    852    990    926    958 
   867    958    885    960    929    740    405    781   1185   1067   1011   1232   1272   1172   1015    908 
  1085   1371   1387    673    721   1266    974   1143   1366   1355   1412   1538   1666   1657   1450   1372 
   651    231    461    301    624    315    233    619    890    840    715    597    951    580    325    406 
   220    262      1    -38    -46    -14     92    -18    -26    363    283    -46    -80    -95    -57    -98 
   -80    -88   -114   -147   -196   -173    -80    -30    -40   -116    -83    -51    -54    -49     -8     68 
   -69   -249   -196    -80     -1    -46    -91   -111    -59    -76    -86    -58    654    157   -211   -191 
  -118    -21    -49    -47    -88    -45    -38    -64    -65    -47   -108   -148   -181   -184    -55    -50 
   -47    -69    -68    -50    -94    -92    -78   -144   -141   -191   -171    -79    -69    -74    -85    -88 
   -68    -96    -91    -85    -93   -144   -126    -96    -63    -35    -15    -27    -36    -37    -44    -48 
   -45    -36    -52    -39     -9    -29    -26    -22    -20    -42    -46    -48    -52    -47    -34    -41 
   -38    -23    -26    -49    -34    -31    -33      0     76    -22    -26    -20    -29    -44    -35    -28 
   -91   -115   -115   -115   -103    -77    -99    -88    -78    -87    -74    -75    -71    -89   -130   -127 
  -118   -125    -93    -95    -70   -109   -133   -116    -92    -82    -69    -83    -92    -68    -43    -42 
   -56    -37    -60    -93    -72    -34    -32    -53    -65    -63    -68    -57    -46    -69    -85    -97 
   -90    -24    -12    -48    -50    -23    -59    -92   -163   -165   -149    -81    -70    -30    241    160 
   -10   -128   -108   -112   -107   -247   -288   -234   -201   -231   -255   -192   -157    -24   -174   -303 
  -200    -79   -165   -223   -173   -115   -205   -377   -374   -210    -31    -74   -130   -129    -60    -58 
   -53    -41    -54   -142   -280   -282   -179    -45    -43     -3    -47    -56    -37    -15    -16    -72 
  -222   -281   -259   -177    -43    -85    -61    -67    -87    -64    -52    -28    -32   -105    -89   -105 
  -104    -60    -76    -66    -67    -74    -60    -59    -61    -59    -52    -54    -45    -40    -49    -35 
    -6      8     -5    -12    -17    -29    -39    -37    -26    -12     16    -10    928    661    815    640 
   427    353    475    148    317    364    621    450    779   1048    580    648    376     97    169    365 
    26    -10    -16    309    378    617    814    366    520    295    396    468    598    248    -17    -19 
    99    331    514    657    123    584    293    608    778    943    202     38    244    417    399    531 
   290     -5    162    487    449    594    668    327    133    284    282    151    399    407     -5    -13 
    -8    160    -33    -11    144    344   1129    144    -49     56    517    -60    -66    -34     14   -111 
  -182   -267   -147    505   -124   -151     -1    835     30    -65    -31    451    190   -104   -155     42 
  3119   2182    -23    105    760     58    -46    -47     62    417    -26    -53    -46     -6   1164    600 
   100    654     35    -48    -37     -3    -22    -45    -87    -96   -195    -76     -6     -2    325    -40 
   -67    -66    -61    -88    -76    -88    -89   -133    -70    -58     -9     -3    -88   -112   -116   -125 
  -136   -136   -141   -139   -152   -102    -93    -37    379     27    -14    -17    -24    -33    -33    -35 
   -28    -29    -15    -11    116    -35    -63    -54    -32     -6    -20    -18     -8    -22     45    324 
   118    146    -35    -59    -51    -43    -15    -34    -12    -51    -52    -47    -40    -35     -6    -51 
   -77    -58    -11    -40    -34    -21    -71    -39    -44    -61    -45     -8     92    157    169    169 
   267    344    -45   -114   -120    -73    -49    -67    -10    -37     -2    -52    -62   -118   -112   -127 
  -147   -120    -53    -23    -67    -26    -55    -38     -9    -12    -75    -95   -111   -194    -94    -16 
   251    -41    140    762   1403    499    -26    707    684    -64   -202   -197    431    805    -85    217 
  1388   2349    738     -6    719    447    887    408   1318   3947   2501    738    853    597    480     -9 
   -44    -44    -83    -19    504   2385   3713   2517   1522   1270    442    248    -15    -82   -116    -93 
    -7    651   2573   3557   3316   2444   1055    393    323    162    -24    -60    -79    -52     49    471 
   525    675    775    439    321    265     -6    -30    -45    -51    -57    -36    -42    -34    -22     -8 
    -8    159     -9    -35    -55    -79   -109   -120   -122   -113    -87    -61    -45    -29    215    317 
   260    484    492     66    274    205     80    -16    -16     87    -19    -33    -52    -34    -44    -52 
   -77    -24    -43    -37    -66    -97    -49    -53     75    -24    -16    -11    -44    -90    -96    -70 
   -50    -39    -70    -80    -49    -17    -45    -17    -23    -33    -36     -8    491    208    -33    -59 
   -72    -60    -10    -43    -31     -9    -65    -62    -32    192    368    -55    -57    -65    -20    -45 
   -89    -19    -23   -147   -171   -122   -101   -152   -149   -124    -47    -31   -125   -147    -20    109 
   -10    -44   -158   -229   -310   -276   -201   -161    -69     -6    283    142    537    761   1254    106 
   -23     95    508     -5    -61    -90   1171    305   1248    947    468    666    416     -2    870   -156 
  -221    -16    -61     -9    -19    228    380    429    449    148    202    832   -105   -100    333    -25 
   -51    -16     -9    140    209    120     40    128    -11    -61    -44    -26    -43    -28    -19    -39 
   -29    -43    -46    -24    -14    -21    -46    -22     46    -32      3     89    -23    -19    -48    -55 
   -41    -50    -31    -22     -1     16    -39    967    952   1052   1028   1003    957    981   1004    978 
  1045   1084   1167   1445   1198    969   1217   1220   1147   1164   1105   1083   1029   1300   1444   1431 
  1716   1304   1127   1236   1429   1344   1304   1365   1273   1144   1234   1236   1186   1514   1463   1193 
  1287   1337   1705   1482   1360   1096   1074   1151   1250   1223   1486   1222   1136   1281   1366   1407 
  1279   1023    850    889   1301   1441   1251   1351   1064   1101    872    869    631    620    474    850 
   821   1268   1281   1158   1288   1182    860   1003    874    444    -35    -21    -62    -18    678    488 
  1094   1437   1223    464    792    816    779    250    -22    -55    172    371     -1   1007   1529   1297 
  1097   1067   1055    991    958    551    470    729    -28    -63    376   1561   1359   1204   1108    970 
   833    671    356    -14    -59   -225   -207    -33   1233   1155    721    515    255    140     -5    -13 
   -30    -25    -97    -76    193   1123    792    368    132     -9    -18    -31    -27    -31    -26    -26 
    -6    293    915    931    593    486    405    389    333    255    225    280    367    545    703   1098 
  1203   1288   1336   1345   1207   1167   1098   1158    967   1132   1146    976    949   1255   1319   1611 
  1598   1432   1601   1393   1313    852   1113   1247    935    962   1257   1277   1433   1219   1081   1169 
  1241   1353   1055   1208   1112    875    937   1335   1098   1534   1178   1234   1098   1358   1138    881 
  1024    891    808   1033    883    590   1049   1024    785    704   1140    851    541    770    645    492 
   703    760    348    411    793    802    645    947   1144   1145   1296    230    132    436   1027    170 
   457    455    400    -16    174    -42     -7    766    -45     58    366    413    -59    -50     24    374 
     3    109    371    598    -20   -163   -114    171    677    -46    -94    -75    -64    -55    -38    219 
   449    -22   -114   -141     49    146    -72    -86    -84    -89    -82    -75    -44    -59   -126   -106 
  -121    -24     82    -80   -111    -99    -85    -75    -87    -90   -101   -155   -138   -151    -53    -16 
   -91   -117   -116   -116   -106   -104   -107   -122   -132   -129   -152    -61     -6    -73    -89    -85 
   -87    -82    -79    -67    -80    -87    -89   -109    -41    -54   -113    -86    -54    -73    -90    -70 
   -69    -71    -47    -54    -95    -51    -98   -150   -118    -60    -90   -166   -146   -119   -101    -60 
   -71    -90    -63   -112   -172   -112    -60    -98   -153   -181   -165   -127    -90    -98   -113    -76 
  -123   -210   -108    -78   -143   -212   -225   -173   -175   -130   -121   -139    -78    -94   -164   -106 
  -119   -137   -177   -178   -134   -132   -104    -95   -134   -100    -68   -155   -117   -158   -140   -125 
  -105   -148   -121   -105    -70    -62    -45    -86   -103    -82   -135   -142   -151    -99    -67    -82 
  -137    -37    -73    -13    -59    -74    -84   -139   -167   -204   -121   -120    -38   -109    -54    -88 
   266    -62   -120    -51    -51    -84   -161   -154   -105   -111   -227   -255   -122     87    -14    -97 
   -39    -55    -55    -99   -112   -111   -110   -150   -198   -106    -29    -27    -91    -62    -99    -99 
  -126   -128   -130   -170   -128   -107    -81     -8    -13    -64    -55    -87    -93   -113   -134   -117 
  -123    -61    -48    -56     -7    -21    -52    -27    -29    -19    -37    -48    -52    -60    -47    -34 
   -21     -5    -88   -139   -114   -106    -92   -112    -75   -100    -91   -115   -125   -121   -100   -104 
  -122    -41    -14    -26    -45    -10    -56    -27    -33    -51    -78    -48   -100    -93    105    269 
   -24    -30    -27    -65    -42     82     63    -16    -13    -54    -23    540    221    -37    -27    -16 
   -35    -51    -16     -8    -34    -31    -43    -22    285    219    -15     65     -3    -27    -43    -43 
   -37    -55    -46    -45    -70    -44    -19    -38    -11    -20    -62    -95    -94    -78    -85    -40 
   -55   -103    -50    -32   -106   -139    -70    259    -15   -103   -110    -25    -32   -131   -189   -135 
    42     -5    -53    -79   -106   -121   -271   -264    -92    -52    -98   -131   -120    -13     -1    118 
   169    -16    757    -87   -143    -30    -72    -22    -41    -53      0     -4     50    284    378   1297 
   167     -9    638    -35    -30    -35    -40    189    428    361    608    484    505    -25    -20    -38 
   -53    -60    -50    -69    -13     81      6    160    270      0    -30    -50    -81    -58    -35    -26 
   -65    -27     -4     -8     -9    -15    -51    -87    -84    -82    -51   1163    655    657    559    571 
   633    478    622    550    592    441    469   1271    733     -7     73    -12    -14    128     91     72 
   -19     -4     -5     -7   1158    504    -20     -7    -38    -47    -29    102     46    -33    -21    -19 
    -5   1285    575    -21      9    -20    -17    -43    106    -21    -57    -39    -45    -24   1089    490 
   -51    -31    -55    -70    -77    -56    -77    -90    -53    -54    -38    952    705    -62    -51    -29 
     3    -13     61    -15    -45    -15    -52    -39    808   1151    -76    -32    -53    -80   -139    -80 
  -171   -127    -55    -87     17    701    162   -185    -94    -96   -135   -187   -140   -171   -153   -233 
  -256    -88    546    -14   -141   -117    -88    -84   -108   -100   -127   -173   -305   -259   -129    388 
   473    -62    -86    -85    -72    -64    -87   -106   -132   -201   -156    -93    584    721    -28    -51 
   -52    -47    -49    -60    -67    -73   -115    -78    -48    924    772      0    -10    -13    -11    -21 
   -19    -17     -8    -14    125    161   1286   1195    751    628    589    595    533    557    414    458 
   559    760    796   1517   1037   1721   1501   1279   1149   1136   1206   1295   1435   1425   1143   1240 
   895   1023   1694   1557   1332   1207   1551   1571   1895   1400   1483   1115   1161    846    895   1658 
  1368   1299   1437   1573   1718   2110   1690   1398   1039   1236    920    869   1593   1497   1698   2162 
  2233   2345   2036   1892   1573   1154   1330    945    739   1142   1461   1732   1642   1100   1260    985 
  1087   1202    832   1055    943    643   1063   1425   1734   1145    671     94    209    160     92    543 
   839    864    461    681    935   1452   1037    689    260    -45    -69    -67    -27    511    694    160 
    69    798   1222    635   1015   1196   1025     -4   -208   -203    -39    293    -34    -45    196    822 
   608   1095   1519   1141    477   -146   -183   -113    -49    111    190    443    805   1044   1491   1592 
  1028   1105    649    128    -54    -40    409    977   1405   1474   1512   1769   1685   1116   1324   1225 
   618    -12    -19    454    883   1005   1113   1294   1585   1521   1220   1173    972    583    295    314 
   483    845    887    988   1032   1281   1232   1198   1187   1069    852    640    620    463    370    147 
    -3     81    340    -11     81    356    500    619    573    318    637    472     -6    -13     69    319 
   -21    100    404    677    945    726    252    663    509     -9     -7    180    205     15    238    506 
   525    800    661    162    643    532     -9    -11    192    283    160     96    707    662    565    591 
    41    742    795    298    111    496    709    837    452    747    557    589    607     91    883    765 
    -1    372    627    296     96    241    636    580    489    476    158    998    663     18    552    570 
   252    503    872   1444    729     -7    502    288    890    646    253    161    -22    -62    -17    299 
   452     36    -26    458    142    735    568    389    263    -14    -45     55    618    285     17    -43 
   148    230    746    893    327    -19    -58    -37    -23    301    480    431     82    335    412    722 
   777     87    -96   -142    -79    -46    -23    674    726    683    771    399    649    893    415    -68 
  -100    -57    -34    -26    540    733    635    603    355    610    774    476    -25    -43     -1     86 
   102    687    817    795    723    516    -38    -57    -55    -62    -20    -29    -34    -58    -81    -44 
   -32     -3    224   -121   -105   -133   -172   -124   -107    -69    -89    -95    -59    -38     30    254 
  -118   -123   -120   -140   -170    -89    -89   -111    -62    -24    152   1076   1085    -34    -48    -70 
   -90   -122    -25    -72    -51    -28    -58     77    879    882    -75   -107   -112    -97   -140   -119 
  -108    -23    -38    -84    -75    249    342    -53    -86    -51    -69   -155   -187   -108   -109    -84 
  -198     35   1128    523    -71   -181    -34      9    -66    -81     -2    -70    -60   -275   -185    830 
  1361    -92   -255    -47    -37   -133   -204    -89    -91   -338   -663   -515   -108    707   -111   -194 
  -108    -59   -143   -180   -141   -164   -475   -660   -612   -227    138    214     -6     73    684    370 
   -10    -31   -147   -369   -566   -547   -252    -72    434    168    284    404    187     72    -30    -21 
    -8    -71    -83    338    142    473    588    818    617    187    272    121    255    378    695    893 
   868    711    101    242    206     25    -41    -37    -49    -50    -42     -6    220    323    281    -61 
  -155   -152   -121    -93    -79    -55    -95   -115   -119    -94    -65    -39    -46   -120   -146   -113 
   -79    -71    -28    -69    -76   -112    -85    -47    -23    -24    -93   -161   -127   -108   -103    -89 
   -80    -78   -117    -99    -36    -53    -34   -101   -187   -148   -131   -107   -130    -66    -45   -127 
  -124    -98   -101    -51   -107   -167   -122   -166   -211   -167   -115    -58    -72    -98    -75    -64 
  -140   -200   -228   -202   -218   -283   -304   -275   -246   -240   -192   -163    -50   -100    -61   -103 
  -147   -103    -78   -114   -158   -225    -45    444   -118    -32    603   1760   1692    290    -60    -45 
   -17     -1    -35   2415   3679   1726    741    883   1089    996    937    497    125    214    559    530 
   -25    615   1688   1208    859    854    -14    -24    -44    -38    -25     -2    466    122    670   1638 
  1204    244    613    394     79    -21    -47    -39    -20     65    -32    -21    699    642    154    484 
   221    -18    -55    -72    -69    -57    -30    -17    164    718     -1     -4    308     74    -19    -57 
   -66    -72    -84    -74    -53    -23     -5    -34    -35    -90    -86    -65    -67    -74    -60    -57 
   -57    -78    -66    -71    -33    424      1     75    236     86     -3    136     -7    115    -13    220 
    -4     99    582     58    -15     79    -22    -41    -41    -69    -80    -61    -10    -20    -11    707 
    64     -9    326    -43    -63    -61    -44    -88    -73    -20    -16    -18    674    226    219    588 
    76    -11    -62    -52    -79    -67    -13    281     97    285     77    238     -1    -50    -34    -33 
   -83   -191    -86    285    826    372    -75    -77    -65    -40    -71    157    -57    -19   -149   -140 
   -20    779    337    -90    -34    -71    -13    -87    -68   -138   -113   -301   -406   -275    -96    242 
  -107   -143    -87    215    265     -9    -46    -31   -104   -308   -269   -101    246    245     -1    199 
   438    447    198     -3     -3    -10   -134   -161    -58    528    687    594    837    878    906    605 
    96     -3     -8    -68    -55    215    716    827    772    914    819    866    723    350    219    295 
   222    606    747    816    988   1197   1312   1218   1233   1072    917    775    875    938   1257   1340 
  1057    -51    -68    -76    -79    -95    -97    -95    -81    -59    -51    -58    -51    -41    -78    -91 
  -111   -133   -122   -133   -110    -94    -65    -57    -77    -58    -33    -85   -133   -161   -172   -163 
  -180   -170   -148   -151   -158   -135    -84    -33   -101   -132   -139   -153   -159   -192   -204   -206 
  -222   -221   -176   -157    -82   -105   -160   -149   -169   -175   -226   -245   -235   -231   -225   -224 
  -176    -92    -68   -127   -102   -138   -191   -220   -240   -260   -257   -232   -199   -133    -76   -100 
  -125    -82    -48    -58    -66    -52    -69   -127   -224   -216   -121    -57    -26    -18     -7    373 
   835    790     -7   -173   -331   -431   -378   -237    -65    592   1105    966    822   1097   1238    766 
    -1    -85    -70    -33    -61     -6    607    901   1027   1103   1216   1286   1176    949    640    710 
   657    434    286    583    848    999   1101   1153    977    992   1197   1330   1345   1314   1129    682 
   812   1068   1257   1393   1430   1255   1231   1245   1270   1200   1281   1188    742   1033   1449   1638 
  1647   1612   1454   1443   1393   1385   1369   1322   1342    741    793    760    871    801    771    904 
   704    798    851   1193   1329   1267   1282    966    868   1152    835    778    814    784    773    787 
  1068   1485   1587   1513    889    969   1166    835    736    685    797    716    663    651    930   1421 
  1384    779    658    973    777    802    792    923    903    868    868   1022   1232   1112    714    627 
   853    834    905    920    971   1132   1067   1146   1231   1173    918    827    605    803    829    743 
   522    680    595    732    808   1133   1015    940    886    377    672    642    416      8    414    438 
   593    326    412    758    932    823    790    670    622    611    242    498    495    744    272    438 
   498   1118   1035   1141   1022   1103   1050    832   1036   1321   1476   1044   1042   1139   1650    916 
   972    891    953   1002    884    877   1236   1493   1286   1533   1580   1578    825    655    447    454 
   665    585    678   1001   1206    925   1143   1240   1342    924    955    934    901    943    886    839 
   880    927    920   1108   1160   1196    952   1017   1022    969   1023   1008    958    866    845    962 
  1051   1005   1032   -177   -153   -156   -142   -133   -115    -96    -85    -70    -87   -115   -119   -148 
  -175   -143   -112   -117   -111   -113   -114   -100    -57    -44   -113   -121   -170   -165   -139   -110 
  -120    -92   -131   -144   -135    -68    -46   -104   -142   -205   -146   -121   -119    -99   -103   -122 
  -114    -77    -33    -69   -125    -90   -143   -112    -88    -84    -94    -69    -33    -92   -104    -96 
   -63    -70    -58   -129   -141   -124   -112    -88   -111   -111   -132   -101    -95   -130    -32    -23 
   -89   -187   -154   -127    -63   -104   -108    -88     49    561   -180   -128    -69    -97   -188   -155 
   -78    -30    -21    -52    -96   -103    -67   -189    -78    -74    -97   -144    -91     -9     -8    145 
   -41    -12     71   1005   1831   1588    272    -91   -152   -100    477    361    431    -27    -21    -52 
  -107    -76    -99    -85   -177   -133   -113    -20     18      8    -43    -51    -96   -163   -134   -146 
  -146   -195   -124   -126   -133   -120    -83    -78    -84   -106   -120   -111   -151   -145   -168   -172 
  -189   -175   -155   -109    -95   -106   -115   -137   -148   -184   -167   -156    389    402    560    380 
   450    521    477    612    367    245     48     90    534   1133   1687   2055   1830   1702   1962   1854 
  1859   1215   1024    906   1083   1517   1246   1808   1936   1680   1612   1684   1770   1775   1357   1018 
   725    816    997    844   1244   1262   1323   1435   1624   2120   1920   1791   1348    736   1222   1242 
   833   1079   1426   1428   1491   1372   2160   2165   1858   1496   1231   1640   1512    587    648    824 
  1283    764     -1    243    758   1290   1351    942   1616   1492    520    254   1358   1593    727    -23 
   141    -71     -8    -68    -30   2264   1326   1613     -9   1949   1787    914    620    818    464     -8 
  -335   -235   2249   1362   1493    413    793    774    587   1152   1935   2074    807   -334   -302    919 
  1286   1158    758    369    326    430    924   1686   1986    456   -257   -259     -7   1425   1167   1020 
   457    422    947   1235   1564   1838   1260     -6    -17    490    968   1066   1362    778    956   1370 
  1465   1536   1491    813    625    468    645    771    610    917    552    555    641    856    885    800 
   505    420    437    530    691   1061   1095   1215    801    893    975    877    920    722    686    697 
   536    562    684    594    629    201    157    440    387    472    232     31    246    449    402    555 
   576    606    412     94    397    353    232    385    294    393    596    454    795    919   1110    485 
   337   1088    665    136    130     44    314    483    456    581    660   1028    465    293    523    501 
   289    284     -7    181    505    328    659    946   1282    945    805   1205   1796   1548   1514    512 
   745    848    279   1371   1164   1905   1528   1708   1376   2171   1140   1858   1859   1894   1522    257 
  1077    329   1295    949   1523   1100   1404   1560   2757   3638   4473   3210    874    433    421    365 
   355    674    585    303    846   1333   2138   2802   2287    898    241     -6    132     60     32     -6 
   170    377   1054   1414   1565   1426    635    359    335    492    655    372     73    351    456    827 
  1225    990    598    612    498    517    629    496    505    453    505    656    654    765    653    630 
   559    568    540    460    378    429    474    477    519    371    231    275    383    563    -26    -24 
   -29    -24    -31    -28    -25    -15     -8    -25    -17     -8    -22    -22    -33    -41    -25    -24 
   -44    -43    -29    -36    -36    -27     43    -33      2     -1    -36    -42    -47    -58    -72    -39 
   -26    -72    -58    -39    -69    -21    -50    -68    -41    -42    -45    -60    -46    -19    -89    -86 
   -71    -79    -25    -32    -48    -45    -37    -55    -48    -27     83    -56    -43    -27    -46    -63 
   -27    -51    -45    -47    -36    -97    -59    -86   -119    -68    -20    -38   -115    -26    -66   -121 
  -114   -103   -153   -165   -215   -201    -74    -64    -57   -112    -75    -85   -135   -132   -112    -48 
   -65   -228   -283   -150    -97    -57    -59   -125    -59   -109   -100   -119    -73    -97   -231   -283 
  -274   -162    -71    -63   -103   -101   -122    -94    -80    -55    -76   -149   -179   -220   -129    -63 
   -68    -90   -131   -137   -113    -79    -79    -82   -120   -171   -163    -80    -64    -66    -79   -121 
  -129   -115    -95   -107   -113   -132   -137   -118    -78    -71    -78    -79   -101   -114   -112   -111 
  -114   -111   -109   -103    -77    -64    -57     94    -27    -43    -53    -42    -24    -41    -26    -27 
   -13    -24    -21    185    -30    -67    -85   -109    -88    -55    -50    -42    -37    -48    -49    -47 
   164    -21    -67    -79   -106    -70    -39    -31    -55    -35    -54    -49    -50    104     -9    -42 
   -47    -32    -11    -22    -42    -79    -41    -35    -30    -63    -24     99     95    -12    -24      2 
    85    -15    -52    -44    -22    -46    -73    -40    396    -29    -10    -12     70    -18     18    -15 
   -10    397    -12    -32    -26    326    -71    -31    -29    -59    -81    -86    -80    -21     66    249 
   191     -9    -42   -126    -78    188    -25    -77    -81    -73   -128   -133    -46     76    579    -12 
  -110    -81    277    565    376    181    486     -3    -35    -20    469    823    507     -9    -17    261 
   570    880   1004   1642   1749   1284   1101   1316    950    563     73    -10    236    510    833   1057 
  1308   1832   1498   1442   1220    837    857    570    554    709   1086   1552   1474   1442   1669   1803 
  1680   1382   1082    726    427    537    452    662    903    816    741    959   1221   1197   1202    988 
