   -57     -1    125    -60    -56    -12    253    132    205    169     87    254    141    -41     -7     97 
   -11     -4     -2    285    322    356    385    511    424    479    -35    -35     -8    -14     26    -44 
   -95    -42    198    165    289    -13    -18    -20    -27    -10    -33     92    -79   -150    -59     -6 
    -7     -3    -13    -37    -28   -101    -23    230     -1   -114    -40     -7     74    -55     -3     -7 
   -13    194     -5    -20     91     38    -13     59    791    712    -10    504    818    316    557    353 
   105    465   1278   1931   1514   2377   2269   1978   1112   1093    809    992   2428    893    739   1786 
  1822    915    784    788   2752   2637    492    879    346    765    258    390    316    340    575    633 
  1652   1338   2410   1600    815     -4     32    112    429     54    135    373    705   1044    690    747 
   938    571    298    428    412    261    295    428    482    229    448    391    372    414    419    464 
   415    304    185    154    136    124    133     82     85    184    174    195    -10    285    216    203 
     6     -9    148    250    157     62     18     65    167    431     71     60     -5     86      0     94 
   104    222    151    352    480    464    446     -8    -14    107     82     15     37    160    421      7 
    -7     -2    138    339    214    -15     -8     45    171     -6    452    350     11     -6    -11    147 
   372    431     -9    -23     34    358    562    282    280     42     -5     -7    195    510    490    232 
   312    435    482    447    299    398    347    496    341    216     -8    351      3    151    562    592 
   180    475    485    392    840    206    357     48    663    468    419    235     -1    947   1041    353 
   429     23    167    232    373    -41    103    187    278     77    640      0    291    -10    -17     -8 
   234    227    -21    201    111    184    236    317    -28    143    -58    -34    -16      0    386     -6 
   160    259    124     21     -8    178    376     97    -17    306    396    273     77     47    -14     35 
    39     55     57    108    152     37    373    373    425    232    186     58    131    145      0     -1 
   140    114     18    124    217    431    430    500    493    561    477    503    466    414    209    262 
   354    412    -80    -75    -51    -52   -109    -92    -84    -70   -106    -74    -76    -32    -29      9 
    -1    144    -30    -44     -8    -85    -69    -42    -24    -39    -81    -66    -38    -87    -85    -69 
   -58    -47   -129   -103    -70    -39    -88    -97    -56    -82   -114    -79   -149   -113   -127   -100 
  -217    -60    -96    -79     -1    -33    -12    246    -26    -59   -124    -41    -74    -61    -51    -54 
  -119    -55    -28    -12    -17    -46    -78    -92    -56   -173    -70    -94    -77   -105    -87    -49 
    33   -202    -20    -25    -29   -103    376   -181    -15   -158   -165     -4     13     -8   1512    338 
   -31    508   1267     41    405    -21   -164    -61    -60    -46    824    378    332    244    290    369 
   556    -58   -141    -42    -22    -34     -8    451     -5   1273   1061   1341    801    722     -2    -57 
  3156   1770    114    729    831      7     74    161    201    212    134    291    -11   1570    686    241 
   638    894    450    403    366    185    489    418    366      5    196    256    256    880   1107    639 
   788    868    723    856    816    724    759    938    627    550   1177     -7    468    589    386    257 
   423    340    924    443      9    -11      0     -2     -5     31    197    209    261    537    112    265 
    91    186    292     99     46    193     -5    530    483    385     35     34    150    342    295    187 
   337     -8     -8     12    860    657    495     32    -32    -23    571    778    715    672    -10    -15 
   -40    126    367    146    -57    -12    252    309     81     -4    303    149    225      0    124    145 
   268    528    857    857    430    327    534     98    221    359   1237    313    170    190    -16   1717 
  2590   2645   1618   2361    902    747    -11    -95    -33     80     31    -93    361    517    805     -6 
   -88    728    454    369     -7    181     58    578    433    281    173    -39    -70   -139     46    -23 
    52    185    512    612    529    580    248    520    433    787    177    318    251    306    379    648 
   760    570    587    599    454    407   1141    874    512    812    576    438    692    699    650    707 
   805    947    630   1024   1072    459    870    588    437    581    650    731    791    671    720    649 
   569    520    660    718    378    126    185    224    129    199    343    265     16    -30     -1    165 
   708    -18    -73    -38     -6    224     18    226    100     37    118    279    431    353    -14    -82 
   -47    -15    241     96     -2    -23    205    575    280    -23    -18    -18    -88    -63    -54      1 
    -4    -74    -29    -54    365    -13    -27    -29    -19    -57    -55    -28    -39    -18    -83    -84 
   -74    -64    -60    -44     -9    -50    -67    -63    -53    -38   -139   -126   -101    -73    -50    -17 
   -25    114    -36    -94    -28    -61   -139   -138   -130   -200   -171   -120   -162    -46    -50    -65 
  -108    -67    -37    -71    -63    -66    -45    -75   -230   -151    -29    -19    -46    -58    -68    -86 
   -47    -19    -57    -78   -145   -283   -209    -62    -54    -37    -25    -55    -79    -19    -48    -85 
   -90    -98   -151   -117    -38    -40    -25    -64    -23    -19    -16    -30    -44    -83    -61    -77 
   -40    -33    -19    -15    -52    -36    -52    -70    -82    -67    -71    -58    -49    -64    -70    -28 
   225    -10     -7    -10    -26    -21     49     -3     65     84    -19    -23      2   -121    -67   -102 
   -82   -121    -32    -45    -50    -22    -44    -23    -21    -82    -84    -59   -130    -67    -70    -84 
  -109    -51    -33    -67    -71    -48   -106    -82   -105   -181   -144    -91   -105   -104    -76    -67 
   -98   -111    -88   -154   -125   -112   -157   -107    -86    -57    -97    -78    -22    -36    -94    -20 
  -111    -91    -17   -153   -110    -46    283    -34    -37    -22    -80   -111    -17    -87   -180    -15 
  -130   -108    -82    -63   -187    -79   -110   -146   -111    -92    -81   -210    388    -78   -137   -219 
   309    -87    260   1197    385    467    -43   -106   -100   4070    -32   -105   -130    321   -104     -5 
   -25   1358   2740    -59   -127    -65    -79    -54    -16     20    -94    -27    -81    506   5536   5016 
   -47    -94   -105    -51     91    -27    606    114    -71    -93    -23   5149   2629    -19    -61    -95 
  -116    -22    -21    -16    -41    -29    -21    -32    261    -41     -1    -74    -14    -51    110    327 
   108    199    -21    -14     -2    -45    -94    -24    -64   -107    -52    666    545    643    533    539 
   995    583    629    -45    -55    -68    782    519    414    545    577    478    477    603    699    738 
   609    510    664    438    263    394    455    463    430    375    369    436    335    417    490    492 
   376    632    606    298    374    114    139    459    479    441    524    822    539    574    446    442 
   225    387    496    528    380    444    237    387    608    451    565    400    724    143    469    474 
   764    758    489    319    508    591    482    111    711    497    273    589    193    -88    -61    -44 
   376     87    -19    137    275    490     -6     -9    445    310    -40   -168   -130    -28    424    262 
   289    509   1043    538    235    -21    -19    133    -19    -44    200    939    736    657    797    518 
   753    329    134     -8     62     94    118   -192   -146     -1    225    323    -10    488    583     -2 
   -15    -26     -8    -18    -70    -38    -21    -12    397    -10      4     -3    104     44      5    -20 
   -20    -49    -39    -14     82     -8    -12    -17     -4    458    454    278    450    449    293    360 
    84    207    325     37    143    128    359    475    370    518    453    352    134     -4    216   1394 
  1401   1569   1590   1886   1718   1388   1563   1282   1431   1106   1001    973   1777   1796   1381   1267 
  1472   1475   1392   1032   1673   1137    777   1299   1147   1414   1492   1123   1099   1314    765   1503 
  1145    750    727    803   1446   1183   1178   1579   1008   1585    995   1608   1341   1498   1234   1229 
   915   1282   1106   1096   1524    611    808    600   1396    832    873    969    827    655    991   1099 
  1042    992    793    823    658    809    827    852    740    755    757    949   1255    897   1339   1078 
  1381   1801   2288   1090   1806   1866   1329    881   1315   1151   1373   2817   1247   1049    784   1054 
   962    943   1110   2268   2415    713   1094    896    497    871   1074   1205    709   1021   1156   1168 
  1117   1346    949    827    725    706    950    932   1332   1373   1287   1258   1727   1144    920   1485 
   925    840    992   1135   1316   1469   1554   1380   1302   1327    958    924   1049    800   1276   1249 
  1186   1232   1408   1443   1197   1149   1218    769    582   1192    993    538    951   1327   1317   1664 
  1602   1197   1404   1471   1208   1014   1165    540     -1    534    634    852    360    180    517    147 
    -4    -22    355    524    144    -13    688    557    625    295     -5    166    250     -8    -37    -17 
    64     22    -44    260    459    746    691    170    -63    -24    -37     -9     -4    364    119    -28 
   261    904   1012    307    514     -7     -6    497     41    -10     -9    -29    -64    -92    312    -38 
   -72   -175    -20     69    -23    -93    -68    -51    -75   -118    271    -20    -39    325     -3    -56 
   159    407    365    235    -25    -21    -83     -5    -32    -48     -9    229    -74    -47    -19    370 
   601    -41    -60    536   1034    198    -40    441    507    701    562    365   1380    619    -41    -11 
    -5    -14    384    151    363     87     -2    139     49    -48   -108     -2    -51     -7     -8   1035 
   611    -14     -8    -19    270    345    251    -17    163    -41    -20     -8    275    157      6    162 
    -7    -33    -14    -47    -18    -21    -53    -36     36    178    136     -7    181    143    132     22 
    -7     -6    -33    -53    -35    -18     -2     -8    -14     28     -7     -5     -4    -14     -1    -26 
   -46    -37    -24     -6    129    -30    140    361    -14    -26    148    762    306    188    -52    -82 
   -12    -15     -4    -44    -31    232    -29    -26     -1    -25    -53    -81    -59     -8     96    401 
    -8   -104    -56    -33     -9    -68    -62    -74    -69    -79    -41    -17    -28    -10    -56    -89 
   -17    -14    -55    -71    -64    -56   -124    -91    -95    -25    -62    -25     -6    -13    -77    -89 
   -40    -32    -76    -66    -24    -59    -65   -133   -177   -138   -105   -153   -154    -19    -59   -107 
  -160   -124   -121   -266   -303   -207   -281   -215   -317   -247    -31    -39   -102   -311    -71     -4 
  -147   -199    -92    -49    -61   -313   -269     60    -33    -43    -65    -15    455    -11    -69      7 
  1303    -61   1591   2225    -48     81      0    -21    236    610    187     -6    193     93    -45    711 
   934    -30    -38     -7    -13     68    193     23     48    178    -35     23    -36     -8     97    -42 
   -50     -2     92    116     -1    272    351    303    194     -7    -22     -9    -37    -28    -25     -7 
     0    -14    -11    142      0     97    263    231    -28    -35    -99   -116    -74    -83    -87    -49 
   -64    -47    -32    -54    -63    -75    -49   -110   -160   -106    -95    -93    -59    -71    -44    -34 
   -46    -18    -43    -61   -106   -134    -92   -129   -112    -91   -118    -75    -13    -78    -86    -97 
   -76    -82   -103   -101   -125   -122   -127   -153    -98    -69    -98    -94   -103   -118    -96   -104 
  -126   -127   -149   -131   -119    -88    -61    -74    -80    -83    -93    -96    -82    -78   -119   -113 
   -90   -116    -97    -88   -101    -66    -77    -85    -96     -7    -44    -66    -87   -106   -143   -134 
  -167    -64    222    -54    -63    -96   -204   -103    -31    -98   -143    -64    -44    -75   -215   -137 
   -47    -91   -101    -70    -55     -9    -17    -58    -15    -62    -74    -38    200    -64    -65    -45 
   110    150    114    230    166    168    -31    -28     52      0     -5    -57    -55     -3    -11     -1 
    -7     -7     -8    -17     -1     -4     37    107    -64    -79    -24     -7    -20    -31    -42    -49 
   -46    -21    -26     -5     -7    -67    -69    -22    -23    -29    -46    -43    -24    -19     -5    157 
   162     -5    -57    -43    -48    -43    -39    -46    -51    -25    -44    -22    -50    -57    -71    -23 
   -19    -84    -60    -18    -15    -30     -1    -38    -35     -5     21    -14    -23    195    201    -54 
   -65    -45    -22    147     18    144     92    -14    131    -11    102     16    -47    -62     71    -20 
   -51    257    -32    -31    -12    -14    -65     60    -18     38    183    217    -61    229    527    119 
   -26    182    -18     -5    569    327     98    195    344    489    825    748    821    513    684     -2 
    21   1095    563    210    483    391    286   1458   1204   1104   1476   1263    321    721    444    -39 
    -5     -6    866    241    705    569    115    412    -63     37    591    589    696    104    -15     15 
   192    557    -44    184   -315   -253    -42    219    151    -23    269    413    485    317    160      0 
    58   -118   -116    -71    339    504    -38    -20    -19    106     60     43     21    -30    412    -12 
   -18    327    349    -13    -18    -16    -16    -45    -41    -37    -11     -2    -23    -22    132    391 
   108    258    257    249    373    280    320    323     54    -10     60    315    -37    -35    -41    -10 
   -45    -52    -25    -93    -76    -68    -53    -42     -3    -26     -2    -40    -13     -4    -57    -43 
   -58    -14    -56    -62    -55    -44    -47   -105    -80    -41    -26    208    -76    -38    -40    -29 
   -45    -89    -67    -26    -88    -57    -38    -46    -34    -94   -103    -92    -78    -77   -111    -97 
   -16    -79    -42    -77    -70    -86    -91    -98    -99    -87    -60    -77    -85    -65    -24    -27 
   -71    -35    -41    -39    -36    -14    682    -13    -39    -30    -35    -10    640    416   2028   2423 
   -51   -191   -212    470     -9    -70    -61    631   3356    967    -23   1255   2533    364    -58    -74 
  3178   3731    -87    -34    -32    247     61    -22    -13    472    -31    -15    -36    -20    134    -84 
   -15    -26     32    -49    -52    -66    -57    -66    -38    -40    -95    -58    -49    -53    -70    -40 
   -33    -44    -48    -34    -49    -72    -35    -97    -48    -51    -79    -37    -33    -60    -74    -68 
   -57    -35    -45    -44    -44    -60    -68    -73    -19    -42    -50    -48    -56    -73    -48    -66 
   -48    -48    -59    -51    -52    278    -11     -4    145     -3    118     -6    -33    -39    -31    -45 
   -64    -13     47    -70    -27     -4     -1    172    -45    -39    -55    -23    -36    -58    -25    143 
   -49    -34    -50    -33    187     -4      8    -10     33    -14    -27     -8    180    -55    -28    -63 
   -67    -44    -59    -54    -65    -42    -18     -9    -28     67    -38    -32    -29    -58    -18    -42 
   -19    -23    -30    -66     -6    -11    656     -4    -17    -27    -29    -21    268     -5    -22      2 
   -20    -12    -14    751     32     -5    -22    -10    -28    296    314    253    209    658    293    175 
   -40   -109    -56    -58    -22    -43    -21    -25    -32   -128    -89     -3    -13    -27    -65    -28 
   -42     49    153    134    -46   -114   -276   -262    -93    -41     93     18    151    384    166    162 
   372     94    -20    -34    -47    -22    204    238    301    318    416    498    376    569    557    382 
   696    311    339    363    107    188    384    425    506    505    527    478    523    660    615    267 
   466    193    184    431    455    594    349    504    331    357    382    421    426    696    423    664 
   602    571    565    382    405    804    921    929   1003   1069    543    -11     89    381    591    334 
   204    416    662    809    269    364    517    499    -19    309    526     38     -6    -50    -15    -22 
   349    339    890   1001    632    -15    400    570    543    327    -11    -27    -53    -13    471    626 
   337    577    -22   1072    244    257    -41    758    -36     72     64    -46    -20    -29    -13    -25 
   560    468    586    458      3    -57    542    373    -20    -16    -36    427    -41    -53    446   1032 
   -14   -115    205   1149    695   -102   -139    580    411    -10   -128    -31    143   1020    570    644 
   -17    -17   -125    -80    856    535    186    192    258    120    368    471    260    -32    -78   -233 
  -158    -29     -3     54     -9    494    706    183    303    -13    216     43    -77    -38    443    407 
   204     -2     87     32    168    386    333    488    433    523    328    534    472    325    328    442 
   154    377    286    167     -2     -3     -7     -3    307    288    777    525    449    252    361    552 
   424    634    816    582    365    540    574    326    380    434    510    681    617    316    294    452 
   597    652    657    533    308    641    290    223    456    406     45    179    555    517    410    490 
   410    215    463    532     91    357    117    -34    -10    130    470    333    197    499    298    450 
    86     71    -17      0    -28     42    -24    -24     -3    153    323    -28    -42    -65    -61    -43 
   -97    -57    -51    -42    -58    -41    -28     84    -81    -61    -62    -93   -116   -164   -184   -115 
  -107   -114    -65    -52    -22    -97    -80   -108    -88    -99   -132   -158   -229   -234   -203   -182 
   -30    -44    -16   -100    -45    256    -62    -94    -26    406    -23   -151   -147    161    -35    360 
   536    339    613    436    310    754    834    371    -53    -14    645    546    574    701    675    877 
   782    463    936    746    830   1361   1582   1133    726    591    731    632    797    740    787    917 
   595    454    708    911    893    762    485    781   1008    970    827    950    731    732    666    630 
   970   1008    668    572    853    915    978    762    882   1040   1019   1105   1351   1312    866    488 
   -63    -34    -22    -27    -47    -33    114    -48    -44    -72    -52    -83    -23    -28    -24    -17 
   -26    103    108     11    -21     -4    -20     18     -3     67    -17    -41    -28    -58    -41    -35 
   -55    -10    -10    -14    -19    -26    -24    -44    -75    -85    -86    -61    -33    -29     57     72 
   -32    -41    -33    -37    -47    -96    -62    -97    -58   -132    -23    145     70    -27    -17    -11 
    45    -83    -58    -19    -48    -32    -87   -107    -25    -33     34    -26    -12    125    -69    -55 
    -6     93   -114   -143     39    338     97   -105    -61    384     -4    -55   -155    -29    440    -20 
   -87    182    549    126   -147   -174    513     -6    168    180    139    206    117     40    399    951 
   610   -103   -110    251      9     -9    108    143    442    524    340    554    659    857    237    724 
   278    188    244    406    336    392    533    596    567    507    379    376    490    320    303    375 
   565    465    439    530    429    342    412    430    440    345    284    307    118    337    150    105 
    -1     75    124    141    178    198    186    108     -6    257    590    731    240     93    406     67 
   341    298    200     -6    -22    -36    -14     19    142    195    -22    228    -44    179    -37    166 
   -10   -106    -86    -10    -20    -26    -34   -118    -30    -41    430    -28    -27    -17    -69    -56 
    15    -12     73    576     -2    -41    -51    -45    -34    -68    -49    -48    -51    -17    -26     67 
   -16    161    -38    -10    -38    -81    -60    -73    -53    -64    -39    -19    -28     -8    -28    -18 
   -92    -63    -37    -68    -23    -55    -68    -31    -58     -4    -14    -46   -132    -34    -38    -30 
   -32    -98    -25    -47    -34   -100    -46     13     -1    -75    -48    -35    131    -25   -167   -124 
   -85    -35     40    -34     -3     40    -43    -12    -18    843   2655    -56   -127    -94     -8    608 
   454    178     -9    -12    169    -13    117   1379   -148   -104   -101      0    755    494    372     22 
   234     43     -3     -5    -12    -43    -82    -89    -14   1177   1081   1043    537    640    231    239 
   388    -22    -57    -55    -60    -13    792    792    694   1011   1006    814    927    378    -25    -43 
   -49    -13   -132   -127    -56    -88   -110    -23    -25    -76   -181   -124    -92   -173    -29   -124 
  -131   -101    -85   -117    -78   -106   -110   -150    -93   -119    -45    -17   -123   -147   -179   -173 
  -216   -159   -218   -175   -132   -118   -135   -132   -104    -95   -126   -197   -163   -261   -242   -263 
  -220   -222   -246   -237   -167   -131   -118   -240   -200   -234   -306   -360   -208   -188   -215   -294 
  -293   -206   -158   -135   -223   -248   -259   -292   -350   -299   -249   -156   -193   -144   -190   -134 
  -147   -261   -240   -303   -336   -307   -242   -299   -293   -223   -230    -75   -120   -106   -144    -95 
  -104    -95   -121   -125   -231   -251   -307   -141    -72    -92    -58   -190   -119   -149   -149   -172 
   -87    -65   -148   -526   -512   -214    -50    -74   -167   -171   -117   -153   -161   -134   -108   -148 
  -214   -231   -132    -57    -16    -41    -64    -69    -64    -64    -86   -110   -174   -181   -156   -118 
    -3     33    -61   -114   -109    -92    -91   -113    -82   -117    -93    -81   -104    269    -41    -34 
   -60    -67    -77    -98    -84    -86    -71    -62    -76    -87    -17    -19     -6    360    621    653 
   385    551     16    -56    -35     32     64    -20    638    576   1269   1019   1423    864    481    -30 
   -26    553    115    162     49    781    900   1141    749    912   1197    452    739     63    283     -1 
   157     45    695    290    350    -23    -64    458    385    899    101    -19    400    193    316    516 
   -49    297    -25    -79   -161    313    812    243    -14    -41    843    794     -6     -7    183    -32 
  -124   -187   -290   -218   -166   -114   -152    -62      9   -120    -72    -76    -85   -131   -184   -225 
  -397   -395   -157    -93    -48    -41    -53   -103    -14    -50   -109   -140    -82    -55    -69   -235 
  -237    -56    -60    -26    -76    -16    -58    -39    -73    -38    -34   -202   -406   -409    -78    -82 
   -35    -14    -88    -54     -5    -37    382    137    -66   -137   -139    -23    -67    -22    215    377 
   646    433    457    287    132    -20    -15     -7    -45    -59    -32     -7      1     17    -19     33 
   263     85    -14    -44    -63    -49    -44    -36    -60    -53    -41    -76    -75    -56    -69    -57 
   -39    -65    -81    -66    -24    -17     60     -6    -12     49    170    277    301    168    258    262 
   342    -50    -61    -66    -33    -27    -18    119    361     79    155    215    124    109    -10    -56 
   -18    -16     -4    -12    -44     -9    267    518    395     -6    -11    -10    -33     61     13    213 
   -32    -93    -61     -8     25     -8      0    -39     -4    -66    -13    -42    -32    -73    -35    -32 
   -24    -26    -12    -28    -21    -40    -49     69    -41    -43    -72    -86    -16     27    -31    145 
   -15     -2    -31    -41     75    148    -69    -71    -91   -152   -170    -77    255    -14    422    162 
   -18    423    792    241    358     10    531    474    -25    -75    376    849    362   1050    674   1289 
   794    840    734   1015    827    121     94    390   1573    426    404    997   1022    335    182    273 
   569    719    608    833    452    918    453    139    213    150    246    146    239    412    566    315 
   697    668    764    624    547    596    481    503    499    520    547    434    425    753    606    612 
   839    887    785    755    870   1076    925    754    775    746    828    679    692     49    115    -24 
   172     57    430    -17     90     17     -1    -12    -25     91    366     -5     -7    423     50    292 
   -11     -9    -57    -24    -18    -31     -6    858    647    126      3    -17    -75    -46    -19    -29 
    91     44    326      8    602    174    -27    -42    -18    -27     74   -106    -87    -17     -5    239 
   -12    398    -13    -20    -33     -5    -93    -23    -12    -39      8    -20    153    459    -25    -39 
   -28    -44    -87    -99   -144    -65    -73    -87    -74    -20    289    -51    -33    -32    -24    -48 
  -108   -108   -318   -240    -55    -82    182     -4    228    -56    -28    146    -67    -96    -49    -43 
   -33    -29     -6    464    145    704    698    225    -19      0    -21    300    -38    498    154    920 
   394    320    252     -8      0     56     -7    -29    -13    -15    -24    274     88     29    449    480 
   -17     -7    -22    -11    -32    -11     -2     -8    -21     -7      4    688    323     -5     37     77 
    10     -6     -3    -10     -6     -3     24     22    342    591    229    440    437    308    426    296 
   344    440    387     57    -10    442    548    233    702    923    577    469    292    282    -21    187 
   675    531     56    263    116    578    508    505     -3    -12     37    -48     -2    -15    -29    -71 
   -16     94    524    183    182    -16     -1     -9    -44     -5    -21     -1    -11    -47    -22    917 
   372    -69    163    233    -72    -19    -49     26    228    -20    -52   -103    -12    -35   -113   -152 
   -17    370     46    -80   -121    169    227    -42    -49    374    -67    -72   -109   -179   -103    -58 
   -81   -144    -54    -24    -19    -24    159    -32    249    -62   -156   -368   -431   -163    -52    -29 
   155    -48   -127    -77    -68     -7    -64    -29    -45    -82   -162    -83    -29    124    -69   -113 
  -114   -129    -71    -78    -41    -86   -151   -234   -290   -166    -90    -28    -54   -123   -136    -89 
  -118    -55    -27    -82    634    -71    -54    -55    -28    -16    -31    -32    -39    -39    -27    -61 
   -32    -70    -36    -35    -64    -59    -16    -23    -30    -39    -19     -5    -19     -8    -19    -41 
   -42    -60     28    -17     -6     -8    -51    -45    -45    -44    -13    113     -4    -64    -48    -44 
  -132    -74   -141    -98    -75    -68   -117   -122    -97    -57   -136    -64    -69   -100    -68   -105 
   -91    -51    -72    -78    -44    -73    -12    -39    -45   -113   -121   -107    -80   -104   -147    -31 
   -62    -41   -105    -86    -94    -67   -130   -116   -177   -140   -144   -115    -46    -51    -87    -69 
   -78    -31    -34    -77    -15   -100    -12   -110    332    -88    -45     -2    250     61    -15    -14 
  -126    -92   -109    -81    -75    -74   -146    -38    -44    -15    -15    -55    -40   -126    188    -71 
   -50     53    -15    -98   -129   -168   1054    727    -56    -75    -23    -35    -32    -27    -19    -28 
   135   1035    344   1125    475    -11    -78    -72    -98    -46    -53    -60    -44    -35     18    128 
   -67    856    165    -62    -87    -41    -99   -102    -41    -16    318    -41    -38   -103    -15    -31 
   -36    -31    301    -28    -31    -31     -8     -1    -17    -37    -44    -40    -18    -46    -45     -7 
   -15    -30    -32    -19    -19    -15    -24    -11     -8    -27    -57    -93    -84   -102   -123   -140 
  -152   -133   -137   -128    -82    -68    -90   -130    -47    -81   -113   -120   -146   -100    -27    -34 
   482     92    -33    -52    660    -94    -90   -117   -139   -126   -107    -57    -25    245    -38    -13 
   -10    662   -108   -210   -184   -144   -153   -140   -103    -97     52     -8    -29    -91     -6    -60 
  -144   -168   -156   -141   -174   -164    -97   -120   -125    -98    -89     50    -29    562    -97    -89 
  -116    -28    -65    -77   -106    -84    -46    -78    -18    -26    297     65    138     53    -48    -38 
   -31    -20    573    415     97    493    -31    183    978    450    957    -53    -85   -125   -162    474 
   295    356    290    480    -54    479    768    838    193    749    174    -22    -92    -26    793    442 
   861    -41    291    159    434    440    916    817   1907   -221   -178    680    596    585    -53    -52 
   230     20     -8    414    858   1598    611   1880   1044    723    245    252    349    159    401    474 
   765   1407    934    511    595    630    600    358    287    193    272    598    348    469    737    678 
   677    925    706    670    589    333     -1    131    -11     -8     41    181    132    481    528    448 
   636    -56    -25    -33    -26    -59    -18    -38     -7    -60    -76   -103    -95    -61    -47    -95 
   -97    -62    -45     -2    -14    -46    -92    -36    -14    -47     -4    -18   -126    -61    -95    -96 
  -131   -159   -121    -41    146    292     -6     88    -70   -123    -72   -106   -102   -184   -209   -230 
  -159    -99    -36    -31     -9    -60    -99   -124   -140   -144   -206   -186   -169   -160   -166   -178 
   -90    -30    -63   -130   -143   -135   -165   -178   -159   -117   -152   -162   -133    -72    -45   -104 
   -64   -147   -160   -107    -63    -95    -92    -75    -46    -44    437    -32    -78    -13    -81    -48 
  -130   -151   -126    -12    -80    -87    364    -59    -57    -18    -10    -13     84    -35    -76    -65 
   -43   -221   -133    -58   -127    -37    121     -8    470     -8     13     -7     85    160     -2    -29 
   -37    254    330    547    311    431    567    203    291    228    374    364    415    479    373    756 
   281    328    663    762    463    238    302    212    144     89    324    360    467    520    657    741 
   741    439    722    757    723    738    867    696    546    688    242    333     88    191    127    383 
   106     83     81    138    173    318    267    322    397    691    818    627    484    576    255     65 
   254    410    339    457    286    437    304    281    212    183    608    215    374    872    867    803 
   303    442    425     77     -3     -5    238    532    186     31    402    622    624    356    384    435 
   293    405    708    519    356    697    381    210     22    242    565    539    598    286    531    357 
   575    676    467     88    -45      0     -3     -7      5     -3   -125   -141   -195   -153     17    632 
   357    234     -7     -9    -26    -90   -333   -139    -76   -157   -254   -114    -58    -56   -186   -164 
   -15    -63    -10    -93    -42    -40    -59    -83    -74   -102   -186   -285   -187    -54   -100     -1 
   -34     40    -17    -22    -20    -22    -23    -28   -116    -59    221    -13    389    312    166     70 
   -14    -22     23     43     -8    109    212    504    263     -9    179    131     58     -2    -29    -26 
   -12     -3    221    410    492    327    151    594    532    371     27    125    316    366    260    532 
   463    604    335    286    146    -32     67     -4    102    -19    -39    -32    -34    -19    -30    196 
   309    174    -31    -16     17    247     22    101     -8     -3     -8      2     99     97    -25    -32 
   -21    -30    584    161    196    165    168     78      9    367     69    -23    -42    -29    -55    326 
   659    404     88    104    -15    -36    399    264    324    -16    -33     62    308    617    232     16 
   323    -40    421    338    553    397    248    396    127    531    812    344    356    721    220     -4 
   395    755    107    342    291    506    525    490   1050   1151    702    602    105    371    165    182 
   439    110    274    669    294    -13    -23    -87    129     -2    614    320    944    103     73    165 
   539     -7    -32   -213   -189   -173   -170    149    585    449    -16    -26    292    462    414     67 
    -2    -50    -20    -30    313    560    348    263    240    369    182    100    331    408    310    253 
   374    400    498    410    381    297    321    220    263    200    329    240    122    410    414    504 
   572    543    454    610    470    584    517    433    323    504    656    530    -30     -2    146    134 
    15    329    404    -30    -60    -37    -57    -87    -28    152    579    497    731    578    739     82 
   -34     -7    194    -10    -52    -23    753    929    406    123    133     -5    -26    -10    -34    402 
   -54    -33    -22    527    496    -42    -41    -38    -42    -80    -90   -103    -61    -85    -59    -30 
   123    678    -12    -93    -53    -48    -55    -60    -65    -84   -120    -86    -39    -43    -65    -98 
   -72   -101    -96    -81    -32    -56    -81    -60    -35    -16   -100    223   -119   -110   -132    -99 
   281    -77    -68    -21    -34    -30     -8    -36   -173    -41    261    -42    -79    -42    -35     80 
   -90   -198   -102    -13    568    860    381    136    -17    -10     -3    909     -4    -86   -146    -66 
   -45    115    263     -6     -1    102    -20    -11    410    -30    -38    -11    -36    -31    -12    -16 
   174    180    124     18    -13    -36    -75    -78    -40    -70    -26    -17    -35    -37    -27    -32 
   -30    -31    -44    -37    -72    -64    -61    -33     79    -18    193    432    125     -4    -11     -4 
   123    -18    -26    -23    111    -11    -34    491    632    524    312    130    319    -20    -18     16 
   134     -1    -29    -51     -5    218    172     56    -13     92    -27     -8    186     58    114    -16 
   -25     24    153    -29    -62    -70    -21      0    355    132    137     -1    -38    -53     -2    216 
   -56    -21    -73   -111    -51    -14     32     57    -14    -39    -92    -86    -97   -130   -125    -64 
   -56    -28    -41    -54    -43    -30   -110    -94   -107   -117   -104   -133   -173   -110    -87   -105 
  -121    -81    -34   -144   -123   -117   -157   -245   -290   -190   -234   -277   -285   -262    -69    -59 
   -43   -221    -19    128   -129   -194    -56    -69    -94   -423   -404    -88    -39     -9    -49     -9 
   323    222    -19    -48    -35   -145   -363   -396   -106    -42    321     -1     -9    -19    123     19 
   216    309    145    -82    -16    504    -16    206    369    579    505    313    421    460     58    367 
    -8    532    307     72     48    399    436    516    628   1026    909    812    600    401    466    345 
   179     21    249    195    286    205    202    138    120    258    196    294    126     55    789    748 
   690   1255   1064    826    763    546    208    160    477    661    642    327     -3    262    571    568 
   381    441    132     66    212    281    297    432     85    -18    150    642    321    531    533    176 
   263    374    488    409    570    113     -5    474    681    476    678    792    283    246    419    741 
   262    347     75    -67     23    118    361    -38     71     49     -7      2    -10     28    192    285 
   -12     -3    110    130    -11    789     49    435    548    420     -9    230    768    -16     -7    -16 
   -13    104    -11    107     -2    533    515     57    493    681    178    295    -30    181    353    247 
   -33    -18    314    142    436    663    653    -16    -14    -31     -5    201     34    -35     -8    -83 
   -77    -17    -19    234    -29    -62    -37    -20     -8    -17    -10     11    -60    -78    -34    -15 
   118    -12     -4     -3     58    214    139     -8     63    -43    -14    -22     -3     53     -2     32 
    48    127    110    247     82    121     20    -33    -32    -12    260    218    239    312    267    259 
   421    336    264    233     20    -11     57    -63   -109   -102    -88   -100   -104    -49    -61    -97 
  -102    -54    -64    -55    -82   -103    -88    -96   -117   -105    -93    -66   -104    -90    -46    -81 
   -65   -122   -174   -112    -60    -93   -119   -177   -116   -117   -106    -90    -93    -32   -122   -148 
  -129    -92   -107    -95   -170    -72    -78   -104   -116    -72    -60    -82   -144    -92    -95   -118 
  -111    -96    -16    -16   -144   -126   -121    -91   -121    -33    -49    -62      0    -53    -94    -44 
    -7    -16    -14    -88    -74    -72    -43     -7    -18    146     -9    -90   -166   -146     54    -53 
   -44    -92    551   1219    464    285    618    662    421    457    -55     -4    -68    -44    -41    510 
  1002    518    883    379    246    362     -8    -69   -257   -172    -30    -38    426    398   1129    765 
   179     -6    135     90    269    -57    -27    206     28     17     -6     -6    -46    -41    -46    -11 
    -8    222     52    201    227    -23    -11    277     30     43     53     -1    -16    122    228     -9 
   451    268    -41     -7    376     22     68    -20    -15    121     80     23    163    340     13    -38 
   365    543    544    713    539    615    574    372    723    718    713    575    678    394    578    353 
   538    503    584    441    647    877    682    680    654    754     -6    290    269    404    572    872 
   433    379    373    255    135    386    407    316    427    317    252    742    643    124    577    727 
   459    341    291    327    376    915    430     -6    566    892    434    431    326    564    796    389 
   120    343    852    497    536    620    689    199    800    688   1162   1189    797    588    431    533 
   224    676    510    472     -4    -22    194    942    556    543    242    419    432    473    609    608 
    -5    260    -18    388    657    537    637    120    151     -9    422    451    424    343    653    801 
  1149   1187    462    663     -5    109     -5     -2    329    397    195    117    557    428    587    452 
   110    196     16    139    371    416    589    469    608    460    335    317    318    390    213    311 
   492    556    453    588    519    423    511    532    575    628    581    503    413    747    889    829 
   716    849    794    892    929    849    737    691    216    660    332     13    419    457    328    272 
   318     -2    118    123     -2    404    566    268    161    197    269    299    227    148     56     27 
   -19     54    305    460    268    108    615    355    405    814    488    179      4     49    404    336 
   694    541    557    341    139    731   1244    490    796    453    434    382    434    494    682    674 
   317    458    393    735    594    481    516    309    669    653    435    639    645    338    481    399 
   477    337    313    767    450    184    316    734    353     69    -23    331    736    472    562   1346 
   419    -23     57    224    796   1625    700    -20    -52     43     81     -9    -51   1715   1314    -14 
   213    289    -44     60    -50    -38    -34     21     -5     -2     -1    -29    -40    100    -17    -83 
   -93    -95    -20    -14     -3    -19    -57    187    -34    -49    107    155    -27     -7     -8    119 
    47     79    280    114    103     -7     15    405    406    -10     -9    -14     32    140    103     73 
    79     -2    -35     -6    401    229    -22     36     -1    106     18      3    133    151    135    -11 
    -4     78    -22     -1    -24     46    177    -21    -24     86    -17    -41    -24    -24      8     76 
   491    386    636    864    455    587    328     -6     41      0    340    398    138    414    338    129 
   171    339    459    331     75    112    387    142     -3    251    214    383     23    643    265    753 
   748    438    348    632    359    491    361    373    601    357    692    774    916    413    361    758 
   774    492    257    369    -19     15    483    340    423    -40    -30    -45    865   1546    467    142 
   424   2249    676    185    625   1425    732    -62      4   3851   4158     -4    128     -3   1365    366 
   240    -69    -35    -30    -48    -73   1136    930    -46     -6    -44   -110    -34    -84    -77    -79 
  -104    -92    -90   -210   -234    -96    -35   -108   -104   -125   -115    -54    -65    -96    -45    -30 
  -136    -42    -25    -53    -76    -60    -34    -42    -40    -63    -71    -95    -73   -102    -50    -52 
   -54    -72    -66    -53    -51    -28    -34    -37    -37    -32    -40    -63    -69    -46    -78    -92 
   -97   -100    -90   -127   -120   -123   -134   -136   -128    -93    -68    -91   -142   -104    -77   -134 
  -101    -70   -108   -119   -130    -96   -101    -38    -23    -92   -110    -59    -77    -90    -81    -78 
   -68    -92    -61    -91    -28     -3   -114   -169    -87   -106   -100   -121   -106    -92    -83    -85 
  -151    -79    -48   -136   -189   -142   -127   -104    -88   -139   -139   -120   -126   -111    -24    -25 
   -48   -126    -61   -124    -78   -119   -115   -128    -57   -100   -111    -21    -94   -121   -183   -162 
  -150   -146   -214    -95    -92   -128   -100   -132    -43    -43   -117   -113   -150    -86    -24     70 
  -167   -203    197    -80   -100    -40   1007    -38    301    -10     -8    149    -34    -43    -92    -72 
   -58   -109    410    554    -66    -64    -52    -34    -55    -75   -132   -139   -145   -183   -117     64 
   131    -57    -57    -55    -53    -42    -46    -49    -10   -122   -110    -19    619    514      5    -29 
   -35    -35    -44    -50    -50    -57    -65    -55    -57    822    693    -26    -40    -40    -34    -29 
   -49    -46    -61    -77    -84    -61    163    -17    -59    -52    -47    -45    -56    -75    -58    -73 
   -97   -103    -84    -25   1749   1688   1619   1622   1924   1456    823   1230    774   1169   1454   1200 
   963   1507   1654   2072   1848   1676   1831   1629   1326   1127   1408   1403   1625   1172   1878   2202 
  2236   1812   1668   1397   1616   1368   1182   1133   1311   1870   1383   1257   1531   1902   1768   1079 
  1817   1927   2240   1795   1690   1258   1476   1551    745   1015   1288   1056    937   1098   1127   1600 
  1648   1226   1131   1320   1139    380    408    551    924    761    284    -16    469    764   1107   1196 
   876    930     -6    330    686    363    -83   -146   -134   -156   -152   1380   1851    249    367    -45 
  -167    -19    160    -23    -79    -19    275    220   -124   -173     -1    252    -29    -93    -64   -111 
  -104    -77    -82    -22    994     30    815    -33    -39    -52    -71   -118   -105    -73    -62   -108 
   -78    -57   -118    -52    -28    -93    -55    -60    -46    -39    -56    -84    -92    -82   -108    -87 
   -89    -68    -74    -84   -107   -113   -112   -129   -133   -113   -102   -117   -100   -112   -133    -73 
   -38    -49    -65    -86   -120   -108    -94    -81    -79    -81    -98    -93    -63    -20    -44    -27 
   -14    -35    -30    -18    -58    -59    -73    -54    -65     -2    -12    -18    -13    181    -27    -11 
   -14    -68    -57    -78    -24    -44     32    -19    -27    -46     70    -41    -65    -22    -22    -19 
   -48     -1    -31    -23    -17    -29    -53    -64    -60    -67    -61    -53    -67    -79    -27     -2 
    46     47    406     -9    -25    -70     -9    -22    -28    -33    -33     76    -26    -22    -58    -14 
   -63    -92    -45    -10    -60    278      0     88    321    -46    -23    -51     18    -18    -39     -2 
   248    -22    -60    -72    546    420    246    192    365   1375    209    128    703    952    324    294 
   -10    636    636     -7     -5    505    259    317    373    242    124    346     -2    559     25    205 
   348    438    313     -3     -8     -1    220    -21     -6    267    333    272    365    424    553    374 
   136    261    145    149     -9    -10     38    241    -32    186    423    410    602    287    345    346 
   392    242      3     81    121     17    102    428    293    341    330    390    305    114     49    155 
    49    161    367    213    148    257   1327   1428   1503   1671   1384   1552   1874   1482   1585   1344 
  1525   1282   1513   1353   1250   1436   1726   1581   1375   1499   1586   1901   1622   1669   1343   1514 
  1360   1014   1058   1290   1322   1120   1054   1377   1787   1599   1489   1252   1487   1387    849    906 
  1058   1132    999    852    831    977    971   1203   1165   1336   1508   1063    830   1031   1151    874 
  1112   1271   1274   1199   1234   1414   1692   1219   1441   1266   1128   1073    803    353    671   1013 
  1069   1144   1386   1688   1070   1143   1049    787    228     -9    417    -50    -74    591    637   1559 
  1509   1531    131   1417   1498   1104    744   1252   1371    585    -55    -63   1315   1429   1731   1393 
  1441   1034   1397   1364   1241    841    568    105    178    844   1026   1656   1658   1412   1149   1499 
  1604   1702   1344   1078   1121   1069   1294   1103   1781   1807   1843   1824   1638   1807   1884   1331 
  1210   1071   1458   1390   1337   1675   1590   1625   1514   1407   1539   1697   1644   1594   1651   1379 
  1229   1337   1471   1380   1568   1613   1388   1242   1544   1670   1630   1647   1341   1284   1350    -32 
   -39    -39    -65    -61    -27     -4     -7    324     32     -6    -28    119     -6    -33     60     83 
   -17    -43    283    987    218     47    102     42     -9    204     63    454    443    595    355    786 
   151    188     26    -14     96    -31    149     -5    383    284    908    214     -1    367    748    239 
   -30     -3    -52     60    -14    759   1141   1508    859    574    769    792    585     97     -8    281 
   993    644   1020   1746   1981   1693   1733   1807   1705   1289    916    170    253   1757   1695   1100 
  1206   1945   1698   1514   1520   1641   2152   1935    -18    520    413    757    648    217    588    155 
  1092    604    580   1158   1694    -24   1216    245    -40    -36    -75    101    379     80    107     71 
  -209   -119   -141      3    -15    -94   -141   -105    -32    -28    -17    -16    -16    -79    -93    -96 
    33    183    -27     -5    -13     59    -17    116      0     11    -39    -65    -31    127    404    103 
     0     11    101     -8     27     -2     82     78    -31    -24     71     71     25    296    198     99 
    -7     -2     -2    -18    -35    -38     -6     24    240    322    412    577    542    472    580    859 
   547    391    904    915    576    417    -14     67    393    139    -25     -5     -4    307    245     95 
   -12    -22    619    732    361    565    379    -19    792    117      9    -10    -48     14    257    649 
   661    415    659     85    377    537    286    -55    -55     53    100    442    515    536     -7     -3 
   -38    216    376    624     -3     -4    -34     47    561    359    421    219    449     -8      0    -14 
   -26    -17    -33    -54    -24    124     -8    128    -86    -81   -104    -42    218    406    283     98 
   -30    311    464    -12   -114    -57    -35    -50    -73    -40    -22    -68   -115   -162     -5     -6 
   -16    -30    -50    -87    -43    -61    -10    -42    -40    -55   -105    149    -34    -15    116    201 
    -7    191     86    187     -5    -31    158    -43    -10    -20    134     32    108    146    101     28 
    -6    -26    -31    -24     -9    -39     19     20    -33    -27    -12    -12     -3     81    116    187 
    40    -13    -22     23    141     -9      3     43     -2     32     48    131    267    107    -25    -32 
    -3    -83   -123    -75    -37    -90    -79    -50    -71    -62    -63    -54   -105    -40    -89   -148 
   -99    -74    -97    -90    -50    -40    -81    -66    -50    -47    -24    -71    -97    -98    -94    -94 
   -82    -42    -47    -18    -34    -27    -32    -43    -74   -113   -116    -75    -23    -85    -76   -105 
   -75    -46    -71   -118    -95    -23    514    -25    -64    -27    937    -31    -50    -76    -30    255 
   -32    -28    -83    -34     -3    -37    -57   -113   -110    -73    -22    -38    -33    -28    -26   -104 
  -205    -77   -120   -160   -222   -159   -281   -277   -290   -266   -121    -83    -34   -205    -68    -29 
  -110   -204    -97    -98   -120     -6    -53    -66    131    -56   -119    -69    -82   -104   -144   -121 
   -57    -27    -24     -1    -22    542    -63    -60    -62    -93   -127   -130    -92    -96   -103   -226 
  -152    -77      1    -32    -40    -74    -70    -81   -106   -119   -125    -74   -123    -88    -61    127 
   -54    -90    -98    -94   -103   -118   -115   -115   -105    -95    -89    -68    -48    -71    -85    -91 
   -80    -61    -63    -65    -70    -71    -83    -69    -70    -60     -6     -2    -55      3    136    -14 
   -37    -76   -111    -99    -62    -89    -39    152    336     -4    134    322    148     22    -34    -76 
   -74    -63    -55    -57    -10    -26    -26     96    221     62   1007    -35    -60    -71    -63    -34 
   -30    -14    149    250    -24    -13     -7    147    -74    -63    -21     -4    -13    -38    110     99 
    -3    -41    -28    118    -15    -22    -40    272    -75    -22    -37    909     -1    -33     98     44 
   -20     19    -25    -26    284    -44    -46    -53    911    -20    -80   -128    -83    -74   -119   -179 
  -142    -61   -105    -77    -71    -50    -80    -55    -37    -54    -96    -63    -65    -81   -189   -205 
   -71    -61    -57    -75    -45    -54    -38    -51    -55    -79    -52   -232   -241    -76    -72     -2 
   127    -31    -88     24    -10    -11    112    -16    -24    -59     -2    -47    -23    -10    247    370 
   290     98    -13     -4    117    -54    -15    -20    -67    -12    221    255    219     -5    -20     81 
   199    311    168     52    -10    -36     12     41    269     18    -19    -20    -21    -28     26    273 
   181     -4    -21    378    241     74    490    381     -1    152    -11     -9     32    331    169    669 
   341    767    229    439    636    101    360    227     45    -18     -8     98    147     25    -11     -7 
   218    120     -9    -15     -3     -2     21    219    247    290     63    150     56    329    237    535 
    85    -41    -36     76    134    134    131    173    -33    -14      0     -1    -35    -13    -26    -53 
   -22     -4    -37    -10    -21    -53    -55    -44    -43    -71    -65    -47    139     82    209    -27 
    -7     -4    127    128    -35    350    782    -85   -238   -303    548    -44    -76    -40    635   2185 
  1020    332   1444   1885    629     -9    -88   1611   1170   -115     88    269    376     84    253    207 
   489      7    -26    218    -25    431    -35     -6    254    400     11     -7     50    123    113    -12 
   202    -99    -55     88    315    214    280    469    361    264    281    262     -7    252    -67    -11 
    62      1    381    377    421    323     -5     53     95    119     77     -1     13    161     21    284 
   420    317    328     49      6     76    -13     -3    185    110    169     -8    187     -9    387    466 
   380    197    255    303    473    490    669    893    705    -22    -35    125     -8     -5    -19     98 
   491    340    329    510    346    293    -16    -38    262      9    143     99    -57    348    335    536 
   300     37    365    -14    -34    178    341    302    357    -12    -12    164    339     81    -40      0 
    -8    -83    -11    -16     -8    -45    103     80    440    241    278    314    197    -66      5     52 
   -10     -8    -65   -117    -60     29    176    505    485    555    -56     78    746   1042    496    -16 
  -135   -285   -302    -44     -2    113    481    736   1193   1129    711   1107   1575    831    760    257 
    51    437     -2    989    751   1056    493    811    943   1039    844    524     65    -50    -36    238 
   650    807    923    903    956    695    748    990    657    633    695    906    649    930    480    869 
   741    672    734    863    819    723    905    598    764    633    532    321    645    748    636    557 
   764    798    608    531    362    468    512    261    353    563    440    644    590    443    460    212 
   327    421    555    295    280    -11    -32    -34    -19    -51    -48    -28   -101   -126   -119    -80 
  -110    -23     88     -6    -30    -28    -49    -30    -39    -91    -70    -37    -29    -34     16     84 
   -62    -84   -103   -103    -55    -66    -63    -33    -24    -35    -48     24    -36    -74    -72   -150 
  -138   -130    -70    -77    -96   -105    -70    -23    -27    -48    -74    -54    -78   -133   -219   -101 
   -77    -98    -78   -117    -54     14    -94    -82    -74   -128   -103    -92    -71    -45    -62      0 
   -19    -68    169    -80    -24    234    157    -31    -71    819      6    -41   -120    -33    -35     -7 
   -17    -72    -11     -1    209     -2    307    -31    -53   -327   -316    -32    -16    144     83     23 
   -23     -3     26    435   -110    -90   -225   -425   -103    -49    226    -45     -9    -36    178    239 
   553    194    104    922    103     -9    306    386    437    461    444    410    561    689   1016     81 
   916    618    430    851    913    602    697    633    215    498    413    607    475    778    577    535 
   829    336     40    244    230    100     -2     86    207    135    315     54    177    383     71     -2 
    35    -17    -33     -1    363    -28    -81    -36    -22    -57    -11    -32    -32    -31     -3    -25 
    -7    -14      0    -59    -34     80    -10    318    -29    -53    -62    -64    -86   -104   -124    -46 
    -5     59    515    142    131    -21    -69    -58    -61    -72   -106    -96    -68    -14    -31    153 
   215     57    -34   -124    -20    -42   -164   -242    -94     -9    -14    -65    -37     90     36   -136 
   -59    -74   -132   -101   -141   -181    -85    -68    -78    -50    -55     -2   -118   -104    -57    -88 
  -158   -168   -153   -262   -278    -74    -83     -4    -74    -14    -41    210   1151      0     -6    101 
    -9    -49    -91   -122     -8    -34    -26    386    655    594      4    -10    -38    -79   -127   -422 
  -297    -52    -49    -39    100     -4    133     30     -6    -49    -66    -78   -371   -301    -55    -68 
   -56    -45    -15    -34    -32    -35    -55    -30    -24    -72    -31    -29    -39    -50    -69    -63 
   -73    -73    -74    -84    -69    -60    -74    -89    -83    -73    -50    -75    -70   -100   -124   -109 
   -67    -64    -64    -60    -58    -59    -81     53    574    525    431    314    220    433    417    658 
   483    208    314    215    331    727    603    419    251     31    525    221    430    513     73    148 
   272    425    136    412    421    269    227     -7    287    289    170    242    328    436    448    256 
   275    233    101     31     38    421     85     -5     68    -11    186    349     11    335     98    188 
   -40    276    293    233    334    519    282    291     96    306    302    218    -10    -46    -44    -21 
   -11     24     75    543    689    -54    -50    716   1042    214    -50    -97   -135   -115    -47    -78 
   310    331    -17    -10    -18    -24    445    339    -11    -23    -70   -127   -195    -53    -19      5 
   -38    -27    -29    -20      0    -18    -62    -29   -272   -299    -37    -45     -2     -2     -4     -2 
   -20    -19    -33    -32    -46   -122   -128    -25    -30    -24    -23    -17    -18     -4    131      5 
   -17    -53    -67    -63    -35    -45    -42    -33    -39    -39    -29    -32    -21    -50    -32    -39 
   -63    -26    -41     -9    -29     -5     -2    -17    -11    -12    -15    -12     28    -18    -38    -12 
   -24    -46    -28     -5    -18    -28    -32    -52    -93    -62    -43    -69    -39    -20    160    203 
   310    317    410    102    -36    -90    -44     -8     -6     64     80    165    133    160    177    -23 
   -74    -19    260    316    215    309    114    210     -9    123    -29    -28    210     63    -20    264 
    -2    -17      1    306    279     -8    158    -28    -19    -27     94    107     83    -38    371     30 
    63    -58    -44    -47    -74    -75    -97   -131    -49    -23    -62    -19    320     95   -104   -131 
   -62    -63   -131    -85   -141   -223   -217   -272   -265     -6    -33    782   1889    833    646    988 
  1868    891   1286   1174   3142   4553    306    514    928   2416   1460   1246    553    810   1025   1787 
  1729   3622   5874    989   1170    542   1061   1393    779     -6    236    625    773    987     44    993 
   826    855    601    654    431    126     52     -9     -9    302    592     -5    417    522    535    381 
   506    209    375    349    308     67     22     97     -1    239    367    204    426    376    189    215 
   -11     21     -2     -8    144     44    119    -14    204    -32    483   1226   1116    349   1116   1114 
  1237    718    480    696    427    -48    -93   -110    -73    -54    -37     -2    -82    -12    -60    -65 
    -2    -34   -109   -118   -125    -35    -24     15    -87    -78      9     36    -32    -25    -11    -86 
   -80   -101     -5    347    139     -9    -45   -145     47    701     63    -19   -109    -87    -90    -18 
   -51    -14    -27    511    166    -10    -17    -22    212    -69    -74    361    168    -61    -10    504 
   -29    500    241    -56    112      0    -86    -81    -37    -29    -48   -134   -206   -225   -240   -228 
  -108     -5    602    -59   -121   -191   -112    281    -25   -107      6     -8    -56   -273   -176    286 
   -86    -61    129    331    354    556    338    450     56   -115   2811   3383    -93    -37    -38    -33 
   387    236    501    930    380    -35   -113   2394   1778   -101    -49    -46    -56    -22      7     48 
   311    286     -2    128    509    371    390    -36    -61    -42    227    421    729    748    531    706 
   672    565    378    462    -51    -18    183    977   1250   2149   1959   1964   2269   1905   1492    947 
   342    334    -62    -40    -47    -45    -39    -61    -58    -62    -64    -92    -66    -75    -49   -109 
   -52    -77    -73    -44    -28    -64    -53    -33    -48    -44    -26    -58   -124   -132    -87    -93 
   -74    -72   -113    -43    -42    -71    -77    -51    -72   -112   -116    -52    -34    -52    -18    -85 
    -4     -5     -5    -40    -62    -91    -81    -59    -62    -85    -61    -24    -32    -27     -7    -28 
   156    -13    -95    -95    -11    -36    -47     -1    250    -37     57    258    522    500     -4    -37 
   -76     -6     81     28    -27    -20   -105   -100   -155    -38    243    -44    -79    -30    837    145 
    14     89    518    -12    -70    -63    -49    -23    -13    -57    -29    693    163    280    378    275 
   329    -25    167    282     88    336    -40    -54    -15    -19    -14    155     -4    -20    -27    389 
  1185    780    152    -17    -92    -48    -36    -44    -24     -5     57    -25    196    -16    -14     -5 
   -70    -97    -54    -49    -46    -18     -9    -22    -20    -15    -42    -41    -63   -105    -80    -57 
   -65    -76    -76    -81    -66    -57    -51    -49    -65    -80    -99    -59    -29    -23    -45    -56 
   -16    -20    -27    327     -3     53    -21    124    -31    -44    -52    -18    -17    -24      7    181 
   391    216    157     23    271    -21    -20    -40    -22     42    119    153    -16    191    270    147 
   -51    -29    -11    -21    -20    -20    243    -27    -32    -35    -35     -4     55    -63     14     67 
   215    -10    110    250    717    -18    -17    -11    254    238     -7     65    668    235    326    733 
   762    839   1000    799    822    612    356    358    481    830    888   1165   1177   1251   1296   1431 
  1745   1695   1010    803    361    767    378    788    345     -6    370    502    233      4    517    903 
   424    193    456     63    -20    -14    -44    -19     60    -11      0    676   2410   2109    237     -5 
   -12    -47    -87    -72    -44    -27    -49    -18    -12    753    384     -9     22    -11    -28    -31 
   -30    -33    -34    -35    -33    -17    -29    -31    -31     -2    227    -20    -19    -30    -46    -57 
   -42    -41    -35    -34    -62    -54    -12      5    -24    -22    -26    -41    -50    -16    -19    -38 
   -35    -49    -36    -15    176    -18    -40    -48    -30     32     -6    -22     66    -37    -32    -89 
   -55    -30    -71    -99    -59    -45    -81    -68    -54    -30    -98    -72    -92    -57    -49    -75 
   -95    -30    -62    -49     -3    204    -15    -80    -38    -67    -73    -32    -19    -52     -4    -51 
   107      1     31    -50    -29    -47    -73    -22    -39     80    -71    -45    -15    161     -8    -77 
   -66     -2    178     -1    -22   -119    -23    -42    -92    -20    111    454    688    424    228     84 
   -40    -45    -80   1628    -77   -153    -16   1264    -31   2120   1849   2353   1943    -74   -107    405 
   871    -19    -44   -112   -120    -64    -40    118   2853   1428    -44    -63    -89   -148    -51    -40 
   -21    -91    -75     -9   1102   3474   1397    -49    -67    -67    -76   -113   -143   -132   -103   -136 
   -69   -109   -136   -141   -125   -122    -78    -81    -52    -61    -75   -103    -91    -82    -54   -138 
  -101    -36    -63    -23    -70    -42    -30    -41    -33    -55    -62    -25    -44    -83    -40    -69 
  -125   -136    -76    -72    -59    -78    -69    -28    -62   -101   -105   -100    -91    -16      0    -18 
    50     28    132     -5    287    349     61    200    432    165    -12     -9    -26    -22    -14     -6 
   -45    -12    123     -8     -7    -36    -23    -22    -15     -9    -44    -22    -67    157    -22    -24 
   -26    -20    -11    -13     -5    -16      6     -4    -24    -39    -11    -93    -65    -43    107    101 
   -12     -3    514    -18    -41    -59    139    -20    -34    -30    -18    -19     -4    138    405      0 
   179    276     -8    119    432    280     -2    -12    -61    132    140    433    -37      0    149    -27 
   -99    876    533    696    -76   -104    -21    241     -5    -73    141    562    -20   -107    -11    -30 
    36    -61    -73    147    232     40      8    425    716    430    163    451    705    463    927    803 
   752    457     92    394    650    791    693    670    753    502    201    136    200    255    309    393 
   265    270    192    291    409    395    401    388    642    370     81    379    214    127    115    233 
   539    474    526    520    555    510    479    295    462    646    518    556    582    801    834    606 
   572    598    429    429    555    687     58     39    325    770    926    628     -5    -27    -22    -23 
   -44    -98     79     -8    -30    153     -4    663    721     12    -29    -25    588    417    -13    -12 
   -61    -75     -3    -63    -22    736    -10    237    138    253    217    -58    -36    -83    -13    391 
   -43    -66    -37    -15    -75    -76    -18    625    -64   -100   -107   -236    -79   -149   -145   -299 
   -94   -105   -110    -52   -134    -30    -40    -68    -32    -49   -142   -145   -189   -181   -173   -123 
   -11   -124   -155    -88    -66    -88    -75   -112    -38   -149   -197   -374   -434   -236   -248   -135 
  -148    -78    -50    -38    -49    -57   -135    -55    -20    -78    130    256   -138   -170    -59   -105 
   -15   -119    -72    -66    -18    130   -187   -136   -147   -147   -100    -64    -39    -99   -149    -11 
   370     -6    -44   -178    -76   -139    -99   -111    -51    -36    192    613    299    471     40    -81 
   -48    -43    -14    -70    -90    -98    -77    -63    -66   -110    -88    -55    -99    -85    -54   -109 
  -123   -103    -84   -117    -73    -59   -112   -142    -76    -97    -77    -27    -67   -114    -69    -79 
  -132   -121   -135   -171   -107    -82    -73    -84    -98    -70   -116    -46    209    -25     -4    -27 
   -56    -39    -23     -4    -99   -102    -85    -90    -22   1158    174    -54    -19    -10    203    -50 
   -19    -48    -25    -66   -103   -107    659    -52    -68    -99    -71    271    -15    -34      0    -57 
   -93    -81     68    374    372    -26    -33    -31     76    190    204    161    264    -19    166    462 
   -74    -29   -113    -65    -34    -66   -262    -72    -87   -119    -94    -15     -2    -65    394    -59 
   -99    497   1230   -133   -224    -99    581    -13    -67    -70    926   3402    868    -28   -109   -131 
   -55    -44    -29   2433   3606    -91     77    274   -241    -94    -93    -87   -163    -60    -59    103 
  2330   1213   -141    409    -51   -181   -227   -202   -114   -125    -95    -44    -56   1073    203    -70 
    47    391    -10    -20    -22    -41    -77    -72    -76    -99   -107    -85    -49    804    927    605 
   432    431    -20     -1    -32    -28    -24     -1     -4    -20    247    -79    -63    -39    -43    -35 
   -64    -77    -64   -100    -79    -73    -90    -43    -37    -70    -83    -34    -41    -49    -52    -37 
     1     -5    -11    123    148    -32    -65    -40    -30    -53    -53    -27    -24    -48    -40    -53 
   -50     -4    197    -39    -52    -60    -55    -48    -60    -59    -52    -11     -3     -9    140    -19 
   -36    -49    -49    -52    -66    -69    -78    -93   -103    -85     -9    110    -22     68    -66    -52 
   -38    -14    -83    -93   -103    -68    -76    -90    -28    -66    -70    -78    -82    -91    -97    -96 
   -96    -97    -61    -39    -52    -43    -74     -4    -61    -92    -50    -19    -77   -177   -163    -52 
    -6    -34    -48    520    153    290    -33     -7     -5    -44    -96   -100   -101    -52    -60    -45 
    39     -1    118    537     82     -5      6    -27    382    -13    -42     37     -8    286    205    501 
   868    221    -23     -8    -11    -24    258     48    612    250    300    329    585    512    322    189 
   353    439     39    447    190    546    229    266    972    977    955    711    663    560    658    684 
   788   1160   1179    642    557   1026    924    889    888   1019    873    866   1029   1278   1343   1061 
   643    -75    -89    -95    -61    -68    -72    -70    -38    -32    -84    -85    -77    -46    -66   -147 
  -147    -77    -94    -85    -97    -52    -49    -67    -68    -92    -51    -44   -144   -126    -72    -90 
   -68    -85    -59    -17    -65    -64    -84    -36    -71   -145   -106   -105    -92    -67   -103   -104 
   -86   -104    -89    -49     -3    -24    -71   -107    -90   -102    -83   -102    -71    -84    -96   -104 
   -69    -31    -57    -56    -35    -45    -43    -73    -97    -92   -104   -118   -125    -44    -24    -63 
   -17    -28    -54   -131   -104   -115    -73   -116   -146    -95     10     -2    -45   -117    -78    -56 
   -99   -109    -68    -63   -161   -267   -169    -55    -74    -51    -66    -70   -107    -96    -59    -70 
  -190   -263   -506   -442   -168   -111    -34    -88   -127   -110    -42    -36    -43    -69   -110   -193 
  -175    -55    -84    -25    -60    -41    -51    -45    -43    -20    -15    -26    -18    -14     -2    -38 
   -11    -28    -18    -36    -42    -47    -43    -45    -30    -27    -43    -39    -18     43    -26    -21 
   -37    -17    -19    -10     -7     57    131    -10    -13     -2    999   1323    835   1025    808    647 
   938   1102    712    979   1229   1295   1130   1186    920   1022   1040    807    533   1227   1037    575 
   800    354    708    574   1222   1369   1243    751    627    732   1145    551    382    731    723   1361 
  1046   1322   1335   1264   1225    991    726   1485   1196    826   1100    925    978    874    792    673 
  1656    806   1387    361   1456   1490    597    786    610    740    980    647   1268   1369   1693   1421 
   742    699    -37    134    377    433    181    282    142    -32    249     75    -61   -104   -125   -215 
  -224   -112    -93    -28    -12    -33   -132    -34    -15   -143   -186    -60    -67    -97   -185   -240 
   -22     -7    122   -118    -32    -44    -47    -78    -82    -59   -106   -295   -343    -51    -83     -8 
   -43    -69    -24    -36    -31    -26    -47    -39   -120   -161    -27    -30     30     13      8     44 
   -26    -12    -17    -26    -41    -50    -27    -37    -10    -29    -15    -16     48     -5     -7     -9 
    -4     -1    324     57     -4     77    295    273    281    259    207    239    165     70     84    352 
    96    253    337    -24     48     -6     64    -16    -28    -18    -15    -28    -22    -59    -93    -44 
   -50    -15    -15     -1    -13    -24    -41    -13    114    -44    -44    -66    -73    -40    -84    -65 
   -60    -78    -90    -63     -5    457    -16    -24    -20    -36    -20    -87    -48    -33    -23    -65 
  -119   -146    -37    -20    -25     85    -87    -36    -46    -51    122    -31    -70    -68   -101    -70 
   -43    -48    -59    -77      2     26     53    -46     -8     36    148    -31    -42    -25    -60    -36 
   -55    458    115     -7    -44    -24    -43    -87   -106   -151    -54    -27    170    -22     89    -69 
    22     -2    -62    -66    -20    -12    -71   -202   -203    -10    -34    -32    -30    248    286    -17 
   -16     -2    -89   -144   -398   -477   -114    -46    -69    -37    -43    -57     88    -26     -4    -28 
   -25    -86   -100    -20    -51    -43    -19     10     -2     -4     -5    278      3     -7    -39     -4 
   227    -36    -13    117    224    278    426    397    370    164    410    341     79    344    -25    -27 
     2    293    381    375    149     61    193    385    372    -10     -8    -23    -57    -49    -29    -38 
   -62    -52    -38    -37    -19    -12    -57    -85    -43    -76    -71    -61    -63    -56    -33    -36 
   -15    -30    -24     35    -22    -15    -53    -93    -55    -69    -72    -44   -135    -50     19    -19 
    74    -40    -20    -67    -70    -42    -44    -28   -104   -143   -150    -87    -49    -48    -45    -72 
   -43    -68    -59    -55    -79    -94    -92   -114    -63    -50    -41    -72    -89    -75    -63    -62 
   -81    -43    -35    -47    288    195    203    510    -19    -41    -38    756    178     -2    654    624 
   150    -94   -108   1107   1116    380    -15    864    419    887   1243    958    997    993   1018    720 
   936     34     89      0    483   1327    959    920    554    446    368    466   1051     -1    208    875 
   233    355   1018    828    477    337    352    297    467    398    369    423    532    390     79    604 
   638    503    380    446    328    335    675    247    418    431    168      4    302    322    345    455 
   438    289    334    310      4    150    212    -20    -13    -10     -5     71    101    -10    -13     -7 
     1     -5      5    -16     35    -65    -91    -72    -32    -86    -60    -41    -43    -70    -93    -71 
  -105    -58    -65    -92    -58    -51    -81   -103    -63    -34    -56    -96    -50    -99    -98    -65 
  -139    -79    449    -33    -59    -40    -52    -25    -38    -63    -91    -80    -68   -154   -106    -48 
   -75    -41    -61   -110   -158   -104   -101    -84    -51    -22    -50   -104    -41    -57    -18    -65 
   -42    -74    -67    -78    -36    -18    -35    -32    -48    -46    -67   -127   -114    -60    -38    -85 
  -121    -38    -17    -43    -69    -59    -48    177     20   -204   -139   -120    -87   -171    -11    -36 
   -14    370     77    -22     89     -3    -55    -88    -99   1484   1869    -52    -60    -13    -23    -22 
   -47    -22    -34    -45    -80   -140    -98    -23   -142    -52    -20     37    335    -31    -52    -30 
   -28    -40    -52   -108    -42    -42    -24    -22    114     13     32     -2      0     42     73    -11 
   -53     16     25     -4    -26      0     -2     -6    -26    -18    -13     -8    -31    -20     -5     -8 
    -6    -36    -37    -35    -15    -16     -9    -11    -10     -9     42     -2    -39    -38    -18    -15 
    -9    -32    -46    -47     -7    175     -8    -44    -72    -75    -50    -40    -59    -37     -3     75 
   -44     -5    155     -9    -23    -22    -20    -25    -34    -67    -15    235    192     -6    -48    -45 
   119    361     62     -8    -42    -18    -47    132    480    211    -32   -110    -49    -33    -27     -6 
   -15    -47    -26   -131    -38    334    158   -126    -36    -33     -4    -91    -73    -58      0    294 
   -60    -36    104    342    -16    717     48     28    -32    -60    -33    -37    399     -7    -78   -120 
  -119    -64    455   1826    823    -23    -49    -16    -26    -79   -154    -94    -87    -85   -128    -59 
   -84   -165   -193   -169    -80    -61    -14    -71    -47    -84    -68    -58    -50    -69   -193   -249 
  -314   -191    -86    -21    -77    -43    -50    -27      5    -26    -29    -66    -91    -61    -76    -77 
    15    -11    -25    -26    -26     -9     -3    -28    -23    -32    -38    -20    -29    -19    -51    -74 
   -63    -38    -33    -20    -31    -20    -24    -49    -42    -32     -4    -36    -42    -47    -39    -40 
   -16    -22    -27    -34    -37    -16      6    -56   -108   -113    -94   -106   -125    -86    -69    -73 
   -82   -127   -176    -50    -22    -63    -66    -83    -70    -44    -47    -65    -20    -24    -38    -52 
    53    -36    -71    -91    -61    -85    -80    -77    -79    -73    -52    -49    -75    -10    -46    -89 
  -101   -121    -97   -139    -97    -32    -76    -87    -71    -40    402     18    431    -33    -32    -83 
   -14    -66    -52    -36    -24    -10    -28    249     -2    -88    -78    -79   -140   -129   -182   -138 
  -161   -130    -97    -27    -25    -76   -207   -104   -153   -273   -390    448    -11   -129   -275   -256 
   -40    -21    -37   -395    -79    254   -102   -175    -19     71    -27   -407   -432    -93    -23    347 
    17     -3    -15    -28    -34    111    883   1185    -52    -13    541    986    224    -15     65    -25 
    -8    -21    122    460    709    -12    342    317    714    360     -1    -10    -13    -12    -10     83 
   236    -10    272    286    -18    765    247    -19    -31    -31     24     -4    -11     38    -20     -6 
    40    -20    556    354    -31    -48    -34    -21    -29    -46    -46    -48    -56    -43    -25    239 
   -27     26    -16     -2    400    281    -29    107    184    -41    -17     -4     30    -27    269    141 
   273    301    135     -3    -14     36    -34    -56    -58    -17    -44    -94    -45    -65    -65   -109 
   -21    -42    127    107    178    -45    -60    -28     19     -4    -61    -49     -4    273    -65    -67 
   -29     21     -8     -3    -17     44    -47    -63    -22    -29    -23    -53    -60    -51    -21    -37 
   -12    -26    -62    -77    -71    -38    -90    -94    -31    -23    -44    -22    -39    -36    -55    -98 
   -83    -97   -126   -120   -178   -191   -172   -179   -222    110    -63    202    -28    -22    -27    147 
   -26    -27    -17    -46    393     50    753    -71    171    -92     -9    -38    -51    -44    191    -75 
  1537   1556    -42    566    -62    -23    -73    -75    -40    -30     -3    -54    -74    -88    530    340 
   -33    -50     -7     74    -30    -52    -44    -33    -41    -41    -83    -77    -53    -22    -32     -9 
   113    -16    -43    -51    -55    -44    -18    -17     -3    193    -24    -23    406    200     -6    -28 
   -37    -29    -25    -31    -14     -5    -20     -5    137    410    624    645    354    826    645    307 
   700    929    660    460    831    326    251    163     90    266    363    742    371    400    532    623 
   704    623    552    408    605    507     42     45     -5    378    312    414    589    621    442    530 
   243    594    551    355    549     27    722    387    551    503    670    584    312    111    102    315 
   395    175    -27     98    404    434    419    274    307    380    180    279    342    288    430    728 
   994    877    432    604    910    511    417    294    528    -12    -10   -105   -112    622    301    292 
   213    788    989    402     -7   -201    -35    693    -33   -125     89    910   1195   -200   -227   1633 
   663    342    374    158    109     65    -28    279    825    988    -60     -6   1456    826    604    364 
   428    451    366    234    381    621    681    506    471    711    655    488    342    372    312    225 
   240    172    362    431    474    415    435    492    323    168    309    327    294    155    149    176 
   312    184    386    443    295    580    592    436    347    285    404    401    276    339    336    541 
   493    432     -4    -24    -28    -10    -20    -14     55    -26    -12    -22    -13    -70    -21    -15 
    -6     -7    132    239     -2    -12    -15    -28    -44    -41    -57    -15    -24    -51    -21    149 
   248     15    581     -7    -18    -11    -19    -55    -33    -28    -16    -39    -11    -49    -28     28 
   249      1     -9    -24    -10    287    254   1206    -10    107    -21   1992    296    211    354    288 
   160    151    175    123    -21     58    -18    -17    -24     -4    -11    -28    -13    -23     -4    -31 
  -100   -136    -97   -114   -237   -292    -68   -148   -102   -179   -199     -4    -65   -141   -363   -141 
    -3   -173   -281   -100   -110   -119   -380   -349    264    -97    -14    -30    611    501     -8    -71 
   -40    -18   -107    -51   -126    -68    -25    -20    -22    279    661    108     40    -58    -24    -45 
  -102    -42    -56    -70    -20    -22    -27    -41    -38    -48    -56    -83    -53    -75    -48    -24 
   -51    -56    -38    -42    -40    -17    -27    -24    -29    -20    -38    -30    -32    -48     -3    -21 
   -10    -19     50    111    324    371    187     -2    -19     -2    241    -75   -126    -72    -86    -72 
   -53    -78    -34    -34     -6    -71    -77    -91   -151   -190   -138   -153   -155   -149   -205    -80 
  -167   -107    -91   -131   -119    -74   -114   -122   -140   -171   -121   -178    -49    -56    -92    -48 
   -78   -109    -50   -131    -93    -80   -126   -150   -190   -207   -185   -199   -111    -99   -126   -140 
  -182   -190   -157   -207   -190   -154   -146   -159   -169   -150    -87   -135   -121   -161   -163   -184 
  -199   -168   -157   -132   -167   -225   -215    -95   -136   -133    -35   -136   -168   -367   -436   -307 
  -331   -376    -94    -75   -114   -112   -150   -460   -151    -53   -143   -243   -170   -138   -124   -222 
  -223   -119   -125   -143   -200   -117    -96    -82   -125    -82   -103   -137   2137   2007   -194   -109 
   -93    -89   -147   -103   -104    -92   -111   -125   -139    629    -73   -136   -124   -124   -109    -74 
   -70    -62    -87    -55    -59    -65   -118   -118    -86    -56   -153   -135    -92    -95    -47    -56 
   -69    -71    -62    -96   -102   -109    -97   -135   -109    -88    -89    -51    -59    -74    -76    -78 
   -78    -96   -106    -70    298    400    330    528    524    425    324    152    299    386    829    574 
   388    490    340    768    894    571    352    832    992    674    405    392    887    522    431   1328 
  1087    595    828    439    385    262    455    682    826   1238    691    548    740    867    823   1027 
   774    876    591    651    923    777    402    236    213    124    381    442    736     -3    376    532 
   635    308    441    160    205    433    626    221    572    468    329    271     -4    117    -11    -22 
   128    457    776    274     91    501    794   1304   1014   1089    697    -23    -42    165    586    405 
  1310    369     27    444    642    630     -3    -35    -25    490    430    613     29    817    273    474 
   431    779    461     72     -3    370     -8     -5    138    460    179    564    193    476    517    334 
   304    425    485    294    393    205    394    124    185    190    336    470    442    222      0     28 
    -2    291    391    598    522    519    489    586    502    365    606    659    601    805    583    455 
   354    559    692    563    541    658    603    747    848    675    638    541    216    -44    -30    -38 
   -42    -44    -56    -35    -40    -58    -84    -59    -52    -40    -42    -35    -49    -31     -8     -5 
   -11    -46    -50    -28    -24    -26    -12    -54    -81    -38    -34    -40    -28    -84    -44    -17 
   -30    -13    -26    -17    -58    -49    -45    -73    -58    -56   -117    -49    -31     -2     -2     -6 
   -32    -35    -97    -53    -54    -68   -100    -39    -32    -20    -22    -32    -38    -32    -25    -30 
   -48    -47     -2    479    173    373    200     74    174    -40    -45    249    449    -60    -56    -37 
   170   1625   2223   1907   1094   1118    340    101    373    -23     -4     36    307    235    660    688 
   922    553    285    265     61    259    763    292    284    211    297    250    145    104    -35    115 
   842     -7    483    351     11     25    315    275    285    429    650    -56    -10    541    323    503 
   306    275    232    261    308    294    374    523    418    237    290    198    393    417    357    357 
   385    338    287    261    375    295    321    271     -1     69    194     -5     -9     -2     -9    -10 
    -4     88     60     -3     75     19    591    594    747   1004    798    712    658    914    330    530 
   735    737    667    788    644    934    916    786    619    801    900    366    209    223    430    152 
   874    626    910    920    905    434    753    664    548    268    239    835    509    517    242    717 
  1189    470   1139    924   1073   1260    996    558    874    476    441    311    365    603    402    350 
   945   1417   1233    775    519    822    823    177    493    545    725    445    -28    -77    -53    -27 
   -52    -37    370    407    -39     -4    -36    -40   -119   -114   -145   -183   -221    -96    -63    -39 
    -9    -31    -54     -9     -1    -25    -42    -34     66    -86   -131   -109    -45    276    370    256 
   142    526    579    499    301     65    -69   -202   -194    -92    159    529    860    715    836    958 
   859    634    372    354    -72    -67     56    573    667    622    602    532    583    421    517    715 
   636    629    420    470    583    318    474    492    700    804    664    503    551    657    636    816 
   687    687   1002   1220   1304   1226   1363   1435   1089    903   1201   1138   1133   1299    978    805 
   788    377    811    834    635    483    601    573    645    606   1166    715    613    791    557    675 
   466    432    684    334    995    787    251    444    598    283    565    598    725    573    627    818 
   428    292    410    438    592    714    360    742    428    409    423    506    555   1112    604    628 
   423    644    634    461    651    579    402    535    676    383    378    226    239    475    335    361 
   440    982    826    722    748    716    991    492    459    980   1077    683    371    321    615     95 
    99      1    679   1068   1295   1430   1235    599    452    205    174   1337    225     -4    -37    185 
    -9    -33    -10     -3     23    138     -7    229    655    455    613    357    331    332    846    922 
   376    584    846    258    954    839    900    721    547    368    282    553    823    159    115   1001 
   440    383    355    604    499    480    477    578    768    641    649    534    726    267    644    562 
   570    554    525    591    552    612    641    515    605    938    685    618    978    995   1048   1050 
  1108   1131   1161   1278   1234   1062   1141    694    196      0     -3    158     -6    -16    -10    312 
    90     -1     99    444     16     56    -62    -47    -13    -22     -9     -4     -1    -16     78    133 
   112    125    286    -18     12    253    261     -6    -29    -10    -14    196    190    222    143    144 
    19    339     41    268     -5    -53    -15     -3    204    217    258    121    112    -19    142    102 
     0    -43    121    259    250     -4    300    124    196     93    350    261    205     38    -18    -91 
   -55    -52    -19    132    301    292     -9    103    278    454    243    -12    308    197    -10     -5 
   168   1063    772    491     77    332    213    -30    -36     -1     -3    -10      0    -29    679    783 
   809    323    -31    -18     -7     -5    301    365   1310    578    654   1335    994    787    338    -24 
   -16    132    -12    215    556    523    512    264    867    652    517    198    416    452    401    368 
   467    590    369    534    368    269    510    358    278    303    363    332    331    411    455    253 
   279    435    314    452    396    336    290    286     54    133     43    123    276    333    406    336 
   457    -28    -21     -7    258    -18     23     67    -51    -62    -51    -12    -26     -5    -26    -68 
   -62    -29    -42    -42    -13    -22    -61    -59    -21    -23    -21    -31    -74    -76    -80    -55 
   -77    -24    -51    -42    -43    -39    -12    -32    -41    -70    -66    -16    -17    -35     54    -83 
   -77    -45    -46    -52    -62    -27    -12    -60    -63    -30    -34    -43    -28    -50    -37    -47 
   -54    -39    -42    -42    -46    -10    -10    220    721    140    168    494    235     -6    102    -37 
   -43    174     10     -8    -15    276    487    195    430    367    -34     36    211    -22    486     -5 
   288    164    -12    -73    -59    366    -57    -71    299    344    551    369     60    379    232    -22 
   -61     -2   1137    539    -87    -23    404    259    319    133    115     95    -20    -55    -52    -43 
  -106    -91    -29    241     -5     64     33    100    226    191    -18    -25    -38    -50    -55    -28 
    -4     -6    -12    -16    -18     -5    316    327    254    382    169    -35    -23    221     38     50 
   110    286    303    104     49    195     44      8    150     -1    -20    -13     -8     -5     -9    -12 
   220     -2     -7    -27     82     -6    267    -24    -50    -27    -21    -41    -56    181    450    580 
   -27    192    186    468     -9    -86    -45    -41    -42   -110    -55    -30    258    289    456    271 
   307    -67    -89    -61     -7    -30    -78    -47    -64     -5    -32    -32     91     54    -59   -118 
  -123    -52    -99   -122    -63    -22    -35    -62    -45    -20    239    -57    -86    -59    -57    -41 
   -82    -23    635    294    -13      8    418    475    -47   1081    -13    238      1    -13    191   -149 
  -167    163    663    761   1210    869    275    666    463    898    494    840    817     -5   -169    -99 
   802   1178   1080    637    513    507    923   1142   1202    464   1158    -88   -135    538    983   1055 
   691    317    385    826    512   1184   1084   1672   1294    844   1289   1010   1144    809    949    887 
   775    876    880    931    733    459    648    769    987   1143   1144   1236   1473   1133   1171   1098 
  1175    976   1302   1561   1111   1105   1013   1152   1065    926    646    719    579    420    675    856 
   992    872    735   -209   -136   -115   -161   -211   -144   -108   -138   -100   -134   -165   -189   -159 
  -174   -105   -169   -143   -151   -100   -161   -127    -74   -147   -174   -178   -161   -187   -176   -214 
  -179   -144   -158   -181   -177   -184   -166   -138   -183   -195   -157   -126   -182   -115   -128   -129 
  -135   -102   -123   -113   -170   -201   -186   -125    -38   -152   -156   -130    -87   -100   -124   -147 
   -62   -103   -111   -150   -151    -54   -118    -98    -94    -51   -105   -109   -147   -109   -113   -126 
  -138   -136    -94   -129   -102    -79    -48    -70    387    716   -143   -128    -64   -150    -51   -111 
  -105    -96    -26    -54    -71   -117    -27   -123   -203    -51   -164   -163    -65    -85   -105    -77 
  -127   -125   -136    619   4777   2657    197   -171   -146   -116   -125    -91   -134   -126   -158   -129 
   -63   1635    192    -58   -165   -165   -115   -104   -133   -153   -140   -132   -153   -124   -117   -114 
  -118   -193   -112    -77    -96   -108   -106    -92   -135   -130   -108   -130   -136   -105   -137   -174 
  -142   -140   -146   -121   -132   -119    -79   -121   -136   -162   -150   -128    177    -19    273     61 
   -12    107    288     55    -20     92    -12    -45     11    -15    -80    -40    -25    -53    -19    -32 
    -9    -18     -2     44    -26    -13    -33    -79    -70    -36    -79    -54    -82    -39     -5    -21 
   -11    -29    -11    -60    -62    -42    -46   -104   -137   -171   -139    -88    -82    -38     83    -20 
   -70   -139   -100    -54   -182   -153   -130    -92    -80   -110    -90    -64    -49    -61    -88    -62 
  -124   -125   -109   -196   -113    -96   -100    -79    -87    -34    -80    -81    -85    -95    -45    -80 
  -175   -171   -175    -49     -9     -3    -51    -21     62    -51    -26     -4    -30    -41    -33    -44 
   -12    142      2    -87     34    -60    -20     -3    -10     -9     10    -68    -19     19    -34     39 
   -45     34     -4    -26    -16    -12    -18    137     53    242   1006    564    469    119    -12    173 
   215    429    119    138    258    394    414    557    755    540    491    378    327    644    598    291 
   231     92    222     73    178    283    388    491     28    277    404    421     85      3    497    430 
   236    595    510    365    416   -124   -101    -79    -31    -75    -96    -94   -121   -127   -149   -190 
  -179   -110   -105   -127   -123    -51    -80    -70    -84    -75   -124    -95   -128   -133    -68    -84 
  -153    -89    -81    -95    -72   -128   -109    -49    -82    -86    -76     20   -110   -155    -79    -85 
   -84   -173   -148   -193   -157   -181   -108    -43    211    -50   -102   -120    -95   -117   -143   -159 
  -176   -179   -161   -145   -158   -145    -56   -167   -100   -121   -163   -158   -107   -143   -138   -186 
  -109    -51    -52   -126    -87    -65    -97    -88    -46   -130   -216   -221   -113    -31    448    -48 
  -105    -54    -77    -58    -78    -78    -83    -63   -124   -106    -44    -71   -124   -125    -33    -45 
   -67   -110    -93   -152   -119   -130   -616   -537    -84   -157   -121    -90    -90    -81   -120   -103 
  -146   -110   -132   -312   -252   -100   -141   -139    -94    -71    -81   -102    -92    -67   -113   -121 
  -172   -139   -126   -141   -123    -82    -61    -82    -97   -111    -58    -82    -66    -91   -111   -126 
  -117    -52    -75    -73    -84    -89    -88    -49    -55    -36    -65    -92    -67    -78    -52    -33 
   -17    -32    -58    -11    -27    -56    -63    -45    -66    -70    -36    -41    -17     -1     54    -22 
   253    -27    -49    -45    -31     -9    -30    -24    158    -45    -71    -82    -85    -35    -75    -74 
   -20    -18    -30    -58    -80     -6    -60   -101   -135   -117   -115   -140   -100    -76    -45    -37 
   -26    -83    -29    -96    -75    -85    -56   -150    -73    -79    -74    -97    -80    -23    -39    -31 
   -39    -62    -85    -86   -130   -121   -122   -116   -111    -56    -56    -77    -24    -73   -100   -141 
  -121   -177   -223   -282   -294    413    327    -30    -79    -53   -118    -87    -36    -51   -102    -84 
   -38    -78    -41    -64    183    -32    207    -13    -16    371     -8    -44     -9    -57    -37   -202 
  -223    -43     -8     98     76    134    331    -48   -102    -66    -40    -42   -131    -96     57    115 
    -4     51    164      0    -26    -84    -17     52    -13      0    125    291    266     -4    100     -4 
   -16    -50    -64    -54    -47    -53    -16     -1    124    159    286    479    353    202    -27     -8 
   -21    -34    -16    137    486    493    331    644    -29    -36    -16    -18    -25    -12    -24    481 
   514    561    420    338    105    -83    -44    -28    -47    -61    -18    -16    165    367    508    354 
   220    -28    -33     -6    -22     22     50      9      0     -7    -15    553     13    313    -19    627 
    -2     49    345    -41    221    364    -57    -71    -11     -9    507    -12    -38     -4    213    425 
   -46    -15    -34    -54    -15    -19     -5    245    115     59    244     78     61    -61    -47    -62 
   -33    -35    121    -37    -11     89    -43    -17    -39    -89   -161   -127   -252   -240   -195   -161 
   -41    -25    -12   -146    -39    121    -54   -131    -42    -21    -65   -307   -230    -36    -50    864 
   214    157    -22     12     -7    -37    -70   -270   -509   -451    -84    -87    707    105    -28    -15 
   277     74    470      8    -54    -58    -94     -1     -6    907    623    513    615    424    580    531 
   415    206    712    520    468    453    263    364    429    421    371    552    642    526    440    735 
   505    451    441    263      3    178    317    257     -3      0    146    200    543    600    566    600 
   245      1    484    961    614    152     -7    -22    -55    -37     -4    -25     -4    148    -31    181 
   412     98    -15    -28    -45    -71    -71    -51    -41    -45    -25    -86    -60    -11    -42    -71 
   -83    -12    -69    -85    -70    -60    -49    -66    -87    -41    242    -80    387    -31    -46    -39 
   -64    -76    -15    -36    -44   -116    -87    -54    -91   -118    -82    -99   -115   -133    -94   -140 
  -105   -153   -134   -106   -164   -131   -115   -106    -59    -57    -60     -1    -92    -67   -202    -48 
  -129   -169   -154   -112   -215   -284   -331    -96    -44   -109   -113    -60   -131    -76    -87    -99 
   -72    -85    -81   -188   -222   -267   -145   -121    -28    -38    -56    -52    -17    -10    -53    -85 
   -53   -145   -262   -132   -104    143    -50    -57    -80    -80    -39    -38    -71    -85   -142   -167 
   -57    -28    -36     50     55    -22    -47    -66    -25    -26    -45    -95    -56    -33    -61    -34 
   -28    -17    -23    -61    -53    -38    -27    -25     -6    -20    -36    -55    103    -12     -5     -8 
   -22    -24    -27    -51    -11     -1    108     50    -19    418    201    342    319    287    226    207 
    -1     -4     55     78    150    360      9    -12    -12    187    184    254     14    -34    -20    511 
   435    413    401     -9      0    -30    -36    -23    -18    -30    186    397    548    329    195    292 
   174    115    -42    -65      8    -21    -47    -10    -17    -20     31     -9    -51    -21   -128    -30 
   -79    -63   -192    -75    -45    -75    -96    -61    -56    -29    -89    -17    -51   -103    -60    -57 
  -100    -61    -49     -9    266    -73    -15    -64    -48    -34   -107   -126    -75     -9    -88   -111 
   -70    -38     14    -28    -21    -69    -50    -17    -33    -49    -16     -1    -34   -281   -208    -11 
   -24     -8    -64    -30    -15    -37    -51    -60    -59    -53   -279   -315   -130    -53    -16    -56 
   -77    -30    -38    -64    -78    -76    -34   -225   -223    -65    -48    -16    -17     -7    -20    -16 
   -53    -32    -67    -47    -69    -81    -33    -30    -24    -24    -38    -34    -15    -32    -35    -32 
     0    -41    -40    -27    -21    140    201    148     -1    -19     -3     66     -6    171     70    243 
   217    -14     51    -34    -16    100    185    437    157     21    -13    -25    -23    -77     -9    -44 
   -31    -17    -16    -13    314    146     29     32    -16    199    108    274    -30    -39     -3    -43 
   -63    -99    -30    -25     78     -7    104     -5     67    -32    -39    -55    -51    -79    -69    -63 
   -32    -41    -11     -6     -1    -23    -20     -6    -75    -71    -99    -56    -42    -13    209    131 
    96     88    137    -66    -92    -64    -98   -115   -140   -178    -74    -67    -57     -3    -15      9 
   -99     55    -66    -63   -104   -153   -119   -149   -169    -77      3     76     -9    148    -84     21 
   656    -56   -100    366    518    298   -100   -101    500    609    897    584    705   1058    904    512 
   944    918     -2   -335   -209    586   1139    855   1113   1157   1101   1017    745   1378   1438   1723 
   -76    651   1211   1153    846    974   1057   1066   1276   1252   1144   1569   1272    833   1071    769 
  1086    705   1054   1190   1337   1426   1418   1170   1310   1231   1052   1384   1015    801    635    791 
   749    790    549    753    491    496    685    767    923    600    452    298    503    192    156    205 
   244    269    283    497    421    797    854    514    428    154    106    104    327    323    515    189 
   446    451    460    301    362    501    366    400    115    660    398   1095    431    327    500    284 
   568    572    409    109    122    381    909    791   1072    874    481    836    653    324    714    691 
  1583    729    660   1692   2681   1474   1165    892   1274   1165    764    902   1204    930    602   1198 
  1023    842   1022    526    658    368    499    930    671    891    -16    433   1052    437    720    792 
   -11    -46    -31    -50    668   1095    340    535    600    647    952    961    552   1404   1068    331 
   801    638   1344    558    632    412    798    609    572    659    930    818   1659   1685    474   1260 
   677    352    934    958    560    562   1016    915    820   1196   1191    503    895   1009    486    295 
   504    689    780    743    716    418    514    325    269    639    651    373    357    509    634    517 
   667    655    672    750    669    372    450    611    777    663    742    950    993    988    940    806 
   612    522    438    649    -86   -100    -90    -72    -56    -50    -55    -68    -53    -79    -75    -64 
    -4    -78    -96    -91    -36    -33    -50     -6    -12    -36    -41    -15    -36     24    -51    -96 
   -82   -101   -102    -96   -123    -50     -5     -9    167    -27    -35    -38   -135    -95   -109    -58 
   -66   -105    -81    -64    -60    -33    -64    -62    -52   -126    -98   -148   -130   -181    -50    -52 
   -66    -28    -66    -50    -34    -25    -40    -11    -34    -16    273    -21    326    434    689    294 
   -43    196    112    962    845    844   1317   1092    -22   -179   -221   1214   1140    232    519    915 
  1148   1013    576   1053   1518    846    245    176     27    376    366   1012    744    958    563    519 
   611   1054    546     42    -73   -291   -200    -47    -22    386     -2     -5    115    376    177    134 
   469    673   -104    -39    393    120    141     -2    130     -5    355    206    161    451    644    -37 
   136    190     61    362    118     47    -10    208     -2    -11     -6      8    -40    -31    -13    -21 
   398    249    250    188    -20     -7    -23    -10    111     -4    -19    -16    -11   1171   1117   1095 
   858   1110   1188    728    720    440    777    766    306    485   1098    976   1227    890    831   1066 
   750    784    220    539    362    358    346   1113   1081   1262   1094   1059    922   1116   1208    491 
   548    350    764    564    922   1005   1205   1279    766   1227   1343   1099   1041    664    613   1103 
   993    638    475    888    801    596    708    989    852    680    454    592    853    761    250    228 
   378    228    306    527    194    298    110    408    457    490    691    -36    547     71    113     58 
   174    582    236    897    198    836    524    693     -7    317     -8     -6     10     -9     22      1 
   131    -71    -76    403    600    615    -23    273    251    330    200    310    216    831    396    -51 
   -22    345    623     -1    157    480    280    314    284    211     62   1085    469    -41    340    579 
   243    231    221    222     43    107     42     26    295     37     45    602    648     91     95    239 
   360    223    225    273    432    369    286    131    464    651    530    668    558    777    787    838 
   860    669    342    322    454    659    -65   -100    -81    -65   -113   -114    -77    -93   -104   -109 
   -90   -173    -58    -59   -108    -97    -72    -91    -98    -90    -81   -130    -80    -37    -90    -61 
   -41    -74    -83    -77    -93    -63   -111    -82    -81    -57    -34    -81    -53    -30    -94    -73 
   -85    -28   -124   -156    -86    -99    -83    -93   -107    -57    -45    -93    -39    -57    -69   -103 
   -80    -53    -62    -85    -97    -50    -35    -58   -101    -87    -75    -74    -79   -124    -38    -53 
   -32    -77    -50    -71    -74    -86    -81    -86    -28    -31    -28    -71    -59    -35   -130    -63 
   -53    -38    -24    -22     22    -54    -54    -40    -62    -77    -12    -78   -131    -49    104     21 
   327    -54    -34    -65    -40    -47     28   3436   2749    -81    -57    -18    536    -28    -85    -41 
   -35    -40    -71   -119      0    -61   -109    -45      9     30     16     -3    -42    -66    -82    -66 
   -65    -76    -38    -70    -44    -41    -68    -50    -58   -116   -123   -116   -100   -114    -86    -89 
  -108    -62    -26    -59    -60    -67   -114   -124    -83   -101    -96    -56    -84    -99    -53    567 
   527    -22     -2     44    328    268     -9    256    415    363    251    336    433    554    295     75 
   229     45    338    136    851    533      5     75    103    727    423    304    353    576    983   1500 
   477    464    276    -39    -33    144    814    665    245    -30    -30      0    378    349     40    -15 
   -23    -53    -10    648   1228    244    -16    438   2160    307     -4     -8    136    241     40    185 
   906    581    253    782    335      6     32    -93    -75    546     -6    -14    -12     -1    -80    -80 
   -99   -142   -181   -174   -368   -222   -162   -166    -88    -84    -95   -147    -69    -19    -97   -130 
   -95    -68   -117   -382   -388    -81    -76    -48    -35    -29    -49    -54    -32    -49    -64     -7 
   -93   -139    -92     92    -50     -1    -25    -35    -40    -33    -62    -43    -51    -32    -33    -77 
   -57    -53    -38    -31    -18    -17    -29    -47    -51    -39    -62    -61    -54    -50    -89    -51 
   -50    -42    -44    -59    -43    -34    -24    -42    -60    -35    -43    -15    -22    -12    -33    -58 
   -48    -28     -8    -33    -14    -19    -28    -18    -40    -93    -70    -76    -92   -112    -72    -75 
   -29    -90    -35    -78   -162    -63    -93   -128    -62    -45   -191    -83   -131    137   -145    -28 
  -122   -193   -112   -168   -136    -66    -74   -158    -17    -77   -113   -166    -50   -143   -212   -123 
  -110   -140    -39    -90    -66     -3     -5   -126   -124    -66   -101   -146   -117    -62   -115    -60 
   -56    -84    -24    -33   -104    -94    -65    -78    -85   -102    -23    -62    -64     47    -17    -41 
   -45   -128   -113   -160    -86   -126    -26    -23   -141   -102    999   1442    -67   3028   -100   1120 
  -202    -90   -152    468   2574   -110    -88    422     83   -104     84    -22   3826    -78   -216   -209 
   209     97    -16     -5    -10    -45    -25    740   2677   3529    -96   -172   -172     75    307    183 
   -52     45     -8    -23    274    709   2205    -30   -124   -157     78    -17    -84    -85    -63    -24 
   -43    -22     72    -25    -50    -64   -115    760    107    -24    -31    -52    -28    -70    -81    -33 
  -124   -100    -64   -141    166    286    258     96     94    468     75    404    153    -60    -39    -76 
  -106   1084   1605   1145   1306   1586   1480    668    920    904    786   1107   1012    561   1144   1714 
  1492   1455   1354   1536   1063    716    626    586    762    893    668   1100   2040   1693   1293   1167 
   726   1288    807    484    739   1092   1478    812    877   1546   1375   1333   1379   1492   1703   1236 
  1038   1812   1605   1253    940    668   1140   1190   1047   1765   1148   1251   1223   1089   1394   1162 
  1369    778    -18    186    146    310    157    -20    -95    -11     35     -5    722    414    260    -79 
    -5    -24    -18    -12    -28    -39    -82   -105     34    -44     15     -8    -10    149    144     44 
    -2    -42     49    299     77    585     89    -45    -20     -7     -9    -11    -40    -22    -28    -34 
     6    -26    582    515    -31    -90    -23    -40    -82    -80    -51    -55    -53    -13     -3    422 
   -17    -19    -47      0    -29    -11    -21    -41    -57    -37    -71    -57    -65    -48    -39    -19 
    -7    -49    -41    -38    -60    -67    -50    -53    -48    -39    -44    -64    -34     -3     75     47 
    -5    -27    -23    -10     -1     -5    -26    -35    -38    -25    970    215    588    849    785    474 
   365     74    -31    227    412    380    422    524     33    293    411    155     99    -24    -63    -44 
    -3     87    125     63     -4    139    -35    -29    -65    -64     -5    -31    -40    -35    -41    407 
   562    192     54    -36    -12   -132    -37    244    -26    -75    -98    -48    380    348     -9    178 
   -19    -56   -130    -56    -34    -15    -67   -104   -124    -44     -8    -56     -8    -50    -71    -55 
   -23    -31    -51    -36    -16    -58   -151    -44    -51    -32   -109   -189    -93    -80   -154   -238 
  -262    -44    -59   -107    -94     -9    -65    -52    -50   -127   -142    -67    -99   -151   -216   -140 
   -69    -59    211    -85    -54    -36    -17    -75    -61   -138   -226   -465   -405   -122    -92    886 
   463    718    170    146     -8    334    -15    -27    -84   -115    188    141    328    484    673    522 
   441    279    204    202    151    -28     77    -10     -2    -24     97    234    374    387    622    441 
   637    589     74    142    213    133    167    254    490    460    282    384    157     69    386    512 
   498    201    174   1185    915    652    549    913    762    441    250    400    407    160      1    274 
   825    796    604    720    975    857    268    217    619    440    465    622    336    410    769    526 
   679    869     31   1129    515    701    129    794    871    708    529   1465    628    709    674    585 
   621    378    400    348    852   1017    449    482    810    213    951    780   1152    139     -8    141 
    23    205    367    283    575     -7    -47    -12    -23    -27    228    477    462    -17    227    -11 
   -30    575    -47   -132   -204   -240   -204    -14    310     -9    -67    -70     58    -55    -56   -174 
  -104     10    -69   -103      8    297      5   -170   -202    -20    -76     -2    -41    -31    -49    -32 
   -30    -32    136    854    -24     -5    125    -71     -3    -10     -9     -8    -11    -22     -7    -18 
   -19    -31    -18    -15    -31    236    223     82    173    126     -8    246    -21    -20     -2    -21 
   -10     53    165     -5     63     29     -5     13     59    -21     -5     -4    -34    -21     74     -7 
    -5     38      7     -4    -13    132    156     -3    -14    -15     23    178    520    507    212     74 
    -3    173    597    343    348    505    653    229    692    645    550    227    168    188     64     -9 
   122    156    115    290    198    329    620    152     -9    280    295    362    -33    172     48    217 
   -13      8    285    736     -8     -8     -1    -10    228    -15    492    513     -4    -15    342    703 
   538    148    320    663    591     34    531    558    415      1    -27    481    712    446    556    351 
   444    318     -1    -26    402    303    282    580    801    873    354    120    743   1089    341    125 
   366    809   1165    818    960   1077    680    571    887    781    723   1075   1252   1085    653    504 
    86    625    873    731   1008    883    971    841    872   1115    818    409   -106   -257   -228    -75 
   353    735    962   1316   1385    893   1030   1241    765    619    171    153    323    446    888   1039 
   904    787    818    957   1040   1328    753   1077    793    844    788    834    860    931    983   1104 
  1129    903   1003    905    994    937    882    874    749    966   1143   1130   1298   1249   1269   1335 
  1139    996    789    745    790    670    650    720    792    595    613    765    644    250    326     -2 
    -2    193    473     87    639    166     55    210    209     -1    -22     -9    -36    -55    -17    569 
   262    665   1117    424    751   1072    900    238     32    145    322    151    650    623    918   1131 
   744    858    611      0    141    710    382    285    297    438    155    884    694    563    421    754 
    78    124    658     71    172    368    132    337    659    410    756    972   1226    794    516    812 
   645    250    120   1011   1603    554    134   1709   1926    498    510   1525   2875   2809     65    312 
   393     44    371     25    -49    -81    -54   -104   -118    -38   -146    -75    -11    -31   -213    -52 
   -15    -26    -61    -86   -101   -170    -81   -221   -139   -121    -43   -123   -143    -96    -76    -58 
  -103    -79   -191   -164   -174   -145   -117    -49    -63    -26    -10    -23    -28    -55    -92    -71 
  -107    -68    -70    -72    -54    -39    -17    -18    -48    -54    -38    -42    -36    -10    -40    -59 
   -39    -58    -72    -45    -52    -63    -64    -49    -59    -74    -40    -41    -50    -44     95    -12 
   235    207     -1     90    181    213    133    163    -43    -20     -4    334     16    785    556     62 
    62    340    399    323    122     62    317    148    391    212    624    709    437    668    -15    228 
   449    -18    -20    150    118    305    245    565     92    -41     -6    -11    181   1183     28      2 
   298    -19    -24   -133    295    265    -37   -196    -23    151    281    -30    -21    123     -3    -53 
    67     87    -60    -31     55    -49    -52    -46    -21    172    -17    -22    -72     -9    -37    -77 
  -107   -189   -114   -300   -255    -62    666     92    -62    -62   -401   -123    -33   -150   -194    -41 
   -72    -33   -266   -342    189    -74    -33    -71     -3    118    -23    -69    -29    -81   -124   -257 
  -245    -34    -83    -36     -6    115    315    -24    -58    -95    -68    -74   -131   -151    -51    -77 
   -84    -69    -44    -45    -58    -92    -83    -40    -48    -80    -55    -30    -83   -109    -65    -53 
   -58    -66    -92    -92    -74    -42    -41    -40    -28    -62    -53    -45    -30    -64   -108    -73 
   -65    -60    -48    -21     -8    -18    -68     -1    -16    -41    -29    -47    -39    -14    -51    -42 
   -52    -93   -102    -23    -34    -62    -69    -51    -37    -74    -50    -59    -23    -41    -56    -68 
   -36    -67   -124    -78    -28    -21     -5    -18    -43     -6    -41    -25    -46    -27    -25    -57 
   -56    -50    -24    -67   -104   -102    -82    -59    -34    -61    -94    -38   -118    -51    -36     -7 
  -100    -79    -90    -86    -81    -67    -90    -55     38    -27    -24    -31     95     -2   1253    487 
   204     -6    -36    -95    -65    616    -31    -28    -83    -17    -12   1408   3091   2397    -38   -103 
   -55    -15    -24    -84    -57    -45    472    386    498    178    169   -106   -139    -85    -41    -18 
   -60    -35    -94    -21    -21    -44   -109   -190   -370   -372   -173    -97     19    -67   -110    -94 
   -36    -43    -63    -39    -29    -89   -135    -76    -22     -4    -58    -23    -38    -30    -42    -24 
   -21     -5    -30    -44    -33      8    245    -52    -62    -58    -30    -41    -31    -37    -20    -35 
   -92    -50     36    334    -28    -11    -17     -3    -21    -14    -15    -12    -35    -47     24    228 
   -41    -98    -96    -63   -122    -94    -30    -54    -71    -78   -101    -77    -28    -98   -114   -160 
  -107    -80    -88    -93    -71    -51    -78    -54   -111    -69   -114   -203   -127    -35    -43    -32 
  -140   -119   -108    -90   -135   -129    -76   -141   -176   -138   -110   -130   -141   -205   -173   -115 
   -84   -116    -45    -82    -74   -146    -91    -95   -154   -138   -127    -88    -58    -74   -142   -127 
   -83    -72    -95    -97   -108    -45    -70    -78    -77    -57     -2    -21    -78    -54    -38    -34 
   -79    -76    -91   -166    843   1387   1393    -83    -38    200     -7    -62   -197    -25    704    -51 
   -70    315     33    -44   -365   -292    -30     42    -52    851    243    -45    -29    -13    -31    252 
  -176   -365   -243    -70     -3    -12    254    -38   -104    -15    -52     56    513    512   -105    -64 
   585    -17    -45    -29    237    200    243    220     91    141    604    324    391     75    -23    -42 
   -40    -12     -3      1    367    327    184     71    -43    -66    -35    -30    -40    -86    -69    -54 
   -90   -121    -98    -87    -63    -62    -85    -83    -25     -2    -21     92    117     -4    -11    128 
   399    233     -3    -14    -23     -8     -5    -53     -6     -3     -3     -2    174    592    118    271 
   120     -1    118    239    -32    175    268    301     57    -18    143    322    333    208     -4    128 
    -1    -25    177    -16    171    -45    -72    -29    180    453    367    173    167     88    -16    -12 
   -26    -43    -30    -22    188    445     -1    179    234    504    -10    -10    -25    -17    -37    -98 
  -146    -35    -42    -76    -72      0    342    -34    268     30     -5    -66    -77    -83   -221   -235 
   -49    156    465    223    122    -22    159    413     -7    -31     23    -19    -75   -127    -99    -32 
   188    399    143    162     44     -3     -4    349     -3    790    -13    -34    192    464    482    291 
    -9    -10    419    317    464    201     59    508    320     68    610    638    650    551    612    617 
   724    588    341    355    208    347    395    661    636    688    669    501    528    603    493    394 
   285     61    484    551    506    465    633    455    375    325    289    329    206    138    325    471 
   331    497    -49    -55    -48    -58    -65    -42    -33    -33    -24    -40    -39    -73    -22    -54 
   -84    -77    -69    -52    -31    -38    -49    -41    -48    -22    -49    -30    -45    -70    -67    -74 
   -69    -57    -60    -44    -30    -25    -74    -68    -41    -28    -61    -87    -97    -56    -83   -108 
  -120   -119    -79    -40    -44    -31    -17     -6    -45    -97    -81    -83    -52    -57    -62    -63 
   -62    -62    -13    -44    -43    -43    -51    -62    -38    -43    -36    -55     -9    -49    -50    -15 
   -30    251    -35    -23     -7    105    712    -46    -10   1013    542    381    109    -45    -37    -41 
   257    343    -44    -23    -14    -47    -36    -60    -29    -27     43    545    358    374      9     -9 
    81    -20    -41    -82   -185    -70     -9    322    499   1167    972    264    233    287     86    -19 
   -32    -43    -62    -11    428    366    276    298    174    265    262     -2    -18     -7     87     -8 
   145     81    246    256    235    269    215    170    239    217    118    253    155    107    408    243 
   331    292     87    358    166    202    352    358    233     63    112    131    -18    -18    -26     14 
   146    104    139     91    299    921    751    750    607    374    775    357    312    -18    158    365 
   768    282    210     42    132    494    476    499    640    714     -7   1192    515    548     83    -51 
   -33     -6    322    167    162    322    -22    684   1650   1460    878    -11    -38     85    355    565 
  1099    474    957   1020   1633   1096   1027    741   1186    563   1046   1013   1669   1468   1229   1742 
  1680   1353   1825    751    942   1171    284    565    726   1811    784   1019   1426   1300    546    569 
   241    556    322    -19    -40    403    795    546    912     77    400    452    860    823    477    -43 
   -94    295    388     -2    -40     79    -22    106    440    207    211    -20   -157   -217    -44    -16 
   -33    -57   -114    -83     -8     -7     -3    150    513    -37     87    252    -18    -13    -16     88 
   -14     -1    -38     -6     26     -3    -13    -13    100     -6     99     -1    -14    -17    -22    -17 
    -6    -12     17     -2    -22    -17     -1     -2     69    247    131    -10    -11    -13    131     41 
    -9    -28    -18    -37     -2    -28    -50    -50    -40    -17    -35    -69    -63    -45      4    -52 
   277    366    -15    -29    -31     63    156     -8    -50    -21     22    -25    -35    -12     49    -57 
   -64    -71    -60     16    991    199    165    -42    -83    -79    -23     17    -38   -117   -157   -161 
   -27   1189    298    -55    -30    -43    -56    174    180    575    -38    -86    -72    734     71    -28 
   -56     58    -47      5    129    342    -11    -13    -36    -57    -66    -85   -121    -84     -3    -34 
   -33    -11    299    -54    -45    -97   -111   -173   -123   -319   -237    -68    -74   -101    -64    -36 
  -178    -46    -43   -135   -181    -69    -90    -69   -214   -221    -49    -61    -36   -122    -10     -5 
   -31    -69    -46    -74    -70   -184   -196    -50    -34    -11    -13    -18    -28    -34    -47    -55 
   -74    -93   -174   -132    -39    -40    -10     -9    -20    -12    -21    -51    -68    -80    -58    -88 
   -55    -26    -36    -17     -4    -12    -12    -41    -45    -41    -38    -24     10     17     -2      0 
    -9      0     99     18     -7     -2     -9     -7    -12    129     70    -13     -3    -38    -57    -49 
   -44    -38    -18    -12    -58    -35    -35    -33    -51     17    -43    557     -4    -24    -27     42 
   137     -2     -1    150    216    261    326    -25    -44    -48    -57    -71    -32    -62    -38    197 
    58    -11    -41    -31    -45    -47    -96   -112    -91    -72    -53     -3    -43    -41    -76    -49 
   -43    -48    -93    -67    -75    -64   -146    -75    -40    -32    -38    -25    -24    -21    -98    -44 
   -56    -58    -48   -109   -180   -120    -87    -37     23    -63    -38    -86     16    -69    -92    -29 
   -48   -194   -350   -345    -20    -41    -99   -102    182    722    132    117    281    245    -22     17 
   -13   1262   1578    -43    -34    120    165    135    579    219    249    227    561   1814   1333   1972 
   950     32    -14    -11    -20    -17    -18    -52    -28     95    621    199    829    655     72    -16 
   -11    198    148     24    -14     -5    186     62    -28    170    292     45    -15    274    356    182 
   -24    -34    -36    -20    -21    -13     99     64    -16     38    334    245     -7    -74    -51    -42 
   -41    -24    106    145    138    -47    698    833    877    797    645    449    671    747    342    440 
    -7    312    278    212    138    651    535    498    271    301     -1    -20    255    206    391    306 
   209    214    717    367    336    185    -46    140    -15     11    -21    493    396    342     -2    719 
   373     93    -45    -98    -41    157     13    236    714    236     -8   -140    175     -6    -12   -209 
   -28    -38    -30    -97    -33     -7     67    -49    -58    -27    -74    -87   -117   -165   -133   -100 
  -122    -34     -3    -29    -87    -50    -84   -153   -195   -174   -153   -319   -331    -73     68     27 
   -32    -69    -60    -73    -26   -196   -124   -122    -66   -160   -166    -82    -29    -52    447    709 
    39      6    -18    -65    227    380   1093    -61    -24   1277    266    379     33    344    556    244 
    48    473    339    134    522    398    171    303    322    101    263    393    461    499    537    520 
   418    -20     -9    -12    170    -14    -34    -15     -1    281    188    355    274    172    -13     -7 
   -17    -13    504    127    266    239    150    418    318    267    556    405    224     69    292    220 
     9    291     65     -6     28    274    570    639    844    773    452    684    308    -44     -2    318 
   124     61    225    611    641    861    769    807    804    207    186     98    320    306    374    -53 
    -4    233    367    330      0    441    197    196     -6    -29     87    -14    -68     14     40    -14 
     7      2    644     -5    -98    -49    -17    -22   -108    -60    -20     -4    -47    -21     22    272 
   -45    -57    -31    -34    -79   -183   -282   -184   -124   -156    -36     42    159    -76    -94    -41 
   -60   -144   -174   -193   -217   -200   -163   -163     -4    -10    -35   -102     -6     87    -39    -85 
   -64     -3    -60   -216   -214    -20    -42    -17    -76    -32    -10    -24    -37    -41    -80   -170 
  -329   -329    -74    -39    186    136     -2     -3     -6     74    243    -31    -22   -111   -112    205 
     9    225    512    374    377    117     41    167     11    139    164    443    527    394    192    131 
   254    130     -3     42     -6     -6    -37    -28    -17    165    391    -18    -15    -11     92     -9 
   -31     -8    -20    -29     82    160    126    304    755    652   1009   1110    912    757    722    684 
   -36     -6     81    500     99    361    160    754    891    692    529    653    346    -56    -11     -8 
    -8     -1    412    301    888   1142    741     33    184     -5     21     42    368    863    302    310 
   318    867    722    453    143     -4    -13    184    657    471    724    -11     96    -13    681    291 
   -30    -72    113    138    -20     40    -14     -9    -34    -19    -20    -23    -38    -31   -121   -149 
   -84    -18    -25    248    -40    -44    -39    -56   -108    -98   -135   -153   -215   -197   -163   -106 
   -71    -32    -22   -103    -98   -104    -56    -81   -125    -75   -100   -133   -192   -178    -73    -22 
   -40    -54    -34    -49    -41    -72    -73    -97   -209   -449   -437   -163   -153    -29    -32    -37 
   -34    -28    -27    -40    -49    -91   -158   -155    -73    -66    -26    -19     -9    -10    -16      0 
   -16    -34    -37    -30    -20    -22    -41    -29     -9     -6     -9    -26     -3     75    -15    -13 
   -31    -30    -25    -27     -7    108     69    110    122    227    167    140    320    225     -4    -13 
    -9    -22    121     78    -27    -43      3    337    183    275     45     -1     81     18      0     -3 
   -22     -7    -12      8     34     -9    282      0      8    -13     27      3    -39    -55    -11    -16 
   -21     -5    -22     75     -3    -14    -37    -14    -20    -35    -43    -15    -24    -52    -45    -44 
   -20    -34    -33     -8     15     49    -16    -15    230    -29    -21    -39    -40    -49    -32    -44 
   -19     -1    392     29    114    222    311    554    906    409    251    479     60    270    476    610 
   310    817    683    676    832   1278   1738   2130    817   1011    778    579    191    453     -9    -20 
   185    359     -2    339    603     93     -1    479    278    104     -3     41    -41    -28    -14    -26 
    13    578   2227   1626    846    189    145    140     96     -1    -18    -15    -23    -21    -13    880 
   246    238     -8    173    180    108      0    -25    -17    -37    -46    -33    -24     -4    -14    -12 
   356      2      4     -7    -33    -30    -21    -20    -17     -8    -16    -17     -1     -1    -22    -21 
    -8    -22    -39     -1     -1    -15     -7    -21    -25     38    242     19    183    369    332    241 
   177    195     46    264    192     -2    157     -5    -15    -13     -2     63     14    -16     -9    -24 
    -2    161    143     -5    -21    -20    -32    -52    -26    -36    -48    -16    -35    -23    -12     -7 
    -8     50    -16    -30    182     51    170    -10     -4    102    145    -18      5     -9    -12    -89 
   -44    -64    -65   -114    -23    -19    -17    -30    -51     -6     -6    -76    -29    -29    -67    -61 
  -113    -57    -36     -3    212     -1    -30     68    -95   -112     -5    -22   -166   -206   -209   -323 
  -323   -178   -175    -27    -46    -29    -70    125    614    -27    -34    -28    -19    -67   -230   -274 
    -4    -32    114    166    656   1439    861    455    277    972    -45   -134   -172    -97     -1    254 
   516   1358   1593    773    748    568    269    279    -87    -25    -15     -6    274    443    388    382 
   452    506    373    271    356     -1    439    290     -1     -1    229    309    409    691    852    631 
   635    581    383    610    427     -6    177    333    316    460    671    772    530    432    654    452 
   345    152     56    -21    -37    -38     74    -29      8     -4     -7    -50    -36    -20    -55     12 
   -31    -56    -51    -31    -44    -34    -26     57    -50    -54    -48    -66    -24    -21   -123   -108 
   -57    -83    -63    -84    -55    -10    -25    -84    -92    -63    -51   -153   -142    -93   -121   -114 
  -110   -112    -79    -53    -78    -63    -62    -27    -91   -159    -99    -85    -75   -115    -80    -54 
  -119    -98    -65    -41    -60   -106   -158   -151   -149   -178   -128   -154   -131   -171   -122    -57 
   -34   -114   -143   -150   -180   -200   -214   -146   -202   -228   -132   -226    -42    -65    -52   -202 
   -66    -91   -168   -222   -103    -89   -101   -163   -126    -58    -31    -44   -122    -53   -118    -73 
   -80    -45    -56   -116   -136    -61    -76     38    -17    -48    -39    -92    -41    -39    -43    -75 
   -53   -114    -92    -30    -32      8    -16     -1    -18    -26    -44    -28    -71    -63   -102    -47 
   -11     77     25    -26    -17    -28    -47    -39    -27    -13    -11    -16     -9    -25     -2    -40 
   -43    -14    -18    -27    -47    -21    -19    -18    -13    -31    -25     -9    -30     -7    176    145 
   335     78    128    314     62     -9    -10    -12    -42    -56     -6     58     -9    101      6    -40 
   -35    100     -4     -9    -22    -40    -84    -28    -26    -25    -30    -48    -77    -33    -22    -24 
   -23    -45    -34    -76    -25    -29    -25    -59    -54   -101    -54    -48    -46    -13    -16    -51 
   -80   -145   -111    -79   -152   -188   -130    -83    -51    -83    -96    -68    -44   -123   -134   -110 
  -173   -185   -174   -179   -145   -134   -155   -141   -108    -75   -135   -134   -105   -134   -243   -314 
  -213   -215   -257   -239   -185    -70   -115   -106   -343   -126    -46   -220   -287   -110    -28    -31 
  -273   -341    -17   -145   -126   -160    -60    -33    -62   -114    -67    114   -109   -181   -136    -14 
   -92    -88    -70    -28    -32    -69    -67    -34    -38    -32   -149    -76    134   -110    -90    -11 
   -24    -20    -51    -36    -25    -68    -47    -94    -18    -32   -104    -94    -35    -33    -38    -42 
   -17    -21    -24    -33    -53    -66    -49    -94   -119    -94    -93    -82   -108   -110    -87    -84 
   -86    -57    -70   -102   -116    -34    -31    -17    -46    -31     51    -33    -59    -38    -34    -27 
  -106    -30     -3    384    119    173    102    714     89    -72      3     -5    -13     -2     -2    -30 
   -36    -89    -64    -98    -49    765    -35    -39    -58    -69    -51    -54    -61    -52    -66   -121 
  -130    -73     62     -4     12    -46    -30    245    197    -15   1599     20    -64    -39   1388     45 
    -2     -1    130     31    258     87    -48    511     -3    -25    -33    165   -117    -90    -93    349 
   165    -76    -54   -102    188    -48    -85   -210   -262   -106   -235   -219   -141    330    -44    -56 
  -103   -326    -98    -57   -169   -189    -52    -25    -58   -366   -426    -55    -68    -69    -43    -36 
   -96    -78   -101    -53    -33   2403   2424   1606    493    -21    -76   -115   -147   -185    -91   -120 
   -99    -24    -10    966    604    180    -83    -86    -74    -39    -54    -58    -83    -83    -80    -62 
  -116    -69    -67   -112    -76    -65    -87    -99    -94    -69    -66    -61    -42    -89   -137    -94 
  -110   -109    -99   -105   -130   -179   -182   -154   -113   -105   -106   -142   -138   -157    -49    -32 
   -21    -40    -57    -57    -24     -9    197     88    -11    -37    -26    -36     -7    -15    -11    143 
    44    -20    290    126    110    622     33     -2    120    -10     10    -29     -6    -54    -52    -20 
   481    438    618     -8     -2     -4    -27    -29    -46     -3    -62    -46   -100    -35     76    420 
   225    -10     63    464     -9    198    102    166     10    146    294    374    120    290    150    525 
    46    337    379    210    180     -6    536    449     44     78    335     -9    552    235     71     68 
   109    -55    991    362     -5    310    -14    595    353    270    -67     12    337   1295    858   1052 
   734    352    112    201    231    272    386    553     -5    439    654    659    795    579      0    -27 
   150     -4    567    320    586    568    695    845    662   1099   1024   1051   1039   1583    881   1010 
   578    544    625    542    730    683   1039   1249   1159   1528   1210    858    907    249    418    579 
   575    698    682    690    762    648    537    761    402    291    406    107    -13     27      0     78 
   -12     -6     74      0    120     -9    374    -10    142    178    458    348    201    357    531    516 
   456    647    830    645     -8    141    -11     -5     -2     -7    132    174    454    369    409    370 
   172    324    271    107    -17     39    330    -12    213    285    239      0     13    139    607     75 
   332    397    263    487    487    742    546    284     -6    -42     -1    311     75    -13    -30    244 
   249    273    148    209    220    676    262     25    -27    156    286    166    374     71    152    -24 
   103    129    218    286    454     46    -10    861   1092    345    -12    -66     46    -27    -85    -32 
   -31    304    567   1135    864    652    153    787    307    590    534    -20     -7    208    659    397 
   754    358    920    764    948    713   1200   2179   2132   2923   1548    982    605   1090   1057   1128 
   662    695    640    245    553   1120   1374    971    895    410    617    496    453    387    435    335 
   226    530    376    586    671    349    185    162    189    125     63    113     80     82    136    124 
   339    392    101     99    221    186    281    137     -2     61      6     80    311    347    120    162 
   830    563    594    768    585    542    460    158      8    322    276     -9    210    788    183    610 
   678    463    253    195     -8     -5    246    -51    -18     -2    789    463    504   1254    750    837 
   958    582    130    421    193    396    731    692    637    696    402    -24    261    223    188      7 
    -2     92    624    914    594    716    609    777    232    715     -7     99    -41    -29    -36    280 
   585    477   1140   1146    643    282     90    -51    -75    -70    -19    -28    -25     66    -14    -53 
   -10    -65    -12    -74    -43    -65     -8    -45    -84    -29    -35    -69   -122    -91   -108   -101 
  -120    -73    -56   -100   -193   -160   -112    -89    -73   -142    -96    -89    -56    -76    -74    -81 
  -187   -220   -304   -212    -92    -39   -138   -124    -75    -81    -86    -45    -33    -65    -44   -106 
   -99    -43    -14    -68    -19    -15    -32    -51     -7     -3    -34    -26    -43    -22     -3     -4 
   -11    141    190    -20    -41    -17     -3     -8    127     -4    -26     -3     41    -29     -2     -2 
   117    217    289    350    313    250      0     -6     -4    282     97    -13     -1     76     -1    170 
   322    160     39    233    487    319    111     31    -20    173    236     35     91    285    558    264 
   323     91    321     18    -30    -45    -10    -33    -10    372    114    318    439    394    265    289 
    -4    -40    -30     -5     -8    -18    -23     62      2     -2    229    281    184    267    216    -12 
    63    -19    374     -4     31    -18    117    -13    298    329    418    231    198    465    397    420 
   345    104    190    583    291    130    110    544    843    -41    -75     29    642    329   1146    540 
  1348    620    -17     -6    499   1591    328     -4    -23     -6    -10      2     -5   1451   1991    296 
   142    276    -11    113    -14    -14    -10    -37    -25    -95   -133    -67     87    -14     -1    -16 
   -39    -59    -26    -29    -30     -8    238   -139    -73    550    -13     94     92    172     27    -10 
   -14     83    101    256     -7    172    204    116    402    247    140    124      7     23    119    189 
   188    318    259    226    224    203    286    198    227    169     86    210    272    244    295    233 
   260     61    278    348    517    282    449    349    260    316    175    453    358    467    390    363 
   520    562    639    590    128    152     -4     -6    106    165    155    233    144    389    182    314 
   292    -29    -32    134     86     58    217     75    104    303    168    149    149    -10    192    113 
    -9     39    -11    307    218    391     48    -67    -15    331    -30   -156    -18     92    -10    -29 
   -26    200    230    -26    -13    -20    -58    -93    -73    -89    -52    -41    -63    -37     57    253 
   -82    372    -17    -24     32    -35    -96   -233   -273      0    195    426    -10    161    -78     59 
     0      3    -24    -10    147    219    -22    224    276    -18    154     -7     60    -54    -29    -25 
   -22    -31    -83   -198   -121    479    -28    -15     -8    -54    -74    -38    -48    -15     -4     53 
  -147    -90    679     -2    -29    124    141     17    -18    -26    -30    -30     -4    -67     -9    -14 
   -16     -8    -19    -14    -22    -41    -36    -29    -41    -44    -62    -70    -34    -21    -27    -20 
   -14     -4    -43    -34    -15    -15     -9    -12    -37    -39    -32    -74   -149   -125    -99   -158 
  -112    -90    -86    -78    -93    -93    -94    -17    -99   -143   -130   -104   -117   -138   -113    -95 
   -83   -104    -93   -130    -45   -100   -185   -171   -165   -168   -115   -133    -69    -67    -85    -83 
  -158    -92    -60   -127   -165   -170   -183   -199   -168   -162   -196   -174   -105   -149   -113    -56 
  -133   -130   -160   -204   -195   -135   -138   -107   -176   -119   -138   -121    -53    -47   -112   -125 
   -77     -7    324    -30    -61     -3     -5    -52    -69    -25   1062    -54    -85   1240   1581   1056 
   860    186   2229    794    -70    -18    123   1270    -37   -143   -104    102    -71    -86    -53   2493 
  1299    -78    -77   -110    -82    -26    -21    -73    -78    -96    -49    -23    451    -27    -19    -44 
   -90    -88   -101    -57    -38    -46    -91    -62    -32    -61    -49    -23    -79   -111   -105    -88 
   -93    -81    -78   -105    -86    -48    -73    -76    -71    -97   -124   -107   -113   -120    -68    -72 
   -66    -60    -18    -47    -51    -74    -81    -54    -82    -83    -94    -95   -102    -90    -85    -63 
   -68    -74    -51    -56    -84   -136   -143   -149   -146   -120   -123   -130    -92    -73   -112   -153 
   -73    -67    -91    -93   -123   -127   -107    -73    -52    -90    -68    -62   -112    -58    -16    -69 
   -94    -79    -26    -26    -31    -30    -23    -41    -70    -78    -55    -13    -77   -130   -110    -58 
   190    -66    -49    -77    -61    -96    -78    -37    537    -20    -78     -3    -23    509    119    140 
   -19     90    268    -25    272    178     -8    -26    471     60    -42    -54    -90    -99   -138   -125 
    -3    186    -21   -164   -101    -90    -50    -42   -110   -304   -281   -236   -371    -59    -27    813 
  1291    521    -47    443    892    -34    -50    -80   1370    970    -77    457    435    -20    -49    -47 
   -59    -90    -50    -87   -120    -96     62    -50    -10    -20   -165    -99    -81    -52    -52    -48 
   -38    -27   1346    494    -67    261    280    -69    -82    -79    -70    -71    -30    -60    -30    -27 
   -38    -35    458    709     -4    -28    -33    -57    -70    -82    -95    -70    -57    -47    -15    135 
   -24    -55    -51    -57    -73    -70    -54    -53    -84    -74    -66    -65    -38    -39    -24    -15 
   -35    -64    -56    -36    -90    -59     -9    161   -109    -18    -38    -24    -23     -2    -15    -32 
   -48    -15    -18    127    268     84    -19    -65    -47    -31    -40    -24    -13    -93    -38    -24 
   -56    -48    -50    -28    -77    -92    -86    -77    -53    -54   -116    191    -52    -51    -60    -53 
    -9    -68   -107   -122   -104    -94   -100    -76    -40    -19    -34    -38    -37    -39   -131    -97 
  -109   -117   -116   -130   -262   -126   -116    -96   -112    -44    -73   -184    -54    -96    -80   -194 
  -201   -228   -313   -335   -169   -122    -58   -113   -142   -180    -95    -16   -165   -198    -43    -44 
   -78   -178   -182   -110   -119   -108   -137    -47    161    -39    -77     -6    167    -55   1072   1132 
  -142    -60    -50    -87   -102    -65    -56    -76    -21    -20    -29    -19    529    -42    -58    -41 
   -23    -22    -29    -28    -56    105    -29    -17    -43    -13    135    -47    -46     -8     -3     -9 
   -36    -16    -20    -28    -37    -31    -16    -23    -64    -88    -59    -66    -59    -96   -103    -59 
   -69    -73    -41    -64   -110   -106    -76   -117   -168   -140   -180   -162   -137   -122   -124   -119 
   -74   -110    -10   -129   -211   -202   -155   -144   -151   -104    -79    -84   -110    -52    -86    -25 
  -150   -293   -208   -204   -163   -172   -183   -190   -103    -69    -46   -112    -52   -175   -249   -206 
  -214   -142   -234   -264   -249   -172   -118    -81    -77    -40   -103   -189   -146   -167   -180   -182 
  -160   -126   -174   -210   -183   -134    -56    -80    -52    -53    -63    -84   -148   -153   -127   -131 
   -71    -77    -66    -36    -19   -182    -84   -104   -190   -246   -109   -236   -226   -150   -192    -13 
     0    -49   -158    -67    -38    -96   -130    -35    156    -79   -197   -281    209    189    319     53 
   318     -8     -2     -8    301    -29   -132   -345   -331    -39   1000    174    -60    256     44     34 
   -22    524    132    336    -74    -46    257    699    899    511    335     98     65     64    336    259 
   556    509    901    674    909    682    773    914    719    509    555    520    740    507    935   1098 
   706    939    962    846    469    563    633    537    682    516    624    903    872    727    921    -99 
   -64   -121    -82   -100    -17    -46    -33    -58    -42    -55    489    502   -112    -97    -63   -134 
  -139    -12   -135    -47   -122    -32   -150   -129    -29   -135    -88   -105   -132   -121    -20   -146 
   -76    -64    -30   -135   -104    -18    -81    -37    -55   -202    -74    -96   -136   -227    -71    -59 
   -73    -90    -63    -48    -10    -57   -176   -119    -28    -84   -130    -33    -35    -73    -27    -47 
  -123    -35    -75   -132   -138    -59   -151    -43     -5    -48     -8    -75    -61   -120    -41    -42 
  -109   -128    -73    306    -87   3553    -48    541      0    -25   -115    360    412    -62   -180   -110 
   -35   -117    -46    -52   4940   1140     -5   -123   -194    -63    -62    -85   -148    -34   -110   -188 
  1001   4912   1653    452   -118   -234   -141    -49    -63    -34    -45    -70   -164    -33   1902    100 
   265   -118   -131    -51    -57    -35    -68    -56    -90    -60    -38    -48    -18    -20   -141    -99 
   -82    -86    -22    -51    -29    -27    -31    160     45     -5    294   -137   -117   -104    -74    -58 
   -88    -20    -22    -19    367     76     85    339    -47    -65    -56    -28    -64   -108    -65    -46 
   -86    -83   -101    -99    -72    -69    -59    -66    -53     -3    -39    -65    -79    -49    -27    -32 
   -50    -36    -89   -108    -89    -76    -73    -80    -86    -56    -52    -50    -16    -48    -51    -91 
   -96    -82    -81    -33   -174   -170   -160   -100    -93    -15    285    -25    -26    -28    -39    -12 
   -50    234    -91   -138   -124    -92    -43    -93    -85    328    -91    -18    -56    -59    -15    -14 
   -57    -63    -23    -20    -36   -117    362    -94   -102   -206   -249   -212    256   -122   -117    -73 
   -44    -44   -107    -92   -246   -132    -82   -139   -190    -97    -80   -146   -263   -322   -130   -189 
   -43     11     15    -72    -63    -66    -91    -55    -69    -53    -93    -58    -70    -57    112    678 
   -28     -3     -9    -47    -59   -120    -52    -58   -105   -115    -45    -86    -60    -40    -64    -35 
   -47   -101    -88    -43    -33    -91    -84    -78    -85    -56    -54    -65    -60    -22    -28    -44 
   -38    -57   -107    -58    -11    -93    -75    -73    -57    -67    -57    -59    -63    -84    -99    -79 
   -36    -90   -155   -151   -116   -149   -114   -136   -134    -57    -82    -84    -76    256   -146   -203 
  -194   -127   -133   -166   -172   -151    -99    -76    -66   -124    -71   -161   -123   -190   -239   -221 
  -225   -201   -124   -105   -112   -105   -152    -85   -120   -150   -210   -279   -164   -191   -156   -185 
  -199   -200   -112   -168    -99   -121   -199   -149   -221   -110   -222   -112   -107   -130   -191   -153 
  -128    -85   -106    -77    -94    -84    -79    -74   -110    -16    -32   -114   -138   -149    -59    -58 
   -64    -19     69    -54   -176    -18    -16    -63   -114   -205    -52    -27    -41   -212    -22    102 
   -16   -114    193     77    -46    -94   -209    -41    -53    -83   -110    -65    -50    -67    -57    -38 
   -62    -64   -199   -173   -139    -60   -105   -126    -73    -63    -76    -67    -68    -32    -45    142 
   -21   -100    -69    -62   -131   -107   -125    -86   -114    -81    -94    -62   -106    -98    -73    -29 
   -73    -90    -99   -102    -71    -92    -97   -100    -81    -98   -131   -123    -58     50    -46     -7 
   -49    -49    -30    -29    -30    -40    -77   -102   -100    144    -82    -54    -46    -57    -66    -47 
   -52   -108    -74    -93    -82    -90    -60    -69   -126    -97    -53    -59    -82    -74    -61   -103 
   -74    -68    -45    -66   -136   -112   -130   -141   -149   -144   -186   -163   -115    -89    -25    -26 
   -85   -172    -79    -87    -48    -56   -166   -235   -187   -177   -125    -65    -51   -110   -102   -125 
  -104    -85    -56   -132   -138   -140   -138   -151   -146   -108   -102   -109    -75    -51    -43    -60 
   -75   -162   -101    -27    -27    -63   -148    -98   -165    -44    -13    -66    -82   -145   -171   -238 
  -242   -153    -91   -123   -143    -99   -100    -18    -51   -108   -138    -88   -141   -200   -281   -348 
  -171   -104      0    315     75    -24     -9    -25    -73   -148   -169   -187   -283   -145    -76      9 
   657    716    -51    -14    -59    -69    -86    -49    192    -83    -32    -17     -3    -31     91     97 
   -14    -40    -40    -64    -23    -45    -60    -31     -2    -14    -20     -8    169    -18    -14     -4 
    -2    -20     -9    -17    -28    -24    -20    -36    -29    -13     -8     -9    -14    -44    -39    -14 
    -8     -9    -12    979    285    805    110    320   1011    522    -42   -115    120    110     -8    -32 
   770    365   1450    888    670    293    -60    -66   -149    -70    -47    -22    -47    637    578    440 
     7     -2    -24    -41    225    -77    -72   -134    -49   -104    279    465    762    -36   -152    -32 
   -31    -60    -12    -90    -15    914     -1    123   -114   1004    850   -106   -192    -22    133    158 
  -105   -132    -30    -25    -61    -66    -57   -147   -137    -28   -156    -43    -99    -48    -92   -128 
  -115   -157    -11   -171   -242   -110    -45    -87   -343   -281    -11   1161    -56   -123    -56   -178 
   -62    -43   -109   -165    -99    -51    -46   -261   -281    -32    -79     -9   -143   -112    -25     -7 
   -97    571    378    -35   2142    572    -59    -47    -21    -34   -143    -71     -8    -70    441    601 
   -10   2335    903    -31    -25    -19    -43    242    360    336    368    271    839    470    514    271 
   -29     97    -33    191    320    634    841    918    719    979    792    637    578     99    163     -2 
    83    191     -1    -33    -22    -26    -14    -13     -9    -28    -69    -18    423    -10    252    226 
    -6    -17    153    288    188    164    189    205    804    216    -45    169     -4    -21    -22    153 
   117    -39    248    427    120    432    228    -24    371    427    135    294     45    249    248    292 
    38     -5    433    452    -15    337     34    392     60    -19    -29    -13     -5    111     -5    458 
   613    -40    767    601    422    -55    403    293    328    211    364     27    589   1134    146    883 
   642    482    124    717    645    795    478    261    567    529   1278    -59    709    853   1261    332 
   324    -33    -24    -42    -84    496    823    769    -99    659    812    553    -59    618    320    -14 
  -116   -137    184    894    941     -7    552    692    605    708    754    545    -84   -326   -344    -44 
   802   1182    658    680    766    549    739   1036    763    -33   -190   -125    -19   1054   1220    961 
   580    547    614    644    617    795    678    650    697    451   1122    733    664    472    456    373 
   360    631    594    538    741    967    657   1016   1470   1063    707    718    533    808    676    320 
   542    673   1077    983   1256    -65   -128   -125   -152   -149   -123    -62    -82    274    -63   -133 
  -174    -89   -124   -153   -125   -166   -141   -131   -168   -146   -126    -95    -75   -135    -44   -100 
  -191   -211   -195   -255   -182   -156    -91   -117   -121    -25   -185    -88    -91    -89   -170   -134 
  -200   -213   -174    -67   -214   -223   -127   -161    133   -119     -8   -104    -85   -118    -49   -154 
  -191   -160   -131    -98    -64    -35   -149   -118   -142   -159   -144   -146   -156    -49    -58    -60 
   -50   -137   -138   -211   -128   -164   -221   -374   -461   -252    -22     72   -267   -208   -138   -200 
  -209   -694   -253    -74   -326   -450   -148    -58   -133   -405   -395    -87   -168    -91   -309   -157 
  -141   -155   -234   -130    -85     16    257    -68   -121    -76    -50    -62   -133    -58   -106    -81 
   -79    -95   -185   -233   -166    -97    -43    -31    123    -21      0    -20    -55   -107    -87   -132 
   -73    -86    -75     -9   -158   -158   -142   -115    -80    -65    -69    -51    -72    -37    -63   -115 
   -71   -110   -156   -164   -141   -134   -135   -154   -138   -123   -128   -113   -127    -29    -98    -60 
  -115    -95   -105   -123   -126   -152   -152   -135   -189   -182   -199   -110   -112   -171   -147   -141 
  -147   -139   -199   -161   -178   -217   -206   -201   -143   -138   -145    -94    -84    -62    -36   -136 
  -181   -171   -169   -123   -144   -112    -73    -94    -60    -49    -96   -107   -147   -164   -101   -115 
  -131   -157   -115   -129    -69    -68    -68    -90   -123   -189   -188   -139   -167   -187   -170    -50 
  -120   -113   -124   -109    -84    886    -60    -82    -86   -123   -152   -157    -21   -204   -169   -170 
  -167   -103    670   1745   2611   -185   -214    -94    -82   -188   -200   -212   -204   -199   -156   -201 
  -156   -124   -126   -218   -161   -162   -181   -104    -96   -182   -175   -190   -226   -185    -91   2568 
  1695    -39   -187   -149   -120    -58   -152   -162   -145   -223   -236   -277    -65   -180   -198   -223 
  -178   -213   -190   -164   -195   -192   -247   -285   -258   -227   -231   -235   -238   -176   -229   -204 
  -206   -240   -244   -215   -236   -228   -217   -262   -210   -213   -195   -237   -178   -181   -174   -178 
  -167   -148   -166   -176   -201   -164   -193    697    324    687    473    665    920    833    846    596 
   394    292    925    414    494    312    633    517    541    458    470    606    277    180    451    577 
   626    659    636    562    417    415    -10    -22    469    675    584    761    735    299    413    583 
   472    447     95    454    275    452    860    561    534    766    428    215    -44    531    406     13 
   -47    423    662    848    115    159    823    540     -8    163    185    218    320     84     15    809 
   883    724    520    135    555    -36    383    312    327    405    274    -79   -118    -89    451    652 
   214     -1    264    981    754    576    539    799    321     35    -10      6    488    320    277    844 
   825    745    608    782   1000    424     -8    -97   -102   -138    -59    -23    589    770    538    452 
   544    567    166    259    127    121    -13     47     61    355    133    410    397    527    485    376 
   544    357    109    153    152    401    313     95    289    402    698    690    650    729    658    510 
   387    146    386    634    433    626    558    605    686    696    660    670    518    548    502    500 
