   478    340   -452    276   -584    130    232     -5    577   -348   -264    -90    -42    184     26    255 
   -65    155    -98     38    -37    187   -264    125   -135   -396    298    723  -1066    549   -268   -276 
  1249   -576    771   -583    -69    -44    -71    423   -235    555    748   -310   -329    165   -447     65 
  -109      4    -84    311    143    986   -793    830   -165    211   1439   -857    603    131   -163    604 
  -371    597     34     22    735   -372   -384     28   -150   -153     88   -148     11    474   -198    669 
  -154   1002   -273     95    957   -299   -147    141   -251    337   -388    128   -224   -165     82   -223 
  -308    303   -621    -65    -26   -120     21    393   -291    277   -342    759   -267   -204   1171   -904 
   408   -127   -356    146    113   -300   -274   -155   -188     32   -308    313   -709    -72   -120     85 
  -121    159   -191   -395   -120    711   -466      9   1212   -951     94   -119     93   -195    243   -220 
  -211     82   -402    594   -653    124    -10    -73   -548    996   -711    110   -165   -606    471   -342 
  -424    -21     98    392    169    -12   -132    176    308    -50   -240    105   -313    694   -180     -4 
   119    -25   -658    446   -557    180     -6   -267    438   -299   -519    258     58    441    397   -397 
   191   -229    214    -60   -250     37    -85    447    464   -527    -85   -170    -82    -19     90     91 
   130   -224    -92    314   -146     22    107    451    120   -185    245   -547   -320   -501   -200   -304 
  -191    295    509   -762    122   -380    -73    -41    279      0   -210    109   -589    174    -29   -202 
    59   -162   -131     96    191   -526     94   -460     63   -653   -100   -346    510   -147    317   -462 
   156     15     71     53   -426   -122    -46    -46     20    433   -271     81   -451    400    602    -17 
    24    -20    205   -512    184   -514    456    485   -624    -86    226     80    316      7   -162   -177 
   467   -596    489   -213    234    -27   -592    248    126    354    558   -560    307   -404    -87   -125 
  -115   -358     59    418   -351    -96    479    -18    -10    101   -313   -140    348  -1014    804   -222 
  -455     -6   -605   -162    702   -866   -260   -140    426   -279   -338   -551    -41    669   -191   -682 
   271    239    115    589   -206   -210     84   -201    444    -23    357    -31   -656    -41   -143  -1058 
  -630   -565    283   -238   -394   -507    163    559   -468   -195    170    390   -158    502   -417    -49 
  -271   -225    -40    331    357    305   -867     79   -302   -907    -86   -646    222    170   -457   -375 
  -396    435   -246     52    207    437    280    217   -406    -93    -93   -486    -21    271    360    669 
  -521    281   -572   -464   -338   -169    574    532   -465     75   -193     84     34     57    146    417 
   371   -300   -270    127   -132   -137     70    212    369    514   -127     50   -478   -143   -125    -23 
   370     46    -26    532    360    374    129    -81    229    345    218    231   -434    145    226   -450 
   -42     16      1    121     75   -274   -225    321     14    -15    351   -165   -136    642    204    334 
   207   -280     84    393     52    153    -33   -103    152     97    -31      6   -190     82     62   -217 
    15    220   -252     28    166   -344   -248    652   -120    150   -140    -49      2    352    205   -487 
   -19     40   -107    -87    -82    140    -19      7     21     36     -5    -24   -105    109    110   -301 
  -436    244    102    -23   -141   -422    365    342    458   -767    -35   -235   -140   -191    -95     24 
    54    -16    -52    -25     22    135   -193     81    -58     -9   -274   -282      1   -199   -158    -89 
   184    454    159   -584     71   -217   -157    -18   -152    437    -28   -147     54   -126     50     23 
    37    231    212    209    208   -517    -59   -116   -248     -9    105    453   -438   -172     39    -79 
   -71    120    -12    266    165   -124     38    139     50    -22    -54     20     28    207    139   -175 
    -6      2   -122    214    101    416   -407    -78   -129    232    -46    262    282    196     54    146 
   -62     68    -40   -107     13    -23     97    133     19      3    120     -9    -76    -26    182    374 
  -306   -301   -125    123     91    188    341    454     22    506   -396    -32    -66    102    185    260 
   200    206     -8    508    181   -201   -110     27    227     68    352    -29   -167    -74      2     32 
   -34     24    -54    -20    -99    -51   -166      9     68     35    -17    -77   -112    125    -53   -187 
    48     99   -221   -397    622    377    204    467    131   -290   -266    212   -138   -186    -92   -121 
    82     52     41   -159   -171    131   -273    271    287      9   -134   -194   -168   -124     63   -105 
  -335   -810   -389    -91    515    150    -14     90   -144   -405   -222   -198   -187   -215    383    368 
   -31   -736   -653   -598   -665   -694   -714   -437   -492   -559   -639   -210    -99    -14   -135   -138 
  -579   -617   -353    321     -2    -77   -236   -475  -1078  -1207   -622   -207   -435   -514   -572   -565 
  -341   -346     10    479    286    158     44     98   -403   -353    104     27    229    267    589    670 
   565    516    523    470    387    140    229     34     63    101    -91   -219    296    -71    286    356 
   338    214    558    883    259    397    316    455    351    204    101   -186   -514   -600   -190   -122 
   153    492    288    384    604    371     46    100   -286   -530   -453    -18   -290   -246    237   -453 
  -209   -486   -478   -250   -139   -210    -34    134    186    -12    -19   1130    663    516    394   -130 
   237    250   1038   1304    489    142    -74     50    435    448    523    269    387   -108   -111   -300 
  -284   -488    -59   -121    -61   -329    -53   -545  -1179   -604      6      8   -536   -956   -620    105 
   308    929   1106    563    153    805    -29    165    -29    347     62    137   1272    907     63   -722 
   -99    -85    116     80    354    593    209    163    557    156    -56   -427   -852   -257     42   -159 
   218     14     86     71   -371   -402   -814   -304    835    846    439     88    108    -80    202    330 
   469     66   -164    189    407    158    -83    613    761    761    778    723   1233   1018    986    679 
    79   1030    703    356    665    597    395    167    240    377   1114    711    529    726    469    758 
   318    757    593    577   1134   1439   1218    484    719    996    964    494    612    764    379    478 
   377    129    823    573    -49    373   1268   1003   1153   1991   1728    270   -339   -356    372    155 
  -384    113    237    140     96   -451   -116     36    544    577    394    -70    288    681   -281   -557 
   -33   -208   -380   -225    -53   -557   -531   -550    -25   -537   -441   -390   -325    -51   -327   -112 
    -4    294    358    418    370   -349  -2218  -1440   -739   -864  -1390   -703   -961  -1219   -944   -218 
   -12     29   -308   -623   -235    115    304   -357    -96   -288   -266    -98   -420   -158    359    445 
  -255    190    491    193   -142   -499   -730   -924   -460    242    235    328   -307   -718   -999   -679 
  -426    -98    118    311    301    -94   -378   -637   -452   -392    483    197    106    561    -46   -111 
  -137   -216   -171    -85   -238   -168    -23   -329   -529   -764   -811   -348   -355    196    482    499 
   612    237     -1   -472   -253     61    296     51    397    189     28    -44   -266   -261   -439   -617 
  -751   -514   -295   -159    316    453    -91     47    328    314    601      4   -120   -121   -184    296 
   662    387    765    723    284   -150   -194   -813   -921   -442   -393     80   -282    -11     27     91 
    30   -543   -361   -212   -289   -139   -402   -281     11   -278   -612   -451   -483   -504   -207    -96 
   -59   -221   -373   -613   -539   -360     16    149    -55   -579   -359   -821   -443   -316   -796   -457 
  -515   -397    -83   -558  -1004   -974   -899   -901  -1091   -916   -812   -750   -807   -776   -516   -371 
  -159    -99   -472   -510   -423   -655   -989   -525   -485   -521   -544   -504     41   -180   -391   -339 
  -492   -421   -252   -264   -143   -387   -365   -437   -579   -468   -395   -454   -665   -637   -534   -640 
  -886   -904  -1016   -766   -446   -391   -580   -710   -111   -156   -104    -68   -160   -221    -67     76 
   103      4    -21    -85   -190   -234   -402   -406    127    174   -165     45    -98   -198   -323   -307 
  -338   -150   -141    -68   -112   -235   -119   -110   -443   -288    -77    115    193    239    273    203 
   -34   -258   -678   -679   -307   -537   -388   -282    -60   -261    -67    153    192    261    241    370 
   540    602    408    312    254    107   -130   -287   -366   -344   -203   -189   -188    -71     21     79 
    92     54   -104   -287    -70    -93   -122    147    179     80   -126   -160    106    506    737    706 
   390    159    340    375    461    446    468    355    395    557    366    425    300    -64   -377    393 
   649    731    691    729    801    674    577    330    222    302    514    613    547    499    420    416 
   493    425    218    206    367    287    171   -169     82    253    313    136    214    340    416    163 
   303    326    315    212    260    351    364    311    242    266    302    149    171    311    282    417 
   431     97    -17    -30    -84    -37    -32     11     38    -33     10     61    137   -103    -11     23 
    65     15    130     74    124    -50    105    169    140    187    178   -256   -142   -122   -198    -78 
   -69     21    -80    -38    -34    200    218   -106   -127    -35    -51    -88    159    103    103    -62 
    36     87     38     27     33   -398   -224    -21    -56    -38    -25     73     -7     -5    -81     47 
    69   -108     36    272    106   -113     94    300    167     42    -26     60     41     31     37   -341 
  -275    -34    -47     35      6    -58    -66    -59    -72   -124    -44   -111    174    415     91    -54 
   128    306    197    117     -6    137     93     10     96   -215   -239    -78   -107     16     52     -4 
   -41    -74    -29    -74    -82   -105    198    357     65     75    171     67     85    125    167     66 
    78     32    156   -172   -248    -34    206    274     45    118    202    -17    159     26    111    -53 
   233    269     70    133     71     29     25    116    115     14    135    175    122   -282   -184    -33 
   126    277     13    107    189    -11     13     14    231    302    254     95     81     -5     75     46 
   150    129      2     49     81    152    131   -286   -143     69    -12    151      6     61    128     39 
    38    -38    371    303     96    -40    131     -6     98     45    199     80    -55    -25    -56    -66 
    26   -283   -266    -44     87    110     79     60     67    141     41     28    121     41    -45    -32 
   -15    -97     63   -110     89    151    -47    -40   -139   -179   -160   -351   -341    -39      8    201 
   -63    -97    -79     15    -22    -99    -52      2    182    277    245     70    149     55      0     62 
   103    -56   -138   -182   -164   -322   -283    -90    -47    -85   -152   -296   -297   -193   -262    -43 
   -86    -24    252    207    198    363    373    189    -30     39     44    -82     -8    -92     20   -310 
  -150    -90     65   -116   -187   -260   -346   -219   -242     -3   -179     38     84    184    203    275 
   342    254    -95   -122    -26    -40    -38     -9    262   -331   -182   -129     -2    -64    -17     36 
    24     85   -148     11   -272    -16    -94      1    129    195    233    107   -114    -20    -19   -129 
  -160    150    266   -393   -230   -159    -48    -57    -79    -52    -11     82   -111    -28   -236      1 
   -42     25    189    271    485    161   -117     91    -22   -160    -76    237    224   -459    -26    -65 
   -82     15    -32    -12     -4     73    -58     -4    -70    237     91     35     90     72    168   -116 
   -52    -38     14   -114      7    242    255   -421    -39    111     63    259    112    113    190    192 
   113    156    202    340    156    129    107     73     60   -137     -6    -76    107    103    114    236 
   280   -356   -162    163    149    464    305    220    258    227    226    207    269    207    156    142 
   125     48    144     78     57      6     23    253     78    177    217   -314   -169    218    327    438 
   439    350    493    430    373    369    323    271    252    201    154     70    229    155     79     89 
     5    423    149    132    158   -282   -139    159    183    144    215    190    215    215    180    157 
   168    158    101    182    227     91    280    305    278    320    190    432    337    289    232   -286 
    14    174    150     -5     46     40     51     76    107     57     50     77     41    116    145    171 
   184    206    248    253    156    252    177    206    175   -357   -154     78     81    -16     84     71 
    82    150    203    177     49     81     50     92    125    251    219    290    298    236    221    147 
   158    232    136   -359   -342     75     73     16     59     68     72    113    164    163    122     94 
   124    193    160    178    162    190    146    147     79    138    173    255    148   -377   -358    162 
   236    193    265    361    378    403    419    368    241    191    206    221    209    163    200    189 
   165    149    162    183    173    223    149   -328   -296    164    186    137    195    201    310    359 
   434    354    265    290    293    256    289    327    456    401    401    382    308    235    320    444 
   260   -228     58    433    564    580    568    538    580    630    585    477    617    707    679    640 
   684    709    710    619    580    644    612    493    484    603    514    131     15   -186   -246   -205 
  -195   -275   -303   -215   -294   -327   -301   -224   -190   -187   -215   -279   -305   -291   -307   -163 
  -163   -212   -250   -307   -314   -172    134    182    128     80     70     40     32     87     91     75 
   -27     96    150    185    139     93     85     51     78     33     -7    -44      2     39     16    196 
   198    176    171     47     37    -26    -15     32    104      0    -75     87     97     54     53     40 
   -99    -21    -14    111     20    -15    -26     -1     68    341    254     29     51    -17    -73   -130 
   -73    -59     -8    -98   -107     21    -31   -103    -32     51     16    -23    -72      6     57     34 
    14     40     58    318    209     11     92     57     93     31     61     87    176    245    201     73 
   -85   -122    -41     28    -90   -162   -136    -29     74     35     15     -1    -17    156    233      3 
    55    -43    -26     29     18     60     89     81     94     57    -71   -130     33     30     50     16 
    39      3    -58   -138   -143    -20    -27     86    278    127   -128   -176   -155   -188   -212   -173 
  -122    -57   -102    -36    -35    -89     26    121    145     31    -53    -34      1    -45    -45    -77 
     0    255    199     74    -44   -173   -102   -209   -188      1     30     13   -130   -109    -94    -35 
    86     66    112     12   -114   -127     31     18    -24    -18    -72    217     90    -59     98     89 
     6      2     -2     -3    132     65     11    -12      1     25      8     -9    -15     -1    -62     17 
    89    -13     10     36     28    216    213    -26    -50   -146   -140   -155   -218   -118    -16     15 
    10     82     43     33    -31     23     38    101     23    -88    101    168    220    244    198    283 
   268     63    -43    -64     76     74     36    -52     56    -44    -49    -98   -290   -353   -245    -88 
  -115    -62     23    -94    -43     48     71    214    196    238    257     27     -2     31     42     23 
    90     23     46     51    133    109     38     13    -90   -136   -257   -164    -40     60     48     -4 
    47    106     37    219     13     86    152    163    121    118    190    198    268    183    243    139 
   189    123    -50    -48   -104    -97     87    153    105    126     82     93      1    296     42     25 
   148     62    -39    -83    -72    -96     52    161    278    128    127    186    120     63     23     80 
   125     89     11    119     73     74     22    266    250    229    206    159    107     28     33    -32 
    43    209    283    228    210     31     54    -32   -159    -60     43     10     -3    173     87    -41 
    22    321     91    148    148     71    103     10     -2    -23    120    296    318    192    231     95 
   -24    -52    -46     42     -8     47     36    109    -13    -43    -16    326     99    125    113      4 
   103    -46   -103   -142   -112   -146   -153   -189   -119    -11    -17     23     41    115     14     33 
    -4    -44    -25     21     23    328    197     79    -24   -100    -93   -128   -163   -118    -86    -84 
  -126   -143    -60    -25    -31     49     19    -39    -17     68     39    -52     38     61     54    291 
    86   -191   -362   -346   -298   -266   -258   -214   -201   -205   -201   -197   -173   -167    -85    126 
    73    -62    -62    -89    -72   -104    -11     75     36    227    137    -86   -123   -181   -206   -230 
  -234   -188   -162   -145   -141   -117   -122   -126   -104     47     57     -7    -72   -207   -187   -164 
  -121    -68     -3    289    -16   -107    -73    -71    -54    -56    -56    -43    -56    -36    -38    -51 
   -40    -53   -114    -88    -91    -73   -133   -194   -173   -175   -122    -69     19    322    167     24 
   -32     -9    -16    -31    -55    -83   -122    -68    -43    -29    -32    -59    -97   -129   -181   -189 
  -199   -189   -153   -127   -120   -100     17    305    271      5    -69    -79    -90    -93    -92   -118 
  -149   -122   -114    -99   -107   -121   -147   -133   -126   -109   -102   -119   -119   -110   -115    -86 
   -33    288    268    -37   -122   -148   -155   -213   -266   -281   -238   -199   -123    -81   -117   -174 
  -153   -135   -156   -145   -144   -156   -175   -126   -124    -75    -21    226    243     45    -53    -99 
   -95   -100   -120   -162   -206   -240   -287   -260   -218   -176   -201   -247   -251   -232   -243   -264 
  -261   -233   -234   -182    -73    131   -155   -413   -498   -492   -474   -482   -508   -480   -454   -392 
  -395   -448   -489   -489   -472   -485   -462   -463   -460   -448   -415   -378   -409   -379   -348   -187 
 -5150  -5134  -5814  -4911  -5538  -6059  -6030  -5241  -4825  -5000  -5795  -5709  -5521  -5405  -5296  -5199 
 -4679  -4228  -4997  -4798  -4384  -4254  -3996  -4396  -4859  -5602  -4431  -5288  -6323  -6293  -6249  -6800 
 -5437  -4571  -5563  -5991  -6668  -7563  -6581  -6086  -6011  -6212  -4440  -3409  -5777  -5295  -5075  -5863 
 -5983  -6432  -6533  -5770  -5417  -6395  -6777  -6490  -6352  -7088  -5302  -5079  -6824  -6620  -7642  -8057 
 -7661  -7157  -7088  -7352  -5394  -4691  -6932  -6798  -6831  -7452  -7679  -7502  -7097  -5417  -6612  -7699 
 -8121  -7431  -7010  -7505  -6550  -5857  -6601  -6734  -6640  -6841  -7121  -7219  -7276  -7627  -6096  -5264 
 -6484  -6768  -7113  -8104  -8174  -7864  -7063  -5253  -6527  -7256  -7939  -7748  -7793  -7835  -6841  -6255 
 -6479  -5563  -6373  -6140  -5448  -5963  -6916  -7630  -6625  -5742  -6457  -6746  -6753  -7620  -8272  -7603 
 -6782  -5265  -6001  -6592  -7274  -7241  -7549  -7937  -6467  -5932  -6007  -6109  -6142  -6859  -7141  -7348 
 -7638  -8313  -8166  -7090  -6948  -7347  -7053  -5439  -7151  -5744  -4355  -4644  -5903  -6939  -6019  -5219 
 -6519  -7640  -7709  -6958  -5979  -6678  -7102  -8274  -8376  -7856  -8462  -8696  -8768  -7967  -7314  -8158 
 -7629  -5417  -7026  -7051  -6516  -5882  -5173  -6274  -5863  -5608  -7308  -7724  -7428  -7026  -4367  -6635 
 -7046  -7787  -8940  -8342  -9319  -9002  -8545  -9308  -7479  -8275  -9209  -8465  -8542  -8102  -7527  -6020 
 -4449  -5542  -6155  -5495  -6334  -6587  -6048  -5761  -4496  -6383  -6486  -6767  -8789  -8193  -9226  -9431 
 -9819  -9497  -6697  -7091  -9061  -8132  -9067  -8676  -8066  -6276  -4202  -4691  -5997  -5988  -6421  -6473 
 -5919  -7212  -5400  -5904  -5247  -6574  -6935  -7113  -7483  -8059  -8931  -8990  -8027  -6803  -7202  -6127 
 -7456  -7815  -7532  -5591  -3745  -5146  -4841  -5700  -6758  -6275  -5685  -6956  -6740  -5241  -3872  -3801 
 -4525  -3903  -4208  -5872  -5876  -6221  -5152  -3464  -5341  -4944  -6031  -6660  -6390  -3827  -2013  -3738 
 -2715  -3385  -3362  -4089  -3898  -3802  -3202  -2741  -2598  -2843  -1989  -1717  -2558  -3911  -3921  -3091 
 -2104  -3704  -5616  -3049  -4412  -5276  -4972  -2325   1274  -1305  -3024  -3200   -316  -2030   -516     11 
    87  -2390  -3176  -3626  -2296  -2382  -4827  -5465  -4618  -2855  -3685  -4978  -6547  -3773  -2812  -3522 
 -4783  -2915  -2457  -2877  -4810  -5485  -3942  -5467  -5265  -4644  -3037  -4434  -4717  -4436  -3024  -4883 
 -7259  -5954  -5472  -4250  -4769  -5683  -6790  -4832  -4172  -4262  -4507  -2363  -4277  -6014  -6429  -6796 
 -5431  -6715  -7050  -6830  -5518  -5155  -4912  -4954  -4747  -7104  -8397  -7479  -6356  -4941  -4732  -7035 
 -7920  -7182  -6866  -6354  -5250  -2484  -4073  -5920  -6278  -6529  -6162  -7729  -8273  -8783  -7819  -6388 
 -5207  -5831  -6136  -8211  -8878  -8222  -7598  -5566  -4652  -5935  -7203  -7616  -7367  -7557  -6747  -4682 
 -3884  -5933  -6797  -6350  -7407  -7492  -7820  -8130  -8002  -6205  -5286  -6139  -6660  -8305  -8096  -8234 
 -7914  -6315  -4263  -3649  -4947  -6030  -6135  -7889  -7497  -5733  -5075  -6744  -6282  -6814  -5989  -6255 
 -7059  -7646  -8016  -8039  -7647  -7354  -8734  -8394  -8036  -8729  -8356  -5802  -4680  -2734  -3264  -4631 
 -5617  -8062  -7924  -5960  -4532  -5117  -4860  -4807  -5547  -4298  -4822  -6457  -7004  -7076  -6865  -6975 
 -7695  -7064  -7852  -8821  -8975  -7621  -6778  -4347  -4070  -5353  -6290  -8231  -7986  -5915  -4535  -5873 
 -7830  -7233  -7079  -6748  -7041  -7869  -7851  -7808  -7916  -7866  -7861  -8171  -8431  -8599  -8698  -8498 
 -7594  -6286  -6149  -6618  -7105  -8011  -8186  -6049  -4278  -4783  -7278  -6828  -7180  -6929  -7271  -7763 
 -7436  -7543  -7846  -7852  -7882  -7824  -7778  -8203  -8161  -8315  -8245  -7747  -7842  -7881  -7879  -8318 
 -8152  -6268  -5768  -6837  -7865  -7353  -7767  -7508  -7790  -7850  -7099  -8090  -8077  -7993  -7939  -8140 
 -8535  -8700  -8040  -7506  -7124  -7384  -8423  -7977  -8207  -8517  -8450  -6676  -5537  -6804  -7509  -8004 
 -8319  -8114  -8453  -8477  -7989  -8469  -8602  -8407  -8060  -8115  -8399  -8635  -8491  -8403  -8161  -8366 
 -8503  -8375  -8317  -8367  -8253  -6641  -5807  -7460  -8320  -8893  -9146  -9167  -8995  -8953  -9104  -9301 
 -9068  -8494  -8199  -7914  -8064  -8087  -8059  -8064  -8210  -8862  -8649  -9100  -8558  -8530  -8198  -6675 
 -5441  -7433  -8251  -8514  -8828  -8682  -8664  -8478  -8516  -8359  -7644  -8071  -8302  -8436  -8030  -7734 
 -7558  -7383  -7661  -8082  -7481  -8107  -8281  -7937  -7846  -6500  -5724  -5675  -6116  -6435  -6406  -5882 
 -5858  -6145  -6424  -6319  -6446  -6338  -6384  -6307  -5894  -5676  -5757  -6009  -5994  -6458  -6338  -6751 
 -6531  -6117  -6032  -6138   -868   -863  -1233  -1463  -1286   -937   -663   -768   -665   -716   -983  -1225 
 -1248  -1477  -1623  -1878  -2092  -1867  -2070  -1966  -2445  -2828  -2854  -2233  -1662  -1210   -987  -1283 
 -1725  -1931  -2100  -1270   -896   -902   -506   -302   -365  -1220  -1667  -2352  -2545  -2609  -2951  -2710 
 -1756  -1776  -2162  -2483  -2609  -2033  -1419  -1443  -1216  -1839  -1756  -1481  -1633  -1214  -1193   -698 
  -601   -103    -47  -1150  -1439  -2019  -2394  -2515  -2142  -1737  -1510  -1727  -2072  -2400  -2194  -1554 
 -1391  -1913  -1706  -1855  -1977  -1966  -2077  -1467  -1579  -1517  -1898  -1043  -1003  -1327  -1340  -1387 
 -1837  -2266  -1896  -1282   -871  -1348  -1672  -1476   -979   -540   -886  -1520  -1695  -1615  -1701  -1651 
 -2049  -1895  -2232  -2643  -2747  -2426  -2434  -1733  -1474  -1385  -1720  -1687  -1183   -748   -762  -1237 
 -1501  -1064   -807   -497  -1136  -1189  -1821  -1895  -1836  -1457  -1388  -1920  -2759  -2953  -2858  -2433 
 -2307  -1700  -1365  -1198  -1462  -1555  -1825  -1669  -1499  -1129   -888   -711   -404   -318  -1250  -1280 
 -1448  -1652   -825   -654  -1039  -1451  -1729  -1983  -2402  -2424  -1732  -1374   -862   -489  -1111  -1275 
 -1600  -1565  -1399  -1160   -890   -983   -572   -790  -1234  -1615  -1118  -1515   -697   -257   -493  -1151 
 -1179  -2000  -2833  -2797  -1555  -1517   -956   -894  -1318  -1804  -1879  -1715  -1651  -1441  -1548  -1398 
 -1705  -1377  -1374  -1866  -1011  -1283  -1746  -1352  -1565  -1723  -1968  -3010  -3100  -4057  -2664  -2529 
 -2312  -1835  -1680  -2380  -2018  -2038  -1741  -1646  -2175  -1853  -2042  -1858  -1771  -1890  -1832  -2474 
 -2180  -1400  -1753  -1956  -2392  -3403  -3262  -4560  -4128  -4327  -3904  -3385  -3642  -4086  -3680  -3749 
 -2835  -2816  -3245  -2807  -3282  -3369  -2886  -2557  -2785  -3280  -3517  -2758  -2872  -3787  -3977  -4466 
 -4579  -5718  -5913  -5191  -3871  -3959  -3873  -4185  -3893  -3690  -3898  -4250  -3897  -3554  -3972  -4172 
 -3684  -3390  -3710  -4312  -5020  -4948  -4322  -5156  -5921  -6398  -6142  -5693  -5715  -5550  -5987  -6076 
 -6520  -6901  -5812  -4818  -5000  -4663  -4956  -4182  -4198  -4240  -3484  -3325  -6269  -5464  -4740  -4953 
 -5831  -6457  -8006  -8302  -7744  -6343  -5458  -4611  -6417  -7506  -8861  -9142  -8173  -7131  -5746  -5707 
 -6099  -5682  -4936  -4058  -3520  -3520  -4747  -5278  -4715  -5287  -5843  -5379  -6015  -6173  -6174  -6892 
 -6869  -5865  -6468  -8035  -8682  -9243  -8765  -6888  -5544  -6335  -6647  -5814  -5047  -4246  -3594  -3893 
 -3907  -5507  -6563  -7896  -6574  -6418  -5873  -5410  -6012  -6204  -6122  -4948  -6064  -6352  -7027  -7010 
 -6558  -5417  -6147  -7025  -7466  -5441  -4379  -3640  -3755  -4279  -3101  -4744  -5595  -5962  -5470  -5846 
 -6080  -5977  -6181  -6311  -6701  -4895  -5726  -5109  -5105  -5103  -4944  -4730  -4019  -6424  -6327  -4775 
 -4623  -3710  -3621  -3866  -2453  -3668  -4132  -3936  -4238  -4798  -5156  -5422  -5327  -4856  -5283  -4191 
 -4195  -4198  -4187  -4795  -5256  -4997  -5090  -6684  -5436  -4004  -4682  -4169  -3682  -3507  -2920  -3755 
 -3948  -3763  -3188  -3859  -4564  -5105  -4527  -4239  -4565  -4395  -4488  -4280  -3624  -5106  -5805  -7017 
 -7589  -7822  -6852  -5800  -6082  -5174  -4069  -3411  -2608  -2793  -2729  -2977  -2777  -3232  -3410  -3682 
 -3515  -3522  -4001  -4083  -3977  -3579  -3669  -4725  -5394  -6851  -7068  -6416  -6133  -4956  -5704  -5100 
 -4086  -3235  -2800  -3150  -3563  -3686  -3672  -3813  -3889  -3923  -3761  -3792  -3977  -4178  -4245  -3910 
 -4025  -4583  -4687  -5928  -5559  -5217  -5066  -4061  -4727  -4401  -3874  -3284  -2256  -2832  -3317  -3720 
 -3653  -3715  -3703  -3698  -3836  -3931  -4110  -4135  -4182  -4169  -4203  -4810  -4943  -5757  -5318  -5014 
 -5043  -4906  -5061  -4622  -3779  -3348  -2711  -3640  -4058  -4395  -4259  -4136  -3921  -3547  -3409  -3642 
 -4176  -4231  -4300  -4288  -4152  -4018  -3933  -4029  -3865  -4301  -4776  -5050  -4849  -4255  -3767  -3374 
 -2782  -3386  -3734  -4022  -3954  -3675  -3675  -3593  -3258  -3399  -3655  -3744  -3586  -3603  -3890  -3831 
 -3866  -3675  -3586  -3834  -4424  -4478  -4168  -3507  -3105  -3098  -2910  -3233  -3493  -3888  -3538  -3193 
 -3255  -3289  -3234  -3445  -3583  -3519  -3276  -3065  -3413  -3312  -3172  -2826  -2781  -3135  -3615  -3915 
 -3675  -3153  -3098  -2880  -2881  -3010  -3098  -3526  -3087  -3005  -3227  -3154  -2951  -3152  -2965  -2818 
 -2808  -2815  -2725  -2528  -2360  -2168  -2056  -2374  -2938  -3361  -3200  -2700  -2869  -2551  -1728  -1819 
 -1791  -1987  -1778  -1655  -1847  -1798  -1935  -2121  -1858  -1799  -1857  -1940  -1689  -1499  -1499  -1340 
 -1321  -1555  -1565  -1688  -1843  -1885  -2106  -1767  -3129  -2834  -2544  -2856  -2586  -2704  -2922  -3290 
 -2924  -2837  -2687  -2591  -2845  -2566  -2275  -2099  -2125  -2861  -2837  -2983  -3225  -3419  -3094  -2823 
 -2887  -2633  -4223  -3681  -3246  -3581  -3633  -2900  -3361  -4051  -3639  -3625  -3559  -3059  -3055  -2665 
 -2633  -2393  -2373  -3625  -2857  -3416  -3528  -3312  -2671  -2379  -2422  -2542  -3702  -3889  -3483  -3522 
 -3203  -2861  -3869  -3647  -3705  -3703  -3272  -2602  -2373  -1821  -1840  -1786  -1612  -1994  -2303  -2205 
 -2145  -2242  -1802  -1696  -1630  -2050  -2938  -3352  -3108  -3673  -3211  -3023  -3349  -3325  -3533  -3741 
 -3570  -2795  -2109  -1861  -2030  -1969  -1743  -2441  -2556  -2608  -2224  -1949  -1422  -1434  -1855  -1923 
 -2642  -3142  -3033  -3235  -2739  -2708  -3171  -3484  -3485  -3475  -3229  -3177  -3153  -3316  -3109  -1917 
 -1925  -2674  -3029  -3002  -2545  -2329  -1899  -2217  -2685  -2441  -2725  -3274  -2991  -2989  -2321  -2206 
 -3370  -3201  -2389  -1873  -1878  -2507  -2515  -2701  -2574  -2056  -1980  -2522  -2670  -2409  -2154  -2472 
 -1870  -2353  -3530  -3372  -2388  -2826  -2576  -2680  -2044  -1882  -1719  -1567  -1783  -1546  -1344  -1851 
 -2073  -2287  -2617  -2045  -1597  -1853  -1912  -2218  -1960  -2807  -1892  -2659  -3205  -3045  -2441  -2733 
 -2614  -2835  -1778  -1765  -2068  -1776  -2826  -2204  -2003  -2215  -3294  -3264  -2922  -1738  -1687  -1309 
 -1464  -1775  -1351  -1873  -1722  -2690  -3244  -3009  -2366  -2733  -3213  -3209  -2866  -2359  -2688  -2615 
 -2925  -3299  -3110  -3910  -3855  -3586  -2722  -2329  -2019  -1947  -2594  -2451  -1845  -2548  -2783  -3527 
 -3936  -3286  -2783  -3167  -2686  -2320  -2496  -1906  -2446  -2268  -1456  -2522  -2598  -2790  -2927  -2975 
 -3077  -2862  -2392  -2238  -1893  -2022  -2108  -2312  -2987  -3614  -3610  -2960  -3379  -3591  -3521  -3763 
 -3108  -2650  -3571  -2869  -2530  -3490  -3854  -4429  -3469  -3913  -3204  -2896  -2269  -2325  -2429  -3340 
 -2494  -1746  -2617  -2981  -2845  -3075  -3903  -2874  -3535  -3060  -2640  -3142  -4121  -4351  -4036  -3927 
 -3515  -3302  -4176  -4147  -3658  -4150  -3232  -2138  -1670  -1862  -1836  -1383  -1088  -1916  -1692  -2161 
 -6343  -3096  -1835  -2076  -2528  -4076  -5350  -5204  -4525  -3410  -2149  -1830  -3148  -3445  -4575  -5064 
 -4416  -3852  -2545  -2183  -1770   -879   -617  -1378  -1608  -1663  -2824  -2093  -1494  -2523   -732  -1793 
 -1737   -971  -1423  -2625  -1890  -2057  -2229  -2926  -4106  -4063  -3453  -2841  -2984  -4069  -3894  -2198 
 -1289  -1175  -1616  -1840   -774  -1071  -2245  -3692  -1711  -1596  -1273   -840  -1974  -2108  -2187  -1054 
 -2311  -1565  -2213  -2011  -1398   -826  -3394  -5042  -4968  -2588  -1483  -1263  -1404  -1991   -608  -1338 
 -1853  -1639   -908   -922  -1413  -1158  -1696  -2097  -3185  -2161  -2767  -1435   -801   -615  -1402  -3181 
 -4022  -5841  -5245  -4328  -2774  -1525    -95   -521   -431  -1232  -1329  -1011  -1038   -825  -1564  -1591 
 -1305  -1471  -2334  -1881  -1157   -531   -564   -647  -1470  -3512  -3900  -5801  -4578  -3718  -1884   -299 
   462   -260  -1122  -1361  -1976  -1432  -1238  -1093  -1378  -1554  -1009  -1055  -1707  -1754  -1021   -466 
  -309   -253  -1251  -3354  -2681  -4259  -4030  -3336  -1586    177    672   -409  -1760  -1785  -2332  -1828 
 -1207  -1196  -1722  -1349  -1038   -932  -1545  -1640  -1340  -1228   -552   -206   -170  -1534  -1354  -2974 
 -3539  -2287  -1298     79    765   -450  -1764  -2110  -1965  -1996  -1968  -1891  -2000  -1955  -1995  -2074 
 -2212  -2157  -2171  -1788  -1171   -370    515   -191   -914  -1858  -2405  -1663  -1169   -334   -223   -740 
 -1698  -2514  -2412  -2858  -2779  -2821  -2743  -2825  -2599  -2594  -2585  -2497  -2492  -2557  -2352  -2098 
 -1877  -2262  -1919  -2017  -2231  -2376  -2463  -1819  -1019  -1039  -1604  -1872  -2351  -3138  -2932  -3101 
 -2966  -2728  -2672  -2438  -2654  -2720  -2620  -2677  -2589  -2322  -2354  -2242  -2089  -2475  -2253  -2788 
 -2782  -2308  -1601  -1426  -1209  -1637  -2287  -2966  -2772  -2891  -3006  -2850  -2696  -2701  -2798  -2875 
 -2802  -2794  -2852  -2698  -2504  -2199  -2156  -2374  -2422  -2696  -2700  -2389  -1816  -1601  -1145  -1305 
 -2118  -2846  -2783  -2764  -3015  -2947  -2652  -2576  -2766  -2677  -2458  -2429  -2476  -2402  -2264  -2073 
 -1904  -2010  -1949  -2335  -2213  -2117  -1939  -1851  -1207  -1326  -1884  -2252  -2225  -2352  -2483  -2389 
 -2353  -2377  -2093  -1725  -1661  -1863  -1814  -1901  -1849  -1963  -1925  -2213  -2219  -2649  -2263  -1984 
 -1869  -1837  -1512  -1520  -1676  -1732  -1753  -1771  -1850  -1807  -1982  -2122  -1916  -1986  -2027  -2049 
 -2060  -2085  -2177  -2206  -2210  -2602  -2234  -2211  -2006  -1926  -2110  -1893  -1565  -1151  -1858  -1777 
 -1416  -1360  -1394   -753  -1019  -1156  -1372  -1490  -1279  -1606  -1745  -2310  -2368  -1909  -2451  -2051 
 -2007  -2035  -2022  -2301  -2311  -2148  -2129  -2073  -2457  -2020  -1684  -1530  -1200   -754  -1515  -2026 
 -2005  -1748  -1531  -1833  -1944  -2507  -2553  -1836  -2459  -2927  -3036  -2743  -2577  -2759  -2772  -2451 
 -2607  -2856  -2682  -2628  -2109  -2138  -1492  -1078  -1868  -2503  -2142  -2081  -2251  -2462  -2331  -2710 
 -2563  -2199  -2470  -2658  -2696  -2239  -2140  -2192  -2368  -2497  -3167  -3380  -3016  -3127  -2869  -2693 
 -2360  -2083  -2058  -2020  -2173  -2633  -2936  -2790  -2233  -2364  -3043  -3193  -2875  -2706  -2330  -1839 
 -1477  -1437  -1736  -2098  -3383  -3410  -3086  -3084  -3033  -3295  -3360  -2880  -2283  -2469  -3082  -3584 
 -4103  -4149  -2834  -2450  -2676  -2391  -2434  -2292  -1865  -1205  -1369  -1371  -1582  -1915  -3556  -3536 
 -3485  -3083  -2898  -2855  -3103  -3054  -2505  -2712  -3157  -3677  -4170  -4589  -3458  -3084  -2715  -1930 
 -1952  -2063  -1818  -1356  -1459  -1745  -2695  -2913  -3227  -3291  -3288  -2856  -2590  -2511  -2428  -2018 
 -1735  -2448  -2905  -3073  -3757  -4404  -3785  -3640  -3375  -2755  -2458  -2340  -2099  -2074  -1815  -2021 
 -2769  -2613  -3469  -3969  -4199  -3997  -3214  -3146  -3144  -2672  -1621  -3079  -3595  -3764  -4155  -4235 
 -4047  -4297  -3995  -3397  -2841  -2737  -2825  -2576  -2628  -2973  -3252  -2708  -2842  -3966  -4569  -4756 
 -3994  -4056  -4313  -4028  -2739  -4430  -4873  -5110  -4915  -4464  -4565  -4740  -4195  -3830  -4228  -4226 
 -3554  -3094  -3321  -3622  -3874  -3312  -3780  -4945  -5284  -5021  -4589  -4961  -5511  -5355  -4588  -5811 
 -6119  -6526  -6504  -6285  -6478  -6619  -6185  -5803  -5269  -4525  -4243  -4237  -4708  -4759  -5094  -4061 
 -4839  -6228  -6113  -5935  -5930  -7266  -8933  -8514  -7639  -7221  -6895  -6416  -6357  -6191  -6253  -6519 
 -6491  -5639  -5299  -4562  -4060  -4323  -4736  -4904  -5361  -4265  -6037  -6517  -5813  -6023  -6542  -7422 
 -8855  -8141  -7446  -6407  -6157  -5352  -6685  -6352  -6647  -6656  -6386  -5727  -5091  -4226  -4458  -4203 
 -3997  -4130  -4487  -3517  -7781  -6399  -4298  -4812  -6086  -6841  -8082  -8545  -7939  -5873  -5610  -4902 
 -6600  -7307  -7540  -7759  -7211  -6782  -6015  -4782  -4772  -4460  -3930  -3992  -4425  -3648  -3854  -4035 
 -4028  -3761  -4909  -4356  -4650  -5555  -5236  -5653  -5623  -5216  -4568  -6671  -7558  -7641  -7108  -6657 
 -5137  -4646  -4477  -3698  -3447  -4063  -3937  -3850  -2785  -3817  -4473  -4137  -3532  -3747  -3479  -3743 
 -3907  -4690  -4441  -4434  -4580  -4911  -5295  -5037  -4944  -4724  -4390  -5077  -4813  -4038  -3258  -3356 
 -3450  -4176  -1826  -2432  -3515  -3714  -3368  -2742  -2314  -2412  -3332  -4443  -4069  -3959  -4466  -3573 
 -3774  -4069  -4525  -4649  -3733  -4053  -4184  -4682  -3642  -3014  -3362  -3270  -1407  -1793  -2264  -2116 
 -2185  -1919  -1843  -1706  -2455  -3465  -3710  -3529  -3777  -3279  -3381  -3360  -3988  -4679  -4131  -3596 
 -3971  -4600  -3670  -3360  -3454  -2734  -1590  -1233  -1220   -962   -661   -690  -1301  -1436  -1497  -1985 
 -2136  -2482  -2776  -2727  -2956  -3384  -4367  -5352  -5057  -4518  -5078  -5039  -4331  -3517  -3107  -2493 
  -706    -51    -71   -440   -817   -715  -1260  -1638  -1461  -1694  -1943  -2190  -2263  -2102  -2474  -3324 
 -4382  -4988  -4365  -3645  -4044  -4020  -3987  -3556  -2594  -2314   -563    327   -122   -306   -699  -1062 
 -1351  -1743  -1181  -1203  -1243  -1190  -1384  -1540  -2020  -2767  -3210  -3740  -3262  -3450  -3142  -2830 
 -2991  -2773  -2504  -2488   -858     69    -68     41     -8   -110   -363   -727   -513   -783   -903  -1075 
 -1069  -1511  -1955  -2541  -2481  -2547  -2509  -2714  -2878  -2668  -2622  -2430  -2207  -2445  -1522   -991 
  -707   -392   -448   -239   -202   -481   -272   -359   -332   -403   -384   -754   -959  -1076   -619   -554 
 -1079  -1601  -1602  -1389  -1645  -1579  -1730  -2427  -1562  -1151   -968   -501   -529   -400   -338   -443 
  -321   -239      5    151    122   -225   -399   -558   -368   -588  -1110  -1383  -1213  -1191  -1379  -1459 
 -1520  -2330  -1535  -1282  -1178   -711   -680   -623   -495   -312   -312   -330   -158   -230   -369   -537 
  -748   -726   -472   -366   -531   -531   -474   -539   -781  -1099  -1386  -2119  -1495   -993   -969   -690 
  -538   -437   -680   -720   -622   -603   -435   -720   -841  -1045   -902   -597   -553   -289   -416    -75 
   163    -16   -582  -1109  -1454  -2122  -1657  -1262  -1328  -1309  -1201  -1039  -1133  -1181  -1239  -1272 
 -1469  -1680  -1645  -1692  -1672  -1565  -1533  -1216   -989   -726   -682   -701  -1012  -1463  -1668  -1847 
  -602  -1213  -1319  -1893  -1997  -1676  -1334  -1592  -1490  -1572  -1288  -1578  -1546  -1436  -1473  -1641 
 -2030  -2051  -2092  -1838  -1811  -1779  -1883  -1651  -1593  -1527   -435  -1911  -2199  -2816  -3054  -2631 
 -2356  -2638  -2574  -2239  -1740  -2124  -2092  -2435  -2508  -2574  -3080  -4044  -3063  -2550  -2402  -2417 
 -2632  -2368  -2298  -1957   -594  -1693  -1803  -2296  -2669  -2597  -2988  -2679  -2313  -1977  -1496  -1961 
 -1938  -2050  -2427  -2403  -2884  -3209  -2650  -2464  -2470  -2297  -2016  -2196  -2545  -2352   -694   -942 
 -1364  -1971  -2535  -2240  -2582  -2370  -2310  -2077  -1691  -1984  -1813  -1602  -2068  -2134  -2346  -1510 
 -2141  -2575  -2912  -2683  -2414  -2103  -2317  -1912   -790  -1294  -1559  -2129  -2780  -2890  -2896  -2793 
 -2902  -3004  -2737  -2296  -2316  -1877  -2376  -2302  -1987  -1353  -2450  -2791  -2926  -2476  -2128  -1779 
 -1455  -1123   -724  -1240  -1600  -2093  -2192  -2525  -2824  -2854  -3005  -2831  -2391  -2412  -2458  -1792 
 -2275  -2074  -2181  -2557  -2831  -2682  -2696  -3094  -2474  -2118  -1729  -1411   -634  -1237  -1220  -1909 
 -2640  -2311  -1917  -2074  -2588  -2192  -1625  -1853  -1609  -1010  -2078  -2086  -2212  -2612  -2903  -2339 
 -2463  -2824  -2064  -1499  -1202  -1198   -484  -1224  -1533  -1946  -2585  -2523  -2263  -2366  -3291  -3207 
 -1982  -1903  -1501  -1083  -1505  -1494  -1477  -1915  -2414  -2203  -2388  -1890  -1483  -1323  -1531  -1435 
  -466   -709  -1876  -2036  -2952  -3046  -3190  -3176  -4301  -3628  -2394  -2326  -2361  -1854  -1658  -1985 
 -1709  -2372  -2791  -2897  -3104  -2755  -2392  -1898  -1701  -1519   -940  -1613  -1713  -1897  -2590  -2762 
 -2663  -2903  -3650  -3279  -3186  -3490  -3537  -2708  -2873  -3375  -2847  -3013  -2972  -2505  -3449  -3714 
 -3475  -2985  -2700  -2038  -1426  -2337  -2938  -2494  -2898  -3696  -3835  -3920  -3953  -4245  -4666  -4578 
 -3999  -4057  -4169  -4577  -3926  -3478  -4219  -3937  -3926  -4249  -3844  -3913  -3495  -3178  -2453  -3675 
 -4795  -4244  -4379  -4813  -5652  -6352  -6198  -5708  -5387  -4851  -5319  -5672  -5708  -5732  -5450  -4833 
 -5649  -4760  -4593  -4937  -3655  -3779  -3373  -3635  -3994  -4386  -4324  -4315  -5615  -5080  -6152  -7351 
 -7114  -5653  -5459  -4852  -5478  -6546  -7942  -7858  -7467  -6250  -5206  -4192  -4659  -4828  -3572  -3610 
 -2740  -2959  -2740  -3335  -4646  -4610  -4025  -2505  -2922  -4198  -4841  -5705  -6295  -5720  -5665  -6962 
 -7512  -7187  -6433  -5987  -5267  -5216  -5572  -5070  -3735  -3184  -2629  -3147  -2716  -3979  -5262  -6061 
 -4214  -3544  -3376  -3807  -4291  -4870  -4983  -4670  -5573  -5176  -5458  -5225  -4708  -4791  -5643  -6308 
 -6329  -5143  -3385  -2038  -2566  -3622  -2022  -2509  -3780  -4653  -3807  -3160  -3158  -3444  -3512  -4472 
 -4241  -3213  -3924  -3835  -4108  -4756  -4690  -5020  -4558  -5261  -5273  -5566  -4752  -2360  -2526  -2955 
  -830   -842  -2100  -2096  -2412  -2152  -2513  -2993  -2922  -3429  -3554  -2425  -3162  -3414  -3680  -4459 
 -4403  -4606  -4160  -4222  -4505  -4873  -5192  -3169  -2181  -2166   -508   -537  -1714  -1050  -1101  -2036 
 -1841  -2578  -2332  -2771  -2780  -2712  -2595  -2808  -3160  -4367  -4424  -5157  -5587  -4993  -5400  -4811 
 -5417  -3466  -2193  -1955  -1093  -1076  -1198  -1373   -813  -1407   -764  -1057  -1085  -1504  -1914  -2256 
 -2252  -2414  -2885  -3547  -3382  -4765  -5240  -4419  -5226  -3727  -3941  -3118  -2163  -2050  -1445   -871 
 -1313  -1329  -1129   -875   -866  -1389  -1451  -1837  -1849  -2252  -2598  -2601  -2696  -3036  -2680  -3574 
 -3828  -3614  -3868  -2590  -2515  -2504  -2238  -2323  -1167  -1311  -1893  -2056  -1830  -1731  -1958  -2401 
 -2542  -2733  -2866  -2984  -3228  -3411  -3554  -3461  -2975  -3346  -3263  -3464  -3532  -3064  -2862  -2912 
 -2545  -2543  -1846  -2495  -2919  -3251  -2996  -3172  -3239  -3152  -3106  -3068  -3477  -3530  -3760  -3536 
 -3223  -2886  -2792  -2795  -2956  -3189  -3307  -3207  -2811  -2849  -2546  -2610  -2325  -2644  -2952  -3233 
 -3038  -3153  -3265  -3191  -2935  -3221  -3310  -3385  -3353  -2994  -2983  -2749  -2692  -2624  -2762  -2811 
 -3158  -2993  -2570  -2556  -2358  -2437  -2238  -2566  -2680  -3105  -2943  -2739  -2835  -2401  -2231  -2527 
 -3025  -3152  -3165  -3008  -3005  -2900  -2783  -2645  -2700  -2736  -2883  -2706  -2227  -2177  -2225  -2167 
 -2153  -2323  -2159  -2626  -2434  -2569  -2485  -2092  -2139  -2377  -2679  -2242  -2157  -2336  -2477  -2367 
 -2146  -1995  -1862  -2017  -2362  -2333  -1671  -1590  -2046  -1929  -1178   -929   -859  -1233  -1099  -1282 
 -1360  -1044  -1252  -1393   -888   -680   -860  -1191   -983   -888   -705   -862   -979  -1042  -1066  -1344 
 -1313  -1377  -1652  -1506  -2390  -2174  -2512  -2577  -2636  -2728  -2753  -2621  -2765  -2940  -3025  -2729 
 -2328  -2323  -2535  -2663  -2570  -1954  -1904   -961   -680  -1015  -1438  -1770  -1407  -1410  -2851  -2070 
 -2449  -2511  -2794  -2733  -2188  -1941  -2003  -1822  -2585  -2419  -1828  -1967  -2158  -1869  -1811  -2019 
 -1482     35    -54   -289   -665  -1048   -926  -1167  -3449  -2348  -2529  -2642  -3330  -3364  -2484  -2250 
 -2041  -1519  -2189  -1901  -2051  -2128  -2353  -1824  -1945  -2019  -1052   -407   -655  -1133  -1384  -1394 
 -1127  -1282  -3090  -2613  -2474  -2394  -3387  -3168  -2368  -2203  -1252   -964  -1167  -1408  -1609  -1838 
 -2545  -2302  -2207  -1482  -1500  -1319  -1193  -1537  -1615  -1543  -1483  -1319  -3498  -2798  -2635  -2547 
 -3637  -3353  -2497  -2320  -2049  -1530  -1660  -1037  -1268  -2069  -2912  -2635  -2535  -1784  -1756  -1515 
 -1406  -2261  -2620  -1949  -2322  -1895  -3018  -2769  -2612  -3078  -3812  -3671  -3172  -2962  -2308  -2228 
 -2024  -2094  -2081  -2781  -2862  -2059  -2200  -1596  -1549  -1598  -1765  -2427  -2680  -1430  -1936  -1700 
 -2661  -2424  -2248  -2720  -3398  -3792  -3660  -3026  -2710  -2470  -2296  -2254  -2558  -2898  -2324  -2003 
 -2969  -2667  -2726  -2413  -1730  -1909  -2388  -1826  -2257  -1617  -2888  -2365  -2498  -3518  -3728  -3915 
 -3513  -2406  -2998  -2365  -2376  -2652  -2878  -2653  -2225  -2074  -3206  -3108  -3279  -2847  -2767  -2901 
 -2993  -2116  -2112  -1347  -2459  -2203  -1708  -3308  -3847  -4306  -4384  -2787  -3799  -2061  -2562  -2816 
 -2340  -2552  -2477  -2541  -3704  -3078  -4134  -3127  -2566  -2602  -2672  -2527  -2598  -1980  -2570  -2791 
 -2082  -2872  -3974  -4330  -4502  -3536  -3380  -2284  -3342  -4016  -3925  -4334  -4458  -4063  -4393  -3406 
 -4105  -3063  -2160  -3485  -2939  -3340  -3453  -2958  -2923  -3563  -3602  -4280  -3518  -3923  -4977  -4528 
 -4278  -4270  -4880  -4705  -4504  -5113  -5173  -4578  -4842  -4165  -3251  -2979  -1559  -2220  -2539  -3016 
 -3258  -3010  -2981  -3771  -4006  -4148  -3997  -4272  -4742  -5740  -5084  -5416  -4084  -3568  -3977  -3676 
 -3720  -3684  -3797  -3145  -2459  -1610  -1779  -1974  -2159  -2126  -2796  -2612  -4215  -3478  -3480  -3699 
 -4499  -4738  -5231  -6134  -5240  -4968  -3066  -2462  -3563  -3441  -2800  -2810  -3636  -3188  -2041   -925 
 -1373  -2423  -2295  -1776  -3020  -2591  -4727  -4341  -2052  -1802  -3887  -3384  -4011  -5259  -4076  -2955 
 -1499  -2397  -2950  -3233  -2751  -3371  -3673  -2290  -1232   -904   -861  -2751  -2331  -1980  -2524  -2023 
 -2922  -2715  -1859  -1250  -2228  -1475  -1535  -2407  -2650  -2848  -2556  -2864  -3509  -3309  -3008  -2331 
 -2458  -1383   -494  -1079   -766  -1880  -1907  -2197  -3037  -2481  -2289  -2058  -1770  -1627  -2108  -1441 
 -1199  -1491  -2136  -3038  -3061  -2578  -3127  -2377  -1794  -1483   -842    514   2004   1747   1742    558 
  -703  -1235  -2496  -2604  -2590  -2650  -2685  -2995  -2155  -1756  -1364  -1142  -1472  -2198  -2506  -2131 
 -2480  -1739  -1058   -363    630   3299   2814   2697   2611   1755     94   -934  -1297  -2018  -2402  -1844 
 -1908  -2242  -1458   -860   -751   -701   -818  -1056  -1360  -1332  -1521   -956   -987   -684    250   2161 
   615   1372   2028   1819    523   -394   -537  -1307  -1827  -1376  -1179  -1031  -1434   -827   -889   -718 
 -1030  -1283  -1325  -1425  -1355   -801  -1204  -1085   -652   -348   -341    749   2037   1414    196   -923 
 -1056  -1719  -1409  -1422   -838   -427   -774   -762   -694   -570   -973  -1094  -1177  -1102   -726  -1196 
 -1883  -2178  -1818  -1845  -1449   -604      8   -223   -827  -1339  -1460  -1804  -1354  -1316   -787   -354 
  -632   -890   -770   -805  -1213  -1442  -1525  -1408   -998  -1094  -1660  -1909  -1715  -1545  -1633  -1631 
 -1161   -837   -461   -968  -1107  -1626  -1546  -1236   -666   -443   -774  -1081  -1174  -1344  -1666  -2039 
 -1904  -2070  -1867  -1816  -2049  -2064  -1620  -1430  -1279  -1124  -1218   -645   -517   -946  -1239  -1701 
 -1358  -1149  -1002   -764  -1045  -1310  -1426  -1757  -2381  -2569  -2337  -2281  -2223  -2236  -2139  -1860 
 -1762  -1723  -1933  -1987  -1673  -1160   -805   -867  -1065  -1635  -1657  -1870  -1429   -960  -1216  -1599 
 -1603  -1881  -2288  -2749  -2662  -2573  -2536  -2427  -2454  -2501  -2473  -2240  -2076  -1807  -1778  -1358 
  -919  -1042  -1367  -1832  -1869  -2393  -2065  -1586  -1723  -1771  -1884  -2134  -2524  -2534  -2162  -2244 
 -2176  -1994  -1960  -2038  -2210  -1941  -1765  -1376  -1208   -890  -1113  -1451  -1655  -1917  -2243  -2544 
 -2652  -2427  -2478  -2331  -2337  -2612  -2987  -3066  -3063  -2944  -2703  -2399  -2254  -2218  -2321  -2159 
 -1963  -1785  -1782  -1882  -1938  -2321  -2489  -2429  -2498  -3029  -3141  -3756  -3681  -3439  -3046  -3442 
 -3262  -3254  -3216  -3028  -3102  -3034  -3134  -3013  -3276  -3520  -3064  -2738  -2975  -2907  -3163  -3006 
 -2472  -2124  -1945  -2786  -3036  -3935  -4378  -4314  -3987  -4288  -3401  -3229  -3142  -3121  -3548  -3815 
 -3698  -2891  -3960  -5772  -3683  -2875  -3231  -3460  -3711  -3357  -2909  -2145  -1441  -2642  -2766  -3236 
 -3777  -4152  -4090  -3970  -3444  -2631  -2580  -3252  -3179  -3255  -3220  -2635  -3365  -4233  -3302  -3541 
 -3900  -4373  -4342  -3948  -3813  -2476  -1122  -2358  -2705  -3102  -3547  -3553  -3473  -3132  -3319  -2894 
 -2433  -2419  -2258  -2741  -2969  -2574  -2998  -2443  -2669  -4141  -4791  -5026  -4645  -4025  -4060  -2672 
 -1311  -2168  -2772  -3326  -3762  -3463  -2976  -3023  -3262  -3042  -2202  -1252   -743  -1089  -1620  -2650 
 -2904  -2152  -2974  -3919  -4310  -4829  -4535  -3581  -3675  -2514  -1489  -2397  -2478  -2973  -3267  -3479 
 -3193  -2756  -3473  -2858  -2083   -945   -626   -526  -1590  -3016  -3189  -3149  -3203  -3314  -3769  -5198 
 -4286  -3114  -2473  -1557  -1599  -2385  -2713  -3559  -3687  -3962  -3842  -3368  -3964  -2981  -2415  -1620 
  -854   -413  -1911  -2880  -2802  -2674  -3062  -2793  -2951  -3874  -3334  -3084  -2020  -1717  -1156  -1199 
 -1118  -1178  -2629  -3511  -3093  -3429  -4529  -2907  -1712  -1381   -932  -1222  -2197  -2604  -2902  -2590 
 -3224  -2545  -2619  -3028  -3578  -2688  -2343  -1443  -1404   -867   -722   -567  -2362  -3253  -3207  -3155 
 -4307  -2796   -982   -323   -812  -1515  -1829  -3100  -3301  -2410  -1827  -1497  -2758  -3095  -3094  -2044 
 -1870  -1035   -107     49   -211   -801  -1643  -2557  -2371  -2437  -3279  -2116   -866   -174   -334   -903 
 -1548  -2576  -2790  -2512  -1584  -1335  -2387  -3191  -2921  -2487  -2088  -1177    174    561     60    275 
    71   -555    198     62   -467  -1342  -1443  -1371  -1567  -2331  -2411  -3089  -2992  -2060  -1872  -1945 
 -2457  -3954  -3310  -3534  -2968  -2301   -446   -719  -1845  -2018  -2175  -2547  -2156  -3121  -3469  -3238 
 -3358  -3172  -4069  -4294  -3849  -4927  -4668  -3894  -4265  -4103  -4162  -5102  -4505  -4695  -4085  -3469 
 -3591  -2857  -2929  -2953  -5067  -4462  -5253  -6027  -5334  -4572  -3777  -4162  -5227  -6179  -7950  -8026 
 -7070  -6114  -5117  -5249  -5586  -5655  -5286  -5388  -4168  -3242  -2885  -4663  -4870  -5126  -5351  -5251 
 -5737  -5862  -6144  -7204  -6414  -6740  -6618  -8446  -8919  -8842  -8269  -7154  -7350  -6795  -6953  -6605 
 -6205  -5853  -4312  -3575  -3279  -5432  -6792  -7023  -6049  -6125  -6006  -6136  -6844  -6876  -7071  -6324 
 -7747  -7941  -8505  -8821  -8388  -7864  -8708  -8108  -8157  -7139  -6414  -5457  -4826  -3782  -4108  -5992 
 -6317  -6374  -6384  -6083  -6448  -6885  -6769  -6870  -7363  -5851  -6438  -6659  -7017  -6995  -7194  -8068 
 -7706  -7587  -7107  -7523  -7773  -5777  -5381  -4017  -3636  -5464  -6091  -5966  -6278  -5978  -6051  -6606 
 -6228  -6097  -6341  -5381  -5857  -6063  -5732  -6399  -6750  -7133  -6860  -7086  -6490  -7125  -8180  -6057 
 -5114  -3969  -3908  -5675  -6610  -5695  -5714  -5941  -5478  -5792  -5353  -5127  -5182  -5298  -5553  -5534 
 -4993  -6154  -5875  -7060  -6979  -6188  -6183  -6644  -7338  -6034  -4967  -3639  -4166  -5634  -6517  -5480 
 -5348  -5343  -5191  -5182  -5079  -4913  -4978  -5237  -5374  -5232  -5501  -5704  -5070  -6326  -6428  -5623 
 -6498  -5492  -6009  -5695  -5027  -3800  -4171  -5003  -5697  -5770  -5809  -5842  -5536  -5453  -5345  -5289 
 -5319  -5671  -5802  -5779  -5661  -5564  -5106  -6306  -6381  -5670  -6187  -5175  -5570  -5479  -5221  -3861 
 -4030  -5290  -6066  -5990  -5561  -5391  -5241  -5312  -5572  -5404  -5523  -5506  -5600  -5473  -5321  -5469 
 -5393  -6292  -6332  -5778  -5802  -5750  -5392  -5761  -5140  -3869  -3331  -4986  -6185  -6158  -5815  -5804 
 -5660  -5515  -5615  -5703  -6150  -5885  -5924  -5724  -5590  -5456  -5480  -5710  -5651  -5472  -5580  -5804 
 -5362  -5342  -4956  -3842  -3208  -4623  -5553  -5835  -5499  -5340  -5538  -5632  -5261  -5496  -5733  -5617 
 -5520  -5447  -5532  -5218  -5153  -4891  -4575  -4557  -5320  -5254  -4870  -4597  -4414  -3577  -3388  -4391 
 -5100  -5409  -5091  -4957  -5118  -5048  -4853  -4931  -5184  -5042  -4779  -4513  -4488  -4262  -4194  -3882 
 -3722  -4179  -5009  -5171  -4534  -4093  -4008  -3343  -3273  -3884  -3887  -4433  -4153  -4127  -4045  -3884 
 -3979  -4166  -4300  -4034  -3819  -3678  -3803  -3813  -3585  -3352  -3158  -3623  -4551  -4828  -3999  -3581 
 -3783  -3007  -2584  -2913  -2849  -3019  -2793  -2676  -2723  -2421  -2414  -2386  -1990  -1880  -1973  -2082 
 -1846  -1715  -1601  -1892  -2070  -2414  -2705  -3029  -2849  -2733  -2985  -2825  -1462  -1113  -1332  -1977 
 -2050  -1832  -1780  -2359  -2329  -2006  -1885  -1465  -1497  -1261   -985   -968  -1529  -1627  -1814  -2567 
 -2965  -2683  -2309  -1811  -1482   -895  -1663  -2339  -2918  -2690  -3133  -3212  -3048  -3726  -3615  -3190 
 -2818  -2322  -2466  -2479  -2348  -1847  -2356  -3703  -2631  -2679  -2075  -1940  -2169  -2330  -1897  -1473 
 -1602  -2302  -3249  -2660  -2792  -2546  -2749  -2610  -2389  -2113  -1870  -1871  -1963  -1817  -1643  -1071 
  -608  -1434  -1270  -2355  -1887  -1923  -1957  -1831  -1704  -1461  -1339  -1235  -2042  -1694  -1794  -1475 
 -1655  -1390  -1029   -931   -618  -1026   -863   -626   -818  -1099  -1238  -1293  -1224  -1837  -2062  -1973 
 -2043  -2243  -1798  -1608  -1498  -1806  -2371  -2021  -2396  -1761  -1844  -1715  -1602  -2562  -1847   -892 
  -608  -1167  -1100  -1204  -1148   -973  -1295  -1774  -1956  -2334  -2796  -2643  -2084  -1491  -1216  -2048 
 -2755  -2489  -2503  -1897  -2092  -1587  -1000  -1107  -1433  -1443  -1321  -1913  -1584   -742   -875   -725 
 -1086  -1080   -946  -1398  -1819  -2190  -2033  -1827  -1239  -1874  -1393  -1192  -1675  -1260   -721   -260 
  -535   -498   -464  -1001  -1159  -1585  -1350  -1292  -1308  -1051  -1455  -1185  -1227  -1405  -1965  -1990 
 -1844  -1657  -1298  -2179  -2217  -1670  -1417  -1447  -1097   -791  -1758  -1027   -610   -495   -646  -1437 
 -1254  -1835  -1565   -636   -583   -736  -1066  -1381  -1576  -1906  -1376  -1339   -817  -1003  -1616  -2180 
 -1986  -2432  -2110   -646  -1751   -444  -1062  -1233  -1172  -1475   -905  -1066   -846  -1191  -1726  -2136 
 -1776  -1765  -1641  -2035  -2145  -1456   -709  -1098  -1097   -837  -1063  -1143   -370   -143   -925    112 
  -858  -1771  -1986  -1955  -2023  -2398  -1626  -1617  -1149   -150  -1138  -3029  -2374  -2961  -2537  -1829 
  -898  -1436  -1312  -1371  -2074  -2603  -1981  -1974  -1901  -1178  -1306   -728    913   1985    887   -232 
  -410   -450   -919   -348    250  -1430  -1009  -1867  -1834  -2149    407    278   -811  -1408  -1753  -1169 
 -1236  -1511  -1680  -1171  -1023   -481   1970   1551   1225   1849   2022    819   -507   -824   -298  -1013 
  -392   -851   -434  -1936   3757   2166    -51  -1329  -3049  -2585  -3428  -3889  -3889  -1172  -1330   -201 
  1973    984    297    337   1164    959   -177   -520    128   -324   -518  -1301    102  -1054   1552   1126 
 -1101  -1517  -1841  -1676  -2296  -2700  -3273  -2386  -3467  -2144   -399    454    565     30    992   1016 
  -610  -1759   -956  -1208  -1528  -1865   -574  -1086  -1399  -1811  -2774  -3437  -3238  -3095  -2587  -2612 
 -2903  -2902  -3542  -2586  -2167   -789   -777  -1514   -213   -707  -3118  -3639  -2655  -2017  -1382   -744 
  -414  -1142  -1677  -3055  -2901  -3614  -3291  -3330  -3152  -3045  -2808  -3183  -3712  -2206  -2596  -1728 
 -1783  -2160  -2176  -3418  -3883  -3560  -2721  -2357  -1547  -1267   -932  -1148  -1107  -1700  -2384  -2397 
 -3587  -2843  -2926  -2860  -2481  -2735  -3172  -2066  -2159  -1549  -1590  -1941  -2334  -3964  -4427  -4278 
 -3397  -3337  -3400  -2362  -1341  -1396  -1539  -2421  -3982  -3300  -3974  -3127  -2819  -3435  -2621  -2150 
 -2147  -1994  -1905  -1538  -1650  -2157  -2226  -3257  -4871  -4611  -4283  -3514  -3511  -3042  -1884  -1634 
 -1965  -2947  -3556  -3734  -3534  -3240  -2859  -2529  -2381  -1918  -1919  -1676  -1443  -1259  -1617  -2116 
 -1857  -2274  -3217  -2976  -3283  -2315  -1832  -2619  -1668  -1462  -2292  -2792  -2935  -3065  -3221  -3158 
 -2790  -2458  -2156  -1646  -1482  -1352  -1359  -1276  -1509  -2066  -2471  -2961  -2582  -1791  -2177  -2133 
 -2073  -2325  -1608  -1413  -1726  -2162  -2539  -2908  -2701  -2782  -2593  -2363  -2314  -1710  -1724  -1415 
 -1366  -1355  -1792  -2026  -2224  -2162  -1606  -1321  -1689  -2227  -2133  -1816  -1236  -1118   -951   -877 
 -1812  -2656  -2557  -2631  -2398  -2228  -2425  -2017  -2428  -2208  -2086  -1431  -1510  -1522  -1574  -1253 
  -951   -831  -1190  -1992  -1466  -1338   -946  -1088   -712   -674  -1506  -2268  -2290  -2440  -2606  -2315 
 -2158  -1997  -2140  -2139  -2152  -1705  -1543  -1599  -1590  -1064   -741   -664  -1263  -1762  -1359  -1447 
  -976  -1119   -817   -667  -1164  -1947  -1850  -1623  -1773  -1815  -1644  -1908  -2335  -2466  -2397  -2037 
 -1995  -1889  -1859  -1779  -1617  -1492  -2104  -2504  -1688  -1257  -1089  -1011  -1227   -975   -846  -1387 
 -1477  -1291  -1215  -1125  -1150  -1385  -1381  -1073  -1132  -1032  -1013  -1075  -1215  -1524  -1364  -1719 
 -2565  -2743  -1671   -673   -587   -701   -753   -628   -717   -942  -1008  -1100  -1126   -977  -1119  -1285 
 -1192   -974   -972   -890   -686   -716   -875  -1232  -1303  -1703  -2030  -2100  -1491   -866   -825   -778 
 -2806  -2589  -2810  -2370  -2320  -2312  -2371  -2121  -2269  -2199  -2540  -2245  -2108  -2131  -2121  -2702 
 -2844  -2508  -3342  -3329  -3453  -3508  -3378  -3259  -3371  -3473  -3245  -3106  -3183  -2488  -2310  -2413 
 -2479  -2107  -2520  -2057  -2477  -2166  -2243  -2348  -2338  -2803  -2988  -2160  -2773  -3095  -3397  -3672 
 -3550  -3200  -2998  -3269  -3778  -3850  -4036  -3795  -3433  -3094  -2977  -2658  -3196  -2910  -2872  -2516 
 -2780  -2875  -2676  -2862  -3544  -3034  -3040  -2666  -2679  -2820  -2834  -2556  -2131  -2803  -3888  -4457 
 -4755  -4351  -4139  -3407  -3209  -2836  -2963  -2505  -2511  -2603  -3042  -3404  -2970  -2723  -3155  -2881 
 -2735  -2515  -1844  -1772  -2055  -2218  -1846  -2569  -4318  -4842  -4696  -4288  -4617  -3590  -3520  -3392 
 -3552  -3134  -3353  -3435  -3895  -4334  -3485  -2770  -3344  -3154  -2955  -2684  -1868  -1844  -2394  -2735 
 -2740  -3188  -4092  -4533  -4425  -3871  -4137  -3279  -3457  -3660  -3553  -3999  -3837  -4147  -5051  -5828 
 -4399  -3403  -3491  -2786  -2668  -2595  -2176  -1958  -2917  -3518  -4127  -4404  -3930  -4537  -3879  -2992 
 -3335  -2990  -3394  -3546  -3326  -3731  -3846  -4067  -5114  -5653  -5123  -4292  -4002  -3168  -2877  -2844 
 -2265  -2043  -2495  -3377  -3930  -4192  -4313  -4900  -4459  -4490  -3574  -3076  -3723  -4171  -3405  -4738 
 -4448  -4872  -5831  -5570  -5385  -5039  -4085  -3558  -3268  -3249  -2931  -2689  -3010  -3274  -3611  -3967 
 -4147  -4686  -4924  -5113  -4168  -4135  -4744  -5462  -5290  -6155  -5762  -6032  -6105  -5224  -5073  -4837 
 -4392  -4182  -4727  -4509  -4077  -3360  -3645  -3650  -3992  -4441  -4834  -5419  -5354  -5208  -4895  -4687 
 -5667  -6024  -5873  -6578  -6022  -6924  -7050  -6635  -6333  -5976  -5609  -5453  -5817  -5482  -4669  -4409 
 -4653  -4669  -4847  -4676  -5646  -6518  -6101  -5922  -5855  -6237  -7712  -7743  -7291  -7253  -6894  -6590 
 -7163  -7128  -6753  -6498  -6079  -5998  -5545  -4380  -3885  -4192  -4857  -5215  -5284  -4611  -6867  -6579 
 -5421  -5650  -6363  -7072  -8645  -8159  -7372  -6039  -5582  -5335  -7754  -7439  -7161  -6491  -6260  -5809 
 -4711  -3258  -3077  -3419  -4399  -5051  -4966  -4239  -8070  -6760  -3983  -4322  -5846  -6919  -7610  -8034 
 -7305  -5192  -5016  -4075  -7318  -7525  -8058  -8114  -7880  -6994  -5304  -2874  -2809  -3315  -3737  -4741 
 -5139  -4694  -6317  -5564  -3328  -3210  -5169  -5473  -5781  -6374  -6086  -5490  -6048  -4758  -5207  -6855 
 -7213  -7168  -6888  -5808  -4798  -2845  -2697  -2630  -3038  -4525  -4816  -4840  -4424  -5694  -4998  -5000 
 -5074  -5202  -4705  -5143  -5433  -5254  -5778  -4569  -5514  -5432  -5243  -4804  -4559  -4054  -4863  -4423 
 -4253  -3495  -2833  -4223  -4593  -4989  -4521  -5393  -5148  -5008  -4698  -4392  -3819  -4155  -4682  -5503 
 -5154  -4661  -4910  -4793  -4949  -4348  -4461  -4300  -4144  -4212  -4139  -4084  -3627  -4348  -4732  -4754 
 -4222  -4404  -4243  -3590  -3607  -3558  -3548  -3745  -4141  -4766  -4783  -4365  -4687  -4534  -4673  -4148 
 -4906  -5556  -4884  -5120  -5022  -4869  -4574  -4865  -4503  -4349  -4118  -4050  -4751  -4024  -3830  -3271 
 -3780  -3820  -3765  -4087  -4247  -4342  -4806  -4485  -4123  -4436  -5681  -6181  -5741  -6084  -6312  -6393 
 -6176  -5130  -4412  -4132  -4039  -4067  -4526  -3794  -4374  -3575  -3865  -3849  -3670  -3498  -3636  -3816 
 -4385  -4122  -3702  -4323  -5036  -4780  -4549  -4508  -4741  -4481  -4459  -4451  -3874  -3961  -4299  -4196 
 -4349  -3765  -3957  -3725  -3675  -3777  -3397  -3087  -3262  -3580  -3906  -3985  -3673  -3868  -3704  -3654 
 -3090  -2905  -2722  -2679  -2740  -3251  -3259  -3605  -4364  -4014  -3789  -3275  -3142  -2836  -2628  -2702 
 -2658  -2466  -2499  -2899  -3185  -3363  -3521  -3814  -3444  -3189  -2841  -2803  -2599  -2667  -2560  -2836 
 -2858  -3357  -4029  -3858  -3241  -2842  -2676  -2340  -2301  -2430  -2749  -2763  -2560  -2714  -2913  -3071 
 -3153  -3322  -3128  -2950  -3118  -3229  -2973  -2747  -2727  -2894  -2837  -3242  -3363  -3321  -3046  -2817 
 -2665  -2425  -2694  -2839  -3191  -3150  -2945  -2927  -3074  -3205  -3183  -3211  -3274  -3188  -3439  -3589 
 -3084  -3091  -3018  -3176  -3012  -3141  -3394  -3614  -3601  -3251  -3268  -3310  -3833  -3951  -3897  -3883 
 -3572  -3386  -3567  -3602  -3579  -3626  -3721  -3706  -3640  -3692  -3446  -3444  -3039  -3153  -2978  -3276 
 -3605  -3770  -3667  -3277  -3305  -3234  -3576  -3722  -3756  -3953  -3664  -3684  -3652  -3572  -3531  -3788 
 -3996  -4096  -3948  -3788  -3353  -3303  -3189  -3272  -3229  -3543  -3868  -3568  -3651  -3372  -3453  -3371 
 -3520  -3810  -4046  -4210  -4123  -4123  -3973  -3671  -3703  -3887  -3932  -3937  -3550  -3431  -3326  -3417 
 -3510  -3703  -3738  -3667  -3038  -2749  -2157  -1944  -2083  -2721  -2790  -2829  -3049  -3002  -2485  -2500 
 -2364  -2217  -2021  -1855  -1800  -2485  -2110  -3081  -3687  -4014  -3922  -3773  -3722  -2741  -3315  -2869 
 -2299  -2378  -2971  -3250  -3199  -3024  -3166  -3304  -2647  -2161  -2339  -2456  -2492  -1922  -2235  -3989 
 -2409  -3364  -3956  -4050  -3963  -3555  -3308  -2399  -3192  -3436  -2576  -2904  -3217  -3732  -3779  -3331 
 -3214  -3446  -2641  -2312  -2294  -2658  -2832  -2396  -2832  -3687  -2822  -2781  -3015  -3097  -3239  -2753 
 -2471  -2062  -2613  -2714  -3070  -3794  -3417  -3459  -3529  -3311  -3019  -3127  -2788  -2655  -2363  -2740 
 -2551  -1890  -3165  -3439  -2613  -2025  -2171  -2310  -2704  -2621  -2110  -1550  -2103  -2612  -3177  -3489 
 -2983  -3052  -3324  -3163  -3107  -2960  -2424  -2716  -3217  -3682  -2512  -1511  -2639  -2830  -2311  -1425 
 -1467  -1933  -2453  -2471  -2231  -1199  -2414  -3089  -3361  -3548  -2979  -2868  -3184  -2626  -3172  -3017 
 -2768  -3053  -3706  -4617  -3508  -2604  -2950  -2771  -2111  -1438  -1393  -2238  -2217  -2504  -2324  -1130 
 -2130  -2623  -2982  -3267  -2773  -2647  -2600  -1827  -3128  -2896  -2914  -3366  -4209  -5044  -4523  -4547 
 -4060  -3116  -2699  -1949  -1817  -2493  -2240  -2949  -2784  -1552  -2059  -2512  -2694  -3286  -2670  -3071 
 -3234  -2422  -3849  -3315  -3296  -4103  -4977  -5512  -5431  -5026  -4591  -3190  -2846  -1663  -1534  -1947 
 -2037  -2804  -2099  -1602  -2069  -2534  -2818  -3692  -3496  -4039  -4152  -3498  -5273  -3888  -4188  -4336 
 -4566  -4451  -4535  -4357  -3946  -3483  -3541  -2841  -2986  -2800  -2799  -2837  -2338  -1868  -2272  -2535 
 -2735  -2985  -2574  -3244  -3014  -3043  -4531  -4115  -4382  -4244  -3844  -3431  -3655  -3745  -3406  -3434 
 -3389  -3834  -4156  -3894  -3146  -2836  -2333  -2240  -2371  -2499  -3621  -3471  -3189  -3540  -3527  -3702 
 -4292  -5063  -5108  -4413  -4212  -4127  -3995  -4148  -3461  -3350  -4026  -3616  -3822  -4640  -3522  -3064 
 -2517  -2452  -3431  -3019  -4384  -4569  -4316  -4626  -5643  -6492  -6279  -5503  -4968  -3770  -5284  -5190 
 -3841  -3372  -3302  -3468  -3956  -3192  -3412  -3705  -1997  -1942  -1937  -2332  -5770  -3798  -3652  -3720 
 -3799  -3962  -4853  -5302  -4914  -4344  -3547  -3550  -5012  -5631  -5705  -6324  -5592  -4543  -3453  -2452 
 -3407  -2582   -998   -854  -1475  -2258  -3156  -2639  -3362  -3290  -3321  -2955  -3147  -3683  -3110  -3667 
 -3186  -3174  -3817  -4525  -4968  -5213  -3999  -3517  -3277  -3302  -3413  -1515    152   -429  -1001  -2772 
 -2087  -2058  -3386  -3431  -2650  -2677  -2695  -3039  -2621  -2409  -2810  -2776  -2785  -2306  -3130  -2934 
 -2633  -2270  -2777  -3636  -3243  -1219    213  -1738  -1611  -2753  -1746  -2296  -2895  -2910  -2267  -2154 
 -2203  -2498  -2891  -3318  -3389  -3693  -3841  -3216  -3087  -3182  -3553  -4039  -3691  -3501  -3676  -2696 
 -1721  -2415  -2392  -2337  -1704  -2365  -2686  -3262  -2911  -2182  -2188  -2698  -2901  -3233  -3577  -3636 
 -3517  -3215  -2843  -2408  -2757  -4907  -5382  -5102  -5949  -4396  -2595  -1830  -1512  -1812  -1734  -1978 
 -2494  -2975  -2611  -2719  -3145  -3436  -3277  -3316  -3234  -3292  -3442  -3010  -2754  -2276  -3436  -5431 
 -5117  -6018  -7335  -6116  -4015  -1536  -1240  -1348  -1750  -1929  -2615  -3133  -2991  -3157  -3311  -3336 
 -2955  -2573  -2503  -2616  -2707  -2853  -2447  -1782  -2640  -3875  -3559  -4966  -5998  -4975  -3677  -1705 
 -1221  -1216  -1575  -1705  -1988  -2400  -2379  -2764  -2847  -3278  -2718  -2362  -2217  -2163  -2177  -2035 
 -1640  -1063  -1711  -2802  -2879  -3458  -3732  -2626  -2331  -1552  -1182   -923  -1798  -1600  -1651  -1840 
 -1790  -2214  -2405  -2643  -2348  -2276  -2212  -2014  -1944  -1910  -1626  -1583  -1955  -2434  -2321  -2516 
 -2823  -2566  -2501  -1537   -867   -715  -1553   -920  -1074  -1341  -1301  -1405  -1444  -1579  -1511  -1631 
 -1794  -1794  -1809  -1888  -1803  -1896  -1821  -1700  -1744  -1890  -1764  -1783  -1792  -1061   -708   -691 
 -1260  -1101  -1254  -1648  -1534  -1763  -1555  -1739  -1695  -2069  -2251  -2338  -2368  -2260  -2121  -2335 
 -2281  -2026  -2216  -2091  -1971  -1661  -1646  -1076   -858   -835  -1185   -914  -1159  -1630  -1543  -1690 
 -1663  -2073  -2315  -2495  -2430  -2364  -2311  -2177  -2224  -2341  -2349  -2376  -2384  -2159  -2112  -1850 
 -1777  -1306  -1229  -1049  -1366  -1057  -1331  -1783  -1836  -1953  -2012  -2199  -2487  -2780  -2643  -2461 
 -2352  -2134  -2095  -2098  -2173  -2213  -2169  -2135  -2255  -2168  -2006  -1495  -1129   -894  -1476  -1181 
 -1004   -949   -915  -1115  -1181  -1295  -1537  -1641  -1442  -1197  -1169  -1049  -1050  -1166  -1266  -1316 
 -1270  -1348  -1229  -1113  -1138   -980   -900  -1098  -3697  -4437  -4732  -4664  -4753  -4629  -4516  -4562 
 -4194  -4083  -4055  -4075  -4209  -4150  -3808  -3811  -3851  -4358  -4812  -5076  -5346  -5382  -5123  -4796 
 -4531  -3879  -4364  -5429  -6289  -6672  -6583  -6396  -6353  -6254  -5864  -5551  -5607  -5782  -5798  -5893 
 -5215  -5045  -5266  -5902  -6004  -6736  -7025  -7284  -7076  -6522  -5704  -4470  -4103  -6046  -6573  -6914 
 -6802  -6637  -6769  -6096  -6092  -5583  -5361  -5758  -5676  -5494  -4669  -4761  -4789  -4993  -5234  -5923 
 -6196  -6492  -6477  -6026  -5132  -4039  -4026  -6314  -6518  -7036  -6630  -6405  -6195  -5749  -5778  -5373 
 -4967  -5180  -5304  -5242  -4741  -4608  -4793  -4372  -4898  -5463  -5333  -5691  -5543  -5189  -4658  -3702 
 -3953  -5929  -6346  -6870  -6762  -6117  -6159  -5994  -6014  -5755  -5134  -4866  -5192  -5163  -4890  -4192 
 -4543  -4442  -4814  -4937  -4307  -4665  -4780  -5097  -4539  -3791  -4221  -6151  -6179  -6275  -6132  -5835 
 -6244  -5872  -5476  -5209  -4769  -4913  -5404  -5287  -5426  -4892  -4835  -4459  -4545  -4391  -4126  -4409 
 -4647  -5274  -5081  -4157  -4349  -6022  -5711  -5013  -5563  -5741  -5896  -5674  -4888  -5118  -4798  -5026 
 -5539  -5196  -6502  -6128  -5590  -5061  -4710  -4642  -4552  -4767  -4679  -5941  -5613  -4286  -4284  -6006 
 -5930  -5196  -5443  -5686  -5687  -6148  -5502  -5943  -5647  -5684  -6366  -6361  -7209  -6684  -6230  -5178 
 -4532  -4512  -4725  -5175  -5452  -5622  -5389  -3990  -3955  -5670  -6335  -5972  -6208  -6280  -6523  -7125 
 -6987  -7594  -6918  -6560  -6708  -6584  -6918  -7271  -6393  -5547  -5361  -5269  -5277  -5266  -5428  -5303 
 -5166  -4249  -3911  -5804  -6360  -6611  -6539  -6199  -6866  -7186  -7095  -7342  -7114  -6793  -6640  -5920 
 -5868  -6046  -5843  -5958  -5382  -5184  -5838  -5599  -5854  -5901  -5628  -4326  -4332  -6093  -6123  -6247 
 -6401  -6492  -7128  -7169  -6840  -6502  -5854  -5473  -5369  -5395  -5150  -5346  -5037  -4379  -4040  -3826 
 -4392  -5030  -5466  -6095  -5642  -4370  -5010  -5028  -4768  -4780  -5170  -5864  -7030  -6826  -6224  -4687 
 -4702  -4063  -5513  -5344  -4995  -5662  -5255  -4345  -3967  -3514  -4122  -4750  -4570  -5292  -5078  -4171 
 -6500  -5057  -3488  -3639  -3763  -5311  -6644  -7063  -6626  -5446  -4789  -3984  -5246  -5684  -7269  -8143 
 -7693  -6454  -4950  -3977  -4504  -4883  -4627  -5131  -5200  -4440  -3411  -3992  -4265  -4625  -4139  -4586 
 -5029  -5382  -5678  -6766  -6289  -6149  -5081  -7046  -8137  -7551  -7390  -6528  -5452  -5687  -5871  -5069 
 -4670  -5128  -5246  -4607  -2878  -5161  -6723  -7294  -5065  -4838  -4675  -4777  -5506  -6510  -6373  -5703 
 -5949  -6029  -6974  -6916  -6008  -4759  -6080  -7143  -7865  -6093  -4767  -4576  -4890  -4620  -3098  -5641 
 -6481  -6561  -5108  -4597  -4564  -4761  -5411  -6641  -6719  -5768  -6456  -5930  -5725  -5597  -5579  -6143 
 -5842  -7127  -7938  -7048  -5414  -4319  -4862  -3953  -2557  -4571  -5349  -4775  -4406  -3848  -3999  -4421 
 -4919  -5571  -5604  -5032  -5402  -5126  -5040  -5483  -6269  -7498  -6394  -7164  -8080  -7878  -6797  -4889 
 -5096  -3576  -2664  -4772  -5747  -5041  -4697  -4521  -4384  -4374  -4402  -4407  -4542  -4429  -4718  -4803 
 -4841  -6271  -7689  -8951  -8000  -8052  -8885  -9072  -8161  -5943  -5384  -3356  -2865  -4240  -4981  -4487 
 -4813  -4781  -4662  -4229  -4050  -3738  -3886  -3925  -4414  -4770  -4987  -6089  -6848  -7427  -6881  -6972 
 -7982  -7645  -6956  -5756  -4615  -3186  -2827  -3581  -4259  -4316  -4706  -4593  -4521  -4305  -3850  -3404 
 -3462  -3890  -4432  -4710  -4771  -5155  -5281  -6244  -6036  -6025  -6325  -5801  -5318  -4684  -4116  -3144 
 -3091  -4299  -4608  -4550  -4568  -4398  -4376  -4159  -3973  -3716  -3787  -4094  -4355  -4663  -4826  -5039 
 -4610  -4962  -4943  -4740  -4624  -4853  -4791  -4455  -3689  -3017  -2623  -3872  -4203  -4163  -4159  -4085 
 -4101  -4203  -4146  -4267  -4391  -4486  -4653  -4570  -4547  -4294  -4032  -3970  -4322  -4499  -4056  -3798 
 -3850  -3797  -3582  -3233  -2421  -3614  -3899  -4101  -3994  -4071  -4375  -4563  -4297  -4377  -4358  -4445 
 -4446  -4424  -4486  -4297  -4206  -3930  -4008  -4167  -4129  -3872  -3942  -3870  -3693  -3347  -2369  -3327 
 -3916  -4362  -4392  -4394  -4710  -4917  -4709  -4749  -4722  -4611  -4560  -4443  -4568  -4676  -4568  -4263 
 -4087  -4185  -4266  -4191  -3812  -3773  -3790  -3478  -2130  -3135  -3506  -4066  -4196  -4241  -4404  -4471 
 -4427  -4796  -4590  -4439  -4304  -4468  -4687  -4803  -4474  -4257  -4055  -4080  -4210  -4148  -3556  -3454 
 -3480  -3374  -2380  -2533  -2708  -3063  -3177  -3268  -3338  -3272  -3508  -3798  -3753  -3738  -3697  -3957 
 -3943  -3825  -3600  -3420  -3421  -3401  -3303  -3373  -3027  -3005  -3052  -3074  -3070  -4299  -4602  -4864 
 -4721  -4574  -4086  -5297  -5022  -5009  -4955  -4619  -4261  -3694  -3584  -3780  -3926  -3975  -4166  -4501 
 -4762  -4838  -4965  -4567  -4404  -3805  -3584  -5574  -5930  -5913  -6297  -6288  -5992  -6523  -6160  -5944 
 -6077  -6132  -5592  -4923  -4760  -4570  -4804  -5859  -5837  -5540  -5601  -5831  -5908  -5168  -4900  -4011 
 -3831  -6029  -6073  -5837  -6328  -6379  -6566  -6626  -6165  -5127  -5215  -5745  -5513  -4860  -4892  -4615 
 -4283  -4699  -5154  -5274  -5307  -5679  -5521  -4824  -4526  -3412  -3823  -5795  -6026  -6384  -6877  -6243 
 -6086  -6145  -5800  -5018  -5110  -5742  -5409  -4984  -4956  -5086  -4578  -3428  -4593  -5107  -4992  -5285 
 -5559  -5403  -5099  -3367  -3958  -6104  -6532  -6630  -6979  -6190  -5705  -5860  -6152  -6105  -5611  -5631 
 -5455  -5167  -5719  -5168  -4559  -3342  -4144  -4599  -4729  -5225  -5930  -5993  -5492  -3521  -3994  -6502 
 -7161  -7152  -6936  -6031  -5883  -5629  -5254  -5315  -5008  -5632  -5601  -5438  -6285  -5391  -5017  -4868 
 -4812  -4864  -4827  -5619  -6259  -6073  -4988  -3309  -3813  -5869  -5448  -5460  -6536  -5406  -4834  -4925 
 -5052  -5254  -4648  -5588  -5865  -5952  -6877  -5725  -5573  -5622  -5762  -5350  -5135  -5528  -5972  -5617 
 -4689  -3127  -3985  -5973  -5424  -4861  -6262  -5611  -4992  -5908  -6619  -6680  -4742  -5165  -6080  -6781 
 -7600  -6525  -6007  -5649  -5598  -5415  -5322  -5263  -5812  -4989  -4567  -3411  -3756  -4902  -5682  -5894 
 -7174  -6624  -6212  -6738  -7474  -7583  -5594  -5821  -6844  -6943  -6506  -6229  -5807  -5755  -6261  -6149 
 -5958  -5625  -6041  -5237  -4909  -3681  -3642  -4641  -4664  -5106  -5866  -5507  -4953  -5303  -5743  -5946 
 -5366  -6110  -6572  -6340  -6466  -6468  -5439  -5468  -5070  -4483  -5040  -5404  -5479  -4914  -4593  -3722 
 -3627  -4874  -5612  -5458  -6243  -6553  -6277  -6449  -6536  -6525  -5529  -4968  -4198  -4209  -4406  -4896 
 -4185  -4575  -4929  -4668  -4364  -5173  -5069  -4728  -4169  -3668  -3967  -4163  -4453  -5100  -5396  -5591 
 -5924  -6241  -5930  -4616  -4089  -4073  -4537  -4760  -4472  -3802  -3086  -3457  -4206  -4111  -4307  -4382 
 -3564  -3667  -2703  -2990  -5291  -4222  -3754  -4587  -5156  -4713  -4846  -5405  -4765  -3644  -3698  -3922 
 -4504  -5244  -6509  -5651  -4835  -4536  -5017  -4685  -4622  -3966  -3230  -2960  -1998  -2796  -2927  -4048 
 -4192  -4712  -4080  -3161  -2849  -3151  -3652  -4392  -4233  -4386  -4611  -5906  -7115  -6396  -5617  -4939 
 -5554  -4546  -4678  -4487  -3927  -2498  -1838  -3381  -2671  -4296  -4712  -5137  -4604  -4219  -3973  -3637 
 -4204  -4374  -4936  -4837  -5280  -4898  -5588  -4805  -3738  -4199  -4889  -4816  -4834  -4969  -4045  -2006 
 -2172  -3503  -2754  -4583  -5199  -5297  -4855  -4408  -4599  -4523  -4906  -5316  -5639  -5063  -6088  -5901 
 -5135  -4752  -4861  -5459  -4575  -4413  -4153  -5367  -5501  -3476  -2707  -2963  -2665  -4183  -5002  -5231 
 -5633  -4542  -4072  -4324  -4447  -4500  -4791  -4458  -5170  -5386  -5017  -5167  -6186  -6657  -5594  -5449 
 -4956  -5260  -5637  -5040  -2930  -2691  -2930  -4760  -5404  -5551  -5796  -5204  -4549  -4859  -4464  -4094 
 -3989  -4282  -4710  -4738  -4842  -6337  -7622  -7809  -7318  -6704  -7039  -6336  -6649  -5477  -3465  -2713 
 -3093  -3795  -4315  -4655  -4736  -5156  -4587  -4670  -4413  -4017  -4015  -4213  -4334  -4413  -4802  -5557 
 -6169  -6228  -6533  -6075  -7022  -5161  -5269  -4451  -3245  -2690  -2935  -3164  -3940  -4501  -4398  -4685 
 -4452  -4761  -4343  -3959  -3898  -4035  -4334  -4335  -4316  -5070  -4774  -4762  -4893  -3994  -4788  -3548 
 -3751  -3665  -3006  -2386  -2625  -2889  -4038  -4616  -4525  -4644  -4546  -4516  -4163  -4102  -4199  -4094 
 -4428  -4525  -4572  -4791  -4608  -4259  -4013  -3212  -3716  -3758  -3892  -3498  -2829  -2349  -2525  -2832 
 -3839  -4425  -4282  -4481  -4475  -4238  -4007  -4142  -4632  -4549  -4770  -4549  -4466  -4247  -4482  -4204 
 -4103  -3967  -4056  -4037  -3948  -3226  -2838  -2333  -2654  -2841  -3659  -4328  -4127  -4366  -4566  -4384 
 -4094  -4430  -4719  -4778  -4721  -4536  -4610  -4634  -4811  -4350  -4328  -4330  -4449  -4067  -3865  -3019 
 -2882  -2454  -2658  -2734  -3260  -3931  -3696  -3571  -3727  -3871  -3956  -4389  -4677  -4562  -4342  -4211 
 -4338  -4550  -4672  -4459  -4485  -4554  -4464  -4132  -3733  -2981  -3020  -2499  -3028  -2925  -3374  -3974 
 -3859  -3847  -3742  -3827  -3941  -4428  -4476  -3958  -3863  -3813  -3847  -3871  -3865  -3996  -3760  -3708 
 -3954  -4019  -3428  -2248  -2474  -2299  -2485  -2093  -2098  -2377  -2491  -2655  -2690  -2508  -2775  -3175 
 -2710  -2165  -2213  -2275  -2148  -2038  -2086  -2358  -2294  -2226  -2206  -2424  -2503  -1679  -1748  -1987 
 -3975  -4059  -4183  -3785  -3875  -3707  -3703  -3775  -3615  -3828  -3854  -3650  -3487  -3430  -3131  -3431 
 -3593  -3750  -4091  -4316  -4328  -4389  -4134  -4026  -4256  -3652  -4971  -4587  -4796  -4402  -4622  -4365 
 -4147  -4259  -4146  -4135  -4192  -3926  -3644  -3721  -3644  -4150  -4571  -4302  -4829  -5147  -5149  -5227 
 -4942  -4451  -4382  -3808  -4959  -5071  -4980  -5004  -5286  -5212  -4943  -4778  -4982  -4814  -4629  -4022 
 -3895  -3822  -3579  -3880  -4263  -4106  -4749  -4546  -4501  -4561  -4391  -3841  -3570  -3384  -4643  -5373 
 -5442  -5642  -5855  -5507  -5325  -5155  -5039  -4302  -4236  -4535  -4698  -4819  -4327  -3774  -3761  -3930 
 -4406  -4100  -3540  -3656  -3587  -3366  -3278  -3202  -4771  -5694  -5677  -5924  -6201  -5538  -5484  -5726 
 -5732  -5015  -4703  -5231  -5531  -5910  -5534  -4235  -4044  -4253  -4340  -4065  -3460  -3873  -3822  -3919 
 -4017  -3764  -4782  -5611  -5614  -5629  -5758  -5138  -5208  -5256  -5166  -5047  -4485  -5398  -5606  -6102 
 -6141  -4802  -4744  -4142  -3948  -3897  -3637  -3538  -3646  -4075  -5069  -4812  -4690  -5697  -5277  -4947 
 -5392  -5002  -4894  -4701  -4671  -4654  -4492  -4974  -5545  -6220  -6644  -5221  -4617  -3987  -3908  -4102 
 -4077  -3966  -3812  -4428  -5081  -4461  -4774  -5810  -5601  -5897  -5492  -4979  -5130  -5499  -5634  -6000 
 -5387  -5666  -6642  -6864  -6794  -5507  -4892  -4460  -4194  -4435  -4644  -4569  -4409  -4478  -4980  -4567 
 -4309  -5076  -5465  -5875  -5630  -5506  -5780  -6218  -6949  -7168  -6411  -6356  -6710  -6766  -6478  -5710 
 -5343  -5101  -5908  -5843  -5281  -4922  -5114  -5065  -5507  -5134  -5048  -5653  -5503  -5527  -5771  -5673 
 -6097  -6548  -6583  -6542  -5525  -5905  -6431  -6553  -6200  -5509  -5107  -5302  -5865  -5702  -5466  -5683 
 -5619  -5754  -5845  -5056  -5891  -6418  -5932  -5930  -6255  -6125  -7407  -7383  -7133  -6885  -6551  -6231 
 -6080  -5931  -5878  -5597  -4904  -5092  -4976  -4386  -4377  -4748  -5037  -5575  -5548  -4709  -6555  -5825 
 -5161  -5188  -5601  -5895  -7507  -7535  -7272  -6281  -5746  -4382  -6004  -5474  -4935  -4621  -4237  -3953 
 -3597  -2654  -2921  -3689  -3639  -4145  -3975  -3903  -7326  -5863  -4211  -3954  -4637  -5852  -6837  -7342 
 -7447  -5008  -3957  -2510  -4514  -4796  -4997  -4155  -4006  -4434  -3998  -2324  -2089  -3356  -3133  -3477 
 -3556  -4009  -4775  -3289  -2170  -1920  -3041  -3204  -3428  -3441  -3472  -4051  -2784  -2151  -2594  -3873 
 -4316  -2657  -2116  -2676  -2638  -2113  -1674  -2112  -2305  -2580  -2848  -3734  -2477  -2102  -1843  -1886 
 -2181  -2161  -1858  -1808  -2367  -2775  -2418  -1894  -3315  -2770  -2584  -2488  -1921  -1284  -2429  -2311 
 -1702  -1668  -1612  -2266  -2497  -3706  -2005  -1581  -1776  -1319  -1401   -735   -518   -880  -1641  -2332 
 -2224  -1888  -2851  -2663  -2617  -2623  -2635  -3152  -3073  -3304  -2940  -3501  -2683  -1982  -1755  -2559 
 -1849  -1281  -1156   -433   -800    -13   -129   -384   -776   -968  -1058   -930  -1458  -1957  -2031  -2213 
 -3209  -4691  -3909  -4336  -4251  -4612  -3806  -2611  -1650  -2044  -1926   -752  -1163   -579   -634   -132 
  -277   -334   -775  -1486  -1848  -1985  -2587  -2072  -1681  -2357  -4228  -5849  -5276  -5232  -5410  -5983 
 -5316  -3506  -2493  -2165  -2203  -1313  -1565   -624  -1061   -658   -944   -964  -1024  -1236  -1467  -1912 
 -2460  -2265  -2082  -2617  -3382  -4239  -4291  -4090  -4459  -4475  -4156  -2898  -2052  -1962  -2659  -2486 
 -2610  -2017  -2014  -1727  -1699  -1752  -1597  -1716  -1891  -2309  -2716  -2765  -2601  -2510  -2254  -3226 
 -3357  -3365  -3149  -2679  -2328  -2131  -1839  -2049  -2703  -2577  -2388  -2079  -2199  -1965  -2015  -2001 
 -1798  -1774  -1831  -2154  -2323  -2407  -2422  -2704  -2723  -2838  -2786  -2769  -2553  -2442  -2128  -1952 
 -1568  -1960  -2512  -2188  -1798  -1754  -1920  -1905  -2022  -1977  -1842  -1752  -1680  -1936  -1970  -1935 
 -1958  -2033  -2069  -1996  -2115  -2291  -1951  -1686  -1638  -1643  -1457  -1940  -1856  -1557  -1522  -1652 
 -1708  -1639  -1958  -1996  -1821  -1762  -1763  -2032  -2278  -2318  -2193  -2009  -2046  -2132  -2322  -2426 
 -2037  -1794  -1670  -1590  -1560  -1985  -1698  -1290  -1535  -1732  -2026  -2088  -2517  -2565  -2338  -2186 
 -2028  -1946  -2107  -2210  -2208  -2285  -2304  -2423  -2309  -2247  -2001  -1950  -1338  -1435  -1512  -2091 
 -1791  -1671  -1872  -1951  -2277  -2306  -2494  -2443  -2442  -2565  -2118  -2109  -2244  -2406  -2289  -2407 
 -2470  -2761  -2765  -2852  -2441  -2336  -1887  -1867  -2045  -2465  -2131  -1553  -1671  -1777  -1919  -1828 
 -1889  -1979  -2199  -2296  -2081  -2083  -2098  -2114  -2051  -2119  -2152  -2203  -2049  -2364  -2258  -2143 
 -1881  -1913  -2159  -2277  -4048  -4343  -4427  -3842  -4294  -4460  -4531  -4155  -3796  -3698  -3540  -3879 
 -4085  -4145  -3964  -3993  -3978  -4334  -4672  -4871  -5142  -5230  -5030  -4778  -4927  -4222  -4457  -4526 
 -4757  -4494  -4980  -5025  -4953  -4731  -4076  -3705  -4105  -4145  -4530  -4636  -4455  -4559  -4362  -4168 
 -4858  -5727  -6006  -6128  -5764  -5398  -5314  -4362  -4052  -4723  -4883  -4936  -5094  -5310  -5339  -4679 
 -4506  -3973  -4052  -4032  -4190  -4233  -3823  -4001  -3740  -3208  -4389  -4928  -5122  -5351  -5072  -4644 
 -4344  -3729  -3869  -5064  -5507  -5944  -5576  -5536  -4957  -4771  -4936  -4566  -4591  -4588  -4529  -4786 
 -4291  -4348  -4448  -4086  -4634  -4951  -4852  -4937  -4494  -4119  -3984  -3481  -3542  -4775  -5281  -5618 
 -5308  -5158  -5003  -5147  -5234  -4646  -4473  -4754  -4870  -5226  -4614  -3706  -4178  -4205  -4270  -4185 
 -4070  -4218  -4128  -4311  -4403  -3742  -4105  -5100  -5187  -5300  -4866  -4990  -5520  -5202  -4770  -4339 
 -3822  -4243  -4281  -4438  -4410  -4012  -4113  -3797  -3577  -3403  -3846  -3852  -3892  -4188  -4967  -4106 
 -3961  -5010  -5034  -4555  -4388  -4712  -4749  -4378  -4100  -4071  -3544  -3905  -4357  -4447  -5098  -4510 
 -4428  -3955  -3348  -3479  -3769  -4022  -3743  -4608  -5040  -4021  -3832  -4964  -5040  -4394  -4210  -4397 
 -4544  -4757  -4237  -4560  -4223  -4426  -5670  -5665  -6116  -5482  -5128  -4252  -3362  -3596  -3920  -4004 
 -4316  -4454  -4457  -3697  -3684  -4656  -5555  -5074  -5209  -5114  -5217  -6031  -5706  -6231  -5518  -5608 
 -6018  -6101  -6355  -6477  -5341  -4470  -4029  -4086  -4474  -4197  -4771  -4372  -4227  -3822  -4051  -5080 
 -5517  -5081  -5193  -5072  -5588  -6396  -5794  -6642  -6308  -6280  -5885  -5508  -5783  -6166  -5662  -5843 
 -5015  -5119  -5431  -4532  -5125  -5098  -4864  -3950  -4289  -5617  -5750  -6029  -5763  -5871  -6597  -6893 
 -6258  -6204  -5865  -5034  -5124  -5305  -4770  -5280  -4807  -4856  -4414  -4546  -4545  -4400  -5331  -5374 
 -5162  -4028  -5278  -4653  -4619  -4976  -4117  -5095  -6219  -6433  -5703  -4179  -3854  -3569  -5972  -5887 
 -5214  -6083  -5436  -4418  -3126  -2854  -3741  -4209  -4438  -4553  -4456  -3229  -7148  -4988  -2562  -2494 
 -2073  -4474  -5605  -5573  -4852  -2983  -2765  -2751  -5767  -6068  -7331  -8631  -8225  -6435  -4217  -3042 
 -3612  -4338  -4376  -4107  -4549  -3392  -3487  -3170  -2434  -3039  -2674  -4273  -4587  -4173  -4050  -4122 
 -4296  -4402  -4338  -7075  -9064  -8971  -8481  -7081  -5101  -4590  -4447  -4048  -3949  -4043  -4504  -3676 
 -2633  -4187  -5037  -6003  -3967  -4666  -4734  -4684  -5313  -4809  -5358  -4330  -5096  -5711  -6975  -6505 
 -5311  -4533  -5855  -6456  -6393  -5047  -4092  -3898  -3916  -3624  -2614  -4750  -5044  -5093  -4187  -4801 
 -5230  -5401  -5806  -5885  -6155  -5461  -5963  -5664  -5446  -5237  -5173  -5399  -5760  -6734  -6849  -6576 
 -5592  -4648  -3730  -2800  -2234  -4315  -5176  -4468  -4616  -4501  -4992  -5148  -5296  -5138  -5091  -4846 
 -4833  -4720  -4989  -5624  -5975  -7437  -6610  -7737  -7808  -7494  -6712  -5023  -4282  -2781  -2823  -4823 
 -5732  -5302  -5246  -5087  -5303  -5031  -4675  -4319  -4565  -4746  -4937  -4760  -4899  -6124  -7512  -8735 
 -7548  -8215  -8509  -8247  -7485  -5877  -4716  -2788  -3136  -4323  -5009  -4896  -4982  -5063  -5417  -4933 
 -4387  -3727  -3997  -4291  -4799  -5006  -5212  -5812  -6318  -6423  -5721  -6278  -7111  -6353  -6167  -5451 
 -4006  -2559  -3122  -3880  -4802  -4992  -4946  -4834  -4932  -4834  -4195  -3755  -3807  -4203  -4825  -5062 
 -5131  -5053  -4709  -4864  -4609  -4487  -4762  -4857  -4892  -4613  -3684  -2571  -3199  -4199  -4951  -5178 
 -4949  -4641  -4707  -4505  -4130  -3936  -3987  -4233  -4604  -4862  -5044  -5417  -5218  -5253  -4602  -4084 
 -4175  -4968  -5386  -4681  -3442  -2567  -2738  -3647  -4372  -4901  -4790  -4553  -4494  -4384  -4245  -4378 
 -4459  -4532  -4474  -4506  -4589  -4575  -4726  -4646  -4671  -4988  -4722  -4610  -4726  -4101  -3670  -3002 
 -2274  -3122  -3889  -4507  -4406  -4286  -4473  -4520  -4242  -4362  -4530  -4625  -4497  -4575  -4721  -4642 
 -4637  -4178  -4189  -4392  -4324  -4326  -4543  -4109  -3881  -3135  -2255  -2802  -3868  -4490  -4437  -4434 
 -4655  -4826  -4600  -4436  -4330  -4083  -3915  -3884  -3925  -3877  -3711  -3325  -3243  -3589  -3806  -4275 
 -3945  -3854  -3864  -3246  -2113  -2646  -3453  -4130  -4058  -4176  -4460  -4365  -4291  -4363  -4012  -3892 
 -3815  -4008  -3904  -3909  -3855  -3798  -3815  -3995  -4093  -4458  -4023  -3701  -3592  -3230  -2303  -2325 
 -2618  -2976  -2874  -2808  -2935  -2922  -3076  -3207  -3238  -3333  -3375  -3469  -3433  -3418  -3391  -3300 
 -3211  -3420  -3296  -3399  -3131  -2928  -3008  -3059  -3918  -3640  -3553  -3140  -3230  -3362  -3370  -3058 
 -3186  -3466  -3724  -3150  -2869  -2932  -2911  -2991  -3129  -3131  -3356  -3490  -3350  -3457  -3201  -3259 
 -3614  -3273  -5334  -4733  -4612  -4550  -4480  -4225  -4092  -4020  -4413  -4620  -4958  -3902  -3299  -3414 
 -3636  -3803  -3990  -3934  -3763  -3732  -3398  -3507  -3363  -3530  -3766  -3423  -5310  -5398  -5010  -5232 
 -4610  -4496  -4501  -4183  -4909  -5183  -5272  -4261  -3492  -3425  -3490  -3339  -3120  -3428  -3900  -3835 
 -3616  -3838  -3929  -3944  -3898  -3234  -4756  -5891  -5190  -5269  -4812  -4661  -4584  -4324  -4954  -5391 
 -5261  -4520  -4019  -4111  -4125  -3347  -2851  -3637  -4056  -4250  -4072  -4533  -4522  -4592  -4459  -3356 
 -4816  -6083  -5509  -5797  -5580  -4848  -5082  -5026  -5111  -4882  -4933  -4505  -4672  -5442  -5268  -3858 
 -3512  -4212  -4288  -4595  -4184  -4839  -4940  -4698  -4844  -3753  -4471  -5813  -5813  -5987  -5673  -4951 
 -5210  -4789  -4238  -3724  -3783  -4339  -5588  -6285  -5622  -4776  -4919  -4695  -4533  -4276  -4067  -4327 
 -4303  -4597  -5554  -4873  -4346  -5564  -5529  -5206  -4992  -4744  -4569  -4050  -3769  -3646  -4080  -4599 
 -5787  -5812  -5559  -4966  -4893  -4435  -4358  -4408  -4295  -4587  -4410  -5175  -5637  -4674  -4272  -5316 
 -5792  -5982  -4692  -4691  -4805  -4392  -4263  -4001  -4833  -5239  -6369  -6239  -5811  -5326  -5034  -4557 
 -4613  -4801  -4861  -5201  -5481  -5878  -6291  -4810  -3832  -4773  -5585  -5860  -4790  -4695  -4775  -4201 
 -4349  -4524  -5571  -6024  -6351  -6266  -5900  -5960  -5652  -5073  -5166  -4867  -4531  -5382  -6291  -6716 
 -6995  -5275  -3838  -4630  -5049  -5232  -4717  -4496  -5180  -5261  -4276  -4564  -5152  -5326  -4883  -4796 
 -4972  -4916  -4909  -4616  -4830  -4251  -3199  -3725  -5072  -5995  -6165  -4539  -3876  -4633  -4867  -5572 
 -5405  -4534  -5480  -5219  -4675  -4594  -4501  -4142  -3675  -3600  -3254  -3324  -3212  -3194  -3511  -3405 
 -2525  -2465  -3552  -4439  -4715  -3671  -3776  -2447  -3656  -3587  -3911  -2809  -3993  -4333  -3899  -3365 
 -2848  -2403  -3312  -2609  -2816  -3923  -3347  -2356  -1569  -1764  -1929  -1910  -2469  -2621  -2877  -2500 
 -4049  -2465  -2070  -2416  -3203  -3620  -4662  -4991  -4506  -2538  -1845  -1522  -2632  -2146  -3670  -4901 
 -4649  -3758  -2227  -2146  -2077  -2211  -2281  -2330  -2863  -2047  -2940  -2370  -2144  -2915  -2727  -3445 
 -3444  -2893  -2262  -2951  -2411  -2705  -1779  -2173  -3724  -4414  -4588  -3056  -1631  -3227  -3688  -2754 
 -3000  -2774  -3160  -1638  -2227  -2668  -3872  -5056  -3483  -4308  -3745  -2818  -2738  -2998  -2766  -2730 
 -2552  -2256  -2945  -2882  -2437  -1406  -2284  -5013  -5740  -3592  -3401  -3076  -3139  -1896  -2540  -2701 
 -3315  -3802  -3526  -4215  -4246  -3410  -3027  -3247  -3433  -3423  -3228  -3125  -3311  -3069  -3315  -3307 
 -3218  -4922  -4932  -5112  -5020  -4183  -3134  -1995  -2558  -3184  -3615  -3903  -4106  -3593  -4122  -3700 
 -3295  -2709  -3210  -3093  -2306  -2863  -3309  -3858  -4444  -5071  -4241  -5517  -4513  -4817  -5640  -4963 
 -3589  -2391  -2974  -3532  -4270  -4471  -3875  -3097  -3398  -3776  -3397  -3109  -3507  -3498  -3208  -3205 
 -3373  -4488  -6022  -5866  -5972  -6000  -5152  -5019  -5962  -5697  -4169  -2557  -3121  -3461  -3703  -3585 
 -3419  -2955  -3433  -3306  -2990  -2568  -2742  -2911  -3068  -3225  -3377  -4245  -5052  -4895  -4831  -4477 
 -3519  -3407  -4469  -4880  -3442  -2445  -3089  -3826  -3993  -3823  -3899  -3617  -3672  -3784  -3547  -3270 
 -3411  -3512  -3624  -4010  -4065  -3824  -3745  -3812  -3546  -3112  -2661  -3090  -3457  -3457  -3183  -2402 
 -3152  -3844  -4129  -4294  -4332  -4190  -3902  -4047  -4027  -3789  -3800  -3942  -3941  -4277  -4522  -4547 
 -4218  -4132  -3911  -3727  -3591  -4080  -4006  -3887  -3382  -2601  -2690  -3312  -3953  -4571  -4710  -4863 
 -4625  -4523  -4735  -4618  -4622  -4720  -4683  -4680  -4888  -4724  -4481  -4000  -3569  -3689  -3815  -3912 
 -3955  -3900  -3657  -2900  -1760  -2581  -3263  -4093  -4136  -4286  -4316  -4393  -4688  -4853  -4968  -4968 
 -4933  -4810  -5072  -4871  -4625  -4021  -3688  -3888  -3891  -4185  -4168  -4211  -4005  -2911  -2030  -3070 
 -3607  -4248  -4308  -4413  -4617  -4915  -4930  -5146  -5073  -4816  -4588  -4489  -4535  -4344  -4295  -3968 
 -3731  -3941  -4134  -4573  -4116  -4166  -4082  -3061  -2579  -3656  -3950  -3993  -4114  -4091  -4270  -4354 
 -4552  -4592  -4182  -3881  -3835  -3846  -3786  -3843  -4161  -4234  -4115  -4471  -4625  -4795  -4333  -4108 
 -4106  -3171  -2610  -2587  -2681  -2554  -2646  -2572  -2651  -2851  -3190  -3329  -3234  -3286  -3334  -3160 
 -3183  -3275  -3398  -3455  -3274  -3685  -3516  -3415  -2990  -3069  -3203  -2887   -809  -1455   -544   -261 
  -588  -1301  -1532  -1025  -1507  -1434  -1023   -437   -657   -768   -640   -415   -148   -316   -568   -428 
  -415   -442   -331   -218   -474   -312  -2124  -1990   -636   -569   -915  -1487  -1844  -1492  -2030  -1595 
 -1764   -349   -434   -185   -344   -318    979   1174    368   -822   -911  -1072   -996   -579   -382   -151 
 -1899  -1437   -316   -731  -1076  -1559  -1634  -1776  -2051  -2200  -2057   -831   -331   -154   -209   -169 
  -400    315   -900   -899   -826   -886   -827   -422     11    -57  -1142  -1411  -1064  -1453  -1541  -1617 
 -1479  -1833  -1958  -1994  -2288  -1537  -1163  -1371   -757   -433   -425   -815  -1488  -1325   -714   -722 
  -834   -440   -210    -91   -784  -1261  -1207  -1379  -1373   -767   -724  -1003  -1393   -681   -975  -1480 
 -2091  -2309  -1585   -642  -1216  -1776  -1640  -1626  -1003   -873   -872   -804  -1166  -1114   -817   -792 
 -1278  -1448  -1575   -515   -589   -875  -1166   -709   -378   -484  -1153  -2032  -1178  -1179  -1009   -618 
  -783  -1265  -1424  -1550  -1262  -1522  -2695  -2196   -718   -839  -2142  -1916  -1493  -1081   -993   -920 
 -1135   -599   -647   -409  -1542  -1876   -858   -432    111    -69     76   -906  -1048  -1465  -1058  -1656 
 -2215  -1498   -950   -943  -1045  -1905  -1034   -738   -886   -329   -637     38   -939   -956  -1832  -1312 
  -329     42    388    171   -171  -1009   -758  -1066  -1292  -1418  -1742  -1531  -1430  -1403   -643   -851 
  -244   -268   -445   -650   -494   -475  -1409  -1526   -930   -609   -533   -215     85    133   -669   -699 
  -550   -746  -1066   -741  -1238  -1603  -1435  -1565  -1392  -1487   -952   -924  -1772   -895    162   -441 
  -828   -254    112    208     51    144    162    446   -326  -1055      3    175    -49    354   -230   -594 
 -1058  -1361   -942  -1492   -593   -373  -1306   -658    243    772    864     78  -1955  -2616  -1853   -661 
  -690   -181    832    323   -177    604    104    840    500    712  -2144  -1515    814    661    990    551 
   910   1863   2105   2202   1424    652  -2531  -2035  -1667  -2024  -2253   -991    206   -104   -528     73 
 -1000   -343   -113   1232  -4467  -2040   -273   1004   1637   2338   3496   3551   3469   1532    861    562 
 -2015  -2174  -1657  -1314  -1265  -1413   -677  -1209  -1669  -1342  -2165  -1464  -1489    292  -1456  -1579 
    78    248   -634   -205     73   -181    695    616    895    784   -310  -2071  -1451  -1108  -1258  -1303 
  -478   -763  -1671  -1462  -1821  -1840  -1389    224    833    584   1306    716     83   -385   -315   -305 
    42    433    405    324    334   -975   -905   -689  -1709   -926   -282   -235  -1229  -1214  -1084  -1599 
  -662    753     86    312    424   -442   -412   -973  -1013  -1088   -260    609    930    202    226   -829 
 -1217  -1301  -1701  -1709  -2058  -1953  -2623  -1735  -1704   -971   -361    324   -391   -656   -626  -1011 
  -797  -1488  -1829  -1543   -613    344    645    239   -207  -1459  -2072  -1989  -2293  -1969  -1850  -2522 
 -3413  -2828  -3477  -2288  -1366   -295   -529   -836  -1293  -1883  -1886  -2144  -2479  -2098  -1449   -839 
  -598  -1040  -1129  -2069  -2186  -2170  -2263  -2119   -744  -1856  -2814  -3088  -3907  -2841  -1807   -640 
  -827  -1486  -1954  -1893  -1459  -1984  -2487  -2097  -1381   -742   -535   -798  -1368  -2225  -2131  -1916 
 -1596  -1114   -124  -1372  -2275  -2383  -3548  -2285  -1579   -563  -1032  -2045  -2585  -2726  -2277  -2388 
 -2414  -1984  -1628  -1298  -1277  -1352  -1840  -2280  -2200  -1804  -1555   -920     74   -345   -985  -1524 
 -2515  -2273  -1832   -599  -1369  -2302  -2522  -2577  -2294  -2099  -1947  -1839  -1564  -1229  -1081  -1144 
 -1564  -1646  -1755  -1654  -1548  -1290   -836   -820  -1307  -1590  -2252  -1759  -1490   -619  -1019  -1803 
 -2271  -2337  -2243  -2326  -2401  -2330  -2308  -2037  -1618  -1494  -1514  -1446  -1607  -1703  -1807  -1717 
 -1725  -2001  -2042  -1916  -2078  -1737  -1527   -695   -249  -1102  -1795  -2165  -2027  -2249  -2495  -2488 
 -2582  -2318  -2044  -1937  -1925  -1865  -1965  -1986  -2042  -1820  -1750  -1823  -1747  -1885  -2044  -1854 
 -1721   -662   -267  -1131  -1657  -1830  -1773  -2171  -2439  -2501  -2172  -1930  -1665  -1509  -1518  -1550 
 -1462  -1382  -1529  -1305  -1171  -1368  -1690  -1863  -1837  -1690  -1509   -714   -520  -1352  -1623  -1605 
 -1527  -1754  -1777  -1703  -1591  -1395  -1460  -1586  -1529  -1460  -1466  -1679  -1789  -1734  -1812  -2237 
 -2348  -2340  -2296  -2060  -1735   -798   -799  -1304  -1392  -1221  -1076  -1027  -1010  -1213  -1052   -749 
 -1000  -1368  -1358  -1199  -1209  -1487  -1534  -1500  -1507  -1694  -1791  -1626  -1517  -1281  -1099   -748 
  -954   -735   -451   -447   -339    -61    -52   -246    -91   -168    -49    183   -160     59    233    373 
   368   -244   -127   -574   -654   -223     73   -121   -356   -936  -1852  -1148   -960   -562   -829   -617 
  -828  -1322  -1043   -669  -1090   -468   -920   -777   -373   -312   -994  -1158   -545   -560   -479   -378 
  -183   -162   -148   -655  -1244  -1125  -1324  -1391  -1334   -852  -1357  -1309  -1382  -1544  -1438   -525 
 -1158  -1328   -899   -573   -371   -386    -70   -234   -339   -493   -468   -786   -452   -741   -610  -1342 
 -1207  -1024   -842   -536   -369   -140   -763   -923  -1161   -151  -1139  -1284  -1147   -744    318   -640 
  -369   -549   -541   -836   -940  -1344  -1232   -882   -673  -1140   -776   -789  -1051   -469   -470   -661 
  -582   -674   -942   -507  -1771  -2012  -1525  -1046    -45   -539   -304   -652   -632   -771   -934  -1313 
 -1363  -1164   -509   -709   -328   -567   -639    -98   -473   -511    408     29   -631   -461  -1744  -2303 
 -1415   -944  -1020   -801   -926   -688   -376   -670   -898  -1679  -2099  -1684   -353   -556   -805   -614 
  -218   -190    -12   -364   -152   -293  -1243   -739  -1602  -1193   -723   -534   -608   -482   -823   -301 
  -159   -489   -917  -1553  -1076  -1110   -436   -621   -757  -1099   -258   -456   -607   -985   -232  -1154 
 -1841  -1564  -1104   -267   -338   -968   -890   -554  -1101   -592   -245   -146  -1103  -1085   -836   -779 
  -461   -743  -1163  -1853  -1193   -972  -1606  -1639      7  -1904  -2759  -2211  -1200    -66    139   -476 
  -626   -592   -831   -157    392    624    132    142    118   -217   -705  -1230   -896   -654   -558   -303 
 -1241   -908     -8  -1379  -1786  -1257  -1192  -1162   -733   -499   -360   -289   -530  -1460     50   1203 
   506    626    823    324  -1237  -1559  -1946  -1416   -207    265  -1152   -762    253  -1774  -2943  -3499 
 -3235  -4263  -3254  -2217  -1816  -2014  -1923  -2975  -1927    290    170    100    141   -465  -3106  -1948 
 -2843  -1760  -2067   -704  -1904  -2493  -2552  -3290  -3524  -3928  -5044  -4923  -4389  -5033  -4551  -3593 
 -3915  -3101  -2183   -258    -73   -284   -613  -1161  -6047  -4028  -2868  -2183  -4163  -3326  -4399  -5389 
 -4650  -3962  -2734  -2675  -4207  -3952  -4089  -4923  -5138  -4589  -3896  -3414  -3019   -950   -163   -505 
 -1500  -1196  -2839  -2850  -1981  -2910  -2505  -2660  -2900  -2818  -3209  -2968  -2151  -3133  -3003  -2927 
 -3273  -4133  -4378  -3492  -3430  -3436  -3812  -1723   -699   -568  -1793  -1424  -1406  -2061  -2004  -2710 
 -2204  -2043  -1656  -1484  -1716  -2406  -1944  -2387  -2452  -1219  -1249  -2079  -2277  -1584  -2130  -3266 
 -3607   -782   -227    248  -1400  -1628  -2278  -1931  -2545  -3321  -1922  -1917  -1785  -1389  -1310  -2440 
 -2480  -2539  -1975   -556    223    710    679    516   -604  -2609  -3040  -1118   -729    359   -301  -1531 
 -1914  -2034  -2242  -3278  -2131  -1827  -1936  -1646  -1617  -2179  -2505  -1831  -1131   -435   -196   -488 
  -695   -655  -1114  -2946  -3070  -1171   -992    -89    318  -1067  -1425  -1871  -2500  -3184  -2495  -2505 
 -2254  -2126  -1475   -816  -1098   -871   -203   -428   -706  -1866  -2823  -2076  -2321  -3794  -4346  -2710 
 -2171  -1156     15  -1232  -1834  -2107  -2363  -2694  -2737  -3214  -3323  -2374  -1777  -1030  -1097   -653 
  -309   -188   -286  -1644  -2775  -2148  -2205  -3181  -4205  -3071  -1651   -437    121  -1228  -1710  -1416 
  -923  -1321  -1861  -2360  -2161  -1751  -1418   -978  -1124   -876   -618   -357    -79   -654   -651   -100 
  -503  -1004  -1852  -1824   -543    362    329  -1038  -2080  -1681   -884  -1148  -1327  -1596  -1201  -1242 
 -1296  -1012   -928   -831   -728   -818   -969   -809     57    423    168   -228   -598   -564    362    292 
   -52  -1147   -952   -809   -622   -827   -821   -899   -654   -826  -1410  -1361  -1241  -1321  -1583  -1563 
 -1542  -1331  -1101   -722   -595   -690   -676   -778   -536   -577   -564  -1106   -715   -858   -725   -924 
  -790   -998  -1025  -1388  -1834  -1983  -1802  -1578  -1644  -1534  -1647  -1687  -1670  -1028   -864  -1069 
 -1087  -1142   -959  -1242  -1366  -1244  -1211  -1657  -1642  -1708  -1579  -1679  -1964  -2247  -2432  -2538 
 -2465  -2191  -2132  -2050  -2003  -2134  -2209  -1769  -1510  -1462  -1762  -1586  -1496  -1494  -1520  -1349 
 -1668  -1972  -1608  -1572  -1444  -1428  -1501  -1723  -2052  -2386  -2446  -2045  -1893  -1668  -1994  -2324 
 -2502  -2313  -1856  -1720  -1968  -1848  -1704  -1560  -1581  -1360  -1620  -1911  -1833  -1697  -1796  -1892 
 -1714  -1808  -2030  -2188  -2115  -1973  -1820  -1823  -1940  -1993  -1763  -1709  -1595  -1617  -1615  -1671 
 -1711  -1829  -1894  -1458  -2214  -2824  -2876  -2591  -2507  -2198  -1931  -2080  -2065  -2147  -1865  -2031 
 -2059  -2372  -2131  -2501  -2551  -3038  -3102  -3693  -3909  -4188  -4165  -3980  -3973  -3141  -3157  -3337 
 -3432  -3265  -3164  -2608  -2624  -2983  -2271  -2106  -2077  -2082  -2370  -2803  -2863  -3023  -3490  -4403 
 -3814  -4876  -5189  -5319  -5318  -4677  -4217  -3330  -3089  -3671  -3728  -3528  -3753  -2986  -3198  -3291 
 -2955  -2920  -2567  -2511  -2808  -3088  -3160  -3487  -3771  -4274  -4209  -4613  -4888  -4899  -4724  -4125 
 -3511  -3236  -3006  -4050  -4265  -4344  -4498  -3576  -3688  -3876  -3929  -3453  -3212  -3274  -3041  -3359 
 -3233  -2978  -3383  -3822  -3838  -4071  -4092  -4026  -3654  -3368  -3251  -3154  -3117  -4476  -4409  -4461 
 -4625  -3429  -3627  -4064  -3954  -3918  -3809  -3677  -3941  -4142  -3436  -2870  -3317  -3613  -3582  -3540 
 -3250  -3411  -3429  -3457  -3375  -3003  -3294  -4675  -4630  -4527  -4450  -3162  -3637  -3920  -4171  -4103 
 -3877  -3775  -3796  -4196  -4176  -3717  -3680  -3392  -3223  -2911  -2854  -3879  -3519  -4033  -4423  -3795 
 -3541  -4515  -4474  -4132  -4184  -3283  -3153  -3026  -3277  -3495  -3641  -3028  -3265  -3989  -4620  -4063 
 -3363  -2748  -2750  -2750  -2840  -3775  -2806  -3873  -3788  -3233  -3540  -4844  -4990  -4724  -4179  -3305 
 -3230  -3668  -4400  -4487  -4006  -3763  -4254  -5081  -5463  -4817  -4039  -3080  -2996  -2995  -3306  -3794 
 -3597  -4087  -4083  -3412  -3411  -4587  -4842  -4738  -4365  -3703  -3724  -4879  -6526  -6000  -5547  -5192 
 -5403  -5799  -5965  -5790  -4932  -3992  -4396  -4306  -4179  -4511  -4547  -4352  -4330  -3502  -3665  -4919 
 -5322  -5152  -5000  -4502  -4835  -5355  -6272  -6371  -5736  -5203  -5125  -5230  -5465  -5339  -4762  -4470 
 -4345  -4362  -4977  -5046  -4855  -4477  -4314  -3409  -3862  -4742  -5393  -5530  -5375  -5168  -6583  -6617 
 -6691  -6411  -6158  -4795  -3784  -3403  -3592  -4052  -3865  -3867  -4297  -4482  -4597  -4965  -4802  -4539 
 -4491  -3729  -4428  -4166  -5019  -5448  -5854  -6084  -7695  -7675  -7169  -5887  -5184  -3639  -4591  -3647 
 -3748  -4260  -3925  -3553  -4497  -4398  -4191  -4412  -4216  -3976  -3782  -3585  -6486  -5386  -4278  -4343 
 -4961  -5701  -7146  -7770  -7229  -5461  -5018  -3953  -6059  -5202  -5178  -5644  -5245  -5032  -4879  -4795 
 -4414  -4778  -4268  -4475  -3725  -3663  -4375  -4379  -4671  -4679  -4487  -4165  -4737  -4902  -4238  -5367 
 -4917  -5003  -4509  -5315  -5622  -5895  -6032  -4840  -4183  -5493  -5929  -4586  -4197  -4581  -3895  -3800 
 -3149  -4489  -6242  -7161  -4876  -4475  -4023  -3456  -3281  -4366  -3809  -4223  -4641  -4277  -4503  -5309 
 -5525  -4154  -4913  -6294  -6906  -4876  -3692  -3702  -3432  -3769  -2820  -3449  -5284  -5810  -3784  -3409 
 -3215  -2772  -2567  -3823  -3899  -3483  -4130  -3513  -3852  -4122  -4359  -3854  -3472  -2900  -4208  -4550 
 -3552  -3637  -3776  -3443  -1996  -2499  -3271  -3163  -3138  -2591  -2645  -2661  -2511  -3034  -3223  -2808 
 -3235  -3089  -3337  -3726  -4355  -5235  -3881  -2561  -3701  -4720  -4865  -4523  -3692  -2952  -2174  -2827 
 -3617  -3411  -3511  -2847  -2476  -2344  -2013  -2002  -2151  -2268  -2708  -2710  -2982  -3637  -4922  -6564 
 -5120  -3994  -5260  -6221  -6608  -5048  -3971  -2607  -2326  -2952  -3418  -3210  -3674  -3366  -3124  -2724 
 -2403  -2114  -2193  -2485  -2891  -3242  -3238  -3375  -4567  -5659  -4859  -4203  -5549  -5892  -5794  -4799 
 -3530  -2470  -2176  -2690  -3209  -3303  -3864  -4166  -4103  -4057  -3222  -2720  -2683  -3014  -3308  -3456 
 -3475  -3480  -3973  -4992  -4883  -4972  -5255  -4854  -4514  -4152  -3270  -2484  -2300  -2933  -3450  -3525 
 -3513  -3575  -3538  -3474  -3165  -2870  -2763  -3010  -3345  -3515  -3642  -3748  -3787  -4076  -4179  -4338 
 -4501  -4414  -4375  -3845  -2951  -2305  -1712  -2294  -2917  -3272  -3228  -3316  -3274  -3250  -3058  -2905 
 -2938  -3032  -3209  -3342  -3406  -3285  -3267  -3207  -3615  -3852  -3708  -3434  -3477  -3110  -2583  -2249 
 -1361  -1874  -2490  -2708  -2576  -2880  -2855  -2860  -2623  -2481  -2433  -2503  -2715  -2913  -2973  -2840 
 -2824  -2647  -2810  -2982  -3021  -3111  -3142  -2864  -2418  -2209  -1207  -1303  -1789  -2191  -2148  -2383 
 -2523  -2489  -2429  -2412  -2345  -2305  -2303  -2422  -2536  -2461  -2382  -2204  -2175  -2166  -2462  -2509 
 -2359  -2292  -2127  -2089  -1166   -983  -1245  -1820  -1654  -1884  -1894  -1804  -1761  -1739  -1857  -1955 
 -1841  -1762  -1811  -1747  -1726  -1823  -1907  -1968  -2407  -2458  -2237  -2042  -1733  -1967  -1417  -1328 
 -1684  -1978  -1805  -2007  -2224  -2009  -1673  -1453  -1501  -1687  -1707  -1878  -1994  -2028  -1931  -1925 
 -1922  -2137  -2260  -2038  -1907  -1912  -1889  -2009  -2899  -3661  -3678  -4217  -3870  -3674  -3230  -4140 
 -4071  -4186  -4210  -3996  -3742  -3575  -3137  -3492  -3853  -4583  -4393  -5195  -5426  -5461  -5429  -4785 
 -4060  -2964  -2547  -3964  -4390  -4453  -4740  -4521  -4161  -4750  -4391  -4111  -4121  -4480  -4477  -4528 
 -4059  -3963  -5038  -6487  -4969  -5250  -4842  -5229  -5643  -4878  -4087  -2992  -2532  -4747  -4777  -4655 
 -4853  -4697  -4988  -4720  -4424  -3557  -3333  -4258  -4379  -4572  -4294  -4049  -4525  -5234  -4711  -4589 
 -4411  -4978  -5291  -4859  -4037  -2812  -2378  -4159  -4611  -4942  -5006  -4111  -4116  -3811  -4066  -3337 
 -3083  -3537  -3544  -3752  -3696  -3793  -3749  -3270  -3685  -4199  -4136  -4342  -4662  -4538  -3758  -2636 
 -2822  -4548  -5113  -4971  -5324  -4317  -3938  -3920  -4500  -4958  -4006  -3608  -3710  -3898  -4126  -3988 
 -3769  -3408  -3613  -3932  -3825  -4181  -4670  -4696  -3761  -2358  -2854  -4406  -5124  -4935  -4812  -3864 
 -4050  -3952  -3975  -4453  -4175  -4364  -4324  -4579  -5020  -4792  -4963  -4740  -4180  -3727  -3229  -4107 
 -4531  -4848  -3835  -2385  -2506  -3788  -3666  -3472  -4106  -3281  -3022  -3354  -4125  -4237  -3828  -4458 
 -4497  -4717  -5738  -5479  -5525  -4857  -4510  -3736  -3352  -4020  -4009  -4173  -3319  -2355  -2499  -4061 
 -3956  -3675  -4159  -3611  -3510  -4776  -6065  -5950  -4692  -4976  -4989  -5459  -5839  -5634  -5149  -4597 
 -4404  -3601  -3522  -3128  -3707  -3365  -2943  -2157  -2036  -3245  -4461  -4210  -5171  -4819  -4860  -5426 
 -7181  -6959  -5061  -5122  -5977  -5615  -5056  -5819  -5316  -4920  -4936  -4770  -5046  -4313  -4553  -4163 
 -3782  -2608  -2174  -3642  -4059  -4015  -4340  -3740  -3776  -4373  -5490  -5794  -5143  -5762  -6147  -5703 
 -5645  -6294  -5544  -5673  -5033  -4960  -5724  -5875  -5530  -5235  -4603  -3317  -3058  -4222  -5111  -4347 
 -4924  -5070  -4727  -5444  -5567  -6452  -6150  -5738  -4989  -4763  -4870  -5790  -5212  -5343  -5761  -5239 
 -5309  -5714  -5639  -5633  -4914  -3843  -3389  -4045  -5071  -5434  -5900  -5613  -6393  -6810  -6979  -5840 
 -6062  -5892  -6074  -6353  -6290  -6077  -5623  -5241  -5812  -5688  -5746  -4892  -4306  -4921  -3762  -3881 
 -5029  -4224  -4496  -5790  -7376  -6420  -7641  -8097  -7586  -5451  -5761  -5613  -6000  -6944  -8885  -9394 
 -8820  -6705  -6100  -6180  -6753  -4551  -3667  -4347  -3033  -3408  -3752  -4970  -6021  -7174  -7520  -6319 
 -6733  -7287  -7262  -7345  -8220  -6864  -7352  -7884  -8005  -7357  -6794  -5746  -6563  -7087  -8141  -5553 
 -4734  -4374  -3142  -3779  -3731  -6474  -7466  -8719  -7937  -7409  -7170  -7171  -7411  -7438  -8520  -7055 
 -8153  -6252  -6574  -6718  -5765  -5234  -7196  -8320  -9038  -6499  -4996  -4165  -3807  -3992  -3747  -6660 
 -7882  -8482  -7784  -7131  -7287  -7579  -7654  -7806  -8151  -6725  -8056  -7534  -7407  -7329  -7684  -8756 
 -8173  -8917  -8755  -7963  -7776  -5872  -4735  -3967  -3414  -5882  -7089  -7135  -7666  -6446  -6533  -6939 
 -6915  -7040  -7024  -6092  -7062  -7225  -7049  -7499  -8931 -10744  -9565  -9808 -10036  -9402  -9139  -7550 
 -5345  -3790  -3600  -6073  -7512  -6826  -7113  -7062  -6678  -7094  -6626  -6523  -6217  -6375  -6727  -6735 
 -6608  -8298 -10069 -11894 -11245 -10974 -11970 -11477 -10937  -8589  -5992  -3906  -3519  -5101  -6405  -6281 
 -6265  -6759  -6086  -6053  -5663  -5198  -5315  -5578  -5803  -6084  -6207  -7514  -8476  -9569  -9778  -9430 
-10930  -9196  -8765  -7331  -5410  -3576  -3901  -4644  -5897  -6134  -5955  -6251  -6018  -6108  -5700  -5213 
 -5262  -5639  -5949  -5904  -5606  -6169  -6282  -7199  -6913  -6568  -7504  -6166  -6129  -5529  -4534  -2902 
 -3372  -4151  -5358  -5755  -5479  -5574  -5479  -5317  -5043  -4928  -5222  -5326  -5658  -5727  -5727  -5927 
 -5786  -5829  -5660  -5119  -5622  -5704  -5572  -5128  -4135  -2720  -2987  -4194  -5262  -5575  -5140  -5054 
 -4924  -4707  -4673  -5055  -5679  -5629  -5822  -5694  -5709  -5625  -5539  -5131  -4951  -5038  -5054  -5156 
 -5015  -4651  -3901  -2560  -2911  -3915  -4988  -5563  -5009  -5138  -5392  -5451  -5316  -5732  -5917  -5906 
 -5787  -5578  -5679  -5752  -5960  -5465  -5418  -5481  -5643  -5315  -5072  -4412  -3855  -2590  -2876  -3824 
 -4725  -5194  -4816  -4877  -5212  -5524  -5474  -5792  -5911  -5787  -5614  -5417  -5541  -5702  -5798  -5559 
 -5457  -5731  -5800  -5540  -4979  -4242  -3933  -2645  -3253  -3982  -4635  -5182  -4903  -5153  -5160  -5229 
 -5171  -5505  -5447  -5208  -5077  -4960  -4927  -5075  -4976  -4963  -4630  -4884  -5258  -5419  -4624  -3643 
 -3654  -2540  -2511  -2326  -2411  -2699  -2828  -3082  -3162  -3091  -3481  -3776  -3176  -2714  -2780  -2871 
 -2636  -2618  -2482  -2828  -2832  -2799  -2853  -3087  -3204  -2514  -2483  -2204  -1951  -2056  -2445  -3067 
 -3410  -3096  -2545  -2608  -2179  -2290  -2518  -2632  -2844  -2554  -2240  -2405  -2751  -3452  -3162  -3506 
 -3901  -3777  -3652  -2974  -2385  -2085  -1753  -2603  -3424  -4114  -4992  -4751  -4107  -4234  -3254  -3000 
 -3391  -3941  -4289  -4339  -4021  -3894  -4663  -6155  -4688  -4968  -5064  -5150  -5174  -4481  -3787  -2640 
 -1175  -3044  -3676  -4063  -5040  -5027  -4976  -4468  -3804  -2892  -3336  -4099  -3985  -4141  -3939  -4116 
 -4471  -4700  -4594  -4969  -5069  -5437  -5453  -4812  -4080  -2612  -1135  -2917  -3684  -4241  -4681  -4354 
 -3690  -3232  -3339  -2888  -2840  -3041  -2951  -3225  -3425  -4016  -4197  -3292  -3865  -4678  -4937  -5072 
 -4780  -4205  -3682  -2574  -1198  -2455  -3772  -4431  -4874  -4445  -3663  -3681  -3461  -3043  -2609  -2505 
 -2404  -2616  -3185  -3776  -4097  -3609  -3920  -4310  -4337  -4512  -4161  -3893  -3281  -2467  -1407  -2389 
 -3273  -3566  -3960  -4103  -3852  -3742  -3685  -3322  -2878  -2474  -2105  -1959  -3020  -3577  -4112  -3851 
 -3611  -3170  -3567  -4744  -4407  -3692  -2968  -1940  -1486  -2212  -2893  -3383  -3860  -4037  -3886  -3573 
 -3998  -3349  -3015  -2864  -2555  -2170  -3840  -4195  -4482  -3851  -3690  -3001  -3204  -4000  -3922  -3846 
 -3070  -2078  -1396  -2333  -2651  -2539  -3776  -3881  -3754  -4270  -4181  -4351  -3503  -3435  -3442  -3261 
 -4336  -4918  -4945  -4089  -3881  -3183  -3394  -3439  -4140  -3472  -2877  -1838  -1417  -2692  -3720  -3210 
 -4542  -4110  -4371  -4616  -4654  -5346  -4420  -4087  -4478  -3845  -4423  -5520  -5068  -4169  -3543  -3258 
 -3964  -3602  -4133  -3160  -2423  -1483  -1234  -2968  -4032  -4536  -4391  -3879  -4328  -4886  -4385  -5273 
 -5378  -5444  -4847  -3828  -4438  -5372  -5306  -5059  -3751  -3984  -4873  -4608  -4802  -4211  -3296  -1995 
 -1618  -2893  -3884  -3853  -3766  -3551  -3780  -4334  -3583  -4738  -5314  -5803  -5040  -5052  -5269  -6247 
 -6081  -5056  -4078  -4095  -4608  -4885  -5078  -5088  -4049  -3195  -2350  -3166  -4172  -4614  -4762  -5342 
 -6019  -6796  -6469  -5299  -5138  -4720  -5820  -6441  -6067  -7558  -7108  -5954  -5106  -4853  -5266  -4937 
 -5067  -5696  -4840  -4059  -5684  -4505  -3801  -4429  -6320  -6981  -8091  -8825  -7835  -5087  -4607  -4162 
 -5968  -7295  -9445 -10688  -9995  -8302  -6472  -5902  -6534  -5367  -5038  -5456  -4884  -3527  -2434  -4421 
 -4719  -5693  -5768  -6140  -6669  -7371  -7610  -7091  -6643  -6694  -6496  -9117 -10714  -9811  -8978  -8259 
 -7415  -7162  -7239  -6523  -6356  -5760  -4760  -4075  -2941  -5312  -6847  -7639  -5906  -6390  -6394  -6868 
 -7835  -7301  -7588  -6725  -8196  -8227 -10260  -9876  -8133  -6626  -7186  -7969  -8194  -6977  -6268  -4993 
 -4523  -4063  -3639  -6116  -6643  -7064  -6619  -6377  -6590  -7372  -7727  -7918  -8587  -6924  -7869  -7138 
 -7116  -7035  -6427  -7058  -7304  -8858  -8682  -8410  -8114  -5211  -4586  -3566  -2909  -5095  -6420  -5788 
 -6470  -5783  -5913  -6735  -6696  -6681  -6763  -5979  -6905  -6429  -5895  -6453  -6894  -8969  -8740 -10127 
 -9254  -8797  -8796  -5781  -4630  -3215  -3003  -5130  -6666  -5876  -5983  -6458  -5754  -6011  -5662  -5411 
 -5413  -5648  -5790  -5394  -5204  -6741  -7500  -9641  -9882 -10063  -9849  -9019  -8774  -6173  -4462  -2937 
 -3252  -4533  -5399  -5671  -5724  -6211  -5517  -5331  -5151  -4762  -4816  -4801  -4898  -4743  -5235  -6310 
 -6783  -8028  -8544  -8614  -9677  -7634  -7628  -5845  -4337  -2876  -3157  -3582  -4600  -5368  -5549  -5671 
 -5284  -5141  -4844  -4638  -4658  -4754  -4956  -4981  -4988  -5178  -5255  -6452  -6575  -6532  -7562  -6383 
 -6220  -5322  -4471  -2737  -2853  -3903  -4839  -5332  -5119  -5025  -4938  -4624  -4485  -4406  -4735  -4763 
 -4898  -5030  -5316  -5443  -5148  -5693  -5695  -5736  -5970  -6035  -5728  -5218  -4237  -2659  -2183  -3632 
 -5074  -5603  -5425  -5257  -5094  -4779  -4815  -5168  -5700  -5592  -5592  -5621  -5735  -5482  -5375  -5004 
 -4904  -5124  -5262  -5502  -5172  -4847  -4128  -2880  -2315  -3438  -4640  -5524  -5219  -5076  -5179  -5255 
 -4959  -5545  -5896  -5892  -5576  -5400  -5616  -5320  -5215  -4689  -4229  -4298  -5018  -5001  -4682  -4214 
 -3738  -2811  -2517  -3294  -4359  -5208  -5011  -4901  -4932  -4985  -4879  -5263  -5676  -5581  -5216  -4999 
 -4980  -4858  -4789  -4209  -3848  -4117  -4695  -4936  -4288  -3853  -3627  -2825  -2572  -3510  -3904  -4881 
 -4540  -4561  -4451  -4378  -4560  -4932  -5252  -5048  -4790  -4756  -4697  -4764  -4561  -4175  -3739  -3703 
 -4360  -4710  -3743  -3300  -3461  -2761  -2531  -3148  -3381  -3788  -3625  -3588  -3587  -3306  -3593  -3793 
 -3557  -3409  -3484  -3709  -3441  -3351  -3228  -3437  -3482  -3356  -3336  -3666  -3472  -3040  -3226  -2940 
  -265   -204   -512   -983   -528   -642   -909  -1637  -1579  -1331  -1202   -540   -431   -622  -1063  -1701 
 -1958  -2099  -1729  -1729  -2014  -2067  -2126  -1835  -1439   -882   -320   -580   -847   -865   -779  -1561 
 -1850  -2222  -1640  -1895  -1356   -791   -626  -1150  -1622  -1808  -3105  -4512  -2586  -2029  -2247  -2256 
 -2366  -2190  -1494   -788   -250   -282   -653   -338   -143   -691  -1300  -1694  -1247  -1485  -1008   -598 
  -412   -747  -1155  -1421  -3197  -3721  -2062  -1500  -1953  -2285  -2246  -1873  -1211   -573   -119    130 
  -214    148    239    182   -472   -262     22   -373   -154    -51   -217   -702   -443   -523  -2350  -2170 
 -1055   -965  -1587  -1853  -2050  -1702  -1165   -437   -207     48    -73   -109   -194     -5    -17    202 
   -17   -592   -133   -179   -301   -744    529   -452  -1744  -1541  -1524  -1333  -1475  -1890  -2407  -1637 
  -707   -290   -284   -213    172    555    383     65   -242    -63  -1362  -1884  -1351  -1177  -1633  -2464 
 -1221   -966  -1569  -1819  -1963  -1391  -1534  -2819  -2857  -1981   -973   -710   -302    -65   -183   -160 
  -243   -538  -1094   -963  -2011  -2099  -1688  -1575  -2100  -3050  -2642  -1977  -1997  -1616  -1993  -1387 
 -1098  -1721  -1664  -1478   -579   -501   -443   -228   -490   -338    -35   -130   -519  -1347  -4012  -3254 
 -1352  -1747  -1794  -2508  -1882  -1981  -1452  -1282  -1943  -1031   -378   -696   -768   -938   -642   -668 
 -1079   -967  -1088   -576    252     80   -121  -1429  -4421  -3345  -2660  -2603  -1700   -830   -563  -1120 
  -781  -1102  -1678  -1614  -1279  -1268   -402   -414   -896   -723   -746   -857  -1372  -1349    -40     65 
   -77  -1116  -2921  -3069  -3493  -3509  -2998  -2378  -1971  -1628  -1193  -1614  -1717  -1705  -2151  -2764 
 -1453   -724   -776   -866  -1595  -1462  -2219  -1218    -39   -932   -590  -1464  -2599  -4403  -4997  -5091 
 -4197  -4012  -3559  -3049  -2293  -2097  -2638  -2352  -2384  -3793  -2110  -1643  -1390  -1869  -3372  -3572 
 -4085  -4431  -4303  -5227  -5525  -6314  -6384  -5167  -4486  -4256  -5356  -5672  -5343  -4027  -3485  -4240 
 -4857  -3879  -3174  -4123  -3471  -3400  -2910  -3387  -6416  -5284  -3464  -4325  -6586  -6110  -7101  -7628 
 -6530  -3977  -3688  -3180  -5710  -6078  -6097  -4855  -4391  -4559  -4113  -3428  -3648  -3231  -3888  -4582 
 -3092  -2987  -3967  -4327  -3832  -4891  -5258  -3992  -4169  -4522  -4564  -3601  -4040  -3789  -5149  -6139 
 -5509  -5490  -4883  -3899  -3942  -3574  -4003  -2373  -3323  -4722  -3263  -3630  -2864  -4441  -4502  -5413 
 -4862  -4130  -3766  -3999  -3996  -3502  -4545  -4432  -5001  -5323  -5966  -6279  -5220  -4740  -4071  -3722 
 -4081  -2598  -2497  -4111  -3851  -3775  -3428  -4054  -4404  -5532  -4224  -3721  -3544  -3793  -3690  -3774 
 -4101  -3523  -2694  -3897  -4587  -4694  -4718  -4221  -3394  -2859  -3133  -2575  -3435  -3780  -4339  -3769 
 -3242  -3411  -3697  -4662  -3447  -3527  -3426  -3776  -3638  -3843  -4167  -3470  -3586  -4009  -4236  -4065 
 -3688  -3371  -3326  -3656  -3501  -3680  -4444  -4387  -3858  -3372  -2850  -3507  -4151  -4322  -3799  -3907 
 -3855  -4123  -3772  -3698  -3636  -3733  -4107  -4014  -4215  -4330  -3419  -3071  -3391  -3864  -4607  -4861 
 -5676  -4486  -3962  -3394  -3263  -4548  -5237  -4820  -4972  -4735  -4397  -4244  -4160  -3888  -3861  -3916 
 -3923  -3545  -3928  -4009  -4080  -4437  -3788  -3600  -5295  -4725  -5092  -4216  -3979  -3552  -3601  -4309 
 -4860  -4744  -4991  -4999  -4687  -4306  -4192  -3938  -3945  -4169  -4197  -3917  -3721  -3774  -3872  -5146 
 -4360  -3587  -4516  -4152  -4311  -3696  -3761  -3168  -3977  -4444  -4711  -4309  -4159  -3961  -3859  -3791 
 -3617  -3376  -3487  -3632  -3845  -3696  -3481  -3694  -3629  -4161  -4028  -3531  -4021  -3870  -3503  -3560 
 -3387  -2916  -3155  -3756  -4081  -3863  -3590  -3620  -3730  -3730  -3635  -3557  -3784  -3713  -3848  -3712 
 -3511  -3490  -3641  -4058  -4132  -3773  -3787  -3868  -3461  -3134  -2904  -2462  -2777  -3408  -3798  -3874 
 -3612  -3638  -3845  -3854  -3626  -3598  -3517  -3528  -3689  -3619  -3468  -3450  -3628  -3757  -3831  -3540 
 -3904  -3736  -3320  -2818  -2583  -2257  -2624  -3389  -3433  -3548  -3456  -3473  -3778  -3782  -3858  -3902 
 -4069  -4074  -3987  -3662  -3514  -3624  -3810  -3820  -3692  -3789  -4048  -3758  -3430  -2925  -2620  -2137 
 -3052  -3815  -3506  -3653  -3591  -3695  -3800  -3903  -4137  -4201  -4219  -4022  -3835  -3530  -3527  -3638 
 -3720  -3694  -3572  -3771  -4093  -3882  -3408  -2946  -2762  -2090  -2277  -2862  -2766  -2561  -2610  -2769 
 -2973  -2939  -3121  -3113  -2888  -2556  -2485  -2359  -2214  -2294  -2381  -2630  -2521  -2593  -2831  -2779 
 -2770  -2814  -3019  -2500    667     91   -435    117   -564     99    289   -215    378   -270   -593   -131 
  -211     39   -190    -26   -170      2   -411   -145   -219    -76   -134    177   -311   -587    664    449 
  -682    514   -566    326    956   -394    490     16   -689    317   -132    402   -155    101    650    -23 
  -506     22   -197    -50   -239    191   -150   -110    394    450   -965    579   -710    254    836   -608 
   424    151   -833    318   -317    146   -454      6    904   -313   -686    -79   -240   -226   -241    372 
   265     59    318    305   -992    564   -776    271    806   -664    213    -53   -499     61   -106   -223 
  -552   -346    762   -567   -587    150    -84     35    -94    398    262    -52    260   -203   -683    669 
  -839    186    847   -745    332      9   -220   -242    358   -465   -598   -486    230    -79   -292     13 
  -175    -77   -333    482     -2   -114    314   -495   -228    311   -680    231    500   -470    352    -67 
  -257   -420    638   -483   -515    -60   -156    227    -37   -164    -84     79   -461    852   -183   -292 
   431   -856    634   -306   -634    122     10     44    309   -258   -303   -156    825   -384    -94     55 
  -204    284     78   -295      6    147   -567    506   -214   -104    446   -775    833   -210   -624    136 
   -68    698     56   -667    232   -478    469   -249    -92   -126   -300      0    378   -700   -145   -128 
  -356    255    123   -147    264   -385    479     64   -542    337    104    591     26   -474    771   -846 
    16   -233   -242   -339   -298    100    526  -1160    -30   -292    -97    128    476   -251     86   -283 
   -15     72   -160    138    -59    144    -21    -18    354   -734    -16   -289   -102   -364    -77    -65 
   587   -570    127   -239     48    -58    630   -249    -13   -545     42     22     84    201     40   -221 
  -296    -31    337   -364    269    -73    -60   -343    -46   -339    625   -181   -265   -266    -81      3 
   653   -232   -148   -311    305   -572    165   -430    123   -211   -520    135     96   -169   1155   -600 
  -232   -225   -156   -208    434   -266   -351   -123   -395    -69    585   -120     12     93    253   -819 
    75   -774    545    -82   -331    321    -10    -49    961  -1212   -389     28    262   -236    -71   -341 
  -393    218   -451   -292    215     23     80    546    406   -727     -8   -548    511    141    227    550 
  -645    147     43   -574    128   -210     69   -299   -325   -296   -141    126   -619   -115     43    160 
   294    700    801   -892   -316   -428    -13    161    687    601   -608    199   -748   -935    -75     42 
   319     97     45     12   -121   -130   -513    -14     42    216    425    155    447   -557    -94   -503 
  -180    177    462   1042   -271    121   -958   -823   -296   -189    544    669   -313    244    -35   -317 
  -312   -155    182    187    413   -268     50   -150   -339   -613   -138    -22    149    707   -150   -206 
  -538   -287   -135    174    720    794    -88    512    196     87    -81   -823    503    102    357   -392 
  -100   -236   -241   -542   -169    -13   -178    136   -139   -367   -304     67     14    218    629    206 
   233    845    305    295    139   -715    565     43    226   -390   -302   -253   -231   -151   -218   -219 
  -288    -61    -99   -314   -196     52    -46    179    612   -445   -194    598    -31    174     87   -323 
   527     -7    367   -501   -291   -101   -317   -105    -45     32   -139    -47    138   -113    -31      8 
  -152     45    514   -698   -542    211    -93    128    -80   -424    625     41    600   -789    -84   -174 
   -49   -109     -2    151     62   -108    188    -15     73     19   -157    -34    103   -275   -213   -142 
   -51      6    -47      0    597     62    483   -782     76    -55    132     -1      1    260     69   -252 
    97     22    -10   -134   -133    -30    -70     43     63   -344   -161    -66   -232    150    376     72 
   219   -550   -126     38     66    -44    -67    221     34   -123    -15     43     95    -81    -98     40 
     8    112    106   -237    -45     60   -142    171    224     49     79   -340   -345     28     35    105 
   133    170    -63    -16   -181     49     -2   -100   -167    -16    -18     32    -48    -70     61    140 
  -143     70    220    -62    171   -134   -294    147     88    124    270    177    -41     39   -245     90 
    -5    140     85     66    115     24     37    161    -11    -25     36    233     70   -359    464    126 
  -294   -123   -117    -81   -112   -161   -287   -199   -209   -190   -314    -68    -63   -113   -183   -259 
   -42    146   -143   -170     26    198   -306   -565    974   1200    842    807    930    828   1031   1173 
   921    952   1156   1246   1464   1458   1463   1216   1091   1299   1103    938    964    791    694    810 
   893    676     10     41    212    337    455    197    311    452    152     66    252    553    456    330 
   267    115    -19    223    -60    -40   -155   -170   -284   -276     54    456   -182   -289   -191   -316 
  -271   -405   -553   -598   -620   -642   -478   -187   -402   -484   -466   -427   -337   -112   -405   -171 
  -135   -152   -222    -91    145     99    -93   -180   -158   -168    202    161    143    261    325    424 
   570    380    174    275    224    -52   -297   -473    -94    219    279    359    395    282    219    102 
   223    218     73    139    245    374    446    429    370    377    623    365    211    335    375    234 
  -169   -398     91    301    292    426    461    474    587     89    242    230     72     98     26      3 
  -114   -106   -115   -333   -454   -219    153    235    315    559    442    361    533    442    228    225 
   230    402    212     92    260    341    417    702    165   -233   -490   -187    146     23    -26    142 
  -143   -326    341    592    562    254    149     58     58     10      6   -563   -783   -180    114     83 
   254    269    440    644    724    592    858    496    508    597   -169   -291   -275   -956   -690   -418 
   243    315    -24   -119   -295   -276     95    146    173     46    -44   -217    251    -81   -100   -672 
  -661    -77    231    349    497    280    -30     26     79    146     97    399    626    942    727    626 
   702    469    281    362     84   -424    146     99    214     53   -182    -49   -286   -357    -43    183 
   576    641    469    180   -137    174    675    868    942    945    816    429    447    369    333    775 
   797    737    800    629    341    224    312    356    836   1032    792    507    366    597    591   1000 
   823    366    466    439    297    400    131    490    916    702    804    564    787   1410   1051    947 
    94    255   1068    935     40      0    108     77    258   -238   -178    403    540    467    314    227 
  -299   -164   -396   -569   -225   -266   -324   -213   -244    364    218    497     84     25    654    665 
   581    556    217   -100   -156    137    268    323    266     73   -150   -174    435    273   -561   -428 
  -668   -772   -545    546    259     88   -470  -1108   -565   -402   -427   -237    176    102    254    342 
  -203   -420   -132    -52   -263   -539    -37    282     47   -314   -339   -338   -294  -1062   -575   -671 
  -444  -1080  -1804  -2014  -1882  -1103   -460   -397   -146     74    -91   -373   -377   -196   -233   -660 
 -1480  -1260   -521   -134    -40   -224   -509   -901   -605   -709   -748   -421   -424   -526   -253    407 
   -56   -742   -583   -196     48    -71   -337   -353   -124   -104   -247     51    129     47    -45   -115 
  -285   -546   -507   -753   -633   -186    -73    -47     77    -23    -86   -499   -478   -106    504    161 
  -251   -403   -288   -294   -128   -173   -150    191    285    248    256    117      3   -183   -164   -183 
   122    147     14   -214   -578   -897   -766   -349    -84    -31    -90   -362   -204   -252   -293   -461 
  -443   -404   -406   -598   -664   -523   -370   -208   -149   -127    -28   -449   -714   -660   -769  -1220 
 -1297   -962  -1143   -934   -557   -448     -5    116    -30   -194   -224   -401   -566   -325   -124     41 
    13     14     18    -14   -184   -706  -1374  -1532  -1206  -1332  -1231  -1291  -1247  -1001   -586   -475 
  -329   -321   -152    -62    -39    -31    -88     17    201    304    253    219    188    -12   -146   -221 
  -463   -432   -255   -311   -184   -325   -284   -343   -279   -384   -105     -8    -39     -2    -60    -90 
   -34   -114   -181   -135   -143    -72      7     65     40    -42    -68   -143   -229   -229   -190   -105 
   -82    -45   -205   -399   -180   -126    -80   -163   -189   -229   -238   -243   -201    -91      8     14 
     8     10     55     29     28    -13     -8     23     10    162    206    111    -31   -251   -317   -254 
   -95    -26     20    130    189    247    308    269    229    219    206    150    284    313    360    435 
   384    237    237    167    200     78     70   -208   -396    -43    268    315    294    366    414    472 
   360    330    243    175    140    233    264    320    377    277    224    371    322    136    210    338 
   149   -395   -921  -1212  -1026   -926   -911   -805   -769   -750   -838   -762   -597   -573   -646   -651 
  -617   -564   -662   -695   -751   -813   -859   -785   -820   -838   -856   -750   -100     84    100     40 
    17     66    113    -34     64    107    111     17     27    104    126    119     88    109    135     51 
    97    169    183    229    202    -81   -187    -85    -74   -107    -96    -28     -7   -122    -45     84 
    69   -129   -110    -42     -5     -9     41     57     57    -98     17    108     88     99     87   -329 
  -281   -135   -161   -104   -126    -42    -48   -165   -105     81    112   -180   -116      1    -52   -134 
    63     36     13   -160    -26     55     27     35      7   -435   -318    -72   -121    -43   -124      8 
   -88   -148   -188    -19    -23   -212    -47    188    -18   -122     83    160     46   -117    -45     28 
    34     34     23   -397   -327    -17   -113    -52   -110    -13    -90   -202   -174   -152    -93   -213 
    20    249    -42    -70    105    176     63    -31    -26     38     82     15     41   -347   -297    -84 
  -128     25   -102    -15    -11   -147   -130   -139    -71   -166     66    228    -41     86    126     67 
    24    -27    -14      8    128     93     33   -289   -306   -162     -3    118    -71     45     52    -72 
   -17    -60     -4    -53    121    201     59    186     83    -17     29     -4    -59     -3    158    141 
    40   -357   -290    -79     33    118    -83     27    108    -31    -38    -27    102    127    103     79 
    29    158     17     -3     31    -11   -148   -103    -15     53     14   -415   -315    -42     83     81 
    41     42    102    103    -65    -29    156    133    -19    -74     26     37     -6    -35     21     33 
  -169   -162   -162   -105    -38   -388   -379    -65     19     98    -51    -82    -27     24    -95      1 
   155    103    -18    -73    -10    -46     11   -112    -52     -7    -81   -150   -206   -256   -150   -422 
  -407    -87     54    125    -80   -113   -154     31   -106    -36      6    -18     48     91     48     19 
    59    -23    -78     84    123    -69   -122   -254   -163   -415   -372   -141      9     37   -163   -212 
  -309   -188   -266   -117   -132    -51    127    130    124    137    201    127    -52     68    103     -5 
   -35   -170    -14   -397   -271   -189    -65   -110   -236   -207   -333   -292   -365   -148   -266    -42 
    25     73    152    259    235    119   -125    -11     10    -92    -15    -61    103   -437   -311   -210 
   -21    -15   -230   -116   -177   -130   -265    -80   -158     39     -1      1    165    319    293    184 
   -66     78    132   -105    -80     15    109   -458   -260   -146     60    147    -13    -36    -47    -24 
  -160    -27    -51     97    -71    -38    117    211    195     26    -14    114    159    -24    -47     74 
    92   -514   -206    -80     72    186     32     24     23     65      0      8    -19    199     14    -25 
   -10     34    108    -95     47     52    142     41     49    137    110   -504   -188     28     75    241 
   100     92     86     96     71     45     66    220     53     10     -2     45    113     26     65    -47 
    43     50     70    171    120   -435   -273    104    126    320    171    169    228    190    177     91 
   124    149    102     56     70     56    201    200    138    -21     -4    159    130    201    130   -370 
  -295    121    158    296    261    250    335    291    235    171    163    139    133    102    142     36 
   218    201    159     83     42    230    174    155     97   -349   -274     58    138    135    164    128 
   168    123     90     58     60     65     65     79    143     23    178    178    159    179    124    269 
   229    169     92   -381   -209      3     95     29     64     32     53     36     25     13    -12     32 
    10     59    119     76     75    103    114    149    106    126    106     68     41   -409   -266    -29 
    59     13     68     65     83    102    111    116     59     81     48     69     77    116    128    159 
   169    140    125     74    113    110     37   -410   -346     -6     64      8     61     83    100    114 
   135    145     75     71     71    100     90    112    110    123    104     82     74     59    119    121 
    49   -416   -391     24    121     90    124    153    181    192    215    183    122     98    123    138 
   119    109    121     88     91     99     83     82    143    146     65   -365   -323     83    200    147 
   153    155    206    236    257    185    127    149    147    139    157    182    215    168    175    195 
   169    127    195    230     83   -277   -181    142    250    246    234    234    265    285    281    199 
   229    326    316    274    287    313    319    280    260    276    257    193    228    274    169    -96 
   -89   -223   -247   -255   -201   -191   -172   -186   -261   -266   -244   -191   -154   -193   -196   -236 
  -244   -286   -284   -301   -320   -351   -366   -354   -311    -33    -51    -90    -86    -65    -37    -50 
   -80    -92   -124   -145   -148     17     19    -13    -12    -68   -177   -173   -127   -122   -136   -129 
  -137   -109    -88    149    214    102     83     99     99     -4    -39    -19     50      6     18    100 
   114     73    114    125     -2    -13     58     58     26      2      6     67    109    255    337    235 
   165     95     90      4     77    129    208    198    137     93      9    -93      5     54    -60    -53 
   -13      7     -4     20      8     46     92    251    419    189     81     -9     23    -16     49     63 
    87     40     44     43    -93   -162    -36     20    -56    -99    -31     17    -25    -16    -41    -45 
   -43    193    403    224     25    -95    -42    -78    -88    -91    -32     53     85     42    -12   -100 
   -38    -13    -29    -71    -47     32     -8   -128   -138   -205   -241    106    378    154    -69   -222 
  -113   -109    -25    -16    -80     -9     96     96    -34    -85     16     45    113     31     -2     61 
   -15   -173   -161   -103   -102    211    323    127    -91   -174     -9    -46    -50    -75   -172   -169 
    -3      3     36     35    111     76     99     68      8    108    199    167     87     94    164    397 
   330    144      2   -117   -129   -171   -171   -206   -190   -105    -95    -35     36     73    136    120 
   230    161   -104    -62    210    255    278    281    296    446    250     95     98     63     87     24 
    49     27     37    -60    -84    -29    -49    -37     15     33    125    137    147     45     12     13 
    97    187    260    367    179     19   -101   -146    -46   -122   -110   -139    -72   -125   -162   -142 
  -135   -134   -128    -83    -66    -73    -59   -301   -199     21     93    181    196    238     31     23 
  -165   -196    -61    -73    -55   -101    -37    -99    -86    -70   -195   -244   -275   -241   -244   -232 
   -74   -142    -90    -47      6    107     98    146   -127   -118    -21    -66   -131   -138   -107   -125 
   -57     65    151    192    -14    -86    -84   -165   -172   -170     61    118    122     82    -32    -41 
   -23    187    104     48    281    286     97    -45    -74   -144     68    274    310    307    150     -4 
    -3    -11    -61    -88     56    256    297    230     12   -108    -65    151    293    267    402    372 
   239     75      6    -44     67    213    205    238     73    -19   -145   -169   -168      0    238    387 
   426    357    172     16      4    185    328    269    381    345    178    110     43     19     28     63 
    31    -13     -3      6     12    -12    -10     64    129    336    348    349    159     60    126    390 
   252    107    193    105     53     20    -32    -41    -57    -92   -161   -167    -67     -1      0     36 
    31     74     89    163    196    200    -46    -30    123    466    205     37    -47    -98    -73   -132 
   -75    -67    -71    -34    -79   -100    -18     25     26     45     20    -49     37     25     39      6 
   -23     30    123    416    168    -83   -199   -281   -243   -321   -336   -278   -213   -179   -181   -178 
  -114    -76    -23     40     40    -13     -4    -40    -84   -105    -87     76    176    421    110     -2 
   -41    -82    -72   -163   -149   -128    -92    -92    -75    -85    -78    -55    -32     26    -17   -111 
  -102   -162   -163   -213   -225    -10    156    466    145    -14     -7    -21     20     -6      1      9 
    15     17     34     16      5    -20    -34    -19     17     -6    -35    -76    -71    -81    -65     98 
   247    543    308    159     89     30     61     26     25     -1    -30      3     25     21     31     37 
    27     -2    -53    -99   -151   -171   -109    -52    -33     88    222    501    357    251    129     90 
   122     78     66     37      3     12     35     47      8    -42    -31    -33    -40    -31    -51    -54 
   -59    -42    -68     56    146    403    306    205     79     32     42      8    -24    -80    -82    -78 
   -50    -30    -47    -68    -45    -51    -43    -29    -24    -43    -48    -13    -48     35     93    258 
    97    -41    -59    -93    -38    -61    -90   -120   -135   -115   -111    -82    -69    -41    -36    -80 
  -130   -157   -158   -172   -193   -138   -167   -107    -74     81    -36   -225   -275   -307   -282   -313 
  -333   -318   -314   -317   -344   -388   -393   -365   -348   -371   -387   -373   -360   -357   -351   -303 
  -305   -304   -304    -78  -6183  -6928  -7969  -7757  -7746  -8004  -7756  -7477  -7245  -7629  -8307  -8051 
 -7451  -7157  -7093  -7355  -6899  -6725  -7284  -7289  -6792  -6503  -6507  -6761  -7040  -7424  -5096  -5609 
 -7108  -6904  -7103  -7649  -6026  -5239  -6076  -6416  -7224  -7688  -6102  -5630  -5560  -6201  -4848  -4437 
 -5658  -6213  -5600  -6122  -6250  -6533  -6522  -6299  -5709  -6386  -7269  -6575  -6959  -8034  -6708  -5870 
 -7163  -6969  -7859  -8266  -7323  -7085  -7009  -7490  -5787  -4893  -7084  -7249  -7053  -7593  -8013  -7983 
 -6624  -5328  -6419  -7720  -8368  -8260  -8232  -8656  -7505  -6557  -6876  -7141  -7442  -7999  -7819  -7860 
 -7761  -8494  -6874  -5521  -7741  -7852  -7529  -8348  -8681  -8207  -6694  -5190  -6643  -8114  -8550  -8625 
 -8422  -8769  -7311  -6483  -6378  -5830  -6292  -7488  -7132  -6737  -8008  -8502  -7916  -7028  -7860  -7798 
 -7431  -7863  -8573  -8314  -6924  -5850  -6248  -7640  -8194  -8358  -8275  -8471  -7209  -6693  -6099  -6337 
 -6241  -7943  -7737  -7363  -8631  -8863  -8255  -7824  -7532  -7630  -7850  -7060  -8106  -6749  -5617  -5833 
 -5779  -6932  -7012  -6756  -8461  -9143  -8653  -8191  -6522  -7131  -7662  -9128  -8520  -7753  -9156  -7996 
 -8140  -8317  -7843  -8248  -8049  -6672  -7191  -7240  -6848  -6144  -5265  -6124  -6455  -6143  -8521  -8839 
 -8124  -7440  -5389  -7460  -7457  -8175  -9123  -8472  -9117  -8698  -8191  -9528  -7932  -8620  -9054  -8396 
 -8880  -8118  -7627  -6100  -5111  -5753  -6285  -4874  -7337  -7018  -6072  -6641  -4746  -6976  -5162  -5882 
 -8764  -8792  -9055 -10102  -9510  -9462  -7058  -7672  -9149  -8312  -9349  -8886  -7645  -6401  -4506  -5142 
 -5867  -5758  -7313  -7618  -7426  -8164  -5852  -6196  -4541  -5430  -7337  -7750  -8228  -9120  -8676  -8849 
 -6966  -7116  -7206  -6149  -7288  -7766  -6892  -5913  -4074  -5470  -6090  -6002  -6638  -7277  -6941  -7851 
 -7411  -6712  -5258  -5110  -5579  -5425  -5159  -6510  -6579  -6991  -5501  -5154  -5805  -5243  -6047  -6275 
 -5762  -4855  -2998  -3965  -3724  -4330  -4787  -5671  -5448  -5715  -5253  -3796  -3618  -2934   -823   -694 
 -3095  -4712  -5504  -4697  -3503  -4133  -5507  -4421  -4360  -5171  -4900  -3495  -2207  -2850  -2816  -4079 
 -3353  -4859  -3810  -2878  -1853  -1566  -2550  -1560    333   -113  -3640  -4604  -4569  -3942  -4341  -4343 
 -6236  -4412  -3500  -3828  -4281  -3209  -3761  -4174  -2266  -4105  -4909  -6608  -6366  -5832  -4399   2126 
  -850   1189  -1815  -3468  -4494  -2601  -2915  -3859  -5376  -4465  -6576  -6308  -5211  -4402  -4245  -3037 
 -3293  -4456   -427  -1385  -4623  -6532  -7053  -7008  -5927     74  -2970   -769  -3339  -8285  -9218  -8101 
 -6738  -5266  -5081  -3837  -5389  -6490  -6846  -6110  -4844  -3223  -3686  -5156  -3278  -3882  -5681  -7282 
 -8272  -8914  -8044  -4293  -3966  -3678  -4988  -8605  -9004  -9058  -8120  -6246  -5716  -5815  -6739  -6987 
 -7454  -6921  -6244  -4554  -4177  -5293  -6202  -6128  -6532  -7540  -7990  -8736  -9019  -7974  -7180  -7228 
 -8193  -8642  -8304  -8483  -7938  -6452  -4617  -5988  -5969  -6358  -6705  -7169  -6384  -5257  -5279  -6388 
 -7523  -6530  -6342  -6835  -7471  -8146  -8454  -8620  -8241  -8606  -9716  -8894  -8635  -9359  -8290  -7569 
 -6407  -5951  -5406  -5766  -6005  -7104  -7004  -5762  -5481  -6399  -7862  -6870  -7258  -6506  -6440  -7724 
 -8260  -8449  -8442  -8639  -9028  -8572  -8574  -9117  -7656  -8963  -9170  -7780  -7436  -6999  -7202  -7255 
 -7100  -5847  -5174  -6018  -8425  -8418  -8085  -8256  -8359  -9093  -9204  -9066  -8862  -8728  -9121  -9204 
 -9356  -9988  -8407  -9170  -9618  -9118  -9411  -8410  -8247  -8409  -7840  -5755  -5336  -5377  -8027  -8014 
 -7705  -7569  -7965  -8243  -7776  -7951  -8124  -8120  -8522  -8643  -9237  -9859  -9261  -9482  -9500  -9400 
-10109  -9581  -8891  -8605  -7509  -5648  -5814  -6257  -8220  -8178  -8015  -7807  -8230  -8289  -7716  -8203 
 -8375  -8054  -8206  -8713  -9384  -9538  -9475  -8914  -8702  -9050  -9399  -9194  -9003  -8717  -7746  -6246 
 -5140  -5793  -7984  -8707  -8733  -8782  -9231  -9279  -8979  -9165  -9270  -8922  -8481  -8670  -9131  -9493 
 -9529  -9176  -9115  -9268  -9442  -9290  -8876  -8537  -7921  -6425  -5631  -6887  -8765  -9659  -9734  -9793 
-10123 -10223 -10011  -9929  -9625  -9164  -8837  -8748  -8840  -9058  -9113  -9184  -9408 -10061  -9760  -9886 
 -9231  -8812  -8141  -6823  -6088  -6906  -8525  -9252  -9055  -8999  -8993  -9021  -8981  -9222  -9100  -9234 
 -8963  -8865  -8486  -8620  -8471  -8681  -8947  -9277  -8754  -9459  -9186  -8334  -7600  -6951  -7550  -7731 
 -8317  -8569  -8396  -8158  -8165  -8162  -8455  -8419  -8259  -8315  -8506  -8413  -7871  -7800  -7837  -8360 
 -8347  -8352  -8081  -8701  -8703  -7877  -7658  -7769   -925   -876  -1428  -1607  -1435  -1205   -773   -892 
  -733   -962  -1112  -1339  -1498  -1688  -1748  -1911  -2117  -1592  -2093  -1864  -2148  -2373  -2380  -1982 
 -1413  -1689   -712   -923  -1758  -2163  -2276  -1524   -742   -956   -605   -472   -618  -1538  -2081  -2495 
 -2660  -2711  -2721  -2741  -2138  -1843  -1768  -1881  -2223  -2011  -1204  -1675  -1343  -2125  -2511  -2289 
 -2321  -1824  -1481  -1203  -1198   -659   -633  -1819  -2068  -2291  -2879  -3222  -2667  -2661  -2689  -2363 
 -2211  -2452  -2425  -2340  -2023  -2334  -1917  -2058  -2533  -2318  -2351  -1824  -1697  -1774  -2420  -1437 
 -1262  -1704  -1454  -1299  -2294  -2881  -2092  -1511  -1703  -2163  -2407  -2188  -1832  -1651  -1566  -2048 
 -2013  -1714  -2137  -1716  -2223  -2058  -2260  -2922  -3080  -2815  -2595  -2091  -1751  -1676  -2565  -2514 
 -1901  -1227  -1380  -2185  -2462  -1775  -1616  -1156  -1123  -1577  -2322  -2007  -2272  -1604  -2081  -2417 
 -3214  -3565  -3127  -2896  -2577  -2284  -2209  -2037  -2560  -2313  -2397  -1720  -1592  -1763  -1644  -1009 
  -931   -782  -1284  -1612  -2021  -1979  -1240   -579  -1387  -1674  -2098  -2270  -2331  -2470  -1862  -1863 
 -1746  -1273  -2256  -2180  -2503  -2007  -1467  -1581  -1328  -1304   -936  -1235  -1429  -1926  -1821  -1947 
 -1272   -800  -1335  -1578  -1461  -2103  -2689  -2937  -1950  -2168  -1963  -1410  -2310  -2604  -2685  -2211 
 -1650  -1987  -2507  -1950  -1956  -1560  -1456  -2301  -1670  -1752  -2412  -2009  -2120  -2464  -2639  -3179 
 -3568  -4323  -3431  -3672  -3424  -2377  -2251  -2649  -2771  -2880  -2452  -2357  -3236  -2557  -2702  -2327 
 -2173  -2369  -2313  -2585  -2617  -1922  -2262  -2395  -2272  -3074  -3215  -4057  -4059  -4609  -4176  -3348 
 -3378  -4049  -4227  -4485  -3673  -3065  -3826  -3318  -3780  -3921  -3207  -2548  -2996  -3049  -2828  -2424 
 -2976  -3645  -3913  -4243  -4257  -4690  -4875  -4549  -3587  -3439  -3773  -4395  -4189  -4108  -4124  -4011 
 -4168  -3522  -4170  -4852  -3976  -3111  -3259  -3651  -4076  -3902  -3566  -4548  -5167  -5237  -4997  -4582 
 -5271  -5419  -5321  -5522  -6222  -6930  -5866  -5064  -5885  -5866  -6206  -4395  -4260  -4545  -3363  -3089 
 -5271  -4661  -4774  -4649  -5334  -5335  -6517  -6729  -6458  -7035  -6635  -5775  -6046  -7268  -9279  -9566 
 -8471  -7357  -7351  -7452  -8115  -6239  -4927  -4068  -3257  -3485  -4686  -5569  -6896  -7680  -7623  -5983 
 -6710  -6939  -7331 -10002  -9408  -8019  -6971  -8667 -10430  -9562  -8566  -7849  -7846  -9023 -10073  -7651 
 -5682  -4238  -3072  -3689  -4449  -7471  -9619 -11195  -9155  -7731  -7088  -6753  -7671  -8828  -8036  -7202 
 -7701  -7162  -8101  -7329  -6692  -7158  -9066 -11365 -12191  -9246  -6374  -3671  -3234  -4123  -4143  -6968 
 -8686  -9480  -8893  -8019  -7943  -7858  -7974  -8304  -8250  -6777  -7497  -6341  -6587  -6481  -6710  -8182 
 -7990 -10845 -11522  -9404  -7595  -4749  -3756  -4267  -3361  -5119  -6480  -6675  -7456  -7007  -7089  -7135 
 -6995  -6165  -6487  -5316  -5341  -5536  -5864  -6998  -8123  -8304  -7937  -9950  -9290  -8211  -7966  -6413 
 -4551  -4203  -3482  -4529  -5329  -5488  -5037  -5506  -6023  -6536  -5679  -5495  -5603  -5261  -5231  -5234 
 -5131  -7824  -8819  -9267  -9541  -9619  -9035  -8443  -8864  -8082  -5658  -4399  -2893  -3093  -3767  -4081 
 -3893  -4309  -4537  -4779  -4351  -4295  -4719  -4714  -4469  -4155  -4797  -7208  -7741  -8682  -8695  -7355 
 -7452  -6703  -7915  -7507  -5470  -4100  -3098  -3146  -4558  -4684  -4376  -4248  -4202  -4191  -3996  -4099 
 -4396  -4568  -4545  -4350  -4795  -6086  -6582  -7506  -6311  -5267  -5595  -5073  -6289  -6238  -4821  -3974 
 -2641  -2852  -4019  -4452  -4326  -4097  -4041  -4031  -4142  -4368  -4724  -4688  -4773  -4710  -4744  -5453 
 -5953  -6513  -5653  -4869  -5298  -5557  -5779  -5703  -4424  -3981  -3047  -3912  -4875  -5349  -5284  -5091 
 -4901  -4341  -4214  -4622  -5250  -5141  -5149  -4837  -4545  -4448  -4671  -4728  -4117  -4366  -5021  -5514 
 -5378  -4895  -4035  -3819  -3237  -3947  -4727  -5281  -5224  -4799  -4896  -4590  -4238  -4466  -4791  -4793 
 -4527  -4317  -4506  -4383  -4556  -4250  -3851  -4046  -4727  -5166  -4817  -4221  -3434  -3491  -3365  -3800 
 -4515  -5120  -4732  -4199  -4329  -4135  -4094  -4243  -4415  -4268  -3961  -3658  -3918  -3791  -3714  -3334 
 -3277  -3834  -4361  -4853  -4351  -3680  -3257  -3137  -3216  -3326  -3617  -4238  -3811  -3620  -3818  -3628 
 -3543  -3741  -3544  -3353  -3353  -3386  -3237  -3191  -3127  -3017  -2779  -3249  -3805  -4260  -3797  -2891 
 -2997  -2701  -2148  -1804  -1818  -2159  -1863  -1660  -1802  -1658  -1873  -2032  -1837  -1665  -1730  -1927 
 -1661  -1492  -1396  -1349  -1357  -1740  -1825  -2023  -2094  -1859  -2080  -2058  -3591  -2960  -2391  -2619 
 -2468  -3006  -3397  -3520  -3137  -2842  -2751  -2416  -2569  -2450  -2099  -1791  -1640  -1957  -2375  -2450 
 -2793  -3145  -2738  -2739  -2730  -2582  -4738  -3263  -2485  -3243  -3289  -3271  -3417  -3976  -3354  -3407 
 -3490  -2879  -3151  -2920  -2755  -1881  -1636  -2281  -2154  -2374  -2999  -2984  -2453  -2578  -2429  -2309 
 -4466  -4257  -3354  -3999  -3685  -3550  -3963  -3885  -3847  -4056  -3669  -2722  -2704  -2383  -2378  -1975 
 -2016  -2179  -2574  -2110  -2220  -2425  -2080  -2114  -2078  -2181  -3494  -3623  -2982  -3657  -3283  -3231 
 -3524  -3451  -3517  -3326  -2926  -2187  -1863  -1734  -1877  -1793  -1967  -2312  -2430  -2525  -2294  -2367 
 -1919  -1951  -2313  -2337  -2800  -2671  -2389  -2918  -2810  -2682  -3305  -3602  -3573  -3209  -2999  -2843 
 -2987  -3251  -3111  -1871  -2309  -2587  -2888  -2808  -2632  -2878  -2576  -2624  -2856  -2802  -2697  -2635 
 -2723  -2871  -2653  -2718  -3794  -3605  -2714  -2189  -2281  -2736  -3274  -3253  -2668  -1804  -2177  -2125 
 -2140  -2313  -2371  -2667  -2406  -2632  -3364  -3311  -2546  -2458  -2163  -2079  -1839  -2086  -2317  -1822 
 -1657  -1164  -1418  -2144  -3312  -2976  -2934  -3127  -2633  -2395  -2164  -2625  -2130  -2932  -2138  -2981 
 -3589  -3176  -3037  -2996  -2830  -3022  -2136  -2136  -2374  -2225  -2267  -1582  -1803  -2332  -4052  -3643 
 -4345  -3191  -2998  -1829  -1473  -1960  -1863  -2933  -2215  -2943  -3210  -3050  -2727  -2860  -3148  -3861 
 -3195  -3239  -3832  -3489  -3694  -3048  -3897  -4605  -4209  -4208  -4340  -2983  -3049  -2479  -3200  -2862 
 -1845  -2340  -2706  -3444  -4058  -3430  -3155  -3351  -3102  -3436  -3268  -2758  -3283  -2967  -2213  -2846 
 -3472  -4138  -3746  -3769  -3679  -3049  -3140  -2939  -3115  -2218  -1502  -1961  -3022  -3986  -4003  -3241 
 -3686  -3747  -3441  -3991  -4073  -3578  -4897  -4201  -3319  -3515  -3583  -4160  -3324  -3698  -3291  -2999 
 -2714  -2489  -2075  -1640   -980   -846  -2357  -3587  -3447  -3031  -4026  -3183  -2644  -2313  -1846  -3032 
 -4174  -3661  -3062  -2913  -2834  -3350  -4449  -4329  -3860  -4513  -3589  -2284  -1685  -1055   -983   -308 
  -685  -1831  -1733  -2278  -4949  -2869  -1646  -1288  -1345  -3030  -4460  -4284  -3992  -3962  -2986  -3209 
 -4245  -4278  -4870  -5914  -6149  -4409  -3305  -2226  -2113  -1140   -514   -995  -1578  -2016  -3423  -3059 
 -3362  -4309  -2831  -2959  -3044  -2261  -3209  -6294  -4531  -5299  -3583  -4336  -5899  -5628  -5418  -4627 
 -4356  -4954  -5308  -3660  -1764  -1269  -1677  -2225  -2271  -3450  -5989  -7244  -4468  -2903  -2329  -1894 
 -3245  -4347  -3068  -3190  -4407  -3476  -3735  -2494  -1883  -2210  -4712  -7035  -7174  -5169  -2665  -1405 
 -1691  -2537  -1500  -2580  -3224  -3131  -2950  -2134  -2093  -1933  -2415  -3069  -3623  -3248  -4097  -1926 
 -1287   -503   -728  -2443  -3158  -5054  -5108  -5285  -2985  -1057   -387  -1139   -814  -1489   -661   -559 
 -1677  -1535  -1846  -1863  -1780  -2004  -2487  -2158  -1597   -720   -606    319    865    237   -490  -2616 
 -2722  -2767   -694   1071   1063   -279  -1640  -1692  -1244  -1396  -1163  -1222  -1517  -1602  -1177  -1694 
 -2228  -1717   -871    118    335   1472   2331   1787   1706      9   -625   -156    904   2611   1944   -107 
 -2064  -1940  -2086  -1736  -1335  -1033  -1336  -1063  -1028  -1264  -1707  -1479   -980   -269    322   1060 
  2167   1887   2101    515     16    670   1048   2126   1684   -353  -2199  -2338  -2601  -2154  -1816  -1509 
 -1647  -1576  -1627  -1822  -2026  -1829  -1430   -974   -464    580   1332   1135   1174    268   -270    345 
   508    839    263   -866  -2030  -2446  -2359  -2409  -2313  -2199  -2204  -2315  -2346  -2426  -2453  -2186 
 -1958  -1832  -1469  -1228  -1354  -1629  -1078  -1030  -1052  -1180  -1563  -1264   -797  -1150  -1871  -2110 
 -2271  -2655  -2646  -2805  -2684  -2472  -2359  -2337  -2448  -2441  -2234  -2047  -1892  -1688  -1784  -1722 
 -1481  -1669  -1636  -1802  -2042  -1915  -1633  -1501  -1498  -1943  -2134  -2545  -2479  -2503  -2557  -2368 
 -2097  -2085  -2255  -2400  -2375  -2277  -2168  -1933  -1841  -1704  -1692  -1797  -1625  -1794  -1917  -1800 
 -1467  -1584  -1368  -1538  -1936  -2256  -2161  -2141  -2146  -1953  -1749  -1785  -1964  -1928  -1864  -1879 
 -1859  -1793  -1765  -1547  -1465  -1391  -1308  -1566  -1552  -1679  -1611  -1904  -1253  -1273  -1660  -1691 
 -1721  -1760  -1917  -1809  -1783  -1775  -1525  -1496  -1542  -1695  -1555  -1498  -1384  -1385  -1515  -1658 
 -1688  -1819  -1629  -1533  -1510  -1844  -1696  -1207  -1268  -1289  -1258  -1179  -1274  -1351  -1571  -1732 
 -1739  -1784  -1766  -1745  -1739  -1735  -1773  -1735  -1756  -2161  -1900  -1853  -1678  -1841  -1998  -2086 
 -1889  -1491  -2121  -1938  -1830  -1439  -1523  -1160  -1235  -1312  -1589  -1720  -1633  -1928  -2085  -2486 
 -2522  -1903  -2702  -2359  -2390  -2491  -2362  -2315  -2297  -2493  -2413  -2482  -2996  -2663  -2476  -1935 
 -1631  -1299  -1845  -1938  -2006  -1985  -1874  -2196  -2326  -2792  -2612  -1845  -2471  -2985  -3036  -2859 
 -2711  -2808  -2738  -2663  -3026  -3335  -3367  -3316  -2982  -2653  -2293  -1674  -2315  -2543  -2256  -2078 
 -2455  -2524  -2554  -2901  -2795  -2693  -2685  -2688  -2666  -2244  -2276  -2498  -2668  -2628  -3744  -3929 
 -3688  -3861  -3694  -3404  -3340  -3019  -2773  -2918  -2842  -2954  -3188  -2980  -2721  -2583  -2843  -3127 
 -2870  -2812  -2648  -2257  -1985  -2124  -2286  -2404  -3995  -4194  -3764  -3655  -3893  -4028  -4288  -3858 
 -2767  -2959  -3649  -4058  -4590  -4707  -3454  -2413  -2506  -2244  -2598  -2526  -2221  -1577  -2098  -2266 
 -2291  -2325  -4179  -4384  -3864  -3441  -3471  -3252  -3779  -3613  -2579  -2903  -3474  -4156  -4990  -5268 
 -4142  -3339  -3025  -2301  -2395  -2487  -2340  -2037  -2521  -2489  -3132  -3334  -3813  -4185  -3751  -3100 
 -3124  -2819  -2920  -2656  -1713  -2509  -3115  -3553  -4190  -4676  -4210  -3779  -3642  -3219  -2981  -2948 
 -2685  -2762  -2663  -2721  -3291  -3099  -3720  -4329  -4789  -4462  -4091  -3845  -3767  -3309  -1367  -3333 
 -3796  -4146  -4735  -4508  -4118  -4459  -4218  -4089  -3307  -3599  -3549  -3485  -3366  -3848  -4129  -3207 
 -3247  -4554  -5481  -5356  -4669  -4442  -4704  -4628  -3046  -5090  -5205  -5925  -5954  -5244  -5185  -5685 
 -5226  -4841  -4546  -4667  -4184  -3766  -4009  -4572  -4815  -3820  -4162  -5582  -5953  -5788  -5655  -5813 
 -6367  -6616  -5575  -6326  -6719  -7577  -7108  -6528  -6747  -7186  -6821  -6306  -5416  -4517  -4176  -4059 
 -4673  -5026  -5529  -4263  -5055  -6682  -6503  -6508  -6338  -7538  -9215  -9229  -8088  -7291  -7154  -6609 
 -6680  -6537  -6142  -6282  -6244  -5132  -4764  -4212  -3628  -3729  -4469  -4942  -5415  -4321  -5777  -5982 
 -5707  -5786  -5891  -7149  -8694  -8378  -7323  -6299  -6361  -5830  -6619  -6240  -6339  -6776  -6589  -5355 
 -4860  -4335  -4263  -3697  -3778  -4015  -4574  -3827  -7641  -5912  -4001  -4669  -5392  -6381  -7851  -8631 
 -7939  -6542  -6409  -5757  -6557  -7410  -8089  -9612  -9092  -7433  -6265  -5078  -4933  -4075  -3669  -3839 
 -4651  -4061  -3929  -4194  -4762  -5088  -5272  -4819  -5241  -6386  -6121  -7127  -7595  -6972  -5111  -6963 
 -8513  -9273  -8475  -7479  -5841  -6233  -6202  -4599  -3628  -3960  -4244  -4189  -3146  -4852  -6713  -7162 
 -4718  -4119  -3787  -4268  -4725  -5718  -5669  -5360  -4919  -4859  -5093  -4810  -4738  -5056  -5829  -7962 
 -7712  -6074  -3790  -3160  -3733  -4440  -2344  -3335  -5064  -5555  -3959  -3200  -2886  -3186  -3809  -4878 
 -4654  -4331  -4563  -3550  -3890  -4171  -4385  -5153  -4913  -5823  -6422  -6454  -3995  -2906  -3591  -3595 
 -1943  -2053  -2680  -2554  -2230  -2252  -2386  -2476  -3139  -3851  -4113  -3782  -3877  -3237  -3653  -3874 
 -4358  -5367  -5137  -4471  -4986  -5540  -3753  -3350  -3485  -3070  -1975  -1621  -1477  -1318   -685  -1092 
 -1922  -2028  -2018  -2454  -2648  -2803  -3010  -2777  -3395  -4161  -5569  -6178  -5622  -4764  -5213  -5045 
 -4321  -3767  -3431  -2871  -1179   -775   -454   -817  -1220  -1255  -1957  -2133  -1880  -2026  -2323  -2615 
 -2537  -2409  -2930  -3752  -5024  -5416  -4290  -3551  -3825  -3799  -3948  -3835  -2980  -2884   -971   -402 
  -813   -896  -1209  -1581  -1847  -2135  -1587  -1588  -1714  -1692  -1760  -1953  -2505  -3004  -3304  -3866 
 -3049  -3363  -3033  -3011  -3172  -3016  -2912  -3101  -1461   -779   -821   -800   -833   -931  -1117  -1305 
 -1159  -1346  -1518  -1647  -1589  -2050  -2546  -2944  -2641  -2556  -2424  -2970  -3149  -2901  -2939  -2788 
 -2780  -2993  -2187  -1810  -1586  -1402  -1376  -1195  -1167  -1242   -978  -1000  -1028  -1063  -1049  -1537 
 -1750  -1856  -1375  -1088  -1599  -2294  -2257  -2084  -2331  -2418  -2636  -3126  -2151  -1815  -1860  -1436 
 -1449  -1239  -1163  -1168   -911   -774   -629   -509   -450   -905  -1166  -1309  -1095  -1139  -1623  -1965 
 -1788  -1963  -2065  -2227  -2324  -2969  -2127  -1944  -2069  -1729  -1596  -1509  -1457  -1139  -1078   -978 
  -842   -831   -917  -1037  -1276  -1332  -1119  -1042  -1253  -1246  -1195  -1418  -1542  -1890  -2224  -2773 
 -2117  -1760  -1819  -1660  -1386  -1229  -1496  -1361  -1166  -1184  -1056  -1335  -1392  -1547  -1410  -1125 
 -1031   -733   -864   -572   -493   -745  -1208  -1740  -2176  -2717  -2072  -1672  -1744  -1836  -1656  -1506 
 -1653  -1532  -1585  -1656  -1883  -2174  -2246  -2306  -2298  -2183  -2127  -1657  -1395  -1087  -1060  -1097 
 -1293  -1981  -2434  -2502   -227   -553   -795  -1318  -1378  -1043   -680  -1112   -957   -943   -654   -600 
  -446   -488   -368   -526  -1042   -966  -1167   -999  -1053  -1180  -1284  -1036   -934   -975   -542  -1428 
 -1447  -2227  -2360  -1907  -1895  -2537  -2317  -1671  -1267  -1091  -1237  -1704  -1677  -1636  -2328  -2822 
 -1831  -1475  -1729  -1832  -2001  -1581  -1385  -1250    -74  -1331  -1270  -2111  -2166  -2037  -2348  -2305 
 -2036  -1908  -1329  -1351   -940  -1074  -1469  -1811  -2236  -1879  -1832  -1901  -2130  -2138  -1760  -1779 
 -2017  -1971    163   -196   -630  -1197  -1889  -1630  -1735  -1552  -1617  -1166   -790  -1293   -947   -823 
 -1538  -1839  -1684  -1063  -1835  -2425  -2650  -2393  -1851  -1423  -1634  -1585    165   -179   -770  -1303 
 -2027  -1931  -1970  -2219  -2215  -2282  -1724  -1717  -1802  -1359  -2044  -1997  -1872  -1587  -2433  -2822 
 -2945  -2407  -1828  -1405   -999  -1158    534    495   -380  -1039  -1662  -1777  -2178  -2433  -2237  -1723 
 -1166  -1560  -1663   -817  -1754  -1459  -1976  -2191  -2174  -2471  -2735  -3265  -2570  -2040  -2096  -1756 
   669    138   -638  -1547  -2235  -1794  -1464  -1336  -1784  -1117   -714   -984  -1027   -139  -1169  -1113 
 -1311  -2015  -1909  -1915  -2304  -2747  -1936  -1258   -908  -1018    573    -83   -983  -1526  -2120  -1974 
 -1903  -2450  -2728  -2710  -1619  -1509  -1096   -306   -820   -504   -922  -1647  -1851  -2141  -2199  -1734 
 -1588  -1249  -1322  -1224    333     87  -1042  -1748  -2424  -2705  -3064  -3106  -3855  -2963  -2726  -2640 
 -2274  -1891  -1746  -1589  -1735  -2536  -2826  -3020  -3029  -2385  -2436  -1668  -1245  -1276   -196   -893 
 -1420  -1492  -2154  -2486  -2357  -2669  -2747  -2455  -2723  -2852  -2590  -1994  -2170  -2656  -2423  -2631 
 -2452  -2155  -2823  -2921  -3007  -2750  -1966  -1575   -637  -1652  -2444  -2320  -2516  -3070  -3615  -3446 
 -2885  -2999  -3443  -3989  -3347  -3639  -3783  -3815  -3326  -2877  -3265  -2907  -3185  -2889  -2602  -3147 
 -2427  -2359  -2104  -3103  -3602  -3166  -3104  -3779  -4650  -4993  -4739  -4242  -4655  -4651  -5025  -5264 
 -5552  -6006  -5558  -4645  -5279  -4833  -4477  -4002  -2966  -3287  -2474  -3036  -3720  -4442  -4134  -3904 
 -4822  -4258  -5429  -6673  -7228  -6058  -5989  -5632  -5817  -6111  -7511  -7352  -7470  -6314  -5925  -5438 
 -5644  -4833  -3381  -3397  -2390  -2795  -2195  -4554  -6435  -6443  -5386  -3691  -4234  -5309  -6325  -8394 
 -8407  -7819  -6602  -7422  -8204  -6967  -6514  -6116  -7018  -7898  -8417  -6327  -4545  -3690  -3039  -3599 
 -2530  -5503  -7852  -8755  -5983  -4932  -4895  -5272  -6268  -7224  -6721  -6284  -7063  -6250  -6602  -5780 
 -5544  -6244  -8023  -9920  -9906  -6886  -4626  -2370  -2928  -3927  -2526  -3853  -5047  -6055  -5059  -4147 
 -4191  -4640  -4991  -6053  -5797  -4953  -5897  -5045  -5273  -5785  -6077  -7027  -7105  -8401  -8267  -7874 
 -6386  -3037  -2958  -3279  -1211  -1855  -2559  -2420  -2952  -2816  -3432  -3910  -4065  -4725  -4893  -4014 
 -4468  -4240  -4400  -5398  -5814  -6138  -5874  -6999  -6913  -7082  -6537  -4120  -3029  -2718  -1005  -1326 
 -2429  -1774  -1781  -2496  -1922  -2616  -2457  -3411  -3655  -3649  -3304  -3156  -3403  -5018  -5130  -6005 
 -6812  -6808  -7348  -6009  -6088  -4137  -2798  -2556  -1599  -1966  -2262  -2164  -1367  -1722  -1162  -1471 
 -1551  -2301  -2720  -3049  -3073  -3076  -3422  -4468  -4126  -5020  -5837  -5176  -6402  -4570  -4667  -3797 
 -2728  -2617  -2036  -1650  -2238  -2029  -1579  -1171  -1111  -1715  -1892  -2523  -2585  -2995  -3294  -3492 
 -3733  -4228  -4083  -4622  -4248  -3946  -4545  -3752  -3986  -4086  -3396  -3020  -1903  -2221  -2903  -2765 
 -2276  -2017  -2211  -2701  -2913  -3113  -3346  -3435  -3747  -4051  -4242  -4354  -4062  -4446  -4137  -4167 
 -4334  -4115  -3875  -4094  -3646  -3125  -2186  -3225  -3936  -4169  -3953  -4084  -4079  -3870  -3961  -3861 
 -4113  -4026  -4087  -3887  -3776  -3720  -3721  -3661  -3850  -4246  -4420  -4137  -3556  -3709  -3350  -2952 
 -2433  -3096  -3719  -4071  -3721  -3767  -3980  -3762  -3438  -3707  -3852  -3892  -3838  -3662  -3759  -3461 
 -3344  -3141  -3088  -3360  -3826  -3837  -3317  -3366  -3178  -2780  -2511  -3082  -3580  -3892  -3759  -3588 
 -3736  -3163  -2732  -2878  -3253  -3229  -3211  -3233  -3191  -2959  -2816  -2633  -2604  -2802  -3174  -3274 
 -2560  -2497  -2458  -2406  -2474  -2662  -2475  -2823  -2623  -2700  -2551  -2043  -2076  -2230  -2435  -2112 
 -2024  -2164  -2286  -2295  -2165  -2192  -2087  -2285  -2668  -2798  -2045  -1885  -2372  -2184  -1341  -1321 
 -1338  -1614  -1295  -1293  -1271   -945   -929   -982   -627   -511   -654   -905   -702   -688   -578   -843 
  -936  -1161  -1326  -1629  -1549  -1609  -1933  -1747  -2803  -2445  -2524  -2524  -2306  -2389  -2448  -2255 
 -2667  -3106  -3018  -2462  -1817  -2065  -2428  -2625  -2587  -1947  -1918  -1292  -1102  -1406  -1749  -2154 
 -1973  -1879  -2960  -2298  -2459  -2238  -2420  -2210  -2086  -1651  -1997  -2275  -2719  -2002  -1424  -1895 
 -2078  -1801  -2412  -2633  -1516   -208    -54   -289   -752  -1352  -1780  -1603  -3225  -2424  -2207  -2346 
 -2679  -2606  -2177  -1563  -1475  -1392  -2050  -1494  -1670  -2104  -2293  -1407  -1942  -2451  -1107    -37 
  -453   -749  -1184  -1440  -2116  -1725  -3098  -2864  -2102  -2158  -2412  -2273  -1550  -1280   -518   -816 
  -972  -1178  -1603  -2064  -2310  -1648  -1869  -1606  -1249   -833  -1231  -1688  -1680  -1672  -2231  -1748 
 -3468  -3306  -2500  -2488  -3075  -2900  -2182  -1545  -1366  -1511  -1806  -1350  -1969  -2643  -2750  -2236 
 -1925  -1581  -1423  -1184  -1500  -2404  -2590  -1713  -2481  -1932  -3185  -3144  -2568  -3256  -3361  -3391 
 -3254  -2377  -1908  -2015  -2480  -2465  -2895  -3666  -3014  -2384  -2196  -2062  -1608  -1336  -1786  -2787 
 -3033  -1733  -2149  -1588  -2907  -2873  -2668  -3280  -3432  -3792  -3635  -2568  -2481  -2468  -2690  -2691 
 -3129  -3614  -2571  -2456  -3122  -2880  -2964  -2211  -1793  -2482  -2583  -1820  -2207  -1516  -2752  -2751 
 -3136  -3957  -3918  -4080  -3599  -2543  -3579  -2614  -2853  -2749  -2565  -2793  -2328  -2616  -3447  -3272 
 -3597  -2814  -2667  -2665  -3014  -2221  -2416  -1182  -2374  -2186  -2081  -3572  -3757  -4391  -4526  -3179 
 -3963  -2262  -2883  -2957  -2217  -2313  -2351  -2500  -3374  -2710  -3949  -3071  -2660  -2612  -2766  -2717 
 -3178  -1836  -2349  -2885  -2275  -3540  -3424  -3861  -4131  -3217  -3466  -2508  -4309  -4956  -4447  -4369 
 -4538  -4146  -4253  -3480  -4264  -3210  -2779  -3533  -2717  -2992  -3648  -2679  -2626  -3339  -3855  -4282 
 -3502  -3902  -4119  -4154  -3909  -4099  -4981  -4739  -4375  -4708  -4594  -4422  -4832  -3838  -4188  -4145 
 -2539  -2965  -2343  -2325  -3357  -2750  -2762  -3209  -4711  -5034  -3922  -4097  -4184  -5410  -4730  -5568 
 -4603  -4250  -4660  -4303  -4079  -4489  -4271  -4126  -4272  -4502  -4177  -3082  -2392  -1872  -3227  -2797 
 -4201  -3728  -4706  -5029  -4854  -5022  -5592  -7100  -5625  -6040  -3998  -4372  -4794  -4491  -4480  -4636 
 -4999  -4113  -4089  -5047  -5040  -3771  -3280  -2118  -3595  -2661  -4380  -5171  -5683  -5240  -4444  -3979 
 -4452  -5773  -4838  -6283  -5245  -6624  -4905  -5194  -6083  -6963  -6894  -4463  -3932  -6066  -5694  -4713 
 -3697  -3016  -4030  -2450  -4235  -5580  -7296  -6997  -4263  -3426  -3268  -4134  -4287  -6586  -5827  -6568 
 -5274  -4289  -4885  -3848  -3897  -3191  -4112  -7124  -6417  -4826  -3678  -3503  -4839  -2811  -3742  -4709 
 -6476  -6193  -3924  -3209  -3174  -3385  -4088  -6228  -5902  -5433  -4797  -3299  -2626  -2566  -2986  -2783 
 -2346  -3183  -3181  -3806  -3934  -3426  -4989  -3685  -3703  -4825  -6040  -5597  -3866  -2986  -2852  -2818 
 -2984  -3814  -3766  -3739  -3596  -2584  -1973  -2540  -3396  -2650  -2483  -1844  -1840  -2819  -3818  -4146 
 -4291  -3484  -3260  -3812  -3720  -4014  -2877  -1929  -1994  -1947  -1775  -1809  -1991  -2140  -2311  -1719 
 -1939  -2794  -3797  -3204  -4113  -2394  -2033  -2413  -3487  -3976  -3173  -2509  -2648  -2778  -2186  -2372 
 -2693  -1854  -1849  -1623  -1565  -1497  -1598  -1746  -1943  -1647  -2316  -2635  -3672  -3499  -3019  -1936 
 -1400  -1574  -2785  -3720  -3094  -2654  -2218  -2216  -1616  -1273  -1698  -1409  -1467  -1113  -1129   -966 
 -1079  -1168  -1078  -1648  -2440  -2545  -2934  -2615  -2267  -1533  -1184  -1373  -1739  -2653  -2893  -2540 
 -2389  -2295  -1825  -1253  -1372  -1358  -1286  -1217  -1554  -1581  -1632  -1577  -1262  -1543  -2148  -2181 
 -2187  -2255  -2263  -2159  -1758  -1372  -1002  -2012  -2544  -2354  -2200  -2110  -1706  -1393  -1610  -1788 
 -1718  -1918  -2250  -2514  -2461  -2485  -2339  -2373  -2716  -2808  -2399  -2334  -2137  -1793  -2040  -1387 
 -1353  -1988  -2726  -2462  -2082  -2108  -1811  -1519  -1656  -1950  -1863  -2087  -2616  -2728  -2430  -2353 
 -2272  -2351  -2421  -2294  -2227  -2203  -2156  -2125  -2100  -1614  -1495  -1851  -2473  -2303  -2409  -2892 
 -2253  -1578  -1608  -1955  -1888  -2023  -2358  -2595  -2357  -2320  -2305  -2185  -2126  -2113  -2261  -2056 
 -1938  -1899  -1951  -1787  -1690  -2023  -2533  -2361  -2619  -3265  -2664  -1980  -1958  -2011  -2067  -2254 
 -2378  -2082  -1666  -1821  -1740  -1516  -1534  -1640  -1849  -1566  -1423  -1309  -1484  -1309  -1447  -2009 
 -2483  -2280  -2596  -2676  -2393  -2044  -2023  -1821  -1824  -1997  -2263  -2389  -2381  -2264  -2016  -1648 
 -1572  -1539  -1684  -1578  -1474  -1437  -1527  -1743  -1909  -2448  -2667  -2589  -2073  -2501  -2253  -2674 
 -2877  -3259  -3062  -3072  -2983  -2793  -2549  -2387  -2669  -2782  -2809  -2460  -2387  -2558  -2423  -2310 
 -2700  -2697  -2887  -2956  -2508  -2068  -1805  -2071  -2095  -2835  -3721  -4069  -3750  -4211  -3422  -2810 
 -3185  -3225  -3755  -3966  -3840  -2748  -3171  -4616  -3141  -2930  -3150  -3406  -3666  -3503  -2762  -1870 
 -1001  -1746  -1961  -2192  -3060  -3483  -3573  -3511  -2989  -2331  -2422  -2962  -2959  -3190  -3118  -2367 
 -2199  -2831  -2641  -3038  -3199  -3741  -3663  -3629  -3354  -2175   -339   -748  -1393  -1827  -2518  -2485 
 -2513  -2204  -2347  -1713  -1510  -1639  -1522  -2022  -2410  -2061  -1839  -1772  -2298  -3682  -4170  -4517 
 -4284  -4071  -3942  -2470   -496   -980  -1700  -2010  -2665  -2137  -2006  -1965  -2297  -2252  -1338   -451 
  -345   -841  -1510  -2146  -2146  -1654  -2275  -3463  -3958  -4637  -4459  -3676  -3304  -2186   -987  -1373 
 -1996  -2357  -2908  -2750  -2813  -2511  -2368  -1635   -995   -175    291    227   -859  -1983  -2200  -2101 
 -2371  -2817  -3277  -4243  -3656  -3106  -2557  -1523   -969  -1383  -1669  -2207  -2524  -2801  -2609  -2147 
 -2561  -1510   -998   -400     34    346   -717  -2099  -2006  -1920  -2290  -2304  -2569  -3760  -3456  -3375 
 -1989  -1628   -687   -468   -441   -346  -1593  -2323  -1745  -2017  -3172  -1272   -404     19    348   -179 
 -1279  -1661  -2252  -1197  -1328   -992  -1596  -2261  -2683  -2123  -1466   -865   -530    466    350    132 
 -1398  -2432  -2473  -2337  -3202  -1603     64    606    662   -519   -690  -1843  -2279  -1135   -941   -421 
 -1232  -1607  -1394   -807   -725   -404    501   1287   1536   1337    -54   -765   -321    -74  -1165    -10 
  1688   2377   1720    323   -162  -1211  -1612   -963    -33      9  -1211  -2234  -1695  -1371   -810   -203 
   708   1621   1831   1462   1089    751   1120   1454    963    661    589    542    531   -626  -1032  -1805 
 -2070   -985   -446  -1242  -1554  -2356  -2154  -2435  -1626  -1214    191    506   -562   -639   -560   -191 
  -129   -700  -1179  -2071  -2551  -2623  -3309  -3628  -3265  -4119  -4032  -3052  -3491  -3567  -3378  -3840 
 -3564  -3667  -2656  -2441  -2836  -1729  -2103  -2134  -4024  -2901  -3931  -4907  -4425  -4561  -3987  -4468 
 -4903  -6054  -7227  -7032  -6620  -5855  -4941  -5107  -5323  -5209  -4875  -4854  -3360  -2314  -2221  -5111 
 -5764  -6331  -5724  -4946  -5435  -5404  -5745  -7897  -7180  -7813  -6626  -8494  -8624  -8779  -8690  -7604 
 -7905  -7933  -8043  -7512  -6639  -5681  -4037  -2656  -2736  -5798  -7876  -8682  -7072  -5851  -5410  -5263 
 -5854  -6964  -7017  -6882  -7857  -7107  -7662  -8266  -8592  -8080  -9493  -9345  -9570  -8339  -7271  -5147 
 -4370  -3072  -3636  -6192  -7378  -8283  -7389  -6354  -6591  -6551  -6103  -6764  -7311  -6203  -6819  -5875 
 -5940  -5959  -7109  -8855  -9038  -9223  -9103  -9014  -8354  -5687  -4696  -3202  -3059  -5351  -6717  -7241 
 -7146  -6277  -6408  -6666  -6015  -5695  -5931  -5048  -5123  -5391  -5254  -6371  -7431  -8044  -7978  -9265 
 -8840  -9091  -8968  -6362  -4972  -3251  -3640  -5777  -6888  -6409  -6266  -6206  -5834  -6318  -5604  -5073 
 -4973  -4696  -4679  -4965  -4831  -6595  -6844  -7611  -7233  -7243  -7554  -7806  -8011  -6767  -5312  -3492 
 -4065  -5701  -6800  -6021  -5774  -6147  -6187  -5625  -5296  -5092  -5046  -5031  -5057  -4872  -4997  -5885 
 -5232  -6227  -6685  -6059  -7316  -6274  -6632  -6268  -5090  -3568  -4157  -5063  -6038  -6198  -6025  -5998 
 -5659  -5359  -5287  -5271  -5423  -5568  -5531  -5245  -5131  -5295  -5002  -6065  -5988  -5346  -6242  -5565 
 -6020  -5713  -5053  -3535  -3886  -5233  -6335  -6372  -5825  -5576  -5216  -5288  -5524  -5392  -5538  -5357 
 -5508  -5327  -5122  -5128  -5081  -5913  -5638  -4960  -5398  -5473  -5321  -5668  -4906  -3490  -3231  -4903 
 -6343  -6626  -6340  -6404  -6156  -5974  -5970  -5884  -6279  -5960  -6018  -5638  -5516  -5261  -5252  -5479 
 -5198  -5147  -5421  -5705  -5230  -5391  -4960  -3533  -3019  -4513  -5717  -6158  -5832  -5979  -6064  -5970 
 -5729  -5786  -5951  -5724  -5632  -5474  -5529  -5180  -5164  -4721  -4367  -4557  -5321  -5723  -5341  -5229 
 -4729  -3451  -3256  -4166  -5304  -5928  -5704  -5679  -5683  -5576  -5404  -5440  -5613  -5499  -5223  -4760 
 -4757  -4425  -4293  -3911  -3816  -4213  -5266  -5674  -5185  -4882  -4592  -3370  -3348  -3940  -4379  -5134 
 -4866  -4840  -4827  -4698  -4666  -4637  -4489  -4319  -4300  -4062  -4125  -4159  -4097  -3968  -3833  -4363 
 -5290  -5517  -4866  -4479  -4301  -3059  -2350  -2675  -2926  -3279  -3093  -2925  -2885  -2703  -2602  -2641 
 -2512  -2489  -2517  -2456  -2310  -2262  -2177  -2353  -2577  -3167  -3429  -3566  -3228  -3161  -3198  -2634 
 -2000  -1975  -1963  -2368  -2357  -2482  -2612  -3292  -3272  -2973  -2777  -2253  -2083  -1783  -1612  -1653 
 -1954  -2172  -2377  -2893  -3134  -2973  -2655  -2438  -2409  -1814  -2182  -2345  -2842  -2787  -3206  -3482 
 -3560  -4175  -3883  -3499  -3469  -2953  -2773  -2627  -2472  -1999  -1954  -3237  -2586  -3146  -2721  -2675 
 -2938  -2987  -2581  -1952  -2613  -3148  -4150  -4274  -3951  -3665  -3662  -3853  -3509  -3216  -3148  -3437 
 -3075  -2742  -2671  -2309  -1625  -2584  -3017  -3419  -2907  -2945  -3251  -3248  -2925  -1932  -2613  -3192 
 -4083  -3812  -3419  -2998  -3042  -3077  -3005  -3044  -2484  -2602  -2065  -1657  -1917  -2019  -1712  -2068 
 -2690  -2990  -2847  -2838  -3067  -3212  -2758  -1982  -2601  -3016  -3672  -3505  -3541  -2792  -3174  -3122 
 -2685  -3010  -2346  -2371  -1979  -2323  -2491  -1879  -1708  -2072  -2632  -2728  -2559  -2979  -3543  -3377 
 -2813  -2155  -2487  -3353  -3939  -3556  -3667  -2448  -2557  -2292  -2011  -2163  -2180  -2696  -2884  -3413 
 -3064  -1669  -1395  -1613  -1701  -1892  -1961  -2495  -3127  -2729  -2487  -2507  -2507  -3136  -3279  -2528 
 -2968  -2108  -1737  -1508  -1324  -1621  -1708  -2629  -2826  -3088  -3060  -2270  -2280  -1943  -2012  -2190 
 -2148  -2080  -2886  -2978  -2919  -2502  -2648  -3338  -3633  -3210  -3381  -2858  -2312  -1965  -2367  -2041 
 -2155  -2419  -3138  -3774  -3598  -3539  -3191  -2336  -2206  -2305  -2793  -2719  -3047  -3374  -3394  -2628 
 -2467  -2903  -3185  -3127  -2899  -2742  -2083  -1160  -2282  -1843  -2440  -3209  -3814  -3905  -3384  -3486 
 -3272  -3079  -2556  -2887  -3404  -3678  -3834  -4233  -4329  -2911  -2157  -2943  -3573  -3266  -3435  -2918 
 -1962  -1826  -2320  -1480  -2807  -3203  -3210  -2901  -3233  -3593  -3120  -3418  -3135  -2154  -2300  -3322 
 -3338  -4227  -3698  -2634  -1911  -2524  -2639  -2913  -3047  -3131  -2438  -2563  -2508  -1707  -1888  -1760 
  -651     51   -443   -844   -877   -765   -914   -504   -168  -1429  -1588  -2743  -2158  -2116   -579    135 
  -871  -1449  -2266  -1901  -1863  -2415  -2131   -475   -594     66   3221   3039   2009   1849   1971   1218 
  -401   -952   -540   -645   -334  -1213   -339  -1849   1774   1458     25  -1152  -2469  -2124  -3000  -3394 
 -3170  -1197  -1463    -37   3548   2938   2053   2142   2103   2014     62  -1333   -860    -59   -147   -971 
   368  -1302    737    135  -2197  -3384  -3539  -3005  -3624  -3736  -3981  -5397  -5438  -4431   -632   1656 
  2330   2225   1911   1942   -384  -3136  -3424  -2272  -1476  -1309   -157  -1246  -1156  -2931  -5937  -7748 
 -5324  -4136  -3549  -3263  -3919  -5341  -4764  -4080  -2593    -45    350   -480    130   -496  -4105  -7121 
 -7649  -5069  -2652   -711   -410  -1144  -2379  -4241  -5923  -7303  -5482  -4660  -4570  -4146  -3550  -4119 
 -4426  -3203  -3443  -2161  -2220  -2810  -3116  -4807  -5542  -7441  -7962  -6400  -3590  -1672  -1167  -1282 
 -1614  -2486  -3849  -4181  -4748  -4100  -4338  -4023  -3336  -3389  -3816  -2800  -2568  -2031  -2214  -3318 
 -4071  -5455  -5846  -7225  -7357  -6564  -5059  -2936  -1855  -1488  -1832  -2870  -4139  -4250  -4771  -4306 
 -4261  -4332  -3284  -2993  -3022  -2736  -2433  -2166  -2323  -3647  -3912  -4907  -6906  -6796  -7194  -5639 
 -5394  -4175  -2834  -1765  -2325  -3480  -4486  -4315  -4106  -3868  -3723  -3178  -2717  -2336  -2271  -2017 
 -1821  -1907  -2274  -3122  -3150  -4028  -5354  -4871  -5303  -3833  -3806  -3741  -2675  -1777  -2498  -3260 
 -3985  -4022  -4140  -3917  -3536  -2886  -2569  -2013  -1899  -1742  -1823  -1717  -1847  -2272  -2100  -3017 
 -2854  -2514  -3042  -2556  -2580  -2670  -2107  -1463  -2267  -2747  -3445  -3806  -3734  -3710  -3516  -3169 
 -2986  -2348  -2382  -1919  -1875  -1766  -1967  -2322  -2426  -2509  -2299  -1896  -2370  -2681  -2495  -2431 
 -1740  -1229  -1116  -1161  -2589  -3444  -3390  -3577  -3354  -2962  -2953  -2635  -3030  -2595  -2499  -1931 
 -1928  -2031  -2316  -1786  -1304  -1127  -1534  -2338  -2025  -1834  -1155   -988   -695   -892  -2240  -3276 
 -3095  -3299  -3371  -3043  -2687  -2508  -2817  -2833  -2779  -2276  -2360  -2331  -2431  -1774  -1118  -1041 
 -1631  -2195  -1943  -1817  -1128   -932   -678   -845  -1714  -2649  -2521  -2523  -2673  -2633  -2343  -2472 
 -2763  -2735  -2533  -2182  -2227  -2223  -2390  -2258  -1972  -1991  -2541  -2823  -2123  -1446  -1093   -732 
 -1030  -1046  -1493  -2203  -2312  -2223  -2046  -1917  -1910  -2219  -2332  -2115  -2063  -1814  -1799  -1943 
 -2096  -2436  -2280  -2678  -3396  -3422  -2428  -1186   -923   -629   -757   -754   -966  -1249  -1270  -1379 
 -1391  -1196  -1236  -1291  -1126   -977  -1082   -922   -741   -879  -1103  -1666  -1822  -2093  -2231  -2050 
 -1630   -802   -494   -545  -2408  -2109  -2561  -2496  -2322  -2020  -1866  -1803  -1846  -1700  -1950  -1870 
 -1926  -2033  -2034  -2457  -2449  -2152  -2883  -2684  -2972  -3176  -3164  -2826  -2625  -2592  -3439  -3222 
 -3414  -2968  -2767  -2588  -2821  -2539  -2699  -1966  -2256  -2065  -2602  -2788  -2796  -3084  -2872  -1965 
 -2569  -3079  -3488  -3720  -3764  -3336  -2931  -2808  -3867  -3960  -4199  -4192  -3897  -3271  -3288  -2972 
 -3340  -2872  -2728  -2517  -3092  -3159  -3141  -3279  -3856  -3018  -3261  -2738  -2887  -3064  -3088  -2846 
 -2482  -2645  -4012  -4640  -4996  -4784  -4595  -3794  -3600  -3325  -3499  -2970  -2661  -2643  -3080  -3436 
 -3238  -2888  -3324  -2712  -2614  -2249  -1840  -1711  -1964  -2176  -2029  -2489  -4384  -4780  -4954  -4603 
 -5045  -4096  -4141  -4065  -4022  -3310  -3429  -3324  -3757  -4290  -3511  -2746  -3201  -2935  -2802  -2385 
 -1711  -1578  -2065  -2382  -2479  -2903  -3983  -4221  -4239  -3779  -4248  -3725  -4286  -4476  -4177  -4198 
 -4012  -4016  -4800  -5483  -4212  -3419  -3506  -2571  -2619  -2514  -2223  -2229  -2911  -3558  -4057  -4295 
 -3936  -4378  -3960  -2972  -3410  -3120  -3626  -3861  -3615  -3847  -3908  -3870  -4755  -5484  -5099  -4728 
 -4435  -3190  -2852  -2893  -2620  -2569  -3057  -3969  -4018  -3992  -4005  -4675  -4687  -4615  -3839  -3383 
 -4088  -4642  -3596  -4999  -4970  -5168  -5737  -5642  -5757  -5911  -5104  -4042  -3591  -3549  -3350  -3184 
 -3577  -4169  -4217  -4058  -4131  -4676  -5316  -5467  -4235  -4288  -5279  -6173  -5301  -6844  -6914  -7032 
 -6671  -5909  -6199  -6224  -5621  -4999  -5062  -4623  -4191  -3730  -4111  -4310  -4594  -4414  -4903  -5709 
 -5930  -5675  -4982  -4885  -6338  -6816  -6427  -7532  -7375  -7806  -7268  -6614  -6700  -6829  -6527  -5977 
 -6000  -5524  -5082  -4876  -5201  -4898  -5094  -4407  -5536  -6261  -6326  -6314  -5886  -6484  -8253  -8229 
 -7550  -7952  -7700  -6848  -7052  -6867  -6570  -6593  -6349  -5843  -5312  -4819  -4713  -4704  -5519  -5343 
 -5298  -4208  -6280  -6252  -6006  -6240  -6112  -7093  -8752  -8115  -7532  -6705  -6140  -5900  -8176  -7758 
 -7657  -7344  -6834  -6079  -5382  -4840  -5239  -4389  -5008  -5383  -5382  -4156  -8229  -6980  -4795  -4960 
 -5752  -6740  -7742  -8103  -7326  -6335  -5745  -5177  -7911  -8615  -9826 -10325  -9936  -8085  -6323  -5282 
 -5626  -4829  -4458  -5280  -5793  -4676  -6002  -5601  -4534  -4503  -5364  -5731  -6254  -7005  -6627  -7329 
 -7090  -6525  -6261  -8439  -9113  -9452  -9046  -6991  -5016  -4386  -4867  -3862  -3940  -5501  -5734  -5109 
 -4439  -5659  -6642  -7123  -5700  -5845  -5493  -5913  -6177  -6787  -6565  -6027  -6209  -6419  -6732  -5895 
 -5433  -4664  -4911  -6072  -6580  -4776  -3739  -5031  -5489  -5315  -4370  -5805  -6357  -6145  -5462  -5028 
 -4547  -4922  -5438  -6618  -6243  -5963  -5848  -5172  -5456  -4891  -4740  -4290  -3758  -4630  -5126  -4369 
 -3854  -4623  -5348  -4709  -4092  -4975  -5079  -4140  -4060  -3899  -3863  -4203  -4659  -5514  -5694  -5420 
 -5755  -5134  -5125  -4479  -5302  -5425  -4772  -4654  -4613  -4510  -4881  -5202  -5117  -4177  -3877  -4528 
 -4936  -4146  -3679  -3271  -3744  -4122  -4172  -4478  -4511  -4637  -5022  -4712  -4411  -4908  -6416  -6592 
 -5949  -5530  -6080  -6328  -6205  -5184  -4545  -3726  -3749  -4238  -4576  -3961  -4209  -3626  -3754  -3871 
 -3913  -3749  -3844  -4108  -4643  -4596  -4115  -4611  -5604  -5281  -4565  -4206  -4653  -4256  -4618  -4806 
 -4154  -3622  -3789  -4114  -4344  -3669  -3892  -3596  -3575  -3826  -3561  -3307  -3337  -3651  -4130  -4385 
 -4062  -4235  -4244  -4199  -3284  -3086  -3069  -2682  -3231  -3872  -3713  -3351  -3778  -3962  -3788  -3146 
 -3160  -2828  -2650  -2792  -2898  -2666  -2692  -3025  -3414  -3763  -3883  -4115  -3949  -3759  -3104  -2765 
 -2726  -2744  -3056  -3547  -3182  -3058  -3660  -4140  -3771  -3171  -3044  -2653  -2630  -2764  -3123  -3008 
 -2832  -2964  -3252  -3567  -3646  -3786  -3604  -3368  -3531  -3643  -3305  -3026  -2978  -3326  -3136  -2927 
 -3077  -3486  -3332  -2862  -2655  -2423  -2572  -2752  -3127  -3109  -2913  -2867  -3033  -3307  -3419  -3442 
 -3363  -3254  -3550  -3654  -3246  -3198  -3026  -3327  -3170  -2757  -3150  -3832  -3766  -3347  -3276  -3288 
 -3726  -3705  -3616  -3704  -3450  -3270  -3440  -3522  -3582  -3570  -3561  -3368  -3251  -3343  -3159  -3179 
 -2888  -3087  -3078  -2860  -3298  -3647  -3571  -3221  -3201  -3181  -3442  -3487  -3450  -3626  -3404  -3238 
 -3133  -3183  -3169  -3374  -3442  -3303  -3251  -3095  -2795  -2844  -2767  -3075  -3044  -2949  -2810  -2806 
 -2983  -2932  -2962  -2925  -3033  -3136  -3225  -3421  -3360  -3328  -3146  -2974  -3010  -3191  -3132  -2878 
 -2612  -2543  -2503  -2584  -2693  -3040  -3064  -2673  -2173  -1883  -1480   -939  -1298  -2031  -2114  -1929 
 -2141  -2104  -1443  -1547  -1551  -1518  -1403  -1221  -1110  -1330  -1322  -1932  -2381  -2843  -2938  -3126 
 -3050  -2263  -2766  -2054  -1375  -1015  -2042  -2476  -2258  -2137  -2392  -2018  -1293   -949  -1383  -1639 
 -1876  -1427  -1586  -2636  -1777  -2085  -2616  -2845  -3084  -2802  -2492  -1789  -2671  -2122  -1428  -1411 
 -2021  -2803  -2395  -2111  -2366  -2139  -1156   -652   -924  -1598  -1889  -1728  -2042  -2602  -1805  -1699 
 -2100  -2238  -2354  -1978  -1834  -1520  -1805  -1105  -1568  -1670  -1800  -2256  -2202  -1843  -1622  -1021 
  -757   -730   -813  -1442  -1653  -1413  -2453  -2438  -1447   -709  -1142  -1177  -1422  -1467  -1313  -1004 
 -1456  -1108  -1765  -1626  -1684  -2049  -2169  -2066  -2099  -1654   -964  -1057  -1604  -2298  -1630  -1531 
 -2369  -1938  -1126   -149   -523   -706  -1133  -1191  -1055   -607  -1354  -1674  -1935  -1996  -2011  -2308 
 -2346  -2155  -2444  -2226  -1792  -2321  -2517  -3342  -2668  -2632  -3337  -2152  -1064   -223   -487   -830 
 -1150  -1416  -1432   -833  -1386  -1948  -1743  -1665  -1920  -2065  -1852  -1255  -2407  -2551  -1861  -2566 
 -3244  -3939  -3560  -3791  -3632  -2415  -1421   -494   -763  -1004  -1412  -1812  -1670  -1103  -1455  -1920 
 -1867  -1874  -1834  -2321  -2462  -1873  -2895  -2913  -2511  -3401  -3830  -4339  -4495  -4055  -4055  -2609 
 -1536   -563   -993   -942  -1165  -1677   -960   -954  -1230  -1370  -1679  -2478  -2536  -3383  -3641  -3132 
 -4840  -3377  -3099  -3396  -3292  -3115  -3003  -2682  -2862  -2561  -1898  -1521  -2221  -1642  -1411  -1258 
  -793   -814  -1567  -1560  -1385  -1023  -1406  -2404  -1393  -1456  -3309  -2587  -2782  -3149  -2725  -2307 
 -2047  -2069  -2251  -2375  -2303  -3063  -3815  -3342  -2272  -1919  -1145  -1158  -1520  -1688  -2657  -2312 
 -2239  -2356  -1881  -2355  -3309  -4043  -4481  -4095  -4024  -3896  -3758  -3771  -3103  -3017  -3538  -3287 
 -3959  -3888  -2821  -2678  -1914  -1528  -2196  -2851  -4183  -4316  -3182  -3549  -4151  -5131  -5518  -5338 
 -5111  -4597  -6204  -6000  -4896  -4050  -3801  -4073  -4152  -3605  -4041  -3410  -2145  -2139  -1852  -2309 
 -4134  -4176  -4419  -4398  -3810  -4321  -4638  -5321  -5642  -5836  -5248  -4962  -5724  -6233  -6344  -6740 
 -6234  -4631  -3999  -2751  -3630  -2699  -1402  -1317  -1707  -2532  -3217  -3582  -5004  -5081  -4644  -4361 
 -4513  -5012  -4706  -6457  -6009  -5593  -4551  -4818  -5658  -6042  -4562  -3468  -3830  -4627  -4490  -1506 
  -224  -1038  -1433  -2572  -3012  -4375  -6357  -6666  -5016  -4153  -3547  -3836  -3720  -4386  -4536  -4607 
 -4367  -2829  -2746  -3205  -2763  -2685  -3951  -5456  -4861  -2034   -119  -1873  -1746  -2591  -2188  -3110 
 -3728  -4064  -3576  -2961  -2252  -2526  -3064  -3867  -3955  -4286  -4398  -3742  -3016  -3013  -3388  -3852 
 -3637  -3065  -3426  -2807   -979  -2291  -2330  -2278  -1750  -2177  -2035  -2655  -2604  -2204  -1995  -2485 
 -2793  -3285  -3662  -3800  -3220  -3075  -2487  -2466  -2931  -3945  -4152  -2921  -3972  -3103  -1402  -1904 
 -1510  -1600  -1475  -1254  -1927  -2315  -1527  -1475  -1858  -2435  -2384  -2715  -2862  -2836  -2959  -2210 
 -1785  -1817  -2671  -3511  -3877  -3127  -4462  -3820  -2140  -1452  -1345  -1182  -1491  -1480  -2044  -2384 
 -2080  -2103  -2245  -2415  -2168  -1960  -1867  -2106  -2173  -1922  -1565  -1611  -2145  -2254  -2479  -2273 
 -3279  -2781  -1814  -1542  -1493  -1052  -1359  -1514  -1804  -1685  -1649  -1647  -1670  -2136  -1812  -1627 
 -1566  -1704  -1618  -1494  -1180   -836  -1891  -2528  -2138  -1669  -2036  -1677  -1675  -1338  -1371   -995 
 -1503  -1378  -1333  -1141  -1068  -1345  -1428  -1740  -1576  -1687  -1792  -1646  -1480  -1328  -1070   -878 
 -1235  -1589  -1404  -1422  -1654  -1324  -1274   -942   -698   -701  -1493   -750   -477   -512   -619   -739 
  -799  -1112  -1070  -1312  -1361  -1422  -1431  -1326  -1213  -1232  -1071  -1193  -1143  -1171  -1056   -627 
  -671   -358   -337   -487  -1007   -870   -560   -678   -613   -811   -731   -923  -1013  -1603  -1635  -1782 
 -1931  -1819  -1573  -1628  -1650  -1571  -1702  -1509  -1333   -812   -815   -502   -491   -522   -925   -869 
  -594   -664   -549   -682   -753  -1091  -1317  -1653  -1598  -1623  -1655  -1642  -1609  -1709  -1699  -1666 
 -1557  -1343  -1311   -963   -858   -560   -685   -637  -1095   -954   -649   -773   -819   -918  -1034  -1262 
 -1666  -2003  -1613  -1451  -1488  -1356  -1327  -1387  -1525  -1566  -1426  -1283  -1297  -1094  -1050   -752 
  -716   -585  -1192   -931   -642   -292   -291   -380   -484   -748  -1071  -1216   -944   -677   -614   -551 
  -591   -776   -880   -882   -714   -761   -719   -623   -592   -709   -802   -900  -3569  -4128  -4338  -4300 
 -4436  -4343  -4281  -4399  -4042  -3903  -3909  -3916  -4040  -4013  -3640  -3692  -3608  -4048  -4438  -4572 
 -4907  -4970  -4654  -4269  -4153  -3741  -4438  -4921  -5558  -5865  -6140  -5993  -5897  -5981  -5697  -5070 
 -5291  -5386  -5469  -5397  -4883  -4679  -4596  -4997  -5197  -5956  -6202  -6340  -6325  -5637  -4878  -4142 
 -4437  -5676  -6278  -6553  -6679  -6546  -6459  -6013  -6151  -5603  -5305  -5815  -5472  -5145  -4586  -4806 
 -4363  -4385  -4931  -5615  -5677  -5866  -5991  -5442  -4559  -3921  -4288  -6112  -6905  -7188  -6983  -6701 
 -6296  -6121  -6344  -5769  -5431  -5745  -5503  -5382  -5210  -5011  -4534  -4335  -4892  -5456  -5014  -5061 
 -4967  -4575  -4122  -3623  -4379  -5811  -6719  -6948  -6946  -6372  -6357  -6528  -6420  -5906  -5254  -5386 
 -5725  -5734  -5600  -4506  -4412  -4391  -4745  -4938  -4173  -4142  -4265  -4523  -4076  -3805  -4669  -6067 
 -6422  -6299  -6301  -5783  -6182  -6247  -5546  -5050  -4536  -5241  -5632  -5498  -5896  -4986  -4749  -4299 
 -4343  -4273  -4022  -4109  -4212  -4803  -4904  -4374  -4647  -5890  -6116  -5282  -5963  -5786  -5708  -5754 
 -4967  -5272  -4733  -5204  -5594  -5326  -6656  -5369  -5032  -4637  -4108  -4200  -4369  -4618  -4558  -5806 
 -5619  -4512  -4505  -5860  -6221  -5499  -6046  -5918  -5710  -5991  -5423  -6192  -5888  -6230  -6815  -6611 
 -7360  -6099  -6205  -5018  -4297  -4455  -4904  -5063  -5487  -5729  -5685  -4521  -4490  -5867  -6532  -6226 
 -6332  -6043  -6079  -6838  -6869  -7852  -7159  -7230  -7507  -7188  -7324  -7660  -6799  -5849  -5231  -5325 
 -5834  -5680  -6058  -5828  -5621  -4865  -4444  -6198  -7056  -6690  -6778  -6384  -6835  -7262  -7080  -7699 
 -7327  -6996  -7009  -6389  -6583  -7020  -6611  -6546  -5698  -5632  -6198  -5736  -6316  -6384  -5938  -4654 
 -4679  -6464  -6887  -7007  -6766  -6849  -7822  -7639  -7144  -6913  -6201  -6068  -5900  -6120  -5815  -5771 
 -5250  -4738  -4251  -4252  -5091  -4954  -5752  -6265  -5556  -4384  -5413  -5188  -5065  -4570  -4968  -5535 
 -6876  -6539  -5918  -4480  -4449  -4049  -5328  -5248  -5360  -6394  -5842  -4590  -4503  -3876  -4686  -4809 
 -4744  -5381  -5002  -4151  -7530  -5411  -3882  -3590  -4006  -5021  -6304  -6628  -6207  -5467  -4662  -3689 
 -4847  -5302  -7099  -7837  -7589  -6447  -5792  -4526  -5062  -5290  -4777  -5047  -5192  -4388  -3649  -4316 
 -4689  -5014  -4711  -4740  -5293  -5617  -5869  -6987  -5922  -5894  -4926  -6628  -7784  -7287  -7382  -6403 
 -6039  -6555  -6953  -6215  -5045  -5112  -5268  -4756  -2944  -5235  -6806  -7638  -5864  -5056  -4792  -4680 
 -5617  -6933  -6214  -5811  -6125  -5774  -6785  -6963  -6545  -4956  -6324  -8276  -9386  -7449  -5253  -4305 
 -4737  -4748  -3378  -5673  -7025  -7426  -6185  -4818  -4601  -4585  -5344  -6679  -6523  -5806  -6816  -6078 
 -5699  -5630  -5554  -6223  -6075  -8709 -10068  -8254  -5805  -4181  -4459  -4172  -3084  -4695  -5766  -5262 
 -5050  -4056  -3998  -4226  -4803  -5586  -5627  -5029  -5467  -5325  -5223  -5932  -6797  -7491  -6315  -8336 
 -9569  -8677  -7024  -4971  -4647  -3763  -2985  -4261  -5260  -4666  -4590  -4319  -4015  -3929  -3967  -4238 
 -4394  -4264  -4585  -4721  -4733  -6812  -8251  -9305  -8803  -9162 -10013  -9604  -8141  -6313  -5116  -3563 
 -3132  -3790  -4940  -4374  -4710  -4811  -4774  -4139  -3774  -3654  -3682  -3602  -4043  -4519  -4737  -6485 
 -6914  -8125  -8410  -8505  -9441  -8287  -7360  -6110  -4449  -3472  -2989  -3114  -4087  -4241  -4724  -4770 
 -4600  -4478  -3904  -3374  -3281  -3562  -4181  -4542  -4703  -5719  -5730  -6979  -6834  -6980  -7461  -6386 
 -5968  -5174  -4065  -3448  -3436  -3923  -4312  -4232  -4390  -4448  -4376  -4227  -3877  -3573  -3579  -3735 
 -4045  -4502  -4795  -5422  -5139  -5553  -5408  -5127  -5309  -5177  -5100  -4711  -3544  -3310  -3006  -3498 
 -3786  -3704  -3798  -3877  -3891  -4007  -3920  -3880  -3983  -4023  -4243  -4333  -4420  -4228  -4072  -4083 
 -4406  -4592  -4083  -3684  -3737  -3553  -3058  -3390  -2588  -3042  -3449  -3658  -3595  -3876  -4117  -4345 
 -4062  -4080  -4026  -4088  -4106  -4208  -4402  -4259  -4154  -3893  -4007  -4172  -3972  -3575  -3521  -3458 
 -3175  -3504  -2696  -2901  -3592  -4019  -4007  -4024  -4335  -4590  -4282  -4330  -4228  -4215  -4203  -4112 
 -4268  -4327  -4324  -4076  -3922  -3886  -3910  -3669  -3318  -3325  -3440  -3601  -2681  -2728  -3122  -3792 
 -3921  -3959  -4082  -4124  -4093  -4460  -4323  -4214  -4110  -4302  -4455  -4468  -4176  -4031  -3890  -3813 
 -3916  -3806  -3270  -3194  -3307  -3547  -2823  -2621  -2776  -3184  -3294  -3381  -3391  -3294  -3461  -3677 
 -3587  -3574  -3613  -3952  -3947  -3850  -3581  -3447  -3378  -3274  -3248  -3248  -2942  -2830  -3123  -3300 
 -2753  -3713  -3864  -4164  -3954  -3957  -3660  -4584  -4335  -4174  -4175  -3885  -3674  -3264  -3154  -3200 
 -3385  -3034  -3317  -3340  -3754  -3953  -4026  -3887  -3737  -3551  -3086  -4889  -5029  -5508  -5652  -5477 
 -5152  -5487  -5057  -5115  -5440  -5381  -5208  -4613  -4248  -3737  -4282  -4861  -4836  -4570  -5041  -5311 
 -5153  -4379  -4000  -3552  -3355  -5902  -5481  -5749  -6166  -6093  -6059  -6108  -5549  -4790  -4979  -5450 
 -5236  -4620  -4577  -4216  -4267  -4345  -5057  -4726  -4681  -5106  -4987  -4265  -3767  -3160  -3592  -5989 
 -5718  -6365  -6866  -6082  -6088  -6235  -5864  -4832  -4852  -5306  -4948  -4379  -4256  -4268  -3936  -3152 
 -4363  -4877  -4394  -4655  -4747  -4545  -4138  -3332  -3861  -5764  -5910  -6220  -6700  -5746  -5742  -5846 
 -5898  -5399  -5107  -5505  -5386  -4773  -5031  -4293  -4066  -3129  -3967  -4499  -4500  -4911  -5370  -5331 
 -4891  -3722  -4200  -6353  -6703  -6646  -6393  -5438  -5599  -5393  -5175  -5022  -4799  -5217  -5332  -4813 
 -5577  -4530  -4167  -4110  -3852  -4425  -4463  -5358  -5625  -5263  -4378  -2922  -3972  -5716  -5019  -5168 
 -5790  -5046  -4900  -4813  -4931  -4585  -4411  -4967  -5158  -4677  -6015  -5017  -4831  -4797  -4971  -4806 
 -4274  -4964  -4816  -4756  -3989  -2821  -4269  -5777  -4335  -4344  -5833  -5319  -4746  -5631  -6028  -5493 
 -4202  -4526  -5586  -5934  -7232  -5448  -5337  -4996  -5331  -4681  -4748  -5030  -5286  -4335  -3945  -3298 
 -4011  -5002  -4792  -5199  -6595  -6070  -6142  -6474  -7096  -6711  -5263  -5102  -6076  -6489  -6271  -5511 
 -5842  -5075  -5910  -5028  -4872  -5070  -5394  -4517  -4377  -3724  -3880  -4997  -4708  -5706  -6521  -5790 
 -5954  -5999  -6417  -6368  -5009  -5501  -6163  -6182  -6361  -5891  -5383  -5085  -5062  -4283  -4311  -4645 
 -4912  -4492  -4502  -4053  -4023  -5017  -5167  -5201  -6145  -6016  -6400  -6153  -6305  -6562  -5532  -5512 
 -4803  -5273  -5177  -5053  -4499  -4372  -4505  -4001  -3358  -4656  -4763  -4865  -4346  -4134  -4859  -4436 
 -4549  -4854  -5420  -5352  -6043  -6046  -5916  -5321  -4743  -5150  -5768  -5745  -5111  -4740  -4100  -3544 
 -4009  -3646  -3313  -3703  -2977  -3420  -2730  -3394  -6860  -5202  -3870  -4261  -5104  -4451  -5350  -5785 
 -5457  -4781  -4234  -5087  -5606  -6885  -7930  -7367  -6749  -6093  -6059  -5624  -5387  -4091  -2349  -2245 
 -2095  -3443  -4006  -5524  -4982  -5673  -4996  -3658  -3660  -4226  -4981  -7530  -5971  -7167  -6055  -7657 
 -9337  -7945  -7710  -6677  -7238  -6834  -6858  -5675  -3404  -1690  -1399  -3891  -2958  -4965  -7059  -8105 
 -5223  -3651  -3038  -3082  -4332  -6276  -5067  -5886  -6184  -5145  -6693  -5594  -5246  -5651  -6989  -8047 
 -8388  -7403  -4565  -1262  -1468  -3808  -2987  -4619  -6617  -6803  -5281  -3491  -3124  -3121  -4036  -5419 
 -5551  -5201  -6441  -4856  -4825  -3922  -4500  -6122  -5580  -6750  -6978  -7986  -6412  -2260  -1564  -2859 
 -2161  -3618  -4599  -4713  -5379  -3579  -2974  -3185  -3461  -4225  -4658  -4113  -4515  -4340  -4077  -4217 
 -5905  -7638  -6747  -7498  -7224  -7927  -7014  -4112  -1396  -2261  -2168  -3872  -4742  -4950  -5107  -4112 
 -3510  -3691  -3329  -3493  -3803  -3629  -3671  -3844  -3862  -5848  -8011  -9000  -8383  -8538  -8724  -8616 
 -8707  -5338  -2172  -2020  -2236  -2847  -3673  -3711  -3830  -4021  -3560  -3738  -3248  -3223  -3385  -3367 
 -3162  -3355  -3874  -5587  -6932  -7050  -7289  -6905  -7517  -6857  -6870  -4543  -2194  -2160  -2072  -2110 
 -2802  -3599  -3496  -3876  -3429  -3734  -3224  -3054  -3179  -3106  -2937  -3026  -3211  -4515  -4475  -4504 
 -4605  -4096  -4941  -3930  -3917  -3181  -1858  -2016  -1691  -1822  -2536  -3359  -3443  -3707  -3483  -3371 
 -3120  -2969  -3106  -2941  -3006  -3151  -3302  -3978  -4335  -4080  -3635  -2768  -3293  -3427  -3219  -2757 
 -1734  -2009  -1411  -1514  -2390  -3040  -3071  -3277  -3189  -2917  -2734  -2839  -3227  -3172  -3379  -3293 
 -3287  -3323  -3704  -3223  -2896  -2574  -2726  -2762  -2705  -2245  -1713  -2020  -1877  -1824  -2537  -3204 
 -3060  -3233  -3356  -3109  -2771  -2953  -3357  -3513  -3532  -3473  -3428  -3347  -3660  -3323  -3086  -3026 
 -2940  -2730  -2518  -1803  -1444  -2007  -2098  -1710  -2182  -2668  -2539  -2461  -2580  -2569  -2633  -3031 
 -3269  -3115  -2906  -2754  -2889  -3175  -3493  -3276  -3219  -3096  -2901  -2561  -2211  -1668  -1668  -2234 
 -2245  -1674  -1997  -2493  -2432  -2317  -2251  -2469  -2477  -3054  -3196  -2926  -2733  -2625  -2682  -2842 
 -2953  -2966  -2597  -2394  -2428  -2381  -2065  -1270  -1367  -2036  -2475  -2001  -1836  -2237  -2283  -2373 
 -2343  -2161  -2402  -2898  -2636  -2025  -2007  -2073  -2031  -1852  -1868  -2067  -1905  -1869  -1815  -1804 
 -1970  -1266  -1284  -2067  -3314  -3547  -3754  -3403  -3244  -3149  -3168  -3220  -3174  -3328  -3417  -2920 
 -2593  -2627  -2486  -2947  -3113  -2907  -3444  -3583  -3479  -3704  -3710  -3558  -3578  -3210  -4621  -4309 
 -4564  -3968  -4201  -4159  -3917  -3933  -4239  -4046  -4219  -3583  -3184  -3353  -3361  -3997  -4099  -3478 
 -4124  -4392  -4506  -4741  -4670  -4120  -3774  -3454  -4771  -5079  -5196  -5190  -5155  -5086  -4534  -4232 
 -4865  -4597  -4419  -3873  -3794  -3860  -3780  -4169  -4104  -3628  -4426  -4004  -3937  -3951  -3859  -3469 
 -3143  -3097  -4548  -5597  -5717  -5699  -5591  -5317  -4711  -4602  -4582  -3690  -3584  -4104  -4545  -4817 
 -4647  -4257  -4066  -3959  -4185  -3542  -2885  -2835  -2816  -2837  -2779  -2880  -4852  -5780  -5664  -5500 
 -5854  -5386  -5153  -5327  -5352  -4581  -4267  -4858  -5312  -5821  -5734  -4348  -4101  -3990  -3890  -3579 
 -3007  -3311  -3382  -3580  -3608  -3498  -4556  -5576  -5577  -5363  -5642  -5284  -5352  -5568  -5254  -5080 
 -4532  -5377  -5668  -6184  -6182  -4871  -4806  -3733  -3263  -3444  -3430  -3646  -3923  -4235  -5092  -4822 
 -4376  -5576  -5207  -4675  -5436  -5087  -4968  -4868  -4470  -4623  -4551  -5120  -5914  -6321  -6635  -5417 
 -5084  -4202  -3705  -3976  -3956  -3898  -3887  -4442  -4897  -4229  -4567  -6060  -5671  -5692  -5558  -4965 
 -5177  -5581  -5177  -5584  -5409  -5760  -6719  -6791  -6955  -6188  -5722  -4984  -4382  -4877  -4915  -4572 
 -4367  -4498  -4889  -4321  -4167  -5417  -5897  -6309  -5950  -5839  -6218  -6799  -6941  -7092  -6613  -6767 
 -6935  -6785  -6566  -5925  -5644  -5430  -5997  -6147  -5666  -4979  -5167  -5186  -5387  -4973  -4846  -6173 
 -6231  -6298  -6299  -6267  -6769  -6862  -6786  -6780  -6574  -7157  -7181  -6986  -6791  -6439  -6080  -6210 
 -6504  -6254  -5883  -5697  -5888  -6246  -6238  -5137  -5654  -7051  -6848  -6977  -7115  -7047  -8517  -8509 
 -8039  -7568  -7269  -7031  -6962  -6570  -6597  -6586  -6074  -5940  -5434  -4637  -5105  -4957  -5530  -6121 
 -6261  -4645  -6529  -6768  -5787  -6409  -6068  -6783  -8340  -7996  -7593  -6543  -6426  -5486  -6797  -6155 
 -6136  -6116  -5658  -5187  -4306  -3825  -4719  -4242  -4339  -4813  -4676  -3680  -7573  -6572  -5304  -5144 
 -4712  -5794  -6898  -7468  -7565  -6278  -5644  -4394  -5879  -6089  -6709  -6309  -6200  -5876  -5129  -4305 
 -4182  -4624  -3931  -4003  -4265  -3985  -4298  -4715  -4265  -4133  -4118  -3936  -4338  -4878  -5213  -6403 
 -5260  -4788  -3967  -5696  -6572  -5581  -5224  -4535  -3617  -4280  -4046  -3809  -3392  -3323  -3820  -3906 
 -2908  -4347  -5146  -5281  -3860  -3054  -2543  -2926  -4112  -5638  -4621  -4217  -4504  -3915  -3585  -3420 
 -3067  -2358  -3823  -5314  -5046  -4139  -2849  -2855  -3332  -3907  -2458  -3526  -4165  -3717  -2967  -1526 
  -815  -1436  -2746  -4165  -3684  -3417  -4254  -3302  -2913  -2518  -2389  -3090  -2853  -4015  -4111  -4681 
 -3188  -2406  -2699  -3045  -2054  -2630  -2043   -610  -1472   -409   -249   -659  -1526  -2355  -2278  -2020 
 -2636  -2306  -2118  -2208  -3265  -4156  -2921  -3102  -3370  -3916  -3905  -2998  -2413  -2410  -1888  -1322 
 -1270   -539   -694   -117   -124   -245   -702  -1613  -1970  -2089  -2620  -1719  -1156  -2049  -3749  -5144 
 -4200  -3282  -3471  -4180  -4648  -3264  -2336  -1957  -2024  -1401  -1386   -472  -1021   -658   -829   -870 
  -951  -1194  -1291  -1572  -2164  -1892  -1693  -2366  -3103  -3888  -3451  -2627  -2695  -2885  -3473  -2986 
 -2028  -1875  -2220  -2059  -2039  -1092  -1131   -866   -929  -1050   -994  -1098  -1215  -1566  -2029  -2263 
 -2453  -2637  -2602  -3408  -3042  -2606  -2289  -2022  -2216  -2484  -1977  -2173  -2449  -2458  -1884  -1167 
 -1140   -982  -1034  -1022  -1031  -1071  -1127  -1461  -1644  -1826  -2159  -2480  -2486  -2622  -2558  -2375 
 -1913  -1738  -1650  -1940  -1676  -2055  -2221  -2120  -1571  -1130  -1283  -1259  -1287  -1332  -1447  -1445 
 -1251  -1458  -1484  -1451  -1560  -1539  -1455  -1547  -1910  -2118  -1525  -1067  -1042  -1405  -1579  -2122 
 -1715  -1572  -1336  -1101  -1222  -1150  -1446  -1496  -1468  -1408  -1286  -1497  -1705  -1748  -1663  -1409 
 -1342  -1417  -1737  -1875  -1451  -1077  -1022  -1363  -1595  -2072  -1728  -1618  -1582  -1425  -1657  -1771 
 -2195  -2180  -1964  -1775  -1505  -1442  -1558  -1713  -1718  -1764  -1760  -1857  -1816  -1759  -1579  -1497 
  -882  -1189  -1414  -2029  -1848  -1780  -1811  -1584  -1779  -1804  -2014  -2046  -2062  -2179  -1860  -1941 
 -2012  -2132  -2056  -2186  -2234  -2499  -2549  -2384  -1989  -1829  -1389  -1652  -1872  -2355  -2143  -1781 
 -1864  -1837  -1909  -1813  -1832  -1961  -2170  -2292  -2147  -2242  -2240  -2188  -2135  -2138  -2163  -2160 
 -1996  -2013  -1957  -1962  -1750  -1864  -2142  -2332  -3487  -4242  -4346  -4022  -4385  -4419  -4302  -4024 
 -3683  -3622  -3294  -3647  -4002  -4004  -3813  -3934  -3857  -3900  -4302  -4370  -4587  -4618  -4521  -4211 
 -4229  -3841  -4177  -4618  -5099  -5102  -5461  -5499  -5251  -5316  -4440  -4230  -4622  -4840  -5545  -5469 
 -5282  -4975  -4395  -4437  -4720  -5672  -6091  -6097  -6063  -5493  -5023  -4165  -3819  -4803  -5332  -5646 
 -5668  -5545  -5245  -5138  -4648  -4198  -4321  -4788  -5113  -4928  -4704  -4854  -4082  -3814  -4696  -5424 
 -5477  -5603  -5608  -5046  -4363  -3703  -3747  -5292  -6056  -6440  -6157  -5819  -5206  -5330  -5474  -4863 
 -4942  -4866  -4809  -4774  -4590  -4817  -4577  -4172  -4542  -5070  -5205  -5265  -5174  -4745  -4358  -3610 
 -3476  -5060  -6082  -6167  -5971  -5501  -5422  -5922  -5899  -5069  -4729  -4784  -4914  -5161  -4881  -4265 
 -4298  -4013  -4169  -4276  -4394  -4736  -4873  -5125  -4837  -3904  -3867  -5113  -5769  -5462  -5469  -5263 
 -5872  -5984  -5524  -4918  -4378  -4695  -4785  -5110  -5278  -4915  -4756  -4225  -3825  -3769  -4098  -4780 
 -4798  -5139  -5500  -4166  -3927  -5070  -5543  -4704  -4671  -4803  -4921  -4705  -4494  -4319  -4018  -4315 
 -4900  -5154  -6003  -5658  -5281  -4698  -3908  -3980  -4247  -4987  -4421  -5549  -5444  -4139  -3735  -5101 
 -5309  -4954  -4645  -4697  -4817  -5301  -5096  -4859  -4641  -4738  -6047  -6522  -7240  -6619  -6508  -5261 
 -4524  -4379  -4790  -4986  -4846  -4958  -4658  -3917  -3615  -4990  -5681  -5574  -5338  -5297  -5385  -6016 
 -6698  -6444  -6087  -6121  -6727  -7287  -7391  -7394  -6754  -5399  -5187  -4661  -5184  -5178  -5345  -4584 
 -4372  -3913  -3877  -5109  -5640  -5353  -5678  -5528  -5883  -6229  -6599  -6476  -6294  -6088  -5844  -5710 
 -5921  -6286  -6159  -6133  -5551  -5447  -6197  -5759  -6099  -5517  -4930  -3889  -4000  -5219  -5437  -6070 
 -5988  -5985  -6783  -6814  -6403  -6074  -5730  -5259  -5232  -5379  -4963  -5257  -4990  -4888  -4533  -4728 
 -5277  -5059  -5945  -5848  -5112  -3890  -5143  -4715  -4830  -5180  -4404  -5155  -6316  -6248  -5495  -4225 
 -4056  -4017  -6128  -5984  -5309  -5883  -5028  -4290  -3887  -3978  -4656  -4780  -4739  -4882  -4378  -3340 
 -7078  -5277  -3393  -2809  -2322  -3987  -5092  -5476  -4951  -3879  -3567  -3413  -5828  -6008  -7068  -7710 
 -7456  -6609  -5629  -4999  -5318  -5439  -4765  -3951  -3891  -3442  -3425  -3647  -3737  -4082  -3365  -3764 
 -4279  -3855  -3987  -5308  -4545  -4938  -4263  -6487  -8558  -8169  -7736  -6993  -5686  -5698  -6250  -5599 
 -4779  -3413  -3368  -3721  -2266  -4269  -6099  -6616  -4510  -3893  -3757  -3289  -4178  -4454  -4604  -3984 
 -4743  -4606  -5015  -4939  -4364  -4206  -5865  -6604  -7352  -6177  -4980  -2990  -2882  -3574  -1916  -4316 
 -4912  -5132  -4600  -4062  -4085  -3802  -4240  -4669  -4929  -4352  -5313  -4305  -3982  -3971  -4287  -5873 
 -5808  -6227  -7073  -7343  -6202  -3685  -2770  -2499  -1710  -3593  -4133  -3627  -4371  -3896  -3785  -3699 
 -3764  -3536  -3599  -3366  -3537  -3661  -3970  -4970  -5917  -7486  -6461  -7384  -7975  -7733  -7299  -4342 
 -3083  -2000  -2262  -3832  -4291  -4016  -4380  -4316  -4199  -3859  -3622  -3444  -3609  -3572  -3647  -3592 
 -3730  -5319  -6632  -8000  -7209  -7700  -8327  -7762  -7353  -4889  -3679  -2059  -2555  -3347  -3894  -3697 
 -3942  -4340  -4367  -3780  -3498  -3170  -3213  -3290  -3568  -3858  -3935  -4604  -5005  -6013  -5720  -5794 
 -6638  -5738  -5704  -4624  -3240  -2161  -2754  -3392  -4328  -4392  -4442  -4336  -4413  -4238  -3699  -3357 
 -3374  -3641  -4063  -4105  -3925  -3663  -3491  -4204  -4159  -4208  -4458  -3916  -4381  -3831  -2823  -2247 
 -2643  -3581  -4318  -4557  -4450  -4233  -4274  -4109  -3804  -3634  -3739  -3880  -4139  -4183  -4100  -4197 
 -4105  -4319  -4086  -3779  -3762  -4077  -4716  -3873  -2566  -2169  -2503  -3415  -3928  -4342  -4354  -4354 
 -4339  -4055  -3783  -3846  -4071  -4091  -3980  -3678  -3552  -3316  -3421  -3497  -3716  -4159  -3749  -3605 
 -3849  -3188  -2631  -2527  -2011  -2617  -3170  -3710  -3721  -3798  -3886  -3895  -3464  -3560  -3782  -3877 
 -3749  -3655  -3757  -3585  -3564  -3219  -3468  -3661  -3510  -3440  -3645  -3021  -2736  -2689  -1837  -1955 
 -2749  -3447  -3562  -3548  -3567  -3680  -3532  -3604  -3669  -3473  -3299  -3330  -3458  -3299  -3021  -2605 
 -2571  -2852  -3271  -3538  -3265  -2898  -2936  -2877  -1874  -1931  -2669  -3488  -3721  -3883  -4004  -3941 
 -3840  -3933  -3632  -3356  -3365  -3679  -3700  -3441  -3129  -3065  -3134  -3311  -3657  -3762  -3497  -2934 
 -2893  -2979  -1972  -1920  -2265  -2618  -2715  -2741  -2813  -2843  -3018  -3205  -3157  -3171  -3273  -3449 
 -3534  -3410  -3239  -3074  -2983  -3112  -3084  -2976  -2801  -2692  -2811  -2846  -3902  -3321  -3160  -2770 
 -2794  -3268  -3341  -2942  -3168  -3235  -3347  -2826  -2660  -2931  -2703  -2920  -2826  -2587  -3241  -3539 
 -3389  -3601  -3535  -3673  -3720  -3509  -4977  -3556  -3488  -3162  -3318  -3365  -3154  -2810  -3188  -3383 
 -3612  -2977  -2697  -2958  -2852  -2914  -2737  -2714  -2916  -3211  -3093  -3302  -3397  -3693  -3276  -3132 
 -4912  -4312  -3854  -3764  -3289  -3485  -3232  -2820  -3393  -3574  -3523  -3096  -2611  -2897  -2903  -3140 
 -2490  -3237  -3717  -3402  -3094  -3440  -3730  -3972  -3497  -3244  -4074  -3968  -3493  -3335  -2760  -3158 
 -3069  -2874  -3198  -3245  -2984  -2848  -2581  -2764  -2773  -2333  -2017  -3183  -3299  -3122  -3056  -3444 
 -3537  -3892  -3610  -3211  -3869  -4070  -3681  -3470  -3305  -3173  -3795  -3772  -3750  -3787  -3519  -3498 
 -3730  -4326  -3860  -2542  -2425  -3130  -3183  -3291  -3012  -3299  -3678  -3817  -3542  -3530  -3682  -4140 
 -4213  -3934  -3727  -3462  -4159  -3977  -3141  -2947  -2936  -3657  -4594  -5315  -4272  -3357  -3622  -3111 
 -2723  -2712  -2595  -2527  -3113  -3733  -4273  -4376  -3683  -4204  -4212  -3267  -3063  -2987  -3259  -2642 
 -2017  -2352  -2734  -3779  -4794  -4943  -4312  -4395  -4454  -3655  -2904  -2957  -2989  -2956  -3307  -4284 
 -4473  -4110  -3742  -4458  -5020  -4595  -3345  -3212  -3574  -3202  -2761  -2800  -3497  -4115  -4888  -5137 
 -4571  -4822  -4807  -3867  -2739  -3186  -3333  -3602  -3860  -4843  -4917  -4286  -3149  -3798  -4759  -4938 
 -3500  -3924  -4321  -3764  -4024  -3858  -4871  -5489  -5045  -4898  -4439  -4702  -4734  -4395  -3780  -3846 
 -3293  -3583  -4292  -5395  -5662  -4783  -3287  -3869  -4706  -4497  -3820  -3698  -3973  -4079  -3673  -3758 
 -4635  -5406  -4559  -4078  -3644  -3754  -3800  -3915  -3883  -3396  -2724  -3042  -3952  -5252  -5100  -4003 
 -3528  -4463  -4960  -5250  -5058  -4583  -5186  -5211  -4745  -4653  -4500  -4436  -3905  -3341  -2962  -2953 
 -2893  -2807  -3039  -2563  -2270  -1862  -2758  -4113  -4316  -3150  -3516  -2999  -3742  -3910  -3453  -3446 
 -4355  -4251  -3924  -3222  -3265  -3329  -3588  -2812  -3108  -4381  -3662  -2544  -2069  -2799  -2983  -1292 
 -1667  -2175  -2461  -2288  -4057  -2812  -2652  -3007  -2726  -3359  -4206  -4619  -4249  -3504  -3470  -2931 
 -3142  -2595  -3734  -6034  -6278  -4310  -3277  -3521  -3519  -1841  -1548  -1878  -2301  -2132  -2956  -2457 
 -4191  -5037  -4101  -4239  -4473  -3896  -3007  -4832  -4739  -4095  -2465  -2649  -4552  -5917  -6047  -3863 
 -2831  -5970  -6602  -2925  -2356  -2439  -2635  -1838  -2568  -4020  -6836  -7917  -5035  -4632  -3989  -2729 
 -2372  -3715  -3535  -3429  -2616  -2203  -3383  -3980  -3405  -1973  -3612  -8558  -9333  -4826  -2965  -2581 
 -2750  -2166  -2833  -3956  -5651  -5845  -4398  -4520  -4336  -3229  -2768  -3452  -3726  -4110  -3916  -3180 
 -3293  -3251  -3393  -3204  -3575  -6603  -7008  -6049  -3987  -3554  -2960  -2279  -2466  -3347  -4122  -4270 
 -4027  -3450  -3747  -3300  -3297  -3005  -3519  -3295  -2499  -2796  -3367  -4123  -4690  -4978  -4387  -6713 
 -6243  -5586  -4943  -4847  -3214  -2430  -2654  -3377  -4289  -4769  -4042  -3030  -3102  -3398  -3172  -3012 
 -3180  -3072  -2800  -3009  -3408  -5045  -6355  -6576  -6956  -7425  -6699  -6019  -6224  -6298  -4224  -2638 
 -2851  -3090  -3619  -3997  -3793  -3439  -3573  -3251  -3063  -2584  -2590  -2658  -2738  -2959  -3251  -4951 
 -5895  -6187  -6604  -6231  -5657  -5255  -5823  -5957  -3726  -2561  -2652  -3001  -3676  -3660  -3643  -3349 
 -3444  -3428  -3057  -2616  -2816  -2896  -2916  -3201  -3563  -4056  -4540  -5033  -4323  -3973  -3884  -4165 
 -4711  -4593  -3276  -2487  -2805  -3086  -3513  -3705  -3740  -3713  -3511  -3661  -3488  -3196  -3233  -3310 
 -3282  -3711  -3952  -4112  -4121  -4155  -3705  -3624  -3786  -4167  -4381  -4195  -3160  -2461  -2263  -2629 
 -3332  -4017  -4178  -4474  -4384  -4252  -4200  -4075  -4210  -4317  -4221  -4154  -4344  -4180  -3991  -3636 
 -3360  -3483  -3515  -3567  -3931  -3890  -3360  -2738  -1693  -2346  -2999  -3806  -3825  -4066  -4104  -3942 
 -3928  -4089  -4285  -4456  -4439  -4289  -4418  -4177  -4102  -3665  -3410  -3506  -3483  -3821  -4009  -4041 
 -3609  -2789  -1953  -2730  -3332  -4053  -4046  -4054  -4276  -4305  -4160  -4293  -4332  -4289  -4008  -3853 
 -3807  -3694  -3771  -3674  -3555  -3683  -3601  -4182  -4035  -4119  -3709  -2989  -2503  -2982  -3382  -3490 
 -3654  -3626  -3789  -3878  -3987  -4092  -3728  -3663  -3580  -3466  -3357  -3496  -3793  -4117  -4035  -4208 
 -4229  -4565  -4375  -3901  -3632  -3042  -2629  -2294  -2396  -2424  -2565  -2501  -2592  -2751  -3102  -3247 
 -3081  -3149  -3288  -3202  -3278  -3380  -3313  -3405  -3253  -3684  -3497  -3444  -3249  -3351  -3338  -3021 
  -988  -1352   -774   -420   -827  -1279  -1343  -1079  -1480  -1446  -1342   -716   -818   -945   -818   -775 
  -653   -547   -610   -916  -1201  -1311  -1205  -1050   -962   -243  -2001  -2018  -1207  -1079  -1640  -2098 
 -2068  -1701  -2186  -2381  -2265   -805   -502   -588   -973  -1316   -394   -128   -579  -1299  -1421  -1739 
 -1795  -1380  -1015   -360  -2236  -1748   -906  -1017  -1627  -2192  -2341  -2168  -2585  -2793  -2367   -955 
  -566   -667   -685   -620  -1104   -668  -1138  -1308  -1412  -1571  -1413   -774   -146   -275  -1396  -1242 
 -1137  -1684  -1787  -2022  -2227  -2163  -2010  -2105  -2058  -1504  -1504  -2015   -971   -547  -1358  -1524 
 -1433  -1050   -916   -901  -1097   -982   -356   -255   -996  -1499  -1484  -1911  -1975  -1730  -1804  -1818 
 -2187  -1691  -1800  -1684  -2465  -3391  -1917   -940  -1724  -1839  -1546  -1305   -810   -801  -1082  -1218 
 -1380   -803  -1085  -1631  -2283  -2695  -2371  -1792  -2045  -1790  -1856  -1435  -1142   -959  -1913  -3299 
 -1749  -1452  -1259   -640  -1102  -1232   -954  -1093  -1106  -2076  -2700  -1508   -796  -1271  -2273  -2562 
 -1966  -1607  -1463  -1256  -1384  -1143   -837   -799  -2366  -3323  -1930  -2332  -1025   -536   -887  -1265 
 -1264  -1809  -1911  -2617  -2971  -1347   -954  -1915  -2311  -2902  -1259   -854  -1288   -955  -1188   -467 
 -1010  -1366  -2379  -2392  -1251  -2051   -567   -311   -490  -1060   -579  -1171  -1340  -1955  -2060  -1285 
  -955  -1984  -2476  -3063  -1603  -1505  -2067  -2117  -1271  -1115  -2585  -2414  -1369   -691   -730   -993 
   220   -311  -1309  -1899   -630   -818   -985  -1532  -2274  -1660  -1155  -1544  -2141  -2404  -1042   -817 
 -1858  -1686   -230  -1304  -2511  -2550  -1504   -986  -1077   -795   -114    229   -674  -1209   -446   -820 
  -507   -316  -1325  -1044  -1339  -2171  -2314  -2808  -1810  -1489  -2726  -2331  -1565  -1533  -1669  -1466 
 -2472  -2296  -1878  -1327  -1042   -409     42   -441   -512   -743   -910    343   -571   -122  -2753  -2628 
 -1005  -1369  -1008  -1117  -1426   -590   -282    381    472    624  -3678  -3799  -2945  -2300  -2315  -1141 
   665    650   -178   -847  -1682   -558   -636    867  -4097  -1847   -259    141    455   1007   2049   2544 
  2626   2201   1482   1041  -3509  -3916  -3292  -3878  -3105  -2456    231    471   -431  -1255  -2576  -1929 
 -1596    588   -897    -93   1912   2366   1039   1203   1595   1230   2306   4122   3923   3514     46  -2473 
 -2833  -3278  -2795  -2336     62   2204   1626   -203  -1813  -2065  -1089    642   1080   2211   4555   4813 
  2320    970    676    608   1534   3008   2379   2062   1654   -342  -1254  -1275  -1468   -731   1400   4260 
  3660   1474   -170  -1588   -162   1191   1187   1995   3117   2805   1701    452   -121   -204    708   2036 
  2381   1640   1648   -132   -742  -1269  -1269   -606    368   2390   1833   1094   -775   -818    123    959 
   196    263    498    137    206   -184   -574   -402    188   1244   1347    881    375  -1269  -1962  -1920 
 -2191  -2267   -929    452    -66   -263  -2801  -2628  -1095    329   -386   -503   -256   -710   -748  -1053 
 -1259  -1238   -870    326    565    -74   -547  -1843  -2210  -2633  -3900  -3677  -1065   -885   -990  -1851 
 -3929  -3526  -2045   -354   -439   -973   -816  -1004   -790  -1560  -2252  -1784  -1237   -238     62   -230 
  -808  -1502  -1650  -1903  -2941  -2353   -442  -1099  -1314  -1728  -3316  -2371  -1306   -151   -534  -1428 
 -1297  -1528  -1362  -1655  -1899  -1695  -1364   -890   -683   -718  -1214  -1583  -1643  -1578  -2106  -1753 
  -880   -763   -817  -1236  -2328  -1817  -1265   -245   -619  -1521  -1502  -1439  -1388  -1388  -1325  -1293 
  -971   -654   -386   -534  -1014  -1276  -1337  -1150   -865   -827   -665   -986  -1100  -1324  -1905  -1182 
  -929   -344   -880  -1233  -1258  -1245  -1157  -1285  -1430  -1490  -1337  -1209  -1024  -1113  -1122  -1085 
 -1100   -962   -741   -848  -1323  -1743  -1565  -1309  -1259   -838   -897   -541   -278   -352   -612   -856 
  -905  -1045  -1284  -1395  -1513  -1504  -1288  -1337  -1399  -1325  -1297  -1350  -1246  -1025  -1306  -1352 
 -1271  -1051  -1164  -1000  -1045   -639    -86    -84   -323   -559   -521   -580   -726   -934   -937  -1074 
 -1141  -1172  -1220  -1192  -1225  -1230  -1064   -760   -734   -829  -1033  -1040  -1030  -1104  -1151   -625 
  -440   -845   -910   -777   -813   -874   -982   -911   -939   -832   -872   -931   -971  -1022  -1010   -972 
  -845   -702   -830  -1165  -1291  -1221  -1204  -1252  -1093   -552   -597   -768   -807   -538   -520   -520 
  -643   -879   -880   -663   -853  -1201  -1202  -1088  -1057  -1220  -1261  -1075  -1069  -1233  -1192   -963 
  -913  -1067  -1039   -734  -1008   -728   -448   -377   -229    172     78   -183    271    248    101    308 
   -41    323    732    983    922    368    148    -75   -369      0    566    408    137   -725  -1802  -1397 
 -1333   -972   -861   -461   -738  -1690  -1152  -1034  -1358   -693  -1325   -869   -250    232   -213   -582 
   -13    -22   -208    -95    362    381    142   -389  -1209  -1489  -1915  -1922  -1460   -615  -1282  -1485 
 -1440  -1915  -1692   -923  -1569  -1339   -762    -62    217   -214    307    192     86      2    232   -140 
  -253   -506   -903  -1800  -1681  -1347  -1009   -478   -607   -457  -1086  -1469  -1453   -480  -1293  -1337 
  -976   -380    905   -265    115   -280   -268   -492   -498   -966  -1092   -737   -955  -1320  -1232  -1164 
 -1451   -830   -939  -1060   -940  -1191  -1729   -948  -2163  -2480  -1647  -1016    179   -231   -232   -604 
  -449   -484   -755  -1350  -1441  -1199   -631   -800   -757   -726   -838   -297   -836  -1026    305    153 
  -974  -1123  -2840  -3641  -2100  -1572  -1550   -957  -1186   -713   -200   -523  -1025  -1899  -2203  -1758 
  -597   -765   -724   -622   -350   -223   -109   -444    284    249  -1244  -1387  -2766  -2334  -1440  -1404 
 -1013   -668  -1052   -569   -294   -842  -1200  -2110  -1596  -1541   -809  -1277  -1433  -1649   -976  -1003 
 -1276  -1583   -159  -1136  -2225  -2286  -1961   -973  -1451  -1832  -1476   -814  -1233   -848   -561   -786 
 -1628  -1911  -1643  -1311   -763  -1427  -2423  -2887  -2013  -1875  -2764  -2459     23  -2347  -4040  -3906 
 -2634  -1314  -1246  -1454  -1526  -1281  -1509   -939    -89     96   -732   -895  -1158   -974  -1070  -2036 
 -2534  -2520  -1690   -954  -2087  -1752   -304  -2064  -3188  -3053  -2535  -2294  -1963  -1774  -1468   -885 
  -962   -883    364   1164    245    -84   -382   -212  -1677  -2099  -2780  -2902  -1609   -563  -2213  -1550 
  -161  -1596  -2694  -3731  -2834  -3764  -2533  -1761  -1330  -1141  -1215  -2313  -1464   1545   1123    162 
   -95   -402  -2668  -1646  -2735  -1992  -1224    -66  -1286  -1441  -1326  -2657  -3449  -4584  -5290  -5009 
 -4166  -5485  -4489  -2926  -3245  -3757  -2838    522    872   -128   -578  -1118  -4438  -2809  -2917  -2328 
 -2962  -2454  -3635  -4802  -3973  -4172  -3123  -4069  -4469  -4315  -4958  -6186  -6121  -4542  -3900  -4538 
 -3901   -493    403   -630  -1810  -1356  -2105  -2217  -3233  -3785  -1710  -2166  -2540  -2415  -2580  -5708 
 -4084  -6432  -3804  -3870  -5146  -6143  -6338  -4613  -4123  -4618  -4375  -1721   -954  -1469  -2538  -2043 
 -2139  -2354  -4428  -5124  -2456  -2752  -2674  -2581  -2631  -5289  -3852  -4973  -3837  -2387  -3155  -4038 
 -4275  -2594  -3094  -4857  -5190  -1976  -1109   -615  -2476  -2254  -2198  -2667  -4405  -4903  -2841  -2564 
 -2606  -2498  -2521  -4512  -4463  -4528  -3596  -1712  -1257   -843   -982  -1171  -2136  -4729  -4773  -3025 
 -1357   -718  -1518  -2229  -1858  -3182  -3437  -3805  -3028  -2265  -2403  -2207  -2189  -2668  -2929  -2567 
 -1865  -1406  -1265  -1729  -2837  -3259  -3827  -5413  -4452  -2523  -1323  -1075  -1211  -1642  -1592  -2819 
 -3252  -3795  -2864  -2731  -2518  -2603  -1963  -1540  -1628  -1354   -772  -1163  -1417  -2998  -4858  -4431 
 -5067  -5659  -5550  -3402  -2440  -2215  -1227  -1474  -1803  -2205  -2297  -2660  -2605  -3018  -3229  -2337 
 -1878  -1420  -1451   -983   -749   -759  -1091  -2610  -4291  -3265  -3476  -4112  -4620  -2847  -1688  -1562 
  -829  -1541  -1914  -1918  -1355  -1374  -2062  -2270  -2197  -1994  -1749  -1526  -1735  -1454  -1123   -924 
  -758  -1229  -1459   -813  -1099  -1647  -2247  -2033   -705   -148   -357  -1441  -2105  -2162  -1559  -1389 
 -1707  -1926  -1585  -1808  -1949  -1751  -1693  -1515  -1326  -1385  -1433  -1309   -589   -281   -535   -934 
 -1050  -1016    -77   -264   -677  -1555  -1370  -1721  -1428  -1112  -1213  -1283  -1029  -1305  -1844  -1811 
 -1737  -1771  -1943  -2014  -1895  -1602  -1316   -984   -865   -954  -1015   -800   -598   -883  -1082  -1510 
 -1280  -1578  -1280  -1178  -1158  -1326  -1371  -1774  -2097  -2360  -2103  -1867  -1905  -1821  -1944  -1922 
 -1792  -1333  -1124  -1261  -1283  -1021   -847  -1249  -1552  -1559  -1640  -2012  -1905  -1565  -1621  -1634 
 -1780  -2014  -2216  -2528  -2487  -2261  -2331  -2215  -2217  -2348  -2397  -1941  -1626  -1472  -1574  -1260 
 -1178  -1436  -1609  -1633  -1948  -2319  -1819  -1482  -1580  -1579  -1538  -1639  -1879  -2116  -2279  -1845 
 -1979  -1851  -2125  -2339  -2227  -1962  -1515  -1358  -1566  -1303  -1059  -1256  -1625  -1535  -1368  -1333 
 -1150   -997  -1195  -1266  -1059  -1049  -1330  -1597  -1635  -1452  -1318  -1308  -1385  -1440  -1148   -995 
  -906   -896   -899   -862   -801  -1115  -1326  -1292  -2835  -3500  -3750  -3508  -3242  -2661  -2316  -2725 
 -2655  -2678  -2454  -2680  -2555  -2770  -2500  -2801  -2828  -2899  -3299  -3776  -3920  -4184  -4220  -4138 
 -4049  -3489  -3695  -4088  -4395  -4122  -3878  -3057  -3067  -3445  -2934  -2693  -2580  -2621  -2865  -3194 
 -2865  -2996  -3473  -4062  -3986  -4644  -5082  -5403  -5325  -4739  -4190  -3412  -3483  -4450  -4590  -4448 
 -4704  -3804  -4050  -4018  -3838  -3718  -3370  -3361  -3721  -3877  -3540  -3755  -4023  -4511  -4599  -4652 
 -4932  -5046  -4790  -4324  -3651  -3343  -3499  -4989  -5440  -5536  -5696  -4706  -4592  -4586  -4879  -4172 
 -3832  -3812  -3744  -3916  -3654  -3400  -3689  -3923  -4248  -4232  -4186  -4135  -3981  -3849  -3722  -3512 
 -3898  -5344  -5466  -5558  -5720  -4639  -4626  -4982  -4945  -4764  -4462  -4237  -4411  -4603  -3969  -3316 
 -3697  -3647  -3842  -3794  -3522  -3544  -3779  -4252  -4064  -3757  -3933  -5677  -5554  -5339  -5260  -4374 
 -4800  -4959  -4967  -4931  -4684  -4401  -4550  -4880  -4595  -3912  -3812  -3426  -3441  -3454  -3583  -4499 
 -4323  -4924  -5245  -4684  -4094  -5398  -5229  -4768  -5153  -4447  -4367  -4222  -3967  -4338  -4472  -3915 
 -3858  -4347  -4904  -4634  -3870  -3384  -3429  -3408  -3703  -4506  -3911  -5048  -4698  -3908  -4155  -5558 
 -5537  -5038  -5209  -4410  -4210  -4801  -4774  -5454  -4609  -4248  -4652  -5261  -6084  -5791  -4797  -4051 
 -3693  -3895  -3977  -4382  -4432  -4835  -4581  -3818  -4084  -5178  -5480  -5189  -5444  -4844  -5052  -6322 
 -7182  -7249  -5915  -5363  -5744  -6077  -6485  -6514  -5614  -4942  -4908  -5064  -4827  -4685  -4823  -4543 
 -4314  -3760  -4121  -5247  -5850  -5659  -5764  -5625  -5945  -6504  -7321  -7304  -6042  -5622  -5530  -5591 
 -5721  -5742  -5159  -5083  -4564  -4603  -5030  -4686  -4808  -4465  -4148  -3577  -4291  -4941  -5421  -5341 
 -5611  -5561  -6826  -6933  -6732  -6623  -5894  -4670  -4105  -3690  -3637  -4296  -3931  -4004  -4097  -4071 
 -4237  -4436  -4778  -4738  -4494  -3956  -4613  -4664  -4787  -5506  -5521  -6098  -7455  -7453  -7024  -5646 
 -5356  -4164  -5102  -4118  -4072  -4516  -4211  -3740  -4560  -4592  -4284  -4197  -4294  -4523  -4081  -4038 
 -6329  -5803  -4117  -4448  -4734  -5922  -6762  -7323  -7104  -5773  -5820  -5065  -6547  -6117  -6625  -7124 
 -6399  -5915  -5918  -5485  -4735  -4639  -4132  -5033  -4236  -4352  -4668  -5372  -5360  -5051  -4779  -4911 
 -5327  -5877  -5632  -7106  -6932  -6826  -5735  -6981  -7663  -7715  -7714  -6640  -6050  -6331  -6556  -5208 
 -4498  -5033  -4269  -4484  -3635  -5602  -7630  -8103  -5620  -5061  -4461  -4036  -4452  -5849  -5699  -5756 
 -5833  -5795  -6130  -6709  -6611  -5660  -6444  -7395  -8045  -6250  -4416  -4096  -3803  -4400  -3404  -4239 
 -6650  -6927  -4314  -3653  -3321  -2851  -2898  -4538  -4884  -4324  -4981  -4129  -4259  -4313  -3900  -3873 
 -3985  -3570  -5523  -6130  -4020  -3315  -3597  -3892  -2575  -2935  -4214  -4039  -3406  -2589  -2414  -2394 
 -2555  -3434  -3880  -3537  -3918  -3335  -3242  -3332  -3761  -5029  -3855  -2783  -4208  -5582  -5058  -4255 
 -3088  -3229  -2534  -2946  -4099  -3667  -3581  -2602  -2066  -1841  -1772  -2110  -2480  -2584  -3032  -2638 
 -2674  -3159  -4505  -6699  -5531  -4122  -5360  -6284  -6356  -4875  -3367  -2845  -2748  -3160  -3688  -3418 
 -4044  -3250  -2780  -2578  -2450  -2460  -2666  -2952  -3228  -3137  -3110  -3169  -4406  -5649  -5049  -4154 
 -5247  -5402  -5518  -4640  -3316  -2847  -2738  -2955  -3467  -3456  -4037  -4255  -3991  -3985  -3271  -2997 
 -3076  -3434  -3631  -3535  -3566  -3766  -4293  -5244  -5094  -4944  -5049  -4581  -4481  -4334  -3333  -2927 
 -3009  -3448  -3801  -3601  -3611  -3512  -3489  -3475  -3222  -3092  -2982  -3195  -3439  -3387  -3483  -3695 
 -3907  -4272  -4351  -4170  -4184  -4134  -4021  -3826  -2938  -2699  -2486  -2806  -3345  -3378  -3327  -3328 
 -3408  -3380  -3126  -3019  -2997  -3030  -3262  -3271  -3256  -3093  -3242  -3334  -3673  -3798  -3686  -3473 
 -3445  -3347  -2798  -2770  -2116  -2493  -3077  -2936  -2770  -2903  -3084  -2977  -2671  -2512  -2394  -2543 
 -2788  -2947  -2960  -2698  -2711  -2631  -2806  -2934  -3005  -3128  -3065  -3032  -2744  -2770  -2090  -2124 
 -2612  -2639  -2600  -2708  -2984  -2800  -2570  -2460  -2365  -2399  -2490  -2636  -2686  -2730  -2749  -2670 
 -2631  -2612  -2592  -2682  -2426  -2464  -2342  -2676  -1887  -1449  -1711  -2106  -1962  -2107  -2154  -2044 
 -1838  -1959  -2058  -2226  -2085  -2006  -2059  -2218  -2195  -2376  -2362  -2282  -2495  -2698  -2356  -2170 
 -2026  -2620  -2164  -1931  -2237  -2434  -2227  -2328  -2479  -2193  -1925  -1821  -1727  -1932  -1954  -2122 
 -2141  -2217  -2180  -2357  -2319  -2422  -2484  -2428  -2349  -2224  -2183  -2672  -2749  -2917  -2798  -3037 
 -3033  -3000  -2663  -3505  -3440  -3233  -3225  -3055  -2805  -2523  -2159  -2387  -2802  -2981  -3166  -3849 
 -4168  -4299  -4136  -3725  -3318  -3044  -2941  -3489  -3675  -3616  -4140  -4165  -3757  -4502  -4055  -3732 
 -3754  -4208  -4178  -3754  -3448  -3192  -3996  -4633  -4285  -4519  -4349  -4542  -4654  -4094  -3466  -3143 
 -3095  -4579  -4584  -4432  -4770  -4577  -4326  -4741  -4412  -3535  -3135  -4427  -4189  -3749  -3844  -3679 
 -3724  -3989  -4391  -4489  -3942  -4206  -4328  -4036  -3602  -2969  -2923  -3913  -4508  -4467  -4807  -3965 
 -3866  -4098  -4165  -2964  -2772  -3695  -3514  -3175  -3657  -3500  -3190  -2835  -3395  -4132  -3777  -3719 
 -3780  -3922  -3225  -2893  -3348  -4022  -4983  -4533  -5203  -4014  -3730  -4151  -4408  -4569  -3893  -3964 
 -3836  -3266  -4252  -3696  -3204  -2760  -3307  -3908  -3816  -3956  -4099  -4277  -3202  -2923  -3366  -4123 
 -5247  -4512  -4969  -3642  -3444  -3924  -3979  -4167  -3972  -4386  -4149  -3871  -5272  -4213  -4210  -3934 
 -3711  -3736  -3308  -3872  -4268  -4435  -3169  -2552  -3105  -3887  -3775  -3148  -4119  -2892  -2567  -2935 
 -3579  -3590  -3442  -4132  -4433  -4281  -6016  -5487  -5311  -4385  -3938  -3728  -3416  -3619  -3628  -3681 
 -2666  -2538  -3407  -4295  -3736  -3062  -4170  -3571  -3271  -4414  -5076  -5098  -4034  -4433  -4785  -5249 
 -6539  -5399  -5124  -4000  -3671  -3323  -3677  -3274  -3520  -3131  -2855  -2693  -2932  -3750  -4165  -4254 
 -5034  -4873  -4713  -4726  -6073  -6067  -5079  -5124  -6038  -5682  -5156  -4864  -4830  -4184  -4370  -4206 
 -4831  -4228  -4277  -3906  -3826  -3252  -3152  -4184  -4405  -4274  -4609  -4098  -3945  -4159  -5058  -5559 
 -4716  -5452  -6049  -5748  -5588  -5628  -5442  -5297  -4869  -4671  -5226  -5652  -5429  -5236  -4648  -3696 
 -3975  -4758  -5045  -4604  -5284  -5167  -5376  -5334  -5538  -5627  -5149  -5157  -4533  -4306  -4822  -5287 
 -4927  -4998  -5623  -4247  -4216  -5281  -5231  -5584  -4795  -3999  -4127  -4505  -4372  -4255  -5365  -5115 
 -6063  -5652  -5848  -4591  -4709  -5036  -5255  -5523  -5465  -5152  -4497  -4413  -5686  -5027  -4610  -4307 
 -3837  -4770  -3377  -3805  -5271  -4431  -4102  -4418  -5912  -4896  -6105  -6322  -6156  -4970  -5043  -5000 
 -5160  -6371  -8216  -7989  -7375  -6220  -6566  -5974  -6200  -4718  -3416  -4009  -2731  -3530  -3450  -4726 
 -5777  -6266  -6755  -5096  -5526  -5952  -6393  -8340  -8120  -7243  -6619  -8106  -8779  -7305  -6941  -6257 
 -7269  -6876  -7513  -6119  -4326  -3924  -2853  -4150  -3839  -6434  -8326  -8597  -7550  -6082  -5821  -6208 
 -6716  -7736  -7813  -6934  -8359  -6457  -6857  -6243  -5766  -5953  -7870  -8433  -8759  -7330  -5198  -3457 
 -3173  -4185  -4040  -7065  -8616  -7923  -7716  -6022  -5905  -6378  -6616  -7671  -7801  -6592  -8222  -6778 
 -6826  -6119  -6995  -9418  -8315  -8900  -8419  -8726  -7664  -5523  -4344  -4035  -3362  -5706  -7003  -6328 
 -7813  -5639  -5516  -5987  -5966  -6598  -6533  -5565  -6539  -6433  -6243  -6664  -8943 -11278  -9992 -10197 
 -9799  -9910  -8929  -7248  -4973  -3854  -3611  -5428  -6812  -6001  -7087  -6408  -5811  -6207  -5754  -5836 
 -5461  -5341  -5620  -5855  -5570  -7703  -9741 -11445 -10784 -10943 -11475 -10917 -10264  -8013  -5273  -3767 
 -3543  -4409  -5958  -5519  -5855  -5959  -5657  -5524  -5087  -4808  -4748  -4717  -4918  -5336  -5232  -6968 
 -7587  -8166  -9008  -8967 -10211  -8399  -7888  -6703  -4508  -3401  -3841  -3799  -4754  -4692  -4682  -4901 
 -4646  -4954  -4638  -4292  -4334  -4430  -4715  -4895  -4661  -5357  -5308  -5941  -6151  -5916  -6562  -5166 
 -5224  -4862  -3631  -2777  -3355  -3529  -4512  -4476  -4387  -4524  -4501  -4452  -4358  -4218  -4507  -4352 
 -4517  -4694  -4624  -4835  -4689  -4925  -4858  -4217  -4320  -4329  -4086  -4123  -3223  -2491  -2731  -3374 
 -4348  -4343  -4171  -4027  -3927  -3799  -3974  -4245  -4807  -4649  -4729  -4598  -4576  -4610  -4495  -4240 
 -4251  -4324  -3950  -3890  -3633  -3521  -2783  -2268  -2760  -3324  -4115  -4563  -4179  -4230  -4390  -4497 
 -4395  -4704  -5049  -4999  -4889  -4736  -4764  -4818  -4905  -4451  -4264  -4336  -4275  -4082  -3704  -3320 
 -2674  -2255  -2675  -2990  -3951  -4328  -4144  -4229  -4558  -4820  -4711  -5051  -5173  -4939  -4612  -4389 
 -4565  -4738  -4880  -4649  -4486  -4685  -4742  -4513  -3754  -3111  -2777  -2357  -2913  -3095  -3442  -4002 
 -3911  -4039  -4048  -4105  -4217  -4817  -4944  -4746  -4535  -4403  -4448  -4572  -4504  -4377  -4050  -4017 
 -4211  -4286  -3521  -2870  -2962  -2429  -2560  -2084  -2237  -2715  -2879  -3059  -3122  -3101  -3353  -3724 
 -3438  -2898  -3036  -3243  -3152  -2975  -2724  -2780  -2664  -2714  -2697  -2778  -2685  -2330  -2520  -2500 
 -2422  -2452  -2364  -2955  -3342  -3344  -3065  -2831  -2539  -2480  -2434  -2731  -3240  -3142  -2822  -2722 
 -2709  -3503  -3348  -3568  -3779  -3598  -3399  -2778  -2265  -2526  -2202  -2285  -2477  -3455  -4062  -3992 
 -3696  -3561  -2767  -2144  -2580  -3110  -3983  -4079  -3689  -3050  -3428  -5314  -3403  -3972  -4032  -3951 
 -4254  -3787  -3121  -2859  -1608  -2289  -2680  -3438  -4057  -4129  -4271  -3897  -3248  -2392  -2702  -3380 
 -3363  -3347  -3137  -3190  -3553  -4059  -3759  -4354  -4300  -4498  -4727  -4191  -3368  -2785  -1441  -2222 
 -3198  -3797  -4045  -3747  -3201  -3027  -3446  -3082  -2826  -2477  -2146  -2231  -2458  -3026  -3211  -2960 
 -3221  -4210  -4304  -4412  -4131  -3573  -2940  -2580  -1435  -1931  -3119  -3693  -4022  -3495  -2947  -3165 
 -3171  -2638  -2187  -1925  -1816  -2013  -2525  -2692  -3016  -3111  -3309  -3825  -3654  -3846  -3442  -3168 
 -2677  -2532  -1839  -1869  -2509  -2670  -3000  -2935  -3012  -3042  -2903  -2502  -1939  -1542  -1516  -1064 
 -1648  -2495  -2974  -2995  -2995  -2661  -2994  -3985  -3563  -3102  -2802  -2345  -2055  -1925  -2613  -2577 
 -2660  -2935  -2899  -2773  -3102  -2138  -1655  -1447  -1587   -837  -2035  -2556  -2680  -2362  -2268  -2028 
 -2492  -3222  -2902  -3239  -2700  -2542  -1841  -1776  -2027  -1982  -2525  -2779  -2657  -2782  -3322  -2587 
 -2055  -1998  -2459  -1822  -2591  -2874  -3142  -2246  -2266  -1886  -2531  -2705  -3095  -2631  -2325  -2230 
 -1805  -2135  -2594  -2309  -2870  -2597  -2725  -2664  -3637  -3517  -3200  -3174  -3425  -2838  -3234  -3919 
 -3717  -2782  -2478  -1577  -2912  -2934  -3224  -2425  -1928  -1791  -1795  -2598  -3083  -3193  -3204  -2682 
 -3018  -3141  -3150  -3671  -3999  -3635  -3131  -2349  -2818  -3567  -3663  -3572  -2650  -2549  -3385  -3506 
 -3736  -3370  -2499  -1918  -1897  -2217  -2736  -2998  -2597  -2198  -2524  -2577  -1971  -2888  -3533  -4215 
 -3588  -3855  -3749  -4041  -3988  -3134  -2259  -3291  -3630  -3169  -3405  -3679  -2691  -2545  -2096  -1726 
 -3126  -3066  -2727  -3126  -3750  -4403  -4121  -3770  -3535  -3377  -4464  -4811  -4473  -6323  -5780  -4292 
 -4144  -4265  -4464  -3583  -3449  -3927  -3158  -3209  -5599  -3560  -3185  -2919  -4137  -4248  -5300  -6082 
 -5267  -4366  -3566  -3240  -4633  -5532  -7502  -8608  -8230  -6569  -5566  -5472  -6133  -4712  -4134  -3958 
 -3723  -3213  -2942  -4028  -5033  -6176  -5378  -4971  -5616  -5808  -5987  -7346  -6175  -6578  -5354  -7169 
 -8966  -8101  -7541  -6719  -6538  -7649  -8338  -6613  -5611  -4284  -3537  -3651  -2676  -5039  -7529  -8913 
 -6119  -5295  -5074  -5334  -6370  -6863  -6505  -5987  -6933  -6371  -8267  -7979  -6894  -5958  -7200  -9271 
 -9826  -7475  -5819  -3747  -3259  -3616  -3375  -5698  -6901  -7597  -6619  -5962  -6138  -6623  -6482  -7052 
 -7430  -6325  -6726  -5383  -5677  -5683  -5804  -7802  -8016  -9620 -10103  -9241  -8010  -4267  -3296  -3419 
 -2721  -4775  -6407  -6146  -6526  -5770  -6013  -6464  -5859  -5502  -5494  -4830  -5229  -5151  -5114  -6039 
 -7293  -9259  -8791 -10558 -10519 -10093  -9587  -5562  -3897  -3249  -3132  -4820  -6363  -6446  -6336  -6576 
 -6091  -6037  -5173  -4641  -4637  -4569  -4582  -4598  -4654  -6839  -8049  -9650  -9565 -10230 -10734 -10013 
 -9581  -6546  -4363  -3250  -3481  -4281  -5273  -5687  -5802  -6114  -5781  -5131  -4583  -4108  -4065  -3883 
 -4009  -4088  -4544  -6308  -6944  -8079  -8552  -8953 -10375  -8474  -8188  -6052  -4069  -3189  -3623  -3942 
 -4938  -5667  -5820  -5959  -5681  -5057  -4667  -4184  -4192  -4192  -4342  -4359  -4367  -4607  -4795  -5872 
 -6080  -6615  -7780  -6652  -6274  -5096  -4081  -2974  -3310  -4121  -4983  -5566  -5459  -5423  -5302  -4867 
 -4675  -4256  -4436  -4339  -4471  -4490  -4531  -4649  -4548  -5184  -5443  -5990  -6314  -6117  -5741  -5005 
 -3895  -2951  -2556  -3649  -5113  -5887  -5761  -5823  -5621  -5161  -5120  -5140  -5589  -5438  -5279  -5129 
 -5103  -4919  -4948  -4727  -4545  -4858  -5109  -5529  -5181  -4846  -3827  -2988  -2344  -3297  -4646  -5852 
 -5656  -5720  -5793  -5754  -5433  -5498  -5802  -5768  -5385  -5132  -5311  -5063  -5056  -4596  -4004  -4165 
 -4879  -5284  -4909  -4473  -3572  -3012  -2603  -3219  -4390  -5561  -5435  -5506  -5555  -5504  -5241  -5315 
 -5660  -5513  -5095  -4816  -4803  -4594  -4615  -4123  -3775  -4187  -4964  -5371  -4694  -4111  -3598  -3058 
 -2775  -3668  -3981  -5151  -5016  -5233  -5130  -4879  -4875  -4981  -5119  -4971  -4782  -4732  -4683  -4697 
 -4573  -4351  -4077  -4406  -5154  -5470  -4467  -3753  -3536  -2990  -2725  -2959  -3092  -3610  -3460  -3556 
 -3547  -3335  -3385  -3435  -3348  -3279  -3412  -3643  -3428  -3325  -3263  -3590  -3885  -4036  -3897  -3996 
 -3671  -3108  -3110  -2986   -326   -565   -801  -1150   -883   -734  -1195  -2111  -1912  -1344  -1463   -815 
  -615   -650  -1202  -1669  -1736  -1774  -1700  -1296  -1495  -1598  -1625  -1346  -1051  -1110   -696  -1034 
 -1256  -1399  -1379  -1551  -1963  -2489  -1961  -1390  -1605  -1494  -1092  -1252  -1372  -1623  -2348  -2325 
 -1805  -1626  -1943  -1945  -1663   -905   -114   -327   -544   -616  -1036   -711   -657   -896  -1323  -1739 
 -1409  -1097  -1225  -1437   -828   -279   -382  -1010  -2103  -1225  -1119   -864  -1067  -1187   -959   -477 
   279    135   -527  -1057  -1199   -579   -949   -848  -1227  -1330  -1314   -961   -997  -1292  -1135   -858 
  -767   -784  -1114   -159   -136   -624   -433   -533   -578   -163     45     85   -760   -543   -708   -612 
  -900   -522   -419   -820   -796   -560   -488  -1302   -980   -596   -389   -528   -999   -567  -1114  -1155 
  -821   -923  -1282   -949   -389   -731   -658   -747   -565     40   -405   -174   -359   -810  -1736  -1841 
 -1107  -1714  -1661  -1515  -1721   -780  -1280  -1466  -1556  -1436  -1620  -2249  -2435  -1450   -637  -1243 
  -737   -673   -887   -437  -1302  -1153  -1637  -1900  -2415  -2589  -1806  -2013  -1632  -1394  -2470   -653 
  -879  -1269  -1258  -1402  -1129  -1139  -1289  -1092   -125   -735  -1176   -777   -484    325  -1110   -968 
  -972  -2098  -3400  -3758  -1715  -2287  -2195  -2037  -2213   -262   -276  -1001  -1768  -1715  -1143  -1242 
 -1265  -1197  -1102  -1136  -2096  -1995  -1409    227    110    573    519  -1544  -3262  -4309  -3098  -3342 
 -3076  -2066  -1588  -1514  -1421  -1557  -1420  -1652  -1917  -1992  -1481  -1046  -1284  -1209  -2019  -2648 
 -2920  -1994  -1472   -962  -1114  -2458  -3526  -4252  -3768  -3764  -3699  -3404  -3161  -2735  -2028  -2353 
 -2089  -2166  -2245  -1908  -2023  -1217  -1233  -1097  -2550  -2763  -3102  -2183   -899  -1118  -1194  -1614 
 -2304  -4030  -4080  -4825  -4629  -5233  -4069  -2860  -1949  -2244  -2025  -1963  -2051  -2543  -2220  -1948 
 -1315  -1585  -4072  -4069  -3448  -2912  -2893  -4194  -4236  -4638  -4413  -3736  -3327  -4020  -5527  -5802 
 -5330  -4363  -3792  -3860  -4238  -2944  -2079  -3325  -3779  -4404  -3105  -3009  -6959  -5575  -2926  -3190 
 -4716  -4941  -5525  -5669  -5341  -4627  -3832  -3637  -5818  -6984  -7814  -6237  -5694  -5354  -4775  -3226 
 -2610  -3229  -4485  -5334  -3989  -3511  -4637  -5782  -3996  -5306  -5621  -4692  -4825  -4878  -5421  -7151 
 -6193  -6558  -6776  -8183  -7467  -7251  -7240  -5211  -5239  -4506  -4150  -3126  -4378  -5424  -4344  -4235 
 -3257  -5603  -6882  -8433  -6565  -5105  -4322  -4369  -5303  -6340  -6074  -5752  -7007  -6540  -6530  -6829 
 -6660  -6032  -6307  -6450  -6559  -4388  -3949  -4541  -4409  -4119  -4123  -5021  -6255  -7069  -5615  -4613 
 -4107  -4154  -4126  -4925  -5409  -4061  -4075  -4381  -5202  -4730  -4963  -5218  -4772  -5837  -5533  -4266 
 -4261  -4059  -4074  -3769  -3189  -3721  -4227  -4234  -4057  -4316  -4247  -4352  -3872  -4582  -4925  -3898 
 -3881  -4053  -4328  -4456  -4291  -4171  -4458  -5852  -4971  -4733  -4803  -4811  -4013  -3289  -2752  -3315 
 -4505  -3995  -4000  -4326  -4396  -4219  -3597  -3982  -4190  -3878  -4050  -3947  -3808  -4381  -3601  -4076 
 -4756  -5408  -5851  -5495  -5838  -4863  -3784  -3071  -3475  -4406  -5437  -4645  -4685  -4642  -4297  -3938 
 -3730  -3909  -4087  -4067  -4037  -3740  -3779  -4115  -3976  -4292  -4618  -4350  -5781  -4534  -5363  -4299 
 -3657  -3182  -3850  -4083  -4593  -4510  -4706  -4955  -4337  -4044  -4126  -4212  -4357  -4491  -4505  -4042 
 -3684  -3867  -3453  -4228  -4058  -3739  -4777  -3932  -4212  -3741  -3537  -2797  -4024  -4243  -4654  -4165 
 -4107  -3846  -3650  -3527  -3513  -3441  -3663  -3736  -3951  -3645  -3446  -3899  -4015  -4435  -4268  -3516 
 -4048  -3790  -3449  -3782  -3409  -2562  -3383  -3847  -4389  -3796  -3623  -3450  -3538  -3464  -3325  -3309 
 -3597  -3521  -3825  -3721  -3652  -3712  -4034  -4337  -4239  -4086  -4087  -4228  -3820  -3682  -3104  -2308 
 -3112  -3566  -3987  -3826  -3527  -3414  -3689  -3630  -3367  -3420  -3560  -3553  -3649  -3575  -3594  -3495 
 -3710  -3661  -3610  -3516  -3785  -3795  -3310  -2985  -2695  -2082  -2967  -3382  -3614  -3563  -3474  -3674 
 -4125  -4085  -3990  -4004  -4016  -3838  -3667  -3392  -3393  -3555  -3796  -3671  -3387  -3382  -3565  -3380 
 -2932  -2637  -2499  -2051  -2932  -3138  -2935  -3303  -3206  -3459  -3599  -3726  -3960  -4341  -4346  -4137 
 -3872  -3713  -3656  -3769  -3797  -3646  -3513  -3532  -3634  -3549  -3087  -2846  -2885  -2238  -2359  -2681 
 -2705  -2886  -2808  -3009  -3116  -3066  -3214  -3522  -3245  -2976  -2901  -2829  -2676  -2690  -2696  -2888 
 -2752  -2652  -2752  -2725  -2739  -2578  -2897  -2620    -25    201    -29     -2    -54    303    270    121 
   219    178     11     -2     76    107     16    -16    186    160   -124    -56    116    229    245   -141 
  -574   -256     82    317    135   -133   -115    364    344    237    335    278   -123     39    223     85 
   -98     10    266     79   -397     39    331    504    352   -329   -766   -303    191    248    230   -119 
  -385    400    296    159    482    415   -398    -78    423      1   -257    122    636    -35   -764    -69 
   459    486    528   -127   -704   -324    235    129    235     88   -306    496    235    190    369    367 
  -561    -46    723    -88   -491     95    596     -1   -856   -269    346    361    416   -109   -709   -414 
   230    219     95     85   -200    476    165    154    266    108   -507    108    917   -352   -548     62 
   369      4   -448   -255    249    324    352     -7   -407   -359    141     83    141    -74   -261    446 
   246    105    309     93   -213    123   1011   -409   -425     74     12     73   -146   -297    211    490 
   568     59   -188   -233    -37    216    219    -20   -209    515    431    372    194    246    230    164 
   745   -222    488    -57   -309     34    -14   -282    184    435    545     64   -533   -209   -107    316 
   185   -203   -565    277    569    283    -31    190    484   -209    498    -16    712    -34   -368    154 
   107   -140    137    418    492    271   -467   -155    -58    459    421   -189   -540    311    487    375 
   -31    264    410   -487    -94     16    453    116   -303    209     77    -55     75    228    296    311 
  -319   -117   -109    524    478   -172   -602    238    631    505    194    297    485   -514   -360     -2 
    92    131   -129    473    302     98     93     25    139    271   -265   -114   -248    385    300    -97 
  -405     69    289    300    147    221    197    -35    340    230    203    327      5    413    301    602 
   -33    138     69    285   -119   -158   -185    562    365   -144   -209    428    315    360    405    324 
   173    436    236   -206     31    369   -383    161    443    618   -363    142     97    346    -47   -107 
   -94    668    413   -319    -46    495    150    169    114    273    407    318   -224   -194    641   1194 
  -883   -493    597    650   -554     63    375    346   -187   -107    -46    831    758   -885   -777    164 
    96    303    558    491    695    110   -705    -72   1237   1180  -1059   -799    743    879   -749   -740 
   -95    203   -241   -143     76    816   1168   -846  -1551   -207     69    278    550    438    681   -291 
 -1147   -153    867    985   -444    -10   1379    908   -861  -1582   -617     93   -405   -191    157    752 
  1293   -577  -1237   -309      1    111    398    337    474   -262   -481    -84    331    411    393    690 
   920    654   -695  -1379   -610     79   -387   -267     68    469    886   -408   -693   -128    -82     25 
   167    146    205    -78      1     82    335    527    843    933    509    568   -399  -1170   -583   -230 
  -449   -223   -163    394    511   -111     -1    189    140     31    179    -43     18     88    151    196 
   323    497   1216    908    417    500   -356   -919   -626   -510   -739   -242   -193    442    233    285 
   301     51     40     58    123   -121    -38    -78     46    175    236    329    996    554    604    332 
  -273   -504   -375   -341   -607   -223   -282    405     18    183    137     99     61     -2    106     16 
   -10    -46    -10    109     86    127    480    208    448     96   -147   -125   -167   -242   -427   -108 
  -255    271    -92     65     54    -29     39     26     91    167    101    116     76     56     68      2 
   227    466    202    145     33      5     97    -80   -406   -104   -145    191   -243   -103    -77    -89 
   -56    -28     93    183     53    143    124     98     18      7    128    192     30      1     77     54 
   257    -14   -447   -203    -25    340   -260   -125    -37    -40     17     91    189    136     49     89 
    82    128    103     74     99    151     24      1     60     82    217   -117   -551   -273     67    442 
    -9    -89     76    -58     50     82     80     18     70     60     71     86    102     49     75     72 
    -1    -61     65    147    311   -236   -714   -395     59    684    233     14    141    -47     -8     50 
   -73   -103     -4     88     -8    -24    106    106     37     59   -159   -266    -43     46    180   -369 
  -824   -350     16    526    157     -5     34    -75    -81     -9    -55   -105     43    112    -32   -128 
    13     56      4     -8   -227   -331   -106    -72    -32   -352   -547   -201    570    733    521    581 
   646    640    625    666    659    700    837    957   1020   1000    978    904    786    749    713    657 
   654    627    631    627    513    447     89    113    222    380    455    294    308    279    236    182 
   293    472    491    515    377    339    349    424    195     15   -106   -137   -234   -179   -126    210 
  -138     -4    -14    -41     22    -13    -66   -200   -317   -328   -329   -178   -209   -221   -152    -95 
  -100    -45   -201   -191   -256   -330   -236    -49    105    120   -157   -170   -325   -332      2    122 
   103     45     23   -126     -6    136    218    154     97    -14   -275   -684   -295     11     27     -1 
   -31     21    -74      8    -50    -42   -129   -142     36    197    302    308    221    324    370    470 
   574    428    570    305     20   -348   -108    177    254    332    277    274    222     37   -106    -10 
   136    155    175    182    154    141     31   -141   -101    173    372    180    458    615    460    162 
   179    249    200    133    261    348     52     15    -20     58    429    553    349    102     29    107 
   261    157    171    319    115   -150    500    733    575    370    260    164    128    141    -94   -231 
  -560   -306    -26     60    450    327    329    456    477    512    588    572    528    443    103   -191 
  -151   -392   -317   -147    101    234     83    162   -124    -31     14    -23     14     22    142    -58 
   324    162    130   -236   -262    135    467    292    374     88   -152    -95     70     76    344    352 
   373    579    403    356    325    160    137    179    -65   -341     55    132    178     30    -41     35 
  -237   -160    171    403    477    513    360    108     94    284    569    607    639    517    349    163 
   220    163    167    282    569    595    628    419    192     72    103    323    771   1067    940    633 
   601    584    573    924    908    452    421    281    170    232     70    349    470    275    457    377 
   505    702    576    732    465    574    980    866    470    690    721    484    548    589    567    212 
   321    352    176    135    -75      0    310    107     21   -129    -10    -43     82    955   1179    924 
   563    159    662   1607   1509   1061    820    953    989    661    271    160   -105     21    -74    811 
  1768   1868    709    -29   -222   -432   -110    371    314   -122   -392   -919   -408   -401   -395     26 
   523   1540   1980   1433    587   -202   -251    184     58    127    345    500    306     -2    -23   -359 
  -504  -1231  -1054  -1199   -932  -1086  -1882  -2548  -2366  -1129   -271    270    651    568    415   -261 
  -507    107    -43   -753  -1641  -1783   -866   -130    -29   -288   -410   -929   -851  -1093   -696   -292 
  -177   -169    -84    510    278   -296   -401    -69    549     35   -293    -45   -209   -548   -752   -869 
  -370   -173    -50    -86    -35   -302   -284   -553   -393      9    152    282    218    280    101   -140 
  -181     98    911    286   -186    -96   -143   -323   -296   -377   -153    -25    132    120    150    -29 
  -211   -285   -331   -148    100    138   -133   -433   -517   -568   -461   -211    312     51   -106    -63 
    31   -209   -298   -430   -431   -342   -419   -549   -585   -499   -367   -268   -293   -276   -251   -501 
  -860  -1341  -1571  -1623  -1602   -953   -851   -861   -652   -264    140    -98   -223   -369   -474   -486 
  -631   -487   -404   -257   -198   -171   -242   -297   -327   -653  -1066  -1410  -1376  -1418  -1316  -1146 
  -904   -828   -653   -255    -32   -298   -248   -108   -106    -98   -120    -77    -25     61     95     75 
   101    -26   -135   -299   -499   -549   -457   -511   -367   -432   -317   -290   -228   -185     59    -13 
    33     49     17    -20     34    -12   -135   -100      4     23     40    -61    -92   -136   -149   -285 
  -344   -339   -198    -91    -67    -38   -266   -242     80    -38    -11    -83    -82    -74    -76    -36 
   -76    -82    -13     26     14     10     -2     18     34    -16    -36    -14     44    127    207     76 
  -104   -119   -220   -519   -273    -49    -12    106    100    157    218    222    209    200    216    220 
   315    397    419    413    355    163    121    153    158    -12   -244   -138   -195   -429   -194    -74 
   -59    -51     37     97    112    239    224    202    193    213    207    197    205    211    172    166 
   171    132     90     26   -238   -206   -355   -775   -759   -666   -588   -513   -450   -448   -472   -361 
  -273   -289   -264   -259   -252   -279   -354   -415   -445   -442   -435   -413   -501   -505   -593   -347 
    83     17    168    155    274    313    199    171    173    135    253    332    289    223    220    258 
   242    159    244    279    270    234    217    161     90    136    -12    -73    142    101    218    295 
   110    105    112     56    183    339    276    194    148    249    132      4    169    251    247    240 
   205    138    -20     80    -40   -123    122    -12     96    213      6     60     90    -27     71    230 
   163     73    120    270    104    -88    104    262    186    183    192     88   -133    -17    -29   -185 
    89    -67     34    123    -28     35     41    -74    -71    114     48    -11     99    219     56   -107 
    47    151    150    135    158     95   -124     -4    -85   -198     66    -22     75    130     20     66 
    69    -70    -44     63    -33    -87    138    200    122     -7     64    138    158    125    126    107 
  -136     -3   -103   -226     25    -37     98    140     -9    100     79    -21    -59    103    -12    -79 
   132     88    210    192    158    152    167     20    119    103   -140     -6   -102   -166    -19   -111 
   102    165    118    134     24     64     12    132     55    -24     71     37    208    243    156    160 
   214     12    132     94   -117     -6   -101   -153    -14   -122     82    173    127    107     13    212 
     6     65    101     35     59    -22    150    224     52     90    164     48     89     82   -165    -28 
  -116   -154    -19    -96     58    141     84     61      9    168      0     25    187    138     80     67 
   170    209     10     41    102      4     37     58   -178    -49    -93   -158    -36   -108     34     90 
   -30     35     -9    109    -61     32    154    128     82     91     99    126    -36    -22     47      3 
    31     71   -167    -78    -74   -115    -24    -46     50     44    -23     17      6     51     45    101 
    55    -10     92    115     90     86    -22    -55      9    -23    -49     47   -156    -87   -112   -126 
  -115    -73    -25    -48    -93   -119    -76   -113    -48      8   -104    -85     61    119    111     60 
     4   -104    -43     13    -32      1   -180    -72    -92   -151   -164   -125    -60    -74    -61   -112 
  -134   -250   -124   -112   -116    -35    125    127    140    110    122   -105    -67     46     15    -45 
  -168    -60   -118   -161   -259   -177    -16    -14     23    -29   -149   -344   -144   -194   -108    -13 
   107    108    133    114     65    -28    -42    -13     10    -20   -152    -51   -119   -126   -221   -153 
    -1     23     71     43    -96   -299   -125   -223   -130    106    173    127    148    135    -71    -18 
   -32      0     78      4   -140    -26   -153    -82   -173   -120     66    123    136    126     59   -122 
   -90   -104      1    140    160    159    104    127     62     69     18     65    105     35   -127    -25 
  -144   -148    -94    -66    155    210    211    216    234    132     84     62    154    213    164    187 
   104    136    193    313    194    175    112     29   -107    -18    -83   -124     19     91    268    285 
   261    308    340    330    283    244    248    240    153    228     18     79    238    420    400    232 
   113     36    -57     -2    -63   -133     63    187    269    254    219    294    305    329    318    259 
   253    181    140    194    -30     75    302    413    429    264     68     52    -59    -15    -54   -167 
    29    141    212    266    248    271    306    325    325    276    246    200    134    163    -24     93 
   258    362    361    239    104     56   -105    -44    -87   -174      7     93    172    224    228    216 
   203    224    255    228    218    185    161    172     93    117    220    269    271    213    134     81 
  -111    -64    -86   -165      1     80    168    194    240    237    189    179    221    223    210    184 
   188    213    219    209    205    209    212    189    151    108   -102    -43    -88   -157     -8     97 
   183    220    274    301    273    260    282    283    250    233    251    265    276    262    253    237 
   215    215    161     83   -104    -14    -65   -168     14    166    256    308    338    370    379    434 
   451    433    401    384    417    411    413    397    372    322    272    245    136     89    -42     41 
   -15   -103     52    235    339    385    417    435    471    565    566    541    530    569    569    529 
   507    458    432    378    315    273    186     99     14     93    124     24    133    268    349    375 
   398    442    502    562    548    475    491    555    561    492    461    412    390    361    335    302 
   254    169    136    177   -362   -386   -455   -433   -470   -501   -479   -462   -478   -445   -467   -448 
  -405   -407   -426   -458   -484   -456   -511   -523   -528   -538   -580   -562   -510   -428   -190   -160 
  -191   -185   -192   -260   -234   -217   -282   -249   -270   -239   -156   -148   -165   -228   -228   -176 
  -267   -315   -294   -299   -296   -288   -228   -182    -49     37    -42    -43    -55   -136   -100    -80 
  -105    -59    -56    -73    -52    -15     -4    -61   -111   -108    -92   -115   -126   -101    -52    -44 
    20    -52     47    162     96     75     15    -41      3     46     92    130    123    -15    -99    -95 
   -83   -105   -132    -75    -71    -82    -60    -15     29     23     73    -23    124    200    136     33 
    -4    -79     -9      9     21     83     72    -43    -94    -92    -79    -41    -53    -51    -53    -61 
   -64    -32     24     20     18    -77    146    214     66    -42    -98   -192   -164   -160    -93    -44 
    16    -65    -95    -68    -66    -10     17    -34    -34    -80   -146   -131   -146   -171   -198   -227 
   106    115    -79   -138   -208   -213   -180   -190   -130    -79    -23    -67    -98    -80    -32    -21 
    13    -88    -72    -92   -192   -196   -218   -176   -114   -141     66     69    -94   -123   -183   -202 
  -201   -230   -175   -168    -34    -40    -64      8     58     -1     23    -80    -36    -33    -47    -26 
   -36    -29     36    -29     35     78    -61    -86   -215   -249   -214   -292   -209   -167   -144   -127 
  -123     -2     64     90    129     17    -30    -32      1     57     93     82    152     21     -7     55 
     2      2    -34    -94    -48    -92    -97   -147   -133   -130   -189   -135    -87    -53     12    -22 
     5      5    -56     -3     66    140    188     53    -71    -67   -134   -188   -173   -215   -154   -155 
  -145   -137   -118   -176   -275   -263   -266   -226   -161   -177   -152   -185   -195    -75     21     94 
   126      4   -149   -123   -165   -224   -165   -222   -162   -164   -107    -59    -73   -166   -261   -325 
  -287   -148   -146   -272   -205   -153   -168   -192    -46     13     44    -33   -333   -209    -70   -140 
  -220   -275   -256   -220   -114     48    102     38    -99   -189   -167   -156   -134   -154    -56     32 
   -51    -96    -95   -106    -60    -75    -76     65    221    211     68   -119   -205   -225     11    118 
   158    138     73    -84   -121   -146   -159   -130     89    267    236    171     18   -133    -82    -93 
    56    203    250    241    185     16    -84   -131    -24     71     36     89     11   -131   -177   -210 
  -200     22    266    328    346    329    187    -28    -28    -42     84    178    224    229    144     26 
   -46   -103   -105   -101   -126   -135   -117    -85    -53    -41    -10    120    221    311    324    247 
   120    -17     37     32    -38     14     14      6    -33    -77   -119   -152   -178   -216   -250   -249 
  -167   -107    -78    -68     16     70     76    158    188    122    -12    -24     52     72    -96    -78 
  -184   -220   -178   -212   -209   -226   -246   -245   -272   -240   -198   -114    -71    -35     54     92 
    80     82     49      4     -4    -20     46     54   -136   -166   -259   -352   -386   -374   -379   -372 
  -340   -337   -327   -291   -244   -172   -120    -53     10     73     68     38    -21    -42    -49    -17 
    54     29   -111   -120   -164   -159   -204   -258   -241   -218   -192   -196   -204   -181   -169   -129 
  -133    -86   -107   -132   -153   -171   -175   -264   -250   -115     29     61   -116    -76   -100    -93 
   -89   -105   -111    -97    -69    -81    -80    -81    -72    -76   -114   -124   -109   -115   -158   -204 
  -189   -189   -135    -31    115    130     -1     74     12    -14    -32    -48    -77    -94    -94    -98 
   -78    -59    -48    -52    -77   -127   -164   -209   -236   -261   -228   -180   -140    -40     96     81 
    83    131     53     33     -1    -15    -32    -53    -69    -68    -65    -49    -74   -100   -130   -127 
  -139   -122   -139   -139   -135   -128   -112    -46     50     23     18     57    -22    -40    -73    -95 
  -123   -147   -166   -166   -154   -146   -158   -152   -148   -151   -178   -162   -176   -183   -157   -158 
  -138   -102    -38   -104   -168   -197   -244   -247   -231   -238   -273   -294   -308   -306   -302   -295 
  -279   -270   -265   -287   -327   -336   -356   -346   -346   -295   -279   -254   -233   -288   -446   -518 
  -592   -620   -612   -628   -644   -639   -642   -656   -689   -733   -742   -721   -700   -689   -697   -689 
  -692   -692   -676   -654   -632   -621   -580   -523  -7425  -7304  -7579  -7327  -7652  -7344  -7183  -7504 
 -7126  -7479  -7744  -7181  -6973  -6709  -6510  -6310  -6356  -6274  -6388  -6441  -6381  -5951  -5359  -5650 
 -6502  -7256  -7564  -7488  -8072  -8164  -8346  -7690  -6809  -6886  -7045  -7428  -7723  -7262  -6433  -6143 
 -6412  -6159  -5867  -5643  -6130  -6331  -6162  -6097  -5864  -6436  -7343  -7868  -7864  -7678  -7548  -7337 
 -8288  -8268  -7480  -7589  -7726  -7244  -7911  -7697  -7352  -6852  -7244  -6734  -5929  -5343  -6445  -7449 
 -7572  -7901  -7619  -7450  -7695  -7864  -7990  -8256  -8265  -8376  -9552  -8705  -7991  -7541  -7358  -7069 
 -7513  -8293  -7961  -7605  -8241  -7887  -6613  -5366  -6949  -8299  -8084  -8737  -8275  -7585  -7408  -7495 
 -8395  -8472  -8750  -9240 -10119  -8879  -8149  -7867  -7554  -6750  -7568  -7884  -7317  -6719  -8290  -8389 
 -7609  -6682  -7515  -8068  -7674  -8340  -8255  -7849  -8029  -7889  -8101  -7965  -8230  -8870  -9719  -8982 
 -8169  -7737  -7465  -6991  -7090  -7585  -7277  -7055  -8606  -8543  -8642  -8013  -8176  -8062  -7807  -7704 
 -7281  -6561  -7199  -7664  -7989  -7765  -7225  -7605  -8950  -9109  -8682  -7806  -7615  -7408  -7782  -8004 
 -7850  -7472  -8254  -6856  -7370  -7850  -8221  -8318  -8017  -7425  -6975  -6813  -7839  -7947  -7537  -6880 
 -6299  -6895  -8395  -9082  -8175  -7697  -7358  -7932  -7484  -7454  -8220  -7976  -8272  -7220  -7715  -8336 
 -8122  -8066  -8666  -8424  -8558  -7775  -8151  -8142  -7290  -6176  -5197  -5666  -7457  -8190  -7543  -7188 
 -7392  -7683  -6158  -6195  -7882  -8731  -8907  -8385  -9005  -8476  -8882  -8130  -8845  -8352  -8837  -7852 
 -8115  -8302  -7068  -5845  -4517  -5054  -6917  -8219  -8027  -7542  -6968  -6106  -4080  -4763  -6504  -7897 
 -8151  -7999  -8366  -7952  -8011  -7414  -7514  -7464  -7638  -7452  -7628  -8186  -6880  -6032  -5206  -5251 
 -7040  -7707  -7895  -7487  -7266  -6071  -4991  -4880  -5190  -5617  -5675  -6262  -6626  -7004  -7030  -6557 
 -6457  -6458  -6341  -6691  -6658  -7286  -6806  -5640  -4655  -4336  -6338  -6751  -7518  -7360  -6656  -5763 
 -4831  -3704  -2889  -2896  -4063  -4454  -4807  -5460  -6172  -5647  -6036  -6148  -5181  -5469  -5573  -6228 
 -6919  -5914  -4947  -4594  -6636  -6818  -6607  -6836  -5901  -4725  -3560  -1264  -1049  -1973  -2857    -31 
   -12  -3860  -5742  -4768  -5291  -6254  -4679  -4517  -5052  -6309  -6925  -6058  -2561  -1586  -5691  -7071 
 -6898  -7014  -5650  -1446   -316   1889  -1123  -3724  -2361   2547   3436  -2349  -4586   -144   -723  -4983 
 -5833  -4967  -5241  -6569  -5385  -4514   2039   3245  -2658  -6196  -6770  -6599  -5943  -2215  -2120   -163 
 -4446  -7421  -7343  -4818  -4214  -4833  -2897   3422   4137  -2549  -5676  -5927  -5961  -7121  -5557  -4658 
  -523    654  -3790  -5935  -6647  -7214  -7019  -5505  -4520  -3437  -6152  -7560  -8157  -7935  -6931  -6516 
 -3656   1277   1581  -3668  -6885  -6401  -6734  -7674  -6667  -6143  -4662  -3915  -6125  -6192  -6432  -7004 
 -7200  -7040  -6430  -6096  -6667  -7162  -7202  -7092  -5941  -4667  -1474   1506    439  -3269  -6542  -6323 
 -6586  -8081  -8119  -7283  -6400  -5249  -5290  -5630  -5571  -6542  -6642  -7358  -7427  -7444  -8055  -7521 
 -7257  -7471  -6362  -4961   -650   2220    786  -2424  -5523  -5355  -6518  -7994  -7757  -7418  -6826  -5475 
 -5407  -5042  -5159  -6477  -6700  -7284  -7544  -7512  -8016  -7626  -7761  -8005  -7089  -7549  -3795  -1103 
 -2684  -4741  -6424  -5873  -6879  -8051  -7651  -7556  -8068  -7661  -7307  -7372  -7518  -8542  -8363  -8588 
 -8458  -8307  -8584  -8952  -8924  -9107  -8695  -9432  -7569  -5951  -6861  -7294  -7616  -7420  -7959  -8358 
 -7672  -6942  -7552  -7500  -7050  -7016  -7199  -7974  -8010  -8064  -8028  -7902  -8124  -8375  -8512  -8844 
 -8730  -9454  -8538  -7874  -8569  -8496  -8029  -7566  -7729  -8261  -7699  -7133  -7517  -7585  -7268  -7236 
 -7292  -7789  -7804  -8023  -7907  -7676  -7796  -8356  -8791  -8961  -8541  -7967  -8013  -8234  -8766  -8615 
 -7914  -7567  -7806  -8550  -6896  -6131  -6765  -7508  -7344  -7343  -7422  -7921  -8005  -8050  -8041  -7702 
 -7828  -8176  -8439  -8575  -8347  -7958  -8229  -8537  -8648  -8593  -7719  -7366  -7763  -8324  -7481  -6975 
 -7351  -8201  -7928  -7831  -7885  -8267  -8109  -8279  -8233  -7757  -7777  -7622  -7538  -7536  -7526  -7530 
 -7751  -8448  -8849  -9030  -8090  -7652  -8002  -8521  -8308  -8070  -7463  -7638  -7230  -6941  -6919  -6952 
 -6913  -6946  -6885  -6589  -6763  -6561  -6222  -6251  -6358  -6413  -6664  -7492  -7843  -8332  -7862  -7201 
 -8060  -8547  -8421  -8018  -7329  -7111  -6731  -6304  -6257  -6131  -5965  -5885  -6050  -5780  -5766  -5539 
 -5100  -4845  -5077  -5430  -5567  -6407  -6749  -7279  -7036  -6874  -7627  -7971   -220   -273   -795  -1016 
  -628   -693   -493   -323   -561   -888   -666   -524   -664  -1053  -1283  -1812  -2062  -1445  -1948  -1650 
 -1879  -1970  -2140  -1935  -1545  -1397    109   -165   -801  -1014  -1041   -815   -615   -360   -481   -527 
  -215   -319   -905  -1699  -1966  -2394  -2356  -2026  -1627  -1361  -1155  -1267  -1692  -1477  -1059   -925 
  -661  -1039  -1378  -1667  -1287  -1086  -1390   -738   -649   -586   -311   -722  -1268  -1858  -2157  -2563 
 -2815  -2817  -2644  -1372  -1472  -1570  -1764  -1789  -1681  -1314  -1329  -1634  -2016  -2085  -1464  -1329 
 -1452  -1318  -1674  -1441  -1029  -1146  -1440  -1742  -1740  -2363  -2285  -2096  -2153  -1521  -1722  -1475 
 -1401  -1220  -1434  -1179  -1352  -1664  -1683  -1638  -1507  -1611  -1903  -2015  -2156  -2176  -1822  -1582 
 -1790  -2074  -1780  -1531  -1406  -1504  -1662  -1756  -1864  -1398  -1374   -633  -1039  -1107  -1631  -1816 
 -1784  -1712  -1472  -1753  -2664  -2514  -2385  -2578  -2147  -2054  -2421  -2832  -2194  -1282   -686   -884 
 -1062  -1144  -1303  -1208  -1237   -733  -1328  -1383  -1303  -1647  -1672  -1365  -1300  -1531  -1994  -2109 
 -1726  -2051  -1757  -1714  -1761  -2155  -2203  -1524   -972   -930  -1023   -930   -701   -950   -878   -949 
 -1222  -1065  -1010  -1427  -1486  -1441  -1239  -1257  -1428  -1644  -1977  -1945  -1755  -1663  -1544  -1289 
 -1408  -2027  -1354  -1602  -1564  -1867  -1836  -1243  -1330  -1019  -1319  -1466  -1129  -1646  -2317  -1822 
 -1138  -1579  -1822  -2618  -2338  -2717  -2614  -2522  -2218  -1396  -1532  -2133  -1591  -1967  -1970  -2146 
 -2742  -2055  -2107  -1854  -2194  -1667  -1563  -2277  -2977  -2708  -1839  -1894  -2379  -3264  -2719  -3433 
 -3853  -3871  -3341  -2705  -2991  -3660  -3274  -3563  -3436  -2858  -3133  -2807  -2816  -2601  -2865  -1710 
 -1976  -2586  -2729  -2507  -2103  -2923  -3392  -4103  -3588  -4115  -4338  -3887  -3582  -3452  -3613  -4146 
 -3905  -3630  -3304  -2723  -2787  -3073  -3541  -3217  -3461  -2097  -2089  -2936  -3203  -3421  -2722  -3983 
 -4233  -4044  -3898  -2950  -3421  -2998  -3603  -4014  -4821  -5403  -5144  -4636  -4561  -4076  -3960  -3337 
 -3532  -3338  -3396  -2113  -3642  -3135  -3109  -3181  -3693  -3732  -4489  -4336  -3674  -3935  -3861  -3093 
 -4220  -5348  -6547  -7416  -6757  -5273  -5055  -5770  -6324  -4073  -3641  -3164  -3345  -2213  -2935  -3585 
 -5061  -5857  -5530  -4231  -4977  -5094  -5290  -7155  -6963  -6050  -5101  -5977  -7850  -7732  -6880  -6092 
 -5465  -7362  -8683  -5735  -3979  -3204  -2936  -2238  -3133  -5427  -7686  -9440  -7136  -5625  -5423  -5661 
 -5931  -6928  -6117  -5856  -4651  -4582  -5531  -4997  -4270  -5134  -7190  -9817 -11150  -7764  -4715  -2620 
 -2664  -2252  -3240  -5408  -7337  -8292  -6766  -6110  -6317  -6466  -6360  -6684  -6300  -5611  -5079  -4605 
 -5032  -5432  -5650  -6558  -6786  -8938 -10380  -8605  -6932  -3723  -3441  -2708  -2325  -4239  -5724  -6012 
 -5471  -5234  -5925  -6026  -5798  -5507  -5586  -4729  -4616  -4454  -5012  -6659  -7976  -7991  -6950  -8027 
 -8094  -8592  -9236  -6533  -4803  -3011  -1996  -3964  -4704  -4861  -4076  -4277  -5383  -5610  -4548  -4020 
 -4165  -4230  -4066  -4289  -4889  -7822  -9946  -9946  -8270  -7961  -7700  -8995 -10636  -8946  -6219  -3298 
 -1935  -3285  -4169  -4013  -3457  -3857  -4469  -4339  -3604  -3011  -3454  -3702  -3571  -3603  -4349  -6720 
 -8785  -9192  -7554  -6234  -6644  -7268  -9294  -7852  -5749  -3164  -1962  -2700  -3720  -3958  -3560  -3216 
 -3306  -3018  -2700  -2462  -2596  -2865  -3230  -3197  -3713  -5313  -6401  -6959  -5156  -4046  -4389  -4761 
 -6524  -6146  -4866  -2942  -1721  -2558  -3213  -3744  -3462  -3019  -3091  -2852  -2722  -2593  -2791  -2910 
 -3235  -3400  -3592  -4233  -4750  -5290  -4405  -3780  -4241  -4643  -5263  -5041  -4117  -2761  -1882  -3144 
 -3746  -4195  -3992  -3762  -3609  -3045  -2933  -3189  -3614  -3537  -3540  -3425  -3203  -3184  -3547  -3821 
 -3570  -3715  -3977  -4312  -4391  -3977  -3469  -2444  -2065  -3219  -3755  -4250  -4111  -3674  -3743  -3208 
 -2926  -3124  -3333  -3351  -3183  -2986  -3120  -3047  -3244  -2986  -2571  -2698  -3282  -3660  -3702  -3372 
 -2976  -2091  -2041  -3266  -3611  -4051  -3582  -3060  -3389  -2933  -2753  -2659  -2775  -2601  -2418  -2233 
 -2281  -2127  -2127  -1745  -1725  -2382  -2732  -3257  -3169  -2716  -2522  -1669  -1895  -2648  -2848  -3208 
 -2712  -2384  -2514  -2255  -2094  -2187  -2331  -2187  -1922  -1854  -1767  -1954  -1936  -1704  -1603  -2226 
 -2723  -3131  -2818  -2254  -2253  -1408  -1413  -1644  -1646  -1847  -1535  -1377  -1549  -1251  -1266  -1180 
 -1058  -1073  -1062  -1124  -1010  -1001   -866   -735   -829  -1160  -1265  -1500  -1641  -1544  -1648  -1402 
 -2886  -2725  -2127  -2603  -1911  -1950  -2327  -2438  -2360  -2382  -2285  -1837  -1880  -1847  -1782  -1852 
 -1686  -1961  -2316  -2234  -2363  -2640  -2547  -2400  -2145  -1948  -3014  -2521  -1626  -2376  -2130  -1864 
 -2279  -2325  -2138  -2648  -2396  -1653  -1536  -1476  -1471   -948  -1036  -2162  -1262  -1152  -1441  -1737 
 -1567  -1305  -1139   -898  -2911  -3311  -2114  -2928  -2094  -1927  -2695  -2107  -2179  -2666  -2318  -1587 
 -1702  -1693  -1602  -1090  -1643  -2063  -1886  -1012  -1102  -1449  -1653  -1671  -1416   -930  -2233  -2818 
 -1696  -2730  -1933  -1736  -2306  -1934  -2206  -2389  -2280  -1211  -1209  -1324  -1065  -1291  -1809  -2071 
 -1816  -1615  -1600  -1686  -1763  -1771  -2175  -1362  -1984  -1962  -1356  -2038  -1681  -1820  -2396  -2300 
 -2281  -2354  -2344  -1722  -2244  -2758  -1928  -1287  -1755  -1987  -2160  -2074  -2065  -2059  -2161  -2248 
 -2803  -1937  -1823  -1897  -1409  -1710  -1089  -1342  -2340  -2206  -1582  -1437  -1872  -1919  -2724  -3207 
 -2116  -1887  -1979  -2011  -1776  -1709  -1795  -2375  -2328  -2239  -2905  -2332  -1530  -1426  -1530  -2072 
 -1143  -1156  -1275  -1235  -1270   -988  -1505  -1975  -3016  -2999  -2985  -3181  -2376  -2212  -2039  -2064 
 -1675  -2727  -1949  -2448  -2709  -2071  -1755  -1782  -1829  -2516  -1554  -1441  -1668  -1879  -2118  -1251 
 -1530  -1992  -2993  -2993  -3449  -3157  -2308  -1562  -1915  -2137  -1287  -2091  -1602  -2214  -2573  -1848 
 -1744  -2164  -2323  -2758  -2427  -2075  -2531  -2801  -2525  -2032  -2452  -3424  -3516  -3166  -3242  -2952 
 -2329  -1563  -2108  -2178  -1637  -2117  -2448  -3072  -3543  -2334  -1894  -2570  -2805  -3304  -2895  -2328 
 -3148  -3120  -1792  -2403  -3504  -4084  -3770  -3503  -3624  -3501  -2912  -2352  -1934  -1685   -986  -1382 
 -2572  -3227  -3572  -2155  -2334  -2678  -3287  -3781  -3237  -3073  -4107  -4178  -3068  -3689  -3937  -4373 
 -4554  -4580  -3618  -3507  -2925  -2463  -1725  -1555  -1167   -778  -2318  -2626  -3095  -2012  -2526  -2711 
 -2382  -2601  -1986  -3221  -3753  -3686  -2915  -2444  -2327  -2963  -4375  -4206  -4024  -5501  -5131  -3318 
 -1937  -2095  -2295   -466  -1076  -1505  -1760  -1306  -3788  -2476  -1324  -1464  -1279  -3080  -3667  -3221 
 -2287  -2357  -1789  -2678  -3874  -4081  -5399  -7427  -7605  -5095  -3642  -3688  -4062   -953   -838  -1401 
 -1501   -742  -2262  -2287  -3239  -3909  -1766  -2538  -2550  -2235  -2909  -4900  -4373  -5154  -3939  -4650 
 -6610  -7775  -7602  -5762  -5149  -6289  -7461  -3598  -1511  -1187  -1358  -1023  -1693  -3250  -6447  -7623 
 -3903  -2375  -2182  -2404  -3659  -4311  -4021  -4372  -4060  -3910  -4049  -3821  -2929  -2840  -5159  -8185 
 -9450  -4964  -1763   -665  -1058   -993  -1312  -2279  -3748  -4480  -2679  -1929  -2233  -2478  -2796  -2968 
 -3587  -3264  -3233  -1968   -848     76    503   -494  -1554  -4151  -4895  -3373  -1192    628    256     90 
  -574  -1175   -820  -1359  -1226  -1373  -1635  -2195  -2082  -2389  -2609  -2334  -2072   -603    -48   1426 
  2129   1964   1270    -85    319    577   1171   2606   2070    814   -638   -937   -838  -1180   -560   -920 
 -1082  -1432  -1037  -1344  -1729  -1422   -948    719   1126   2935   3878   3822   3529   2878   3258   3373 
  3089   3733   2988   1099   -960  -1135  -1613  -1357  -1010   -940   -879   -927   -981  -1294  -1614  -1386 
  -741    226    910   2602   3239   3154   3407   2657   2693   3382   2632   3016   2213    453  -1084  -1054 
 -1616  -1480  -1259  -1209  -1295  -1288  -1341  -1592  -1633  -1316  -1019   -404    130   1327   1904   1711 
  1846   1311    872   1536    944   1018     83   -278  -1174  -1549  -1945  -2108  -1784  -1664  -1747  -1758 
 -1708  -1932  -2002  -1704  -1366  -1050  -1004   -610   -433   -785   -760   -650   -757   -588  -1188  -1080 
  -924   -553  -1100  -1646  -2208  -2487  -2433  -2551  -2375  -2005  -1758  -1789  -1905  -1831  -1654  -1491 
 -1381  -1044  -1136  -1333  -1501  -1912  -1721  -1791  -2140  -1971  -1848  -1044   -811  -1583  -2169  -2470 
 -2308  -2427  -2391  -1882  -1421  -1571  -1661  -1735  -1683  -1383  -1296  -1162  -1111  -1069  -1265  -1416 
 -1340  -1231  -1552  -1516  -1554  -1033   -804  -1427  -1789  -1923  -1745  -1742  -1829  -1484  -1249  -1255 
 -1416  -1471  -1343  -1316  -1217  -1207  -1159  -1066  -1107  -1113   -970   -983  -1301  -1424  -1718  -1323 
  -604   -971  -1406  -1562  -1378  -1533  -1572  -1530  -1479  -1501  -1491  -1553  -1420  -1545  -1410  -1209 
  -945   -791   -977  -1079  -1212  -1380  -1442  -1487  -1703  -1312  -1097  -1027  -1064  -1153  -1160  -1281 
 -1445  -1461  -1841  -1882  -1711  -1844  -1999  -2029  -1881  -1776  -1689  -1692  -1741  -1624  -1377  -1481 
 -1643  -1739  -2028  -2065  -1933  -1658  -2258  -2262  -1972  -1586  -1513  -1368  -1537  -1742  -1957  -1936 
 -1869  -2049  -2236  -2644  -2532  -2058  -2840  -2486  -2511  -2600  -2532  -2554  -2494  -2622  -2912  -3044 
 -3747  -3529  -3161  -2355  -2164  -2085  -2597  -2659  -2992  -2657  -2520  -2620  -2756  -3263  -2936  -2515 
 -2867  -3621  -3715  -3532  -3346  -3343  -3042  -3102  -3273  -3990  -4356  -4162  -3730  -3175  -2896  -2601 
 -3179  -3462  -3184  -3009  -3036  -3193  -3297  -3883  -3902  -3417  -3726  -3386  -3160  -2895  -2938  -3062 
 -2939  -3217  -3889  -4557  -4796  -4579  -4347  -3936  -3843  -3568  -3287  -3232  -3097  -3363  -3325  -3241 
 -2981  -3134  -3455  -3677  -3763  -3585  -3183  -2682  -2397  -2379  -2486  -2945  -3977  -4624  -4613  -4223 
 -4322  -4214  -4525  -4255  -3315  -3250  -3742  -4473  -4962  -5092  -3992  -3044  -3055  -3002  -3409  -3438 
 -2952  -2321  -2613  -2777  -2758  -3210  -4064  -4538  -4508  -3790  -3829  -3450  -4086  -4332  -3476  -3491 
 -3784  -4684  -5517  -5857  -4527  -3303  -2938  -2628  -2786  -3034  -3055  -3190  -3390  -3465  -4134  -4243 
 -3817  -4489  -4545  -3769  -3645  -3210  -3361  -3227  -2248  -2907  -3454  -4085  -4887  -5142  -4336  -3727 
 -3520  -3610  -3394  -3500  -3506  -3584  -3302  -3532  -4097  -3813  -3767  -4494  -5163  -5099  -4462  -4032 
 -3937  -3703  -2496  -3910  -4081  -4294  -4873  -4628  -4075  -4494  -4522  -4665  -4034  -4175  -3999  -3826 
 -3818  -4387  -4565  -4017  -3500  -4806  -5708  -5463  -4625  -4586  -4880  -5092  -3994  -5612  -5343  -5763 
 -5768  -5090  -4701  -5442  -5084  -5065  -5053  -5065  -4379  -3983  -4347  -4971  -5088  -4495  -4285  -5769 
 -6444  -6108  -5883  -5881  -6587  -6457  -5609  -6480  -6903  -7455  -6887  -6198  -6193  -6753  -6248  -6243 
 -5636  -5071  -4691  -4235  -4943  -5408  -5436  -4648  -4966  -6760  -7007  -7000  -6460  -7383  -9182  -8910 
 -8055  -7418  -7312  -7163  -6931  -6834  -6427  -6528  -6332  -5194  -5018  -5007  -4363  -3997  -4625  -5112 
 -5278  -4728  -5776  -6183  -6011  -6118  -5965  -7031  -8368  -7694  -6968  -5892  -6201  -5717  -6578  -6140 
 -6439  -7352  -7218  -5837  -5437  -5556  -5188  -3961  -4150  -4790  -4801  -4250  -7875  -6266  -4572  -4894 
 -5342  -5784  -7005  -7670  -6816  -6166  -6458  -5458  -6543  -6952  -7190  -8642  -8599  -7229  -5938  -5932 
 -5901  -4282  -4223  -4740  -4991  -4415  -4013  -4369  -4975  -5739  -6187  -5386  -5955  -6613  -5788  -6439 
 -7526  -6531  -4846  -6147  -7441  -8357  -8195  -7257  -5693  -7333  -7761  -5487  -4914  -4785  -4615  -4668 
 -3080  -4665  -6158  -7187  -5463  -4835  -4653  -4779  -4904  -5239  -5387  -4848  -4737  -4982  -5209  -5462 
 -5762  -5738  -6400  -9130  -9553  -7154  -5163  -3949  -4055  -4760  -2768  -3783  -4810  -5911  -5020  -4034 
 -3802  -3754  -3882  -4519  -4335  -3929  -4410  -3655  -4210  -4802  -4952  -5988  -6084  -7464  -8053  -7584 
 -5201  -3499  -3835  -4013  -2059  -2220  -2804  -2682  -2764  -2885  -3099  -3133  -3478  -3942  -4169  -3691 
 -4170  -3709  -4185  -4723  -5288  -6550  -6399  -6841  -6421  -6903  -5461  -4351  -3752  -3686  -2038  -1330 
 -1510  -1039  -1438  -1491  -2126  -2225  -2145  -2615  -2803  -3224  -3379  -3454  -3933  -5360  -6097  -7619 
 -7275  -7006  -6762  -6616  -6017  -5041  -4081  -3671  -1614   -938  -1120  -1040  -1551  -1579  -2074  -2139 
 -2029  -2353  -2778  -3122  -3168  -3254  -3517  -5004  -5492  -6789  -6272  -5708  -6049  -5627  -5567  -4945 
 -3748  -3702  -1675   -938  -1457  -1602  -1848  -2034  -2126  -2440  -2204  -2428  -2590  -2537  -2775  -2951 
 -3233  -4169  -3915  -4593  -4147  -4629  -4601  -4199  -4291  -4019  -3579  -3861  -2120  -1547  -1667  -1696 
 -1653  -1748  -1849  -2149  -2150  -2305  -2457  -2478  -2553  -2876  -3185  -3647  -3233  -3331  -3330  -3824 
 -4022  -3673  -3633  -3611  -3360  -3761  -2700  -2502  -2657  -2673  -2589  -2457  -2385  -2358  -2190  -1948 
 -1984  -1892  -1919  -2348  -2554  -2604  -2283  -2069  -2570  -3266  -3065  -2946  -3028  -3330  -3307  -3910 
 -2630  -2403  -2951  -2731  -2570  -2432  -2423  -2203  -1911  -1641  -1581  -1485  -1433  -1870  -2140  -2150 
 -1914  -1917  -2380  -2801  -2690  -2959  -2778  -3158  -3085  -3811  -2668  -2548  -3026  -2870  -2755  -2642 
 -2777  -2417  -2142  -1819  -1788  -1728  -1752  -1939  -2120  -2136  -1954  -1902  -2046  -2158  -2144  -2385 
 -2169  -2590  -2842  -3599  -2740  -2252  -2379  -2392  -2177  -2069  -2256  -2105  -1915  -2088  -1990  -2135 
 -2183  -2381  -2296  -2113  -2077  -1845  -1895  -1669  -1620  -1919  -1888  -2336  -2786  -3481  -2376  -2055 
 -2115  -2244  -2061  -1921  -1981  -1872  -1940  -2106  -2214  -2387  -2518  -2607  -2577  -2455  -2385  -2029 
 -1792  -1596  -1619  -1779  -1848  -2305  -2784  -3011  -1142  -1418  -1109  -1184  -1010  -1093  -1120  -1373 
 -1123  -1238   -831   -397   -534   -693   -770   -787  -1171  -1274  -1321  -1182  -1425  -1620  -1643  -1806 
 -1955  -1945  -1231  -1427   -928  -1468  -1496  -1257  -1471  -1922  -2032  -1665  -1110   -171   -319   -762 
 -1026  -1145  -1399  -2237  -1440  -1261  -1645  -2041  -2009  -1748  -1863  -1755   -575  -1229   -486  -1149 
 -1314  -1268  -1619  -1678  -1661  -1914  -1149   -474   -356   -613  -1019  -1274  -1721  -1834  -1624  -1355 
 -1929  -2069  -1738  -1695  -2154  -2284     15    -37    173   -344   -903   -840  -1104  -1123  -1267  -1141 
  -639   -746   -839   -998  -1120  -1213  -1531  -1429  -1586  -1843  -2374  -2414  -1998  -1532  -1853  -1925 
   284    245    302   -289   -772   -867  -1148  -1457  -1381  -1438   -814  -1107  -1681  -1646  -1562  -1331 
 -1611  -1544  -2040  -2309  -2662  -2538  -1944  -1417  -1268  -1800    612    896    503   -239   -534   -901 
 -1376  -1476  -1560  -1288   -570   -740  -1585  -1153  -1107  -1053  -1304  -1305  -1341  -1995  -2276  -2967 
 -2196  -1520  -1964  -2355    682    567   -158  -1556  -1390  -1169  -1132   -787  -1376   -600   -488   -557 
 -1190   -522   -653  -1303   -828  -1163  -1240  -1463  -1751  -2325  -1755  -1173  -1118  -1580    473    169 
  -212  -1298  -1277  -1253  -1520  -1583  -2280  -1399  -1121  -1247  -1050   -183   -558   -566    -52  -1013 
 -1326  -1598  -1341  -1260  -1196   -945  -1458  -1574    166     33   -503  -1135  -1446  -1654  -2411  -2139 
 -2693  -1742  -2099  -2003  -1154   -440   -773   -374   -337  -1266  -1704  -2279  -1969  -1842  -1730  -1240 
 -1415  -1648   -199   -812  -1338  -1595  -1348  -1460  -1915  -1888  -1405  -1840  -2586  -2645  -1768   -881 
 -1069  -1228  -1142  -1553  -1925  -1966  -2235  -2108  -1756  -1254  -1411  -1410   -526  -1685  -2174  -2240 
 -1994  -2044  -2844  -2834  -2274  -2341  -2371  -2719  -2611  -2725  -2817  -2736  -2345  -1982  -2251  -2369 
 -2772  -2534  -2031  -1709  -1665  -1838  -2079  -2723  -2718  -3070  -2469  -3129  -3768  -3931  -3706  -3018 
 -3217  -3144  -3780  -3850  -3619  -3763  -3685  -2758  -3130  -3766  -3329  -2625  -2371  -2006  -1612  -1946 
 -2604  -3476  -3415  -2980  -2806  -2408  -2637  -3495  -3843  -3773  -4081  -4430  -4755  -4783  -5502  -5526 
 -5205  -4189  -3920  -4515  -4535  -2770  -2445  -2386  -1801  -1734  -1452  -3210  -5308  -5169  -3516  -2165 
 -2225  -3003  -3663  -5730  -6669  -6614  -5096  -5903  -7601  -6830  -6259  -5377  -5885  -8004  -8039  -4534 
 -3059  -2614  -2283  -2319  -2232  -4638  -7843  -8637  -4774  -3487  -3325  -3597  -4243  -4924  -5335  -5900 
 -5223  -4258  -4643  -4066  -3977  -4821  -7485 -10668 -10306  -5890  -3511  -1731  -1974  -2411  -2332  -2850 
 -4752  -6031  -3654  -2827  -3022  -3562  -3420  -3918  -3940  -3944  -4099  -3511  -3531  -4198  -4786  -5639 
 -6861  -8742  -8295  -6401  -5304  -2646  -2337  -2359   -759   -935  -1705  -1836  -1731  -1758  -2277  -2938 
 -2565  -2409  -2615  -2190  -2555  -2958  -3554  -5012  -6152  -6429  -5971  -6706  -6201  -5619  -6184  -4412 
 -2826  -2383   -536   -859  -1460  -1067   -623  -1277  -1071  -1741  -1347  -1732  -1909  -2175  -1944  -2140 
 -2699  -4476  -5752  -6828  -6363  -6076  -6046  -4908  -5883  -4736  -2923  -2275  -1099  -1298  -1342  -1048 
   192   -204    -96   -390   -446   -939  -1173  -1706  -1804  -2044  -2530  -3778  -4369  -5387  -5308  -4525 
 -5279  -3955  -4793  -3933  -2565  -2297  -1719  -1555  -1993  -1334   -460     60     35   -509   -582  -1224 
 -1264  -1689  -2033  -2362  -2752  -3089  -3580  -3923  -3464  -3077  -3496  -3136  -3952  -3732  -2813  -2612 
 -1632  -2017  -2538  -2053  -1219   -853  -1089  -1567  -1825  -1983  -1976  -2129  -2482  -2779  -3037  -3002 
 -2973  -3363  -3142  -3237  -3420  -3177  -3395  -3287  -3033  -2700  -1767  -2849  -3251  -3405  -3076  -3350 
 -3410  -3122  -3055  -2877  -2796  -2650  -2686  -2519  -2424  -2403  -2491  -2606  -2806  -3296  -3495  -3205 
 -2976  -2968  -2816  -2524  -1764  -2812  -3223  -3458  -3073  -3304  -3495  -2965  -2447  -2439  -2384  -2463 
 -2460  -2384  -2442  -2203  -2167  -2114  -2072  -2373  -2688  -2693  -2524  -2665  -2651  -2365  -1647  -2412 
 -2813  -2931  -2715  -2614  -2627  -1814  -1344  -1148  -1405  -1361  -1413  -1511  -1503  -1374  -1316  -1242 
 -1418  -1626  -1857  -2049  -1722  -1971  -2001  -2102  -1428  -1707  -1889  -2107  -1873  -1957  -1674  -1096 
  -950   -637   -678   -574   -604   -809   -957   -906   -671   -693   -835  -1378  -1661  -1811  -1419  -1547 
 -1800  -1845  -1116  -1120  -1361  -1558  -1198  -1130  -1104   -870   -700   -462   -315   -326   -524   -695 
  -526   -560   -450   -761   -922  -1491  -1623  -1887  -1720  -1742  -1908  -2081  -2003  -2374  -2546  -2747 
 -2457  -2463  -2294  -2408  -2522  -2744  -2787  -2756  -2473  -2424  -2694  -3148  -2920  -2620  -2680  -2703 
 -2559  -2557  -2723  -2612  -2331  -2193  -1868  -2256  -2658  -2686  -2688  -2332  -2288  -1792  -1638  -1794 
 -2405  -2611  -2678  -2689  -2683  -2492  -2266  -2473  -1832  -1997  -1746  -1701  -1935  -1949  -2291  -2426 
 -2152  -2741  -2569  -2389  -2501  -2634  -2311  -1676  -1253   -805  -1663  -2719  -2900  -2971  -3095  -2520 
 -2439  -2110  -1764  -1715  -1637  -1611  -2098  -1973  -2289  -2489  -2464  -2897  -2722  -2379  -2405  -2161 
 -1794  -1570  -1242  -1036  -1263  -2205  -2333  -2352  -2459  -1964  -1992  -1300  -1519  -1845  -2151  -2007 
 -2077  -2038  -2272  -2400  -2509  -2777  -2962  -2533  -2765  -2680  -2281  -2186  -2116  -2176  -2550  -2489 
 -2496  -2619  -2662  -2278  -1796  -1364  -1656  -1730  -2037  -2143  -2570  -2324  -2668  -2179  -2637  -2775 
 -2771  -2589  -2645  -2859  -2835  -2789  -2756  -2709  -3014  -3203  -3253  -3484  -3033  -2498  -2261  -2567 
 -2274  -1929  -1967  -2754  -3002  -2016  -1836  -1395  -2513  -2517  -2340  -2239  -2599  -2901  -2890  -2512 
 -2622  -2740  -2792  -3163  -3349  -3404  -2844  -2901  -3477  -3716  -3410  -2849  -2335  -2644  -2464  -1911 
 -2169  -2145  -2387  -2613  -2280  -2580  -3205  -3378  -2823  -2705  -3725  -3275  -2782  -3026  -3093  -3139 
 -2853  -3022  -3530  -3603  -3544  -2781  -2489  -2416  -2763  -2414  -2433  -2002  -2233  -2805  -2330  -3037 
 -3247  -3662  -3447  -2874  -4183  -3486  -3210  -3824  -3981  -3484  -3196  -3733  -3585  -2878  -3131  -2716 
 -3016  -2657  -2897  -3090  -3194  -2453  -2349  -3410  -3604  -4106  -3885  -3705  -3702  -3574  -3598  -4254 
 -5259  -6240  -6026  -5346  -5105  -4845  -4475  -4191  -3712  -3535  -4024  -3758  -3826  -4154  -4267  -3193 
 -2760  -3965  -4857  -5161  -4419  -4363  -4236  -4527  -4488  -5129  -5449  -5718  -5198  -5335  -4805  -4671 
 -4566  -3923  -3697  -4181  -3367  -3409  -3362  -3588  -3850  -3257  -2916  -3473  -4830  -5329  -4495  -4586 
 -4811  -5597  -5209  -5066  -4261  -4245  -4921  -4592  -4220  -5401  -4990  -4439  -4498  -5193  -5222  -3758 
 -3503  -3576  -3399  -3308  -4315  -3755  -4037  -4511  -4414  -4686  -5133  -5693  -4492  -4760  -4070  -4242 
 -5426  -4832  -4891  -5973  -6156  -5346  -4763  -6026  -6659  -4638  -4477  -3763  -3576  -3338  -3533  -4563 
 -5538  -6080  -5541  -4504  -4784  -5111  -4217  -5904  -6433  -6672  -5527  -5474  -6447  -7214  -7674  -6127 
 -5899  -8556  -8694  -5943  -5297  -4221  -3796  -3663  -3479  -5433  -7767  -8674  -5841  -5101  -5083  -5135 
 -5143  -6157  -6491  -6395  -6335  -5629  -6688  -6652  -6544  -6029  -7014 -10357 -10273  -7362  -6019  -4149 
 -4403  -3814  -3444  -5695  -7731  -8498  -6080  -5389  -5685  -5574  -5707  -6840  -7158  -6409  -6005  -4814 
 -4590  -5116  -5513  -7103  -7494  -8943  -8639  -7779  -7127  -4916  -4970  -4176  -2927  -5297  -7507  -7028 
 -5974  -5038  -4957  -4959  -4697  -5024  -5337  -4916  -5043  -4079  -3676  -4948  -6305  -8128  -8217  -9665 
 -8663  -8016  -7068  -5434  -4886  -4035  -3071  -4441  -5516  -5385  -5168  -4603  -4313  -4001  -3544  -3534 
 -3631  -3926  -4204  -3632  -3387  -4935  -5999  -8280  -9387 -10186  -9783  -8292  -7234  -5383  -4210  -3404 
 -2734  -3224  -3979  -4215  -4243  -3808  -3541  -3218  -2990  -2964  -3129  -3368  -3733  -3535  -3673  -4118 
 -5086  -6922  -7661  -8333  -9109  -6536  -6148  -4994  -3820  -3257  -2551  -2506  -3147  -3579  -3775  -3910 
 -3688  -3312  -3242  -3035  -3034  -3125  -3355  -3468  -3598  -3317  -2950  -4083  -4769  -5373  -5919  -4189 
 -3844  -4054  -3628  -3105  -2395  -2792  -3575  -3697  -3618  -3644  -3542  -3254  -3195  -3222  -3407  -3292 
 -3295  -3249  -3348  -3352  -3243  -4051  -4680  -5043  -5131  -4068  -3599  -3908  -3535  -3033  -2616  -3372 
 -3860  -3999  -3977  -4115  -3949  -3615  -3467  -3594  -3973  -3853  -3788  -3768  -4000  -4052  -3827  -3877 
 -3885  -4044  -4134  -3766  -3734  -3905  -3738  -3307  -2740  -3232  -3798  -4070  -3900  -4322  -4298  -3996 
 -3861  -3861  -3978  -3994  -3756  -3703  -3943  -3884  -3853  -3836  -3868  -3980  -3989  -3644  -3519  -3420 
 -3466  -3299  -2936  -3448  -3827  -3734  -3629  -4090  -4212  -4172  -4133  -4219  -4317  -4160  -3987  -3769 
 -3775  -3751  -3873  -3768  -3682  -3769  -3795  -3618  -3468  -3435  -3569  -3434  -3051  -3705  -3792  -4011 
 -3922  -4287  -4265  -4261  -4244  -4217  -4143  -4102  -3927  -3820  -3791  -3625  -3493  -3071  -3002  -2942 
 -3199  -3109  -3078  -3266  -3890  -3454  -2713  -3019  -3080  -3285  -3329  -3364  -3413  -3653  -3924  -4133 
 -3951  -3683  -3626  -3577  -3442  -3211  -3200  -3072  -3036  -2707  -2631  -2772  -3065  -3179  -3452  -3283 
 -1972  -1930  -1447  -1462  -1540  -2149  -1981  -1871  -2179  -2023  -1687  -1446  -1325  -1548  -1557  -1461 
 -1300  -1147  -1370  -1600  -1860  -2019  -2184  -2301  -2112  -1951  -2038  -1778  -1293  -1443  -1964  -2374 
 -2378  -2694  -2734  -2317  -2243  -1615  -1625  -1848  -1986  -1422  -1486  -2539  -1904  -1618  -1576  -1892 
 -2113  -1947  -1609  -1373  -1639  -1826  -1373  -1432  -1983  -2399  -2603  -2777  -2480  -1876  -1959  -1847 
 -1636  -1972  -2012  -1414  -1265  -1901  -2043  -2008  -1844  -2302  -2272  -2138  -2000  -1831   -972   -996 
 -1234  -1566  -1923  -1713  -1618  -1585  -1701  -1193  -1111  -1263   -937  -1365  -1376  -1376  -1550  -1815 
 -2224  -2772  -2993  -3072  -2952  -2824  -2753  -2321  -1127  -1387  -1573  -1571  -2024  -1265  -1086  -1147 
 -1571  -1735  -1285   -725   -635  -1008  -1485  -1716  -1744  -1594  -1747  -2754  -3113  -3348  -3197  -2548 
 -2597  -2292  -1426  -1664  -2351  -2589  -2626  -1769  -1943  -1804  -1364   -966   -826   -190      7   -270 
  -988  -1490  -1232  -1186  -1355  -2174  -2345  -3181  -2982  -2405  -2592  -1902  -1184  -1353  -1633  -2003 
 -2234  -1779  -1310   -875   -992   -666   -567    -56   -165   -327   -784  -1504  -1047   -994  -1207  -1475 
 -1943  -2982  -2968  -2813  -2110  -1600  -1254  -1018   -988   -774  -1301  -1204   -569   -770  -1842   -612 
   -28    520    261   -665  -1357  -1581  -1309   -454   -254   -575  -1111  -1554  -2179  -1391  -1044   -790 
  -949    303     81   -408  -1431  -1971  -1982  -1727  -2425   -508    541   1277   1014   -328   -418   -850 
  -771   -403   -715   -702   -774   -961   -870   -424   -570   -758   -379    999   1349   1206    243   -191 
    36    486   -127    888   2010   2065   1131   -351   -408   -646   -547   -243     73    132   -272  -1411 
  -534   -274   -204   -375   -112   1014   1490   1184    401    240     85    713    568    977   1274   1430 
   993    305   -125   -806  -1148   -499   -296   -410   -341  -1332  -1114   -580   -702   -765   -716    -12 
   238   -201     35    352    597    547    412     -7   -373   -821  -1907  -2497  -2068  -2181  -2409  -1904 
 -2176  -2464  -2357  -2037  -2166  -1672  -1353  -1221  -1927  -1438  -1349  -1448  -2048   -989  -1098  -1710 
 -1184  -1771  -1947  -3054  -3953  -4914  -5019  -5114  -4758  -3870  -3690  -4742  -4975  -3558  -3339  -3102 
 -2078  -1314  -2624  -4296  -4984  -5344  -4733  -3299  -3619  -4115  -3776  -5098  -5905  -6189  -5511  -7541 
 -7293  -7966  -8088  -6511  -6545  -7985  -8130  -6408  -5067  -4023  -2846  -1595  -2725  -5334  -7794  -8529 
 -6232  -4805  -4179  -3921  -4219  -5440  -6034  -5849  -5863  -6072  -6793  -7129  -7328  -7296  -8613  -9698 
 -9910  -7950  -5802  -3443  -3016  -1988  -3373  -5604  -7523  -8093  -6501  -5841  -5978  -5574  -4891  -5644 
 -5681  -4962  -5372  -4516  -4533  -4685  -6017  -7435  -8024  -8269  -8468  -8455  -7122  -4951  -3737  -2676 
 -2740  -4441  -6622  -6998  -6576  -5730  -5948  -5729  -4917  -4578  -4467  -4206  -4586  -4525  -4397  -5557 
 -7257  -8341  -7875  -8487  -7913  -8491  -8409  -6904  -4342  -3100  -3465  -5173  -6568  -6308  -6268  -5664 
 -5482  -5457  -4464  -3581  -3283  -3400  -3623  -4096  -4270  -6210  -7385  -7997  -7137  -6937  -6938  -7425 
 -8173  -7766  -5116  -3389  -3528  -4660  -5865  -5538  -5535  -5500  -5420  -4873  -4379  -3840  -3719  -3822 
 -4001  -4101  -4471  -5302  -5593  -5763  -5897  -5397  -6228  -5839  -7092  -6777  -4698  -3426  -3704  -4137 
 -5246  -5351  -5279  -5370  -5166  -4772  -4332  -3942  -3979  -4001  -4220  -4211  -4416  -4999  -5034  -5366 
 -4996  -4641  -5073  -4891  -5867  -5694  -4589  -3356  -3288  -3995  -5339  -5452  -5037  -4796  -4569  -4454 
 -4373  -4086  -4010  -3811  -4009  -4016  -4184  -4368  -4334  -4535  -4384  -4120  -4562  -4761  -4777  -4927 
 -4339  -3211  -2998  -3852  -5232  -5636  -5481  -5575  -5394  -5095  -4869  -4809  -5017  -4629  -4608  -4300 
 -4247  -4180  -4277  -4368  -4191  -4320  -4511  -4690  -4496  -4507  -4201  -3211  -2681  -3605  -4833  -5312 
 -5180  -5437  -5532  -5232  -5013  -4868  -4802  -4521  -4266  -4106  -4238  -4169  -4285  -3834  -3582  -3813 
 -4109  -4458  -4378  -4369  -4032  -3116  -2742  -3228  -4489  -4718  -4598  -4481  -4392  -4118  -3969  -3913 
 -3999  -3864  -3607  -3331  -3325  -3136  -3050  -2690  -2689  -3155  -3711  -4274  -4109  -4062  -3794  -3120 
 -2691  -2779  -3440  -3873  -3566  -3482  -3390  -3245  -3093  -2843  -2732  -2634  -2609  -2493  -2508  -2382 
 -2246  -2297  -2411  -3100  -3789  -4206  -3744  -3361  -3334  -2801  -2486  -2300  -2574  -2910  -2725  -2573 
 -2567  -2310  -2194  -1984  -1832  -1754  -1911  -1910  -1745  -1585  -1566  -1932  -2261  -2985  -3186  -3317 
 -3026  -2781  -2914  -2922  -2417  -2068  -1676  -1474  -1474  -1800  -2142  -2452  -2618  -2586  -2305  -1738 
 -1783  -1702  -1655  -1683  -1769  -1961  -2302  -2351  -2709  -2765  -2524  -2514  -2731  -2243  -2862  -2382 
 -2357  -2018  -2293  -2510  -2617  -2980  -2924  -3001  -2883  -1952  -1853  -1602  -1695  -1716  -1293  -2275 
 -2215  -2621  -2428  -2544  -2697  -2678  -2696  -2255  -3386  -2810  -3210  -3244  -3108  -2973  -2769  -2948 
 -2681  -2752  -2662  -2353  -2377  -2111  -2052  -2019  -1580  -2187  -2622  -2578  -2515  -2592  -2788  -2650 
 -2635  -2134  -3017  -2931  -3429  -3282  -2912  -2767  -2581  -2913  -2630  -2825  -2518  -2308  -2066  -1949 
 -1716  -1858  -2066  -2144  -2446  -2281  -2464  -2386  -2479  -2548  -2402  -1971  -2813  -3106  -3418  -3106 
 -3024  -2416  -2607  -2628  -2147  -2418  -2276  -2464  -2390  -2931  -2468  -1721  -1651  -1965  -2258  -2035 
 -2020  -2191  -2872  -2471  -2672  -2045  -2727  -3299  -3491  -3360  -3083  -1848  -1743  -1395  -1323  -1675 
 -1701  -2452  -2817  -3579  -2563  -1458   -868  -1076  -1225  -1374  -1549  -1923  -2593  -1917  -2323  -2321 
 -2536  -2949  -3038  -2592  -2445  -1515   -985   -648   -886  -1494  -1461  -2396  -2713  -3124  -2581  -2144 
 -1591  -1377  -1480  -1775  -1702  -1540  -2494  -2432  -2849  -2410  -2784  -3535  -3756  -3554  -3178  -2325 
 -1870  -1179  -1879  -1676  -2234  -2601  -3105  -3785  -3298  -3184  -2160  -1957  -2133  -2237  -2301  -2155 
 -2373  -2842  -3149  -2436  -2605  -3339  -3532  -3354  -2973  -2098  -1569   -803  -1183  -1708  -2585  -3408 
 -3588  -3644  -3379  -3104  -2493  -2413  -2369  -2787  -2692  -3184  -2899  -3709  -4170  -2787  -2605  -3588 
 -3973  -3943  -3472  -2472  -2047  -1738  -1365  -1722  -3744  -3871  -3287  -2844  -3249  -3186  -2655  -2868 
 -3046  -2853  -2493  -3023  -2494  -3180  -3241  -2358  -2191  -3135  -3431  -4222  -3506  -3261  -2957  -3067 
 -2736  -2192  -2636  -2170  -1543   -914  -1128  -1026  -1050  -1046  -1078  -1457  -1148  -1651  -1506  -1633 
 -1721  -1596   -889   -348  -1071  -1969  -2070  -1669  -1316  -2031  -1591   -356   -187    958   2200   2439 
  1880   1767   1963   1375    536   -525   -643     28   -332   -437   -145   -562    781   1225    123   -814 
 -1247   -783   -518   -859   -686   -454   -681   1025   3210   3375   3389   3768   3914   3249   2269   -141 
  -237    817   -137   -369    401   -207     84    274  -1435  -2759  -2546  -1975  -1917  -2249  -2171  -3272 
 -3758  -2484    950   3379   4935   4965   4643   3932   1693  -2114  -2884  -1425  -1084   -369    394    -20 
  -603  -2159  -4681  -6390  -4113  -3020  -2510  -2220  -2557  -3821  -3634  -3125   -870   1240   2128   1623 
  1648    491  -2816  -6424  -7570  -4250  -2341   -172     32     -6  -2060  -3673  -5196  -6776  -4510  -3960 
 -4090  -3686  -3221  -3455  -3880  -3339  -2784  -1929  -1514  -2332  -3274  -4446  -4674  -6850  -8272  -5670 
 -3886  -1453   -912   -633  -1690  -2505  -3520  -4965  -4150  -3795  -4046  -3738  -3023  -2446  -3091  -2809 
 -2331  -1989  -2144  -3448  -4731  -4992  -4674  -5347  -6580  -5792  -5349  -3306  -1996  -1265  -1954  -2990 
 -3382  -4465  -4107  -3787  -4049  -3733  -2729  -1857  -1947  -2061  -2052  -2072  -2539  -4216  -5408  -5966 
 -6188  -5193  -5892  -5510  -5501  -4607  -3248  -1889  -2195  -2884  -3445  -3513  -3242  -2991  -3313  -2537 
 -1865  -1171  -1155  -1220  -1465  -1843  -2415  -3254  -3872  -5056  -5300  -5005  -5331  -4525  -4429  -3588 
 -2944  -1928  -2228  -2751  -3292  -3275  -3377  -3004  -2832  -2066  -1583   -803   -634   -670  -1138  -1398 
 -1798  -2258  -2234  -2982  -3045  -3183  -3460  -2867  -2903  -2683  -2354  -1598  -1846  -2008  -2637  -2896 
 -2705  -2617  -2513  -2043  -1768  -1119  -1042   -825  -1034  -1233  -1567  -1902  -1994  -2332  -2298  -2217 
 -2655  -2566  -2594  -2227  -1865  -1366  -1193  -1086  -1976  -2655  -2429  -2441  -2304  -1900  -1719  -1426 
 -1736  -1483  -1416  -1192  -1261  -1518  -1812  -1405   -765   -614  -1089  -1749  -1726  -1494  -1149  -1060 
  -700   -671  -1755  -2563  -2393  -2391  -2409  -2182  -1881  -1675  -1894  -1925  -1772  -1367  -1556  -1774 
 -1994  -1450   -832   -727  -1060  -1585  -1599  -1465  -1086  -1015   -677   -928  -1593  -2249  -1961  -1856 
 -1943  -1794  -1575  -1558  -1773  -1637  -1422  -1149  -1283  -1327  -1476  -1305  -1099  -1313  -1766  -2121 
 -1769  -1159   -922   -887  -1047  -1110  -1525  -1947  -1864  -1621  -1486  -1335  -1391  -1509  -1538  -1385 
 -1369  -1077  -1006   -858  -1042  -1219  -1308  -1929  -2446  -2529  -1967   -993   -822   -895  -1037   -845 
 -1110  -1314  -1225  -1144  -1254  -1167  -1287  -1149  -1097  -1052  -1137   -934   -785   -860  -1052  -1366 
 -1599  -2188  -2186  -1973  -1569   -958   -852  -1024  -2050  -2124  -2494  -2607  -2089  -1292  -1128  -1381 
 -1360  -1338  -1752  -1703  -1704  -1812  -1795  -2151  -2090  -2277  -2680  -2254  -2514  -2825  -2778  -2358 
 -1934  -1607  -2594  -3104  -3292  -3034  -2617  -1889  -2205  -2177  -1870  -1398  -1762  -1791  -2339  -2449 
 -2391  -2662  -2801  -2568  -2482  -2467  -2853  -3252  -3294  -2741  -2070  -1500  -2945  -3790  -3850  -3863 
 -3463  -2754  -2915  -2489  -2484  -2284  -2224  -2359  -2717  -3066  -2929  -2887  -3315  -3063  -3071  -2246 
 -2417  -2820  -3064  -2710  -2082  -1450  -3237  -4671  -4881  -4758  -4148  -3569  -3512  -3087  -2986  -2730 
 -2496  -2248  -2456  -3179  -2771  -2478  -2731  -2624  -2421  -1901  -1879  -1836  -2053  -2177  -2090  -1618 
 -3468  -4545  -4671  -4429  -4559  -3811  -3922  -3684  -3562  -3110  -3316  -2770  -2906  -3827  -2761  -2488 
 -2438  -2083  -2200  -1973  -1641  -1761  -2106  -2337  -2844  -2211  -3121  -4183  -4123  -3666  -3527  -3111 
 -3768  -3670  -3536  -3436  -3680  -3315  -3761  -4759  -3620  -3620  -3228  -2203  -2247  -2007  -1985  -2570 
 -2931  -3469  -3742  -2971  -3051  -4193  -4054  -3427  -3222  -2834  -3221  -3301  -3422  -3448  -3654  -3481 
 -3804  -4444  -4318  -4640  -4261  -2919  -2626  -2554  -2524  -2814  -3016  -3999  -3658  -2704  -2929  -4085 
 -4394  -4192  -3558  -3203  -3611  -4217  -3827  -4563  -4576  -4733  -4467  -4680  -4913  -5792  -5145  -4078 
 -3955  -3691  -3324  -3419  -3610  -4316  -4055  -2841  -3107  -4227  -4908  -4624  -3759  -3684  -4411  -5326 
 -4659  -5831  -5811  -5603  -5564  -5024  -5245  -6293  -5450  -4615  -4174  -4047  -3872  -3701  -3843  -4335 
 -4456  -3203  -3535  -4726  -5310  -5126  -4645  -4475  -5657  -6109  -5762  -6377  -6615  -6758  -6200  -5832 
 -5914  -6328  -5933  -5247  -4747  -4615  -4550  -4113  -4636  -4630  -4542  -3164  -3813  -4967  -5537  -5553 
 -4752  -5441  -6455  -6699  -6395  -6754  -6851  -6043  -6052  -5990  -5390  -5578  -5231  -4295  -4207  -4209 
 -4163  -3850  -4688  -4659  -4537  -3059  -4335  -4481  -5057  -5157  -4884  -5239  -6205  -6218  -5615  -5382 
 -5121  -5143  -6591  -6237  -6263  -6654  -6166  -5054  -4347  -4201  -4757  -3552  -4522  -5159  -4910  -2993 
 -5825  -4971  -3836  -4306  -4450  -5109  -5878  -6261  -5159  -4947  -4447  -4428  -6409  -7123  -8692  -9554 
 -9059  -6916  -5021  -4335  -5070  -4087  -4451  -5227  -5076  -3142  -4202  -4423  -3932  -4341  -4570  -5067 
 -5519  -6147  -5173  -6022  -6140  -6026  -5879  -7708  -8096  -8970  -8760  -6187  -4777  -4872  -5496  -4265 
 -4578  -5556  -4938  -3483  -3183  -4925  -6068  -6945  -5161  -5208  -4922  -5180  -5229  -5999  -5832  -5435 
 -5428  -6338  -6786  -7161  -6678  -4728  -5209  -6665  -7814  -5337  -4520  -4828  -4944  -3504  -3434  -5237 
 -6057  -6324  -4998  -4686  -4573  -4751  -4713  -5632  -5355  -4846  -4813  -4531  -4827  -4672  -4286  -3696 
 -3414  -5169  -6445  -4602  -4112  -4200  -4569  -3157  -3026  -4211  -4748  -4273  -3803  -3874  -3730  -3936 
 -4052  -4399  -4619  -4486  -4949  -4486  -4344  -3999  -4512  -4366  -4174  -4725  -5181  -4273  -4266  -4195 
 -4135  -2842  -2939  -3901  -4347  -3548  -3540  -3194  -3439  -3507  -3556  -3508  -3503  -3700  -4439  -4249 
 -3872  -4470  -5287  -5752  -6147  -5532  -5831  -5772  -4933  -4307  -3789  -2753  -3049  -3654  -3936  -3121 
 -3863  -3343  -3546  -3316  -3456  -3315  -3245  -3521  -4001  -4050  -3954  -4405  -4689  -5016  -5364  -4925 
 -4950  -4401  -4072  -4339  -3753  -2849  -3321  -3671  -3882  -3157  -3646  -3546  -3528  -3602  -3561  -3256 
 -3191  -3455  -3783  -4028  -4015  -4269  -3761  -4240  -4100  -4218  -3913  -3207  -3217  -3576  -3536  -2677 
 -3269  -3546  -3692  -3007  -3144  -2920  -2818  -2784  -3039  -2875  -2832  -3053  -3267  -3591  -3705  -4052 
 -3713  -3816  -3683  -3452  -3212  -2936  -2952  -3441  -3113  -2445  -3213  -3885  -3986  -3247  -3172  -2839 
 -2817  -2833  -3038  -3022  -2982  -2982  -3262  -3552  -3585  -3633  -3449  -3365  -3552  -3662  -3391  -3144 
 -3090  -3425  -3186  -2523  -2616  -3236  -3451  -2864  -2684  -2460  -2662  -2803  -2919  -2902  -2742  -2729 
 -2840  -3124  -3278  -3305  -3184  -3121  -3387  -3572  -3408  -3148  -2876  -3068  -2953  -2347  -2610  -3462 
 -3711  -3167  -3120  -3027  -3409  -3481  -3386  -3322  -3096  -3002  -3140  -3157  -3308  -3405  -3362  -3213 
 -3130  -3272  -3215  -3121  -2745  -2803  -2834  -2407  -2680  -3165  -3294  -2904  -2853  -2768  -3034  -3029 
 -2987  -3190  -2999  -2955  -2873  -2953  -2947  -3021  -2896  -2755  -2742  -2750  -2689  -2768  -2538  -2812 
 -2890  -2506  -2377  -2563  -2816  -2840  -2867  -2784  -2901  -2830  -3009  -3161  -3070  -3163  -3143  -3063 
 -2892  -2876  -2756  -2604  -2419  -2384  -2425  -2543  -2619  -2992  -3082  -2615  -1830  -1743  -1582  -1262 
 -1241  -1911  -1879  -1840  -2023  -1781  -1399  -1467  -1403  -1396  -1599  -1792  -1617  -1082  -1523  -1848 
 -2074  -2503  -2905  -3218  -2822  -2425  -2171  -1925  -1479   -820  -1602  -2099  -1936  -1783  -2331  -1568 
 -1288  -1171  -1352  -1478  -1812  -1970  -1735  -1809  -1650  -2035  -2181  -2593  -2820  -2664  -1993  -1691 
 -2248  -1945  -1193   -864  -1407  -2045  -1657  -1388  -1992  -1176   -670   -661   -779  -1025  -1419  -1899 
 -2270  -1953  -1698  -1295  -1355  -1631  -1968  -1805  -1072  -1158  -1468  -1122  -1048   -685   -992  -1282 
 -1206   -991   -835    192    118   -302   -630   -798  -1243  -1431  -2222  -1536  -1083   -354   -551   -390 
  -710   -776   -347   -588  -1348  -1121  -1196   -726  -1042  -1250  -1353  -1315  -1378   -873   -465   -769 
 -1277  -1525  -1750  -1798  -2220  -1293   -830   -112    -89    -10   -180   -608   -282   -392  -1112  -1547 
 -1471  -1236  -1433  -1766  -2049  -2199  -1984  -2073  -1324  -1853  -2047  -2333  -2344  -2173  -2337  -1093 
  -327    -98   -100   -115   -435  -1117   -813   -840  -1042  -1789  -1294   -733  -1511  -1431  -1584  -1611 
 -1740  -2162  -1590  -2206  -2869  -2933  -2932  -3596  -3637  -2043  -1074   -464   -658   -442   -906  -1604 
 -1030  -1041  -1270  -2100  -1727  -1187  -1692  -1715  -2091  -2217  -1870  -2634  -2212  -2724  -3178  -3237 
 -3186  -3475  -3218  -2254  -1135   -472   -653   -441   -626  -1039   -572   -774  -1113  -1672  -1831  -2056 
 -2606  -2917  -3313  -3573  -3380  -3421  -2595  -2917  -3307  -2485  -1705  -1759  -2078  -2179  -1768  -1396 
 -1509  -1148   -812  -1007   -471   -669  -1475  -2075  -1969  -1321  -1896  -1949  -1693  -1875  -2645  -2953 
 -2958  -3505  -3313  -2497  -1889  -1999  -2190  -2280  -2198  -2781  -3218  -2893  -2079  -1772  -1122   -808 
 -1560  -2395  -2991  -2587  -2819  -2795  -2638  -2792  -3491  -4172  -4026  -3363  -3334  -3182  -3266  -3301 
 -2905  -2881  -2780  -2411  -3027  -3135  -2804  -2355  -1860  -1126  -1888  -2698  -3341  -3554  -3122  -3104 
 -3232  -3372  -3937  -3563  -3500  -3619  -5199  -5204  -4864  -4192  -4213  -3929  -3041  -2675  -3319  -2569 
 -2391  -2598  -1779  -1413  -3383  -3682  -3117  -3821  -3652  -3759  -3956  -3956  -4191  -3966  -4292  -4269 
 -5450  -5853  -6606  -7402  -7407  -5443  -3751  -3185  -4044  -2678  -2211  -2359  -1633  -1646  -2540  -3952 
 -4343  -4960  -5139  -4248  -4467  -4706  -4689  -4879  -6188  -5424  -5136  -5154  -6368  -7443  -7178  -4998 
 -4122  -4745  -5459  -2632  -1529  -1679  -1429  -1823  -2617  -5289  -6792  -7293  -6056  -4404  -3744  -3864 
 -4425  -4318  -5601  -5376  -5053  -3334  -3077  -3714  -3581  -3566  -4698  -6668  -7203  -4017  -2019  -1858 
 -1485  -1903  -2186  -4099  -4968  -5627  -4930  -3339  -2514  -2723  -3487  -4003  -4333  -4309  -4136  -3348 
 -2639  -2531  -2972  -4005  -3575  -4651  -4875  -3509  -2378  -1842  -1765  -1774  -1469  -2613  -2475  -3059 
 -2922  -2441  -1865  -2396  -2985  -3588  -3915  -3766  -3744  -3141  -2434  -2646  -3861  -4771  -4141  -4752 
 -4209  -3520  -2642  -2415  -1409  -1386  -1139  -1402  -1493  -1574  -1391  -1245  -1497  -2360  -2399  -2497 
 -2630  -2830  -2965  -2306  -1723  -2561  -3498  -4620  -5503  -5842  -5637  -4348  -3241  -2349  -1434  -1204 
 -1208  -1068  -1606  -1741  -1607  -1727  -1714  -2060  -2108  -2043  -2066  -2318  -2434  -1952  -1296  -1873 
 -2323  -3085  -4489  -4458  -4311  -2511  -1910  -1836  -1419  -1246  -1175  -1102  -1314  -1333  -1146  -1141 
 -1054  -1513  -1561  -1500  -1567  -1585  -1521  -1201   -799   -993  -1424  -1955  -2528  -2419  -2482  -1276 
 -1264  -1032   -835  -1079   -938   -889   -915   -809   -488   -699   -781  -1035  -1149  -1226  -1389  -1244 
 -1174   -848   -759   -623   -668   -790  -1268  -1364  -1468   -875   -485   -386   -294   -790  -1167   -675 
  -472   -353   -350   -500   -667   -824   -769   -762   -912   -965   -984   -760   -774   -741   -723   -833 
  -958  -1026   -680   -393   -130   -152    -98   -577   -967   -847   -572   -394   -337   -461   -602   -495 
  -505   -744   -940  -1101  -1260  -1113   -967  -1012  -1116  -1083  -1347  -1216   -908   -443   -218   -224 
  -203   -568   -955  -1095   -598   -232   -311   -512   -750   -813   -942  -1278  -1371  -1469  -1412  -1331 
 -1310  -1419  -1427  -1362  -1368  -1068   -789   -533   -276   -426   -472   -786  -1181  -1073   -750   -673 
  -848  -1060  -1239  -1528  -1932  -2391  -2030  -1859  -1818  -1746  -1670  -1687  -1745  -1771  -1744  -1439 
 -1046   -835   -754   -725   -762   -954  -1270   -917   -828   -657   -790   -976  -1056  -1386  -1874  -2213 
 -1899  -1603  -1693  -1615  -1489  -1466  -1442  -1418  -1281  -1187   -969   -897   -906  -1072  -1122  -1319 
 -4187  -4566  -4935  -4665  -4589  -4424  -4514  -4396  -4274  -4447  -4278  -3930  -3924  -3926  -3734  -4044 
 -3940  -4139  -4877  -4795  -5002  -5118  -5035  -5012  -5009  -4608  -4974  -5204  -5907  -5839  -5827  -5510 
 -5407  -5552  -5635  -5561  -5605  -5103  -4867  -4725  -4396  -4508  -4412  -4878  -5457  -6031  -6086  -6143 
 -6102  -5801  -5206  -4588  -5107  -5984  -6388  -6287  -6314  -6101  -6119  -5645  -6070  -5940  -5627  -5278 
 -5212  -4945  -4352  -4670  -4476  -4722  -5055  -5253  -5289  -5552  -5692  -5455  -4651  -4133  -4794  -6426 
 -6749  -7007  -6652  -6503  -6099  -5784  -5704  -5325  -5252  -5444  -5619  -5550  -5049  -4952  -4815  -4775 
 -5015  -5122  -4800  -4864  -4830  -4627  -4449  -3990  -4826  -6311  -6654  -6776  -6634  -6165  -6036  -6048 
 -5816  -5723  -5201  -5330  -6079  -6403  -5756  -4655  -4794  -4824  -4898  -4850  -4157  -4086  -4403  -4650 
 -4525  -4456  -5059  -6594  -6716  -6592  -6259  -5750  -6259  -6191  -5134  -5068  -4702  -5719  -6258  -6748 
 -6304  -5058  -4609  -3968  -4209  -4196  -4010  -3883  -4295  -4871  -5567  -5265  -4837  -6310  -6319  -5616 
 -5972  -5851  -5788  -5509  -4725  -5333  -4946  -5577  -6191  -6523  -7124  -5636  -5143  -4616  -4218  -4244 
 -4311  -4568  -4652  -5901  -6242  -5034  -4949  -6587  -7088  -6613  -6378  -5934  -5793  -5785  -5319  -6379 
 -6402  -6739  -7142  -7185  -7586  -6510  -6305  -5126  -4365  -4669  -4801  -5130  -5389  -5839  -5982  -4779 
 -4846  -6281  -7153  -6929  -6618  -6374  -6565  -7150  -6666  -7719  -7471  -7548  -7337  -6977  -6927  -7097 
 -6232  -5576  -5664  -5847  -5274  -5289  -5562  -5806  -5971  -5243  -4786  -6374  -7290  -7074  -6905  -6493 
 -6994  -7128  -6361  -7162  -7478  -7286  -7046  -6503  -6381  -6561  -5960  -5991  -5442  -5517  -5769  -5418 
 -5633  -5753  -5727  -4728  -4934  -6694  -7005  -7246  -6697  -7074  -8199  -7974  -7476  -6951  -6464  -6259 
 -6159  -6107  -5630  -5713  -5173  -4737  -4324  -4439  -4869  -4648  -5245  -5256  -5159  -4325  -5378  -5125 
 -4971  -4952  -4747  -5513  -6290  -5811  -5369  -4125  -4420  -3788  -5213  -5097  -4993  -5982  -5740  -4771 
 -4512  -4188  -4552  -4384  -4378  -4767  -4732  -3883  -6634  -4859  -3764  -3794  -3778  -4927  -5595  -5884 
 -5322  -4869  -4360  -3028  -4526  -4961  -6156  -6670  -6466  -5904  -5213  -4289  -4463  -4322  -4405  -4996 
 -5080  -4158  -3836  -4117  -4543  -4716  -4725  -4502  -4945  -5555  -5274  -5672  -5377  -4909  -4283  -6025 
 -7113  -6446  -6266  -5878  -5502  -6259  -6496  -5244  -4763  -5075  -5085  -4334  -2895  -4971  -6461  -6871 
 -5091  -4611  -4497  -4565  -5140  -6014  -5910  -5450  -5192  -5516  -6584  -6608  -5975  -5052  -6018  -7950 
 -8836  -6574  -4918  -4194  -4610  -4430  -3344  -5442  -6796  -7001  -5250  -4370  -4154  -4194  -4966  -6195 
 -6251  -5639  -5959  -5443  -5090  -5226  -5450  -6174  -6003  -7854  -9128  -7297  -5376  -3674  -4252  -4155 
 -3147  -4557  -5432  -5387  -4286  -3693  -3736  -3932  -4638  -5360  -5573  -5162  -5313  -4797  -4714  -5399 
 -6545  -7049  -5617  -6764  -7774  -7557  -6548  -4804  -4596  -3874  -2885  -3958  -4681  -4454  -3781  -3573 
 -3571  -3678  -3573  -3607  -3708  -3741  -4062  -4122  -4468  -6423  -8261  -8709  -7743  -7583  -8463  -8910 
 -7863  -6227  -5124  -3890  -3024  -3609  -4577  -4174  -4455  -4332  -4615  -4022  -3562  -3250  -3310  -3476 
 -3758  -4104  -4474  -6104  -7015  -7890  -7519  -7308  -8378  -8022  -7354  -6050  -4405  -3726  -2863  -3045 
 -3725  -3823  -4317  -4366  -4350  -4031  -3427  -2804  -2764  -3039  -3565  -3979  -4329  -5416  -5707  -6636 
 -6200  -6311  -6866  -6357  -6062  -5136  -4094  -3602  -3233  -3715  -3859  -3792  -3799  -3871  -3813  -3564 
 -3229  -2940  -2891  -3080  -3347  -3874  -4331  -5064  -4816  -5116  -5107  -4876  -5077  -4910  -4973  -4518 
 -3534  -3377  -2922  -3165  -3128  -3182  -3129  -3295  -3333  -3398  -3373  -3303  -3280  -3347  -3534  -3626 
 -3728  -3617  -3553  -3633  -3866  -4102  -3630  -3184  -3366  -3141  -2927  -3454  -2418  -2671  -3014  -3214 
 -3125  -3466  -3709  -3778  -3632  -3531  -3287  -3303  -3390  -3489  -3628  -3600  -3589  -3379  -3604  -3789 
 -3508  -3193  -3262  -3222  -3140  -3626  -2407  -2653  -3166  -3427  -3443  -3481  -3750  -3907  -3698  -3646 
 -3473  -3424  -3510  -3519  -3655  -3747  -3626  -3352  -3290  -3302  -3240  -3079  -2967  -3113  -3318  -3832 
 -2455  -2576  -2838  -3243  -3329  -3303  -3432  -3468  -3454  -3674  -3583  -3465  -3370  -3565  -3592  -3628 
 -3378  -3261  -3265  -3232  -3276  -3298  -3114  -3068  -3232  -3895  -3059  -2770  -2874  -3158  -3180  -3163 
 -3159  -3149  -3355  -3558  -3597  -3650  -3630  -3862  -3798  -3762  -3592  -3417  -3328  -3418  -3396  -3466 
 -3257  -3218  -3557  -4014  -2941  -3646  -3850  -3626  -2984  -3099  -3111  -3920  -3723  -4034  -3843  -3328 
 -2979  -2737  -2860  -2951  -2938  -2639  -2936  -2790  -3093  -3486  -3766  -4072  -3982  -3484  -3129  -3793 
 -3776  -3795  -3472  -3297  -3564  -3921  -3875  -4243  -4190  -3292  -3022  -2823  -2703  -2459  -2944  -3396 
 -3138  -2637  -3253  -3921  -4021  -3832  -3656  -2886  -3584  -4644  -4269  -4381  -4150  -3971  -4493  -4303 
 -4218  -4260  -4158  -3250  -3566  -3671  -3476  -2863  -3076  -3539  -3255  -2211  -3043  -3694  -3732  -3557 
 -3266  -2423  -3640  -5027  -4647  -5143  -4814  -4449  -4615  -4492  -4080  -3949  -3847  -3524  -3716  -4224 
 -3578  -3186  -3629  -3272  -3397  -2516  -2434  -2903  -3203  -3526  -3540  -2519  -3809  -5233  -4820  -4890 
 -4757  -4218  -4312  -4008  -4153  -4066  -3738  -3644  -4532  -5241  -4073  -3180  -3799  -3211  -3013  -2443 
 -2473  -3170  -3932  -4023  -4314  -2874  -3816  -5470  -5226  -5498  -4712  -4175  -4699  -3935  -3291  -3757 
 -3763  -4118  -5128  -5977  -4614  -4397  -3917  -3230  -2846  -2830  -3053  -3905  -4548  -4487  -4121  -2727 
 -3646  -4988  -4391  -4640  -4532  -4413  -4417  -4084  -3850  -3806  -4077  -4543  -5589  -6201  -5538  -5464 
 -4600  -3873  -3901  -3645  -3219  -4216  -4355  -4713  -4205  -2616  -3933  -5223  -4785  -4883  -4630  -4262 
 -4327  -4646  -4954  -4328  -4480  -4942  -5638  -5909  -6483  -6145  -5190  -4642  -4619  -4054  -3767  -4268 
 -4368  -3987  -3769  -2558  -3781  -4435  -4816  -5308  -5535  -5302  -5690  -5939  -5443  -4797  -4819  -4787 
 -4712  -4784  -4907  -4752  -4458  -4254  -4873  -4546  -4001  -4038  -4153  -3764  -3834  -2932  -3371  -3900 
 -4139  -5007  -4999  -4458  -4854  -4640  -4167  -3915  -4204  -4788  -4565  -4660  -4912  -4651  -4103  -3716 
 -4008  -4019  -3805  -3617  -3211  -2875  -3233  -2978  -3225  -3793  -4405  -5012  -4661  -4599  -5257  -5364 
 -5375  -5305  -5230  -4669  -4634  -4748  -4249  -4218  -3648  -3328  -3826  -4290  -4055  -3911  -3385  -2881 
 -3119  -2755  -3804  -3681  -4263  -5441  -4288  -4268  -4686  -5045  -4801  -5016  -4902  -4816  -5849  -5445 
 -4430  -4323  -4279  -3650  -3471  -4424  -4362  -2750  -2165  -2035  -2546  -2115  -4250  -4152  -4247  -4929 
 -3444  -3362  -3319  -4109  -3646  -5182  -4929  -6061  -5988  -5605  -5873  -7030  -6528  -4693  -4580  -5798 
 -6060  -2456  -1515  -1630  -2560  -2402  -3443  -5227  -6185  -6918  -4319  -3010  -2564  -3266  -3876  -6296 
 -6286  -7196  -6115  -6052  -7775  -8091  -7488  -5369  -6319  -7664  -8356  -4608  -2296  -1602  -2329  -2570 
 -3206  -5522  -7849  -8497  -5590  -3409  -2618  -2738  -3373  -5663  -5560  -6496  -4412  -3157  -4185  -3344 
 -3021  -3848  -6497  -8456  -9238  -6166  -2935  -1690  -2425  -2366  -3235  -4628  -6377  -6832  -4550  -3210 
 -2908  -2902  -3528  -4875  -4990  -5373  -5184  -3690  -3087  -2673  -3290  -4031  -4939  -6143  -7427  -6116 
 -3905  -2181  -2701  -2345  -2813  -4074  -4541  -4908  -3673  -2882  -2708  -2875  -3164  -3803  -4298  -4346 
 -4142  -3624  -3248  -3397  -4651  -5072  -4709  -4633  -5435  -5313  -4403  -3744  -2704  -2306  -2397  -3980 
 -4219  -4756  -3811  -2892  -2946  -3018  -2693  -2527  -2808  -2860  -2944  -2915  -3211  -4283  -6616  -6674 
 -5260  -4011  -4100  -5220  -5581  -4896  -3261  -2169  -2160  -3105  -3370  -3318  -3562  -3532  -3661  -3423 
 -2839  -2277  -2390  -2591  -2389  -2673  -3048  -4141  -5852  -5005  -3866  -2852  -2920  -4021  -4749  -4216 
 -3157  -2253  -1861  -2512  -2561  -2931  -2942  -2955  -2815  -2723  -2034  -1455  -1597  -1749  -1735  -2216 
 -2569  -3377  -3961  -3486  -2558  -1696  -1932  -2188  -2744  -2858  -2533  -2086  -2051  -2411  -2199  -2512 
 -2636  -2680  -2295  -2121  -1873  -1616  -1617  -1671  -1796  -2212  -2524  -2838  -2978  -2718  -2140  -1300 
 -1518  -1765  -2144  -2284  -2128  -1994  -2047  -2058  -1844  -2044  -2167  -2279  -2157  -2045  -2137  -2229 
 -2107  -2144  -2324  -2451  -2537  -2580  -2727  -2564  -2259  -1803  -1829  -1504  -1798  -1804  -1916  -1768 
 -2088  -2406  -2358  -2315  -2239  -2416  -2454  -2309  -2424  -2465  -2304  -2302  -2376  -2609  -2708  -2809 
 -3068  -2884  -2802  -2675  -2375  -1997  -2265  -1955  -1960  -1737  -2099  -2649  -2567  -2325  -2093  -2060 
 -2190  -2225  -2438  -2532  -2362  -2225  -2302  -2345  -2481  -2814  -2994  -2876  -2969  -2791  -2395  -2018 
 -2196  -1955  -2057  -1796  -2131  -2431  -2518  -2111  -1963  -1763  -1974  -2183  -2188  -2168  -1959  -1777 
 -1689  -1596  -1752  -2168  -2401  -2487  -2277  -1978  -1844  -1584  -1853  -1602  -1347  -1333  -2397  -2351 
 -2153  -1876  -1918  -1790  -1889  -1825  -1979  -2068  -2005  -1847  -1554  -1236  -1393  -1798  -1960  -2023 
 -1885  -1752  -1577  -1483  -1708  -1480  -1070  -1470  -2312  -2868  -2991  -2665  -2518  -2172  -2140  -2128 
 -2356  -2555  -2560  -2104  -1887  -1977  -1969  -2525  -2545  -2561  -2908  -3070  -2923  -3194  -3282  -3173 
 -2980  -2395  -3157  -3740  -3941  -3481  -3555  -3243  -3184  -3146  -3448  -3445  -3372  -2943  -2781  -3007 
 -2977  -3396  -3844  -3588  -3937  -4024  -3793  -4049  -4037  -3614  -3320  -2669  -3278  -4361  -4265  -4263 
 -4179  -4100  -3746  -3414  -3770  -3700  -3393  -3461  -3531  -3822  -3598  -3807  -4192  -4091  -4088  -3433 
 -3199  -3256  -3480  -3244  -3011  -2467  -3182  -4741  -4806  -4839  -4687  -4388  -4182  -3882  -3725  -3127 
 -2978  -3526  -3963  -4316  -3872  -3496  -3683  -3662  -3401  -2847  -2434  -2415  -2688  -2914  -2950  -2504 
 -3737  -5306  -5111  -4839  -5071  -4695  -4729  -4652  -4612  -4384  -3956  -4102  -4632  -5227  -4847  -3825 
 -3551  -3217  -3232  -3039  -2699  -2927  -3173  -3763  -3973  -3115  -3505  -5261  -5331  -4979  -4875  -4606 
 -4963  -5140  -4671  -4666  -4306  -4797  -5315  -6036  -5617  -4459  -4223  -3365  -3020  -2963  -3036  -3506 
 -3967  -4489  -5084  -3986  -3316  -5077  -4801  -4375  -4791  -4341  -4304  -4303  -4342  -4464  -4364  -4694 
 -5441  -6006  -6231  -5450  -4938  -4069  -3523  -3409  -3521  -3804  -3813  -4374  -4616  -3273  -3443  -5485 
 -5412  -5341  -4996  -4328  -4538  -5176  -5138  -5566  -5399  -5508  -5789  -5989  -6369  -5922  -5457  -4719 
 -4377  -4461  -4059  -3920  -3603  -4091  -4521  -3342  -2901  -4820  -5382  -5749  -5238  -5119  -5594  -6150 
 -6644  -6298  -5819  -5665  -6091  -5795  -5578  -5678  -5228  -4958  -5373  -5312  -4869  -4394  -4361  -4707 
 -5093  -4019  -3351  -5300  -5910  -5884  -5575  -5393  -5912  -6142  -6512  -6165  -6253  -6895  -6800  -6405 
 -6287  -6346  -5679  -5634  -5581  -5438  -5579  -5281  -5334  -5732  -5861  -4312  -4095  -6039  -6341  -6386 
 -6288  -6159  -7292  -7534  -7601  -7113  -6952  -6640  -6638  -6001  -6015  -6444  -5779  -5296  -4953  -4059 
 -4525  -4815  -5388  -5693  -6009  -4159  -4690  -6078  -5677  -6136  -5762  -5917  -7072  -7050  -6631  -5940 
 -5540  -4884  -6308  -6152  -6261  -6443  -6009  -5364  -4004  -3600  -4333  -3883  -4466  -5060  -4962  -3440 
 -4828  -5296  -4739  -4758  -4080  -5111  -5557  -6307  -6048  -5366  -4889  -4100  -5685  -6312  -7568  -8212 
 -7987  -6799  -5340  -4388  -4248  -4048  -4072  -4648  -4378  -3483  -3208  -4548  -4477  -4530  -4160  -3827 
 -4171  -5109  -5194  -5536  -5894  -5143  -4694  -6559  -7581  -7604  -7215  -5924  -5254  -6160  -5832  -4327 
 -3873  -4080  -3820  -3371  -2498  -4815  -6551  -6624  -4531  -3212  -2706  -3345  -4457  -5399  -5394  -4903 
 -4767  -4754  -4848  -5187  -4461  -4143  -5874  -7743  -7609  -5120  -3570  -3606  -3590  -3323  -2499  -4425 
 -5426  -5247  -3627  -1881  -1146  -1633  -2658  -4134  -3969  -3699  -3920  -3222  -2903  -2907  -2832  -4320 
 -4639  -6118  -6315  -5262  -3703  -2890  -3176  -2674  -1851  -2980  -3106  -1971  -1900   -741   -402   -900 
 -1845  -2897  -3018  -2812  -3293  -2433  -1893  -2248  -3586  -5755  -4918  -5610  -5429  -4813  -4880  -3700 
 -2842  -1977  -1452  -1726  -2093  -1062  -1060   -300   -206   -280   -777  -1553  -1867  -1946  -2674  -1661 
 -1009  -2036  -4031  -6509  -6258  -5726  -5331  -5506  -5550  -3667  -2554  -1302  -1648  -1653  -1899  -1045 
 -1669  -1117   -735   -620   -810  -1223  -1337  -1733  -2195  -1749  -1398  -1947  -3249  -4898  -5218  -4593 
 -4492  -4061  -3982  -3216  -2100  -1339  -1999  -1912  -2048  -1128  -1203   -952   -744   -899   -949  -1171 
 -1265  -1629  -1915  -1858  -1897  -2009  -2308  -3258  -3476  -3300  -2976  -2077  -2058  -2244  -1865  -1516 
 -1952  -2160  -2146  -1224  -1067   -837   -824   -823   -851  -1102  -1175  -1494  -1590  -1423  -1499  -1656 
 -1666  -1998  -2429  -2262  -1819  -1368  -1146  -1554  -1387  -1340  -1994  -2161  -1899  -1172  -1145  -1002 
 -1091  -1174  -1111  -1114  -1055  -1178  -1272  -1082  -1070   -909   -805  -1170  -1645  -1691  -1040   -600 
  -641  -1283  -1529  -1663  -1621  -1709  -1631  -1064  -1061  -1004  -1257  -1314  -1105  -1072  -1008  -1205 
 -1330  -1263  -1055   -803   -736   -977  -1405  -1326   -948   -667   -658  -1165  -1467  -1676  -1616  -1682 
 -1701  -1261  -1404  -1495  -1809  -1856  -1619  -1435  -1186  -1230  -1340  -1480  -1467  -1536  -1429  -1555 
 -1528  -1413  -1287  -1145   -751  -1187  -1539  -1805  -1552  -1578  -1649  -1388  -1427  -1539  -1668  -1748 
 -1643  -1851  -1635  -1736  -1706  -1937  -1898  -1914  -1789  -1887  -1921  -1743  -1573  -1396  -1187  -1659 
 -1961  -2064  -1617  -1491  -1495  -1524  -1608  -1616  -1559  -1636  -1908  -2172  -2088  -2135  -2140  -2275 
 -2258  -2189  -2052  -1892  -1660  -1521  -1498  -1525  -1444  -1849  -2214  -2107  -3437  -3901  -3899  -3453 
 -3585  -3782  -3893  -3712  -3436  -3275  -2942  -3137  -3440  -3409  -3356  -3690  -3595  -3380  -3980  -4140 
 -4258  -4301  -4267  -4214  -4408  -4259  -4046  -4374  -4513  -4248  -4390  -4494  -4692  -4506  -4314  -4037 
 -3974  -3558  -4113  -4135  -4201  -4300  -3854  -3859  -4251  -4959  -5082  -5268  -5120  -4920  -4862  -4216 
 -3738  -4202  -4152  -4599  -4486  -4623  -4501  -4281  -4063  -3893  -3627  -3515  -3825  -3772  -3413  -3855 
 -3798  -3694  -4192  -4349  -4412  -4546  -4519  -4101  -3783  -3398  -3654  -4757  -4820  -5307  -4812  -4946 
 -4575  -4371  -4417  -4012  -4179  -3906  -4392  -4389  -3678  -3925  -4110  -3932  -4013  -4133  -4223  -4268 
 -4137  -3705  -3656  -3215  -3343  -4546  -4747  -5040  -4799  -4637  -4606  -4850  -4759  -4233  -4077  -4240 
 -4934  -5161  -4411  -3652  -3838  -3653  -3843  -3700  -3716  -3923  -3911  -4204  -4449  -3670  -3543  -4675 
 -4834  -4528  -4145  -4245  -4971  -4823  -4473  -4043  -3715  -4447  -5172  -5627  -5033  -4228  -3844  -3553 
 -3259  -3149  -3347  -3848  -3818  -4165  -4928  -4018  -3550  -4820  -5161  -4300  -4062  -4210  -4484  -4366 
 -3759  -3833  -3756  -4187  -5047  -5451  -5415  -4816  -4086  -3914  -3399  -3293  -3568  -4161  -3588  -4630 
 -5016  -3931  -3543  -4876  -5072  -4774  -4238  -4247  -4523  -4909  -4607  -4664  -4663  -4755  -5813  -5868 
 -5804  -5121  -4648  -4574  -4026  -3957  -3938  -4113  -3881  -4252  -4414  -3702  -3505  -4798  -5274  -5289 
 -4843  -4881  -5100  -5573  -5941  -5779  -5679  -5493  -5861  -5740  -5649  -5544  -4810  -4222  -4330  -4108 
 -4368  -4274  -4061  -3682  -4046  -3701  -3892  -5262  -5539  -5315  -5233  -4974  -5599  -5965  -5831  -5848 
 -6158  -6337  -6114  -5601  -5330  -5156  -4825  -4911  -4776  -4929  -5242  -4596  -4418  -3873  -4012  -3403 
 -4130  -5601  -5553  -5945  -5624  -5561  -6334  -6700  -6036  -5684  -5413  -5304  -5845  -5783  -4970  -4898 
 -4432  -4256  -3866  -3956  -4267  -4147  -4721  -4069  -4191  -3379  -5132  -5194  -4552  -5091  -3822  -4510 
 -5336  -5323  -4689  -3511  -3435  -3676  -6227  -6403  -5777  -5906  -5357  -4474  -3394  -3276  -3729  -3724 
 -4118  -4098  -4026  -3094  -6309  -5036  -3019  -2447  -1858  -3379  -4178  -4537  -3849  -2938  -2819  -2926 
 -5557  -5812  -6425  -7560  -7446  -6185  -4838  -3873  -3932  -3757  -3907  -3899  -3870  -3048  -3710  -2954 
 -3046  -3672  -3071  -3239  -3609  -3218  -3093  -3983  -3980  -4415  -4016  -5732  -7538  -7815  -7709  -6834 
 -5322  -5518  -5765  -4632  -3981  -3331  -3367  -3189  -2405  -3514  -5955  -6627  -4313  -3400  -3152  -2853 
 -3203  -3311  -3588  -3678  -3760  -4168  -4566  -4782  -3916  -4151  -5664  -7263  -7701  -5768  -4211  -2670 
 -2841  -3051  -1798  -3543  -4571  -5138  -3754  -3377  -3264  -2776  -2899  -3067  -3250  -3148  -3388  -3360 
 -3383  -3473  -3390  -4707  -5052  -6127  -7003  -6756  -5482  -3088  -2642  -2267  -1318  -2523  -2889  -2981 
 -2970  -2884  -2976  -2716  -2763  -2647  -2814  -2731  -2846  -2900  -3438  -4216  -5011  -6287  -4902  -6445 
 -7000  -6990  -6752  -4081  -2880  -1854  -1566  -2605  -2600  -2561  -2655  -2650  -3078  -2750  -2584  -2473 
 -2781  -2989  -3233  -2958  -3311  -4603  -5872  -6672  -5454  -6707  -7394  -6956  -6647  -4646  -3554  -2018 
 -1965  -2701  -3046  -3028  -3080  -3166  -3201  -2764  -2628  -2408  -2583  -3003  -3305  -3261  -3363  -3707 
 -4565  -5161  -4399  -5159  -6108  -5005  -4624  -3848  -2968  -2162  -2595  -3152  -3955  -3763  -3653  -3490 
 -3515  -3299  -2906  -2771  -2727  -3078  -3552  -3410  -3183  -2610  -2579  -3327  -3461  -3937  -4155  -3372 
 -3545  -3123  -2441  -2181  -2415  -3319  -3946  -3832  -3626  -3400  -3565  -3443  -3106  -3020  -2923  -3095 
 -3321  -3272  -3239  -3257  -2989  -3447  -3771  -3822  -3715  -3630  -3980  -3333  -2328  -2059  -2683  -3543 
 -3699  -3730  -3590  -3621  -3710  -3466  -3116  -3109  -3097  -3142  -3083  -2782  -2679  -2491  -2612  -3018 
 -3496  -4085  -3588  -3229  -3416  -3089  -2649  -2514  -2134  -3032  -3268  -3344  -3326  -3524  -3749  -3533 
 -2972  -2876  -2938  -3049  -3041  -2991  -2943  -2838  -2852  -2760  -3252  -3495  -3252  -2988  -3234  -3027 
 -2954  -2782  -1854  -2389  -2993  -3242  -3244  -3352  -3501  -3463  -3166  -3051  -3018  -2732  -2696  -2874 
 -3002  -2998  -2830  -2527  -2630  -2957  -3123  -3053  -3005  -2978  -3134  -3059  -1921  -2328  -2960  -3311 
 -3432  -3647  -3765  -3624  -3354  -3275  -2989  -2739  -2720  -3116  -3176  -2953  -2614  -2466  -2828  -3232 
 -3413  -3370  -3332  -3217  -3196  -3370  -2290  -2323  -2747  -3133  -3206  -3241  -3298  -3299  -3499  -3562 
 -3635  -3717  -3851  -3962  -3913  -3795  -3620  -3414  -3415  -3630  -3550  -3502  -3440  -3503  -3626  -3672 
 -3491  -3150  -2863  -2478  -2425  -2927  -3189  -2841  -2951  -3071  -3118  -2277  -1884  -2242  -2408  -2685 
 -2350  -1897  -2566  -2896  -2776  -3046  -3147  -3480  -3618  -3110  -4338  -3190  -3067  -2672  -2807  -3186 
 -3001  -2627  -3353  -3909  -3837  -2668  -1810  -2255  -2528  -2693  -2296  -2102  -2102  -2564  -2431  -2888 
 -2992  -3139  -3076  -2519  -4119  -3705  -3310  -3432  -3076  -3328  -2978  -2682  -3379  -4008  -3802  -2817 
 -2186  -2503  -2626  -2532  -2156  -2951  -3008  -2536  -2386  -2588  -2786  -2932  -2939  -2301  -3421  -3595 
 -3114  -3349  -2792  -2997  -2743  -2360  -2724  -2835  -2531  -2356  -2399  -2562  -2308  -2075  -2192  -3413 
 -2949  -2462  -2333  -2616  -2868  -3031  -2921  -2286  -3382  -3845  -3121  -3356  -3147  -3220  -3551  -3317 
 -3153  -3172  -3120  -3198  -3415  -4260  -3361  -2110  -2340  -3106  -2959  -2876  -2676  -2847  -3114  -3127 
 -3171  -2880  -3043  -3777  -3707  -3759  -3493  -3666  -4297  -3887  -3068  -2994  -3163  -3382  -4358  -5609 
 -3739  -2617  -2702  -2408  -2293  -2614  -2649  -2741  -3368  -3614  -4416  -4096  -2885  -3603  -3679  -3407 
 -3097  -3152  -3451  -2585  -2070  -2364  -2841  -3645  -4966  -5443  -4139  -4343  -3741  -3372  -2971  -3169 
 -3173  -3298  -3883  -4329  -4544  -3499  -3190  -4193  -4273  -4209  -2938  -2924  -3284  -3055  -2636  -2415 
 -3009  -3736  -4537  -4929  -4704  -4903  -3964  -3558  -2906  -3504  -3078  -3518  -3723  -4292  -4510  -3390 
 -2564  -3601  -4442  -4931  -3540  -3643  -4170  -3763  -3530  -3222  -4188  -4575  -4123  -3997  -3831  -3903 
 -3442  -3699  -3594  -4121  -3062  -3217  -3838  -4588  -5109  -3969  -2762  -3689  -4365  -4724  -3496  -3386 
 -4041  -3926  -3373  -3732  -4818  -5642  -4646  -4021  -3670  -3498  -3279  -3725  -4042  -4047  -2934  -2831 
 -3796  -4477  -4730  -3431  -3320  -4672  -5062  -5518  -5021  -4797  -5705  -5750  -4883  -4978  -4747  -4568 
 -4525  -3867  -3398  -3335  -3088  -3316  -3557  -3157  -2577  -2412  -3352  -3376  -4055  -2558  -4283  -4221 
 -4073  -4883  -4072  -4481  -5128  -5024  -4208  -3515  -3284  -3224  -4426  -3899  -3631  -4156  -3793  -3254 
 -2735  -3127  -3240  -1998  -2550  -2050  -2428  -1588  -4653  -3771  -2921  -3655  -2734  -3414  -3875  -4185 
 -3636  -2999  -2915  -2777  -4147  -3804  -4453  -5814  -5454  -4768  -4281  -4091  -4223  -2582  -2213  -2068 
 -2305  -1390  -3084  -3361  -4306  -4832  -4405  -3977  -3936  -3818  -3362  -4190  -4565  -3889  -3061  -3776 
 -6082  -6689  -6188  -5477  -4684  -6108  -6854  -3682  -2893  -2588  -2761  -1287  -2550  -4629  -6719  -7286 
 -5089  -4233  -3615  -2809  -2711  -3130  -3424  -3621  -2601  -2510  -3500  -3435  -2745  -2907  -4467  -7361 
 -8155  -4486  -2585  -2574  -2551  -1490  -2845  -3969  -4945  -5103  -3642  -3732  -3471  -2677  -2099  -2514 
 -2949  -3464  -3176  -2368  -2576  -2432  -1994  -2322  -2870  -4168  -5400  -4713  -3260  -2908  -2810  -1754 
 -2247  -2964  -3419  -3758  -3100  -2503  -2958  -2690  -2584  -2450  -2723  -2600  -1966  -1878  -2448  -3000 
 -3193  -4089  -2951  -3541  -3852  -4345  -4610  -4391  -2991  -2029  -2276  -3076  -3824  -4036  -2991  -1985 
 -2602  -2833  -2516  -2380  -2461  -2326  -2074  -1969  -2486  -3488  -4879  -5752  -4491  -4053  -3807  -4517 
 -6032  -5791  -3907  -2110  -2539  -3181  -3364  -3326  -3247  -2813  -3084  -2843  -2455  -1942  -1961  -1991 
 -2093  -2224  -2533  -3768  -4833  -5013  -3983  -3104  -3177  -3745  -5329  -5130  -3454  -2030  -2435  -3008 
 -3233  -2898  -2757  -2502  -2604  -2724  -2439  -2157  -2321  -2262  -2237  -2500  -2794  -2993  -3655  -3589 
 -2304  -1508  -1720  -2448  -3559  -3477  -3058  -2025  -2665  -2935  -3165  -2971  -2730  -2674  -2599  -2821 
 -2760  -2548  -2472  -2463  -2392  -2661  -3073  -3075  -2986  -3018  -2475  -2298  -2487  -2644  -3209  -3127 
 -2929  -1902  -2190  -2449  -2922  -3111  -3095  -3246  -3282  -3285  -3179  -3223  -3189  -3186  -3131  -3145 
 -3352  -3307  -3136  -2827  -2611  -2756  -2783  -2589  -2876  -3004  -3077  -2035  -1612  -2355  -2700  -3026 
 -2952  -3044  -3090  -3048  -2965  -3243  -3349  -3470  -3473  -3316  -3446  -3274  -3230  -2841  -2669  -2635 
 -2575  -2684  -2871  -3027  -3078  -1913  -1665  -2583  -2899  -3041  -2868  -2871  -3146  -3221  -3088  -3292 
 -3220  -3175  -2913  -2869  -2778  -2771  -2871  -2684  -2577  -2645  -2530  -2993  -2998  -3215  -3224  -2115 
 -1996  -2775  -3097  -2898  -2753  -2637  -2821  -3010  -3132  -3296  -2970  -3071  -2884  -2797  -2731  -2921 
 -3077  -3142  -3042  -3190  -3102  -3418  -3333  -3330  -3314  -2357  -2282  -2261  -2458  -2337  -2263  -2206 
 -2316  -2590  -2958  -3033  -2893  -3050  -3216  -3020  -3030  -3131  -3032  -3038  -2827  -3079  -2911  -2957 
 -2802  -3033  -3086  -2826  -1646  -1957  -1948  -1856  -2311  -2417  -2367  -2189  -2318  -2344  -2638  -2380 
 -2054  -1925  -1931  -2144  -2341  -2167  -1982  -1798  -1740  -1642  -1663  -1506  -1088   -886  -2131  -2144 
 -1997  -2039  -2717  -2998  -2570  -2256  -2366  -2660  -3109  -2748  -2011  -1936  -2058  -2381  -2133  -1930 
 -2103  -1762  -1668  -1636  -1837  -1649   -853   -693  -2631  -2024  -2025  -1780  -2266  -2963  -2743  -2276 
 -2535  -2503  -2514  -2322  -1666  -1508  -1384  -1447  -1916  -2249  -2011  -1617  -1524  -1574  -1632  -1284 
  -319   -537  -2240  -1647  -1961  -1764  -1889  -2613  -2755  -2321  -2004  -2017  -1644  -1825  -1824  -1945 
 -1223   -748  -1071  -1612  -1382  -1146  -1154  -1244  -1350  -1578   -716   -545  -1825  -1738  -1984  -1954 
 -2183  -2806  -2684  -2408  -2473  -2115  -2083  -2167  -2523  -3180  -2156  -1153  -1160   -956  -1165  -1243 
 -1140  -1485  -1886  -2184  -1473  -1074  -2042  -2574  -3118  -2870  -2685  -2684  -2643  -2504  -2272  -2075 
 -1479  -1888  -2585  -3476  -2359  -1323  -1328   -984  -1311  -1328  -1504  -1486  -2250  -2674  -1777  -1219 
 -1843  -2397  -3161  -2743  -2637  -2328  -2228  -2162  -1697  -1848   -991  -1676  -2604  -3277  -2788  -2845 
 -2414  -1992  -2151  -2044  -2017  -1850  -2417  -2831  -2152  -1304  -1688  -2401  -3013  -2913  -2444  -2257 
 -2539  -2282  -1722  -1416   -853  -1485  -2360  -2653  -2062  -2817  -2485  -2107  -1644  -2019  -1636  -2103 
 -2062  -2915  -2174  -1735  -1385  -2398  -3450  -3327  -2668  -2811  -3033  -2812  -2375  -2247  -2455  -2847 
 -2426  -1570  -1252  -2361  -1780  -1888  -1737  -2210  -1570  -1648  -2134  -3252  -3073  -2253  -1343  -1983 
 -2916  -2746  -2316  -2147  -2552  -2860  -2274  -2909  -3179  -3716  -2910  -2378  -2316  -2742  -1809  -1393 
 -1445  -1098  -1044  -1618  -1938  -2735  -2770  -2118  -1771  -2925  -3595  -3691  -2956  -2710  -3225  -3316 
 -3119  -3406  -3442  -3466  -3360  -3304  -3016  -2784  -1935  -1276  -1064   -578   -764  -1674  -1921  -2234 
 -2308  -1651  -2426  -3044  -2675  -2572  -2203  -2654  -2954  -2650  -2528  -1794  -1517  -1552  -3943  -4445 
 -3634  -3089  -2627  -1475   -236    595   -312  -1605  -2027  -2575  -1952   -912  -4198  -2141  -1306  -1261 
  -732  -1140   -997   -612   -227    403    659     92  -3778  -5537  -5566  -6319  -5961  -3625   -688   1139 
    57  -1996  -3054  -3100  -2326  -1021  -1046    210   1965   2387   1003    336   -246   -105   1484   3032 
  4044   3193     97  -3424  -5008  -6125  -6058  -3656    330   3230   2929    428  -2022  -3025  -1584   -803 
   347   2385   5424   5862   3386   1249    440    240   1338   2939   2660   2702   1243  -1297  -2510  -3436 
 -3999  -1163   2515   5836   5643   2654   -380  -2983  -1045   -518    618   1936   3524   4097   2414    981 
   121   -133    509   1624   2187   2036   1198   -619  -1409  -1692  -1420   -378   1573   3322   3372   1325 
  -913  -2550   -822   -332   -455    -28     36    432    222     70   -249   -310    -47    644   1129    937 
  -235  -1862  -1914  -2178  -2691  -2808  -1930  -1048   -642   -936  -2392  -2951  -1417   -410   -871   -320 
  -244    -32   -774   -909  -1204  -1354  -1417   -701   -178   -719  -1765  -2804  -2639  -3665  -4939  -4960 
 -4835  -4848  -4194  -3746  -4393  -3966  -2166   -952  -1239  -1045   -901   -736  -1384  -1966  -2545  -2533 
 -2312  -1670  -1224  -1561  -2124  -2395  -2283  -2920  -3814  -4098  -4813  -5086  -4698  -3940  -3938  -3506 
 -1748  -1004  -1276  -1339  -1115  -1311  -1595  -2079  -2274  -2278  -2227  -1835  -1753  -1937  -2247  -2256 
 -2159  -2420  -2748  -3590  -4340  -4301  -3863  -3389  -3265  -2737  -1641   -953  -1475  -1739  -1737  -1264 
 -1578  -1691  -1792  -1861  -1643  -1483  -1388  -1552  -1913  -1992  -1807  -1871  -1697  -2252  -2879  -3395 
 -3194  -2701  -2315  -2052  -1491  -1151  -1510  -1392  -1494  -1174  -1240  -1328  -1638  -1803  -1636  -1513 
 -1721  -1780  -1868  -1893  -2007  -1850  -1585  -1995  -2635  -3074  -2818  -2314  -1893  -1801  -1677  -1503 
 -1232   -891  -1067  -1135  -1331  -1403  -1672  -1843  -1754  -1876  -2008  -2162  -2197  -2145  -2199  -2096 
 -1864  -1791  -2246  -2438  -2480  -2085  -1622  -1702  -1671  -1579  -1116   -555   -825  -1177  -1536  -1640 
 -2018  -2334  -2358  -2418  -2380  -2298  -2184  -2062  -2223  -2291  -2104  -1967  -1933  -2007  -2279  -2205 
 -1490  -1594  -1547  -1409  -1376   -948  -1082  -1368  -1688  -1830  -2004  -2191  -2508  -2938  -2753  -2853 
 -2747  -2739  -2688  -2633  -2517  -2496  -2514  -2446  -2359  -2407  -1976  -2011  -1786  -1611  -1533  -1343 
 -1435  -1449  -1606  -1579  -1655  -1923  -2327  -2630  -2531  -2777  -2921  -2863  -2669  -2666  -2677  -2542 
 -2318  -2054  -2002  -1810  -1665  -1943  -2032  -1811  -1405  -1199   -925   -909   -682   -293   -363   -574 
  -356   -298   -346   -172   -419   -178    -11   -106    407    -90   -434   -807   -919   -656   -196   -328 
  -412  -1258  -1806  -1559  -1255  -1065   -782   -451   -798  -1412  -1344  -1195  -1256   -268   -594   -219 
   171    117    212   -207     25   -459   -329   -278    317    293     23   -565  -1234  -1590  -1720  -1768 
 -1251   -625  -1395  -1280  -1419  -1994  -1534   -990  -1114   -788   -411   -214   -305   -557    131    341 
   446    615    676    142   -224   -492   -490  -1517  -1429  -1509  -1047   -609   -687   -584   -889  -1413 
 -1520  -1051   -945   -908   -747   -368     82   -725   -279   -252   -117    -77   -237   -812   -978   -795 
  -656  -1208  -1027  -1023   -948   -668   -755   -769   -378   -964  -1205  -1214  -1878  -2230  -1292   -721 
  -166   -644   -638   -774   -564   -303   -655  -1314  -1249  -1497   -227   -787   -571   -495   -591   -137 
 -1097  -1185    294    -48   -875  -1357  -2531  -3333  -1717  -1150  -1006   -794   -856   -954   -713  -1292 
 -1521  -2222  -2463  -2401   -192   -368   -870  -1091   -918   -351   -350   -530    244    109  -1196  -1491 
 -2677  -2407  -1493  -1873  -1360  -1135   -843   -881   -956  -1618  -1433  -2400  -1728  -1709   -697  -1261 
 -1964  -2021  -1358   -962  -1228  -1120   -147  -1259  -2044  -2385  -2149  -1330  -1678  -2393  -1749  -1124 
 -1170  -1054   -606   -715  -1354  -1715  -1727  -1300   -867  -1795  -2939  -3205  -2415  -1753  -2562  -2243 
  -198  -1932  -3891  -4352  -3274  -1715  -1459  -1957  -1555  -1663  -1770  -1223   -389   -166   -942  -1181 
 -1607  -1237   -972  -2217  -3361  -3503  -2200  -1364  -2468  -1859   -578  -2317  -3939  -4323  -3374  -2221 
 -1872  -1971  -1572  -1317   -972  -1132   -188    853    -47   -192   -686   -391  -1295  -2079  -3334  -3729 
 -1929  -1350  -2621  -1868   -700  -2030  -2916  -3879  -3028  -3416  -2134  -1456  -1105   -946   -882  -1576 
 -1262   1063    830    488    -54   -318  -2137  -1534  -2186  -2181  -1041   -920  -1249  -1436  -1176  -1787 
 -2365  -3549  -4171  -3913  -3292  -4501  -4098  -2840  -2767  -3379  -3217    335    674   -120   -715   -835 
 -3828  -2449  -1558  -1981  -1760  -1941  -2368  -3104  -1985  -2615  -2415  -3455  -3649  -3755  -5273  -7501 
 -7241  -4933  -3431  -4002  -4254   -249   -233   -918  -1692   -885  -1863  -2180  -3073  -4028  -1550  -2151 
 -2471  -2605  -2671  -4933  -5205  -6422  -3888  -4525  -6121  -7478  -7758  -5315  -4689  -5758  -5920  -2192 
 -1541  -1896  -2404  -1702  -1542  -2946  -5974  -6827  -3310  -3220  -3271  -3416  -3716  -5282  -5635  -5861 
 -4202  -4069  -5012  -5250  -5440  -4151  -4720  -7853  -8214  -3515  -2189  -1407  -2577  -2001  -2184  -4098 
 -5962  -6665  -4087  -3657  -3605  -3719  -3800  -5452  -5511  -5736  -4362  -2551  -2073  -1867  -2144  -2959 
 -4285  -7763  -8287  -4492  -2386  -1471  -2041  -2036  -2057  -3717  -5002  -5408  -3805  -3176  -3417  -3579 
 -3626  -4168  -4376  -4568  -3837  -2418  -1996  -2441  -3752  -5081  -6377  -8393  -7229  -4137  -2679  -1865 
 -2059  -1773  -1726  -3192  -4447  -4470  -3569  -3483  -3423  -3672  -3229  -2788  -2573  -2773  -2254  -2112 
 -2385  -3752  -5858  -6525  -7358  -8160  -7474  -4749  -3360  -3126  -2328  -1852  -1930  -2778  -3673  -3812 
 -4071  -4047  -4020  -3335  -2957  -2419  -2426  -2253  -2063  -2123  -2241  -3230  -4784  -4577  -5380  -6493 
 -6393  -4041  -2869  -2630  -1581  -1885  -1996  -1948  -2287  -2135  -2887  -3052  -2829  -2821  -2535  -2277 
 -2276  -2054  -1966  -1737  -1749  -2180  -2730  -2659  -2981  -3884  -4207  -3520  -2429  -1667  -1423  -1686 
 -2357  -2250  -2486  -2119  -2063  -2244  -2055  -2187  -2151  -1959  -1889  -1810  -1747  -1928  -2182  -2081 
 -1436  -1605  -1886  -2370  -2702  -2339  -1431  -1244  -1363  -1545  -1823  -1912  -2458  -1921  -1738  -1742 
 -1690  -1983  -2234  -1982  -2078  -1936  -2058  -2218  -2277  -2203  -2162  -2114  -2109  -2108  -1942  -1663 
 -1359  -1423  -1496  -1543  -1363  -1841  -2316  -2098  -1901  -2123  -2230  -2599  -2607  -2721  -2638  -2401 
 -2277  -2241  -2442  -2578  -2425  -1980  -1784  -1679  -1754  -1434  -1382  -1677  -1935  -1640  -1650  -2242 
 -2797  -2318  -2332  -2428  -2536  -2630  -2576  -2776  -2797  -2623  -2537  -2489  -2477  -2635  -2524  -2047 
 -1835  -1731  -1680  -1493  -1490  -1741  -1974  -1884  -2034  -2013  -2162  -2135  -2028  -2128  -1989  -2038 
 -2371  -2771  -3039  -2670  -2513  -2562  -2655  -2742  -2352  -2093  -1891  -1714  -1744  -1724  -1433  -1698 
 -2149  -2108  -1972  -1767  -1850  -1836  -1845  -1982  -1873  -1890  -2263  -2538  -2497  -2472  -2465  -2635 
 -2518  -2585  -2257  -2084  -2036  -1843  -1657  -1567  -1519  -1992  -2344  -2467  -2308  -2736  -2830  -2575 
 -2388  -2002  -1757  -1822  -1732  -1747  -1695  -1865  -1943  -2123  -1757  -2016  -1986  -2187  -2747  -2971 
 -3172  -3478  -3403  -3537  -3287  -2640  -3665  -3966  -4123  -4103  -3825  -2985  -2983  -3304  -2988  -2657 
 -2712  -2664  -3026  -3246  -2901  -3047  -3385  -3506  -3790  -4248  -4731  -5104  -4916  -4410  -3737  -2674 
 -3223  -4215  -4411  -4285  -4490  -3762  -3703  -3640  -3629  -3807  -3406  -3275  -3655  -3831  -3379  -3641 
 -3730  -3737  -4014  -3956  -4202  -4425  -4080  -3874  -3165  -2456  -3041  -4625  -5072  -5162  -5377  -4633 
 -4497  -4330  -4331  -3682  -3336  -3496  -3571  -3921  -3452  -3463  -3530  -3933  -4054  -3893  -3638  -3637 
 -3323  -3518  -3539  -2839  -3466  -5197  -5416  -5294  -5461  -4455  -4465  -4755  -4675  -4510  -4177  -3780 
 -4159  -4647  -4025  -3558  -3581  -3696  -3671  -3675  -3267  -3338  -3416  -4109  -3999  -3362  -3457  -5501 
 -5865  -5523  -5241  -4364  -4767  -5068  -4372  -4131  -3923  -4034  -4440  -4632  -4376  -3789  -3264  -2930 
 -3056  -3384  -3327  -3933  -3714  -4675  -5366  -4356  -3544  -5310  -5021  -4490  -4756  -3976  -3750  -3790 
 -3330  -3553  -3647  -3526  -3654  -3997  -4750  -4644  -3602  -3087  -3051  -3205  -3537  -4125  -3655  -4936 
 -4640  -3188  -3760  -5460  -5655  -4993  -4733  -3926  -3697  -4429  -3893  -4589  -4329  -4111  -4179  -4719 
 -5834  -5385  -4495  -3586  -3004  -3236  -3650  -3847  -3942  -4407  -4190  -2771  -3414  -4635  -5311  -5190 
 -5057  -4618  -5037  -5959  -5860  -6167  -5667  -5074  -5057  -5552  -5811  -5843  -4907  -4400  -4607  -4523 
 -4044  -3818  -3955  -4051  -3994  -2965  -3441  -4721  -5285  -5084  -5307  -5140  -5521  -5694  -5896  -6004 
 -5066  -4906  -4968  -5181  -5058  -5109  -4547  -4190  -3767  -3787  -4187  -3994  -4017  -4130  -3985  -2870 
 -3597  -4720  -5147  -5532  -5655  -5461  -6845  -6376  -6404  -5734  -5079  -3991  -3322  -3274  -3183  -3643 
 -3395  -3175  -3255  -3244  -3378  -3461  -3887  -4257  -4352  -3200  -3931  -4113  -4177  -4385  -4263  -4346 
 -5554  -5193  -5094  -4285  -4227  -3452  -4909  -4216  -4113  -4367  -4198  -3294  -3518  -3209  -3334  -3194 
 -3589  -4422  -4141  -3033  -4896  -4852  -3182  -3361  -3615  -4416  -5137  -5693  -5839  -5046  -5098  -4638 
 -6153  -6105  -7073  -7991  -7728  -6610  -5260  -3809  -3586  -3668  -4005  -4987  -4462  -3300  -3560  -4749 
 -4570  -4530  -3917  -3893  -4165  -4884  -4959  -6315  -6495  -6631  -5718  -7336  -8004  -8004  -8502  -7182 
 -6059  -5808  -6077  -4909  -4954  -5409  -4622  -3461  -2714  -4940  -7254  -7897  -5177  -4397  -3699  -3423 
 -4163  -5569  -5716  -5539  -5683  -5987  -6146  -6701  -6733  -5998  -6435  -7366  -8209  -6113  -5052  -4492 
 -4059  -3327  -2813  -4213  -6158  -6271  -4196  -3377  -2919  -2676  -2873  -4641  -5026  -4382  -4912  -4057 
 -3981  -4208  -4323  -4252  -4205  -4535  -6139  -6167  -4618  -3872  -3711  -2829  -2140  -3020  -4275  -3703 
 -3122  -2346  -2084  -2230  -2533  -3496  -4131  -3830  -4052  -3486  -3255  -3737  -4753  -5352  -4342  -3867 
 -4780  -5773  -5511  -4867  -3630  -2312  -2277  -3112  -4233  -3500  -3248  -2080  -1571  -1643  -1763  -2078 
 -2454  -2620  -3003  -2869  -2990  -4581  -6143  -7436  -6507  -5477  -6347  -6943  -6733  -5585  -4056  -2180 
 -2602  -3065  -3696  -3187  -3719  -3014  -2615  -2304  -2367  -2518  -2683  -3098  -3457  -3614  -3684  -4735 
 -5790  -6399  -6233  -5591  -6387  -6344  -6153  -5528  -3837  -2237  -2745  -2962  -3273  -2974  -3458  -3591 
 -3321  -3452  -3078  -3000  -3065  -3461  -3739  -3875  -4159  -4841  -5358  -6164  -6099  -6068  -6196  -5561 
 -5375  -4870  -3677  -2305  -2872  -3259  -3585  -3169  -3030  -2962  -2899  -2978  -2937  -2886  -2824  -3127 
 -3480  -3755  -4026  -4283  -4336  -4627  -4736  -4497  -4451  -4313  -4198  -4053  -3046  -1993  -2343  -2797 
 -3251  -3209  -3086  -3158  -3170  -3306  -3207  -3031  -3020  -3079  -3294  -3387  -3458  -3243  -3250  -3232 
 -3552  -3731  -3331  -2906  -2868  -3161  -2739  -2011  -1878  -2432  -2898  -2731  -2530  -2792  -2965  -2988 
 -2860  -2766  -2658  -2714  -2870  -3102  -3172  -2901  -2762  -2563  -2747  -2991  -2927  -2870  -2777  -3046 
 -2837  -2089  -1853  -2199  -2652  -2768  -2753  -2944  -3086  -2901  -2757  -2751  -2660  -2629  -2761  -2960 
 -3092  -2993  -2745  -2464  -2439  -2468  -2501  -2537  -2281  -2554  -2595  -2204  -1806  -1516  -1713  -2090 
 -2021  -2329  -2380  -2301  -2176  -2312  -2187  -2187  -2138  -2309  -2367  -2422  -2280  -2375  -2408  -2301 
 -2395  -2443  -2142  -2189  -2049  -2103  -1944  -1714  -2026  -2269  -2155  -2234  -2304  -2128  -2010  -2002 
 -1920  -2107  -2138  -2391  -2472  -2639  -2570  -2502  -2421  -2567  -2553  -2410  -2210  -2238  -2127  -2199 
 -2319  -2746  -2425  -2305  -1948  -2044  -2084  -2369  -2535  -2578  -2473  -1903  -1637  -1673  -1490  -1754 
 -1804  -1775  -2220  -2613  -3007  -3495  -3448  -3313  -3137  -2479  -2568  -3034  -2488  -2331  -2316  -2457 
 -2743  -2814  -2924  -2703  -2390  -1881  -1986  -1944  -1944  -1894  -2469  -2698  -2573  -2423  -2516  -3141 
 -3279  -2715  -2678  -1824  -2925  -3949  -2973  -3269  -3257  -3035  -3290  -3210  -3140  -2887  -2199  -1916 
 -2235  -2336  -2226  -1851  -2663  -2861  -2772  -2005  -2125  -2412  -2515  -2273  -2293  -1573  -2671  -3776 
 -3369  -3869  -3768  -2987  -3221  -2984  -2969  -2325  -2217  -2216  -2790  -3093  -2475  -1922  -2375  -2354 
 -2370  -2037  -1835  -1782  -2012  -2032  -2102  -1443  -2993  -4086  -3848  -3963  -4223  -3269  -3179  -3103 
 -3543  -3780  -3469  -3255  -4025  -4136  -3459  -2329  -2294  -2282  -2310  -2184  -1974  -2078  -2188  -2221 
 -2185  -1617  -2854  -3944  -3954  -3885  -3721  -2821  -2889  -2737  -2991  -3505  -3474  -3803  -4377  -4585 
 -4437  -3744  -3271  -2789  -2697  -2579  -2109  -2435  -2941  -2969  -2826  -1962  -2412  -3443  -3263  -3240 
 -3373  -2433  -2196  -2442  -2902  -3127  -3183  -3707  -4410  -4737  -5515  -5083  -3865  -3128  -2894  -2686 
 -2382  -2604  -2628  -2649  -2437  -1578  -2773  -4009  -3412  -3411  -3617  -2797  -2955  -3917  -3976  -4243 
 -4112  -4513  -4679  -4927  -5950  -4975  -3529  -3173  -3003  -3000  -2636  -2546  -2562  -2366  -2679  -1682 
 -2455  -3639  -4011  -4546  -4567  -4051  -4226  -4553  -4652  -5046  -5027  -4978  -5075  -4644  -4742  -4106 
 -3393  -2979  -3569  -3957  -3742  -3454  -3369  -3250  -3554  -2488  -2915  -4227  -4536  -4722  -4393  -3638 
 -4114  -4544  -4182  -5146  -5316  -5835  -5894  -5752  -5554  -5021  -4509  -4011  -4358  -4489  -4156  -4276 
 -3929  -3447  -3821  -2605  -3653  -5127  -5378  -5344  -5211  -5049  -5735  -6092  -5585  -5593  -5286  -5068 
 -5452  -5473  -5275  -5053  -4466  -4374  -4614  -3928  -3602  -4003  -4159  -3363  -3856  -2498  -3894  -5015 
 -4422  -4706  -4319  -4714  -5398  -4944  -4783  -3922  -3833  -4225  -6066  -5898  -5355  -4927  -4629  -4244 
 -4283  -4209  -4035  -3221  -3057  -2959  -2969  -2052  -4466  -4354  -3917  -4265  -4261  -3729  -4080  -4130 
 -3736  -3612  -3695  -4309  -5399  -5400  -6385  -6886  -6158  -4963  -4404  -4568  -5444  -3713  -2327  -2615 
 -2500  -1781  -3056  -4052  -4630  -4800  -4379  -3331  -3379  -3964  -4278  -5033  -5600  -5566  -5405  -6141 
 -6793  -6125  -5557  -4787  -5116  -5423  -6686  -4670  -2469  -2555  -2507  -2110  -2730  -5035  -6430  -6733 
 -5025  -3716  -3433  -4118  -4398  -5033  -5370  -5618  -5573  -4350  -4662  -4016  -3597  -3786  -5329  -6677 
 -7392  -4938  -2456  -1892  -2387  -1920  -2790  -4718  -5949  -5856  -4324  -3027  -3105  -3666  -3989  -4930 
 -5038  -5049  -5126  -4547  -4324  -3861  -4515  -5587  -5500  -5798  -6270  -5852  -4916  -3343  -3180  -2194 
 -2414  -3853  -4238  -4503  -3940  -2580  -2786  -3197  -3363  -3858  -3962  -3857  -4375  -4365  -4161  -4306 
 -6624  -8083  -6739  -5734  -6348  -6886  -6249  -5417  -3875  -2223  -2156  -3625  -3861  -4018  -3608  -3244 
 -3312  -3434  -3276  -3029  -2739  -3095  -3542  -3714  -3730  -4905  -8037  -9190  -7351  -6620  -7646  -8448 
 -7582  -6151  -4246  -2335  -2055  -3042  -3731  -3544  -3430  -3646  -4027  -3688  -3069  -2541  -2490  -2810 
 -3273  -3646  -3460  -4138  -5927  -5904  -5307  -5480  -6637  -6180  -5661  -4311  -3374  -2131  -2500  -2846 
 -2896  -2611  -2410  -2493  -2566  -2744  -2305  -1891  -1908  -2303  -2819  -3130  -2833  -2881  -3411  -3589 
 -3431  -3514  -3752  -3070  -3162  -2822  -2571  -1646  -2358  -2744  -2832  -2457  -2189  -2147  -2275  -2164 
 -2013  -1903  -1870  -2076  -2343  -2704  -2761  -2665  -2375  -2614  -2830  -2611  -2462  -2162  -2074  -2213 
 -2137  -1312  -2114  -2718  -2534  -2108  -1843  -1651  -1633  -1578  -1720  -1974  -2001  -2075  -2190  -2379 
 -2353  -2465  -2348  -2430  -2738  -3022  -2413  -1813  -1744  -1837  -1812   -993  -1792  -2533  -2374  -2167 
 -1844  -1802  -1906  -1894  -1946  -2158  -2119  -2153  -2247  -2381  -2450  -2638  -2800  -2646  -2628  -2720 
 -2331  -1866  -1843  -1832  -1862   -979  -1630  -2497  -2634  -2265  -1989  -2029  -2332  -2426  -2374  -2462 
 -2306  -2089  -2112  -2198  -2354  -2622  -2843  -2634  -2605  -2733  -2420  -2055  -1985  -1928  -1934  -1124 
 -1779  -2666  -2592  -2338  -2103  -2079  -2178  -2202  -2141  -2298  -2356  -2302  -2171  -2043  -2155  -2367 
 -2301  -2105  -2067  -2155  -2070  -2030  -1917  -1973  -2125  -1344  -1543  -1563  -1686  -1768  -1845  -1976 
 -2084  -2154  -2275  -2237  -2104  -1932  -2035  -2027  -1980  -2012  -1789  -1691  -1666  -1783  -1646  -1679 
 -1804  -1816  -1978  -1728  -1487  -1875  -1488  -1747  -2104  -2201  -2159  -1785  -1697  -1646  -1299  -1425 
 -1866  -1873  -1576  -1374  -1300  -2183  -2026  -2248  -2432  -2457  -2279  -1856  -1468  -1387  -1053  -1270 
 -1091  -1936  -2554  -2828  -2770  -2551  -1797  -1484  -1572  -1610  -2394  -2645  -2245  -1622  -2036  -3969 
 -2162  -2562  -2492  -2667  -2914  -2499  -1981  -1170   -412  -1126  -1314  -2114  -2602  -2935  -3373  -2880 
 -2429  -1962  -2114  -2133  -1924  -2166  -1666  -1630  -2466  -3212  -2569  -2541  -2656  -2904  -3113  -2757 
 -2151   -955   -285  -1311  -2197  -2910  -2828  -2820  -2637  -2288  -2577  -2555  -2148  -1459  -1420  -1951 
 -1469  -1876  -2456  -2394  -2236  -2666  -2803  -3178  -3015  -2623  -2146  -1052   -144  -1295  -2197  -2658 
 -2730  -2343  -1726  -1546  -1708  -1376   -859   -642  -1176  -1697  -1057  -1438  -2363  -2795  -2524  -2633 
 -2418  -2906  -2668  -2216  -1855  -1100   -696  -1327  -1683  -1808  -1708  -1609  -1683  -1291  -1346  -1362 
 -1047   -623   -957  -1093   -725  -1663  -1935  -2053  -1984  -1699  -2173  -3367  -3332  -2676  -1949   -833 
  -834  -1191  -1900  -1947  -1695  -1849  -1879  -1696  -1879  -1219  -1082   -766  -1192  -1213  -1654  -2106 
 -1537  -1094  -1177  -1037  -1477  -2492  -2277  -2505  -1567   -788   -625  -1110  -1677  -1631  -1684  -1457 
 -1543  -1703  -1939  -1311  -1669  -1595  -1826  -1669  -1904  -2198  -1744  -1014  -1208  -1172  -1418  -1740 
 -2061  -1618  -1193   -330   -741  -1548  -2116  -1803  -1605  -1243  -1542  -1637  -2435  -2010  -2335  -2152 
 -1735  -1428  -1973  -2620  -2108  -1477  -1061   -763  -1580  -1684  -1651   -956   -619     85   -386  -1363 
 -2441  -2773  -1854   -943  -1451  -1569  -1721  -1996  -2892  -2237  -1219   -702  -1069  -1699  -1633  -1496 
 -1103  -1346  -1959  -1984  -1590  -1031   -469    337   -207   -596  -1541  -1662   -641     83   -179   -499 
    61   -646  -1442  -1943  -2068  -2343  -1951  -2298  -2392  -1383   -710  -1290  -1737  -1937  -1826  -1464 
  -850   -217   -186   -251  -1365  -1174     37   -323   -585  -1021   -939  -1063  -1228  -1406  -3501  -3879 
 -2970  -4876  -4809  -3224  -2415  -2446  -2540  -2101  -2339  -2320  -1973  -1196  -2773  -1394  -1585  -1374 
  -753  -1345  -1981  -2285  -2022  -2038  -1806  -2537  -3958  -4505  -5671  -8021  -7844  -5132  -3391  -3948 
 -4586  -2851  -2839  -2893  -2583  -1135   -914  -1947  -4048  -4899  -2864  -2591  -2918  -3302  -3869  -5885 
 -5478  -6290  -4805  -6343  -7968  -7863  -7322  -5886  -5379  -6609  -7093  -5417  -4388  -3489  -2893  -1314 
 -1802  -3702  -7388  -8204  -4598  -3370  -3188  -3807  -4716  -5958  -5749  -5928  -5466  -4967  -6448  -6078 
 -4852  -4937  -6595  -8539  -8777  -6611  -4744  -3240  -2620   -928  -2428  -4565  -6899  -7142  -5398  -4535 
 -4709  -5301  -4944  -5717  -6136  -5597  -4992  -3895  -4260  -4448  -5057  -6565  -7553  -9131  -9843  -8781 
 -7087  -3875  -2867  -1434  -1597  -3868  -6321  -6432  -5742  -4479  -4983  -5446  -4744  -4313  -4399  -4095 
 -4112  -3993  -3801  -4679  -6211  -8162  -8025  -9329  -9900  -9966  -8936  -5348  -3710  -1666  -1789  -4184 
 -6124  -6581  -6055  -5647  -5394  -5197  -4298  -3387  -3230  -3107  -3160  -3392  -3747  -5539  -7114  -8354 
 -7877  -8290  -9180  -9292  -8869  -6402  -4174  -1904  -2251  -3725  -5063  -5567  -5856  -6040  -5819  -4759 
 -3884  -2922  -2829  -2758  -2796  -3098  -3733  -5258  -6177  -6167  -6120  -7145  -8563  -7493  -7370  -5463 
 -3714  -1852  -2287  -3136  -3962  -4689  -4966  -5083  -4961  -4159  -3607  -2813  -2817  -2862  -2936  -3122 
 -3329  -3480  -4150  -4402  -4338  -5158  -6115  -5769  -5473  -4367  -3647  -1610  -2215  -3333  -4141  -4569 
 -4552  -4341  -4253  -3650  -3408  -2950  -3064  -3051  -3168  -3324  -3446  -3384  -3144  -3523  -3767  -4372 
 -4528  -4763  -4671  -3995  -3265  -1499  -1636  -2904  -4087  -4652  -4544  -4431  -4214  -3846  -3897  -4085 
 -4381  -4165  -4060  -4008  -3989  -3830  -3821  -3581  -3420  -3646  -3676  -3990  -3935  -3792  -3268  -1520 
 -1371  -2602  -3649  -4647  -4419  -4404  -4452  -4497  -4331  -4518  -4630  -4475  -4096  -3943  -4115  -3978 
 -3986  -3460  -2785  -2884  -3429  -3836  -3841  -3590  -2991  -1488  -1431  -2564  -3645  -4343  -4229  -4130 
 -4119  -4116  -4100  -4065  -4243  -4049  -3702  -3548  -3511  -3383  -3407  -2807  -2413  -2766  -3406  -4008 
 -3749  -3323  -2851  -1575  -1186  -2501  -2995  -3750  -3605  -3658  -3580  -3374  -3438  -3396  -3546  -3505 
 -3311  -3161  -3221  -3314  -3195  -2919  -2541  -2848  -3612  -4040  -3367  -2909  -2513  -1409  -1478  -1991 
 -2366  -2659  -2533  -2535  -2604  -2269  -2250  -2118  -2166  -2357  -2428  -2536  -2515  -2660  -2571  -2726 
 -2902  -2972  -2821  -2887  -2538  -2193  -2191  -1908  -1275  -1317  -1402  -1519   -991   -843  -1388  -1904 
 -1904  -1604  -1821  -1191   -897   -907  -1247  -1299  -1181   -885  -1248   -944  -1178  -1352  -1176  -1232 
 -1208  -1355  -1969  -2083  -1959  -2146  -1612  -1386  -1984  -2159  -2322  -1999  -2076  -1468   -974   -941 
  -931  -1038  -1434   -583   -676      0   -330   -621   -420   -134    -81   -421  -2253  -2368  -1929  -1736 
 -1378  -1294  -1694  -1924  -2103  -1884  -2090  -1788  -1169   -356   -356   -463   -561    482   -117     71 
  -343   -452   -274    133    261   -183  -2415  -3083  -2201  -2076  -2029  -1684  -1857  -1953  -2167  -1679 
 -1955  -2052  -1933  -1494  -1094  -1116   -938    127    -11   -336     42    128     54    274    179    -69 
 -2830  -2854  -2379  -2245  -2350  -1538  -1456  -1665  -1987  -1923  -2299  -2460  -2615  -2210  -1908  -1619 
 -1361   -990  -1064  -1033   -552   -304   -599   -310   -724   -776  -2550  -2788  -2545  -2160  -1948  -1342 
 -1732  -1795  -1860  -1809  -2219  -2768  -3359  -3085  -2803  -2150  -1593  -1471  -1791  -1772  -1371  -1351 
 -1454  -1131  -1852  -1745  -2322  -2498  -1776  -1699  -2081  -2114  -2700  -2551  -2478  -2598  -2811  -2919 
 -3251  -2865  -3195  -1811  -1254  -1350  -1519  -1923  -1425  -1242  -1127  -1463  -1667  -1485  -2786  -3048 
 -2101  -1815  -2039  -1809  -2068  -2600  -2970  -3357  -3088  -3530  -3963  -3375  -3523  -1259   -683  -1193 
 -2149  -2410  -2178  -2198  -2346  -1894  -2109  -1470  -3047  -3323  -2433  -2176  -1635  -1022  -1265  -2364 
 -2404  -3877  -4396  -4412  -4336  -3187  -2903  -1771  -1378  -1898  -2746  -3202  -3080  -2730  -2626  -1930 
 -2356  -1792  -3511  -4223  -3805  -3573  -2620  -2074  -2770  -3358  -2775  -4110  -4390  -5051  -5162  -5048 
 -4655  -3610  -3097  -3046  -3271  -3203  -2446  -2180  -2612  -1786  -2403  -1748  -4070  -4533  -4158  -3672 
 -3224  -3080  -3929  -3755  -3455  -4225  -3768  -4024  -4142  -4725  -3858  -2711  -2315  -2614  -2741  -2418 
 -1837  -1976  -2336  -1790  -2134  -1535  -4970  -4603  -3046  -2569  -2561  -3359  -3838  -3298  -2664  -2821 
 -2419  -3389  -5112  -5475  -5047  -4127  -3667  -3366  -3452  -3140  -2586  -2364  -3255  -3463  -3134  -1596 
 -5523  -5237  -2866  -2738  -3023  -3490  -3410  -3393  -3073  -4365  -3664  -4571  -5958  -6550  -7800  -7213 
 -6309  -5442  -5345  -4917  -4394  -3642  -4375  -4286  -4231  -2455  -5338  -6419  -5308  -6041  -4660  -3921 
 -3767  -4111  -4552  -7098  -6130  -7296  -7287  -9044  -9774  -8950  -8999  -6480  -6463  -6875  -6590  -4985 
 -4723  -4981  -4919  -3263  -4124  -6411  -8103  -9405  -6420  -5317  -4414  -4458  -5283  -7460  -6908  -7070 
 -6983  -7743  -9150  -7951  -7370  -6298  -6794  -8496  -8666  -6032  -4511  -4466  -4854  -3160  -4128  -6467 
 -7933  -7871  -6095  -5275  -4882  -4849  -5161  -6704  -6324  -5459  -5041  -4878  -5709  -5324  -5651  -5338 
 -5040  -7197  -7659  -5855  -4877  -4115  -4488  -3316  -3618  -5377  -6572  -6069  -5203  -4707  -4790  -4851 
 -4596  -5412  -5606  -5021  -4827  -4935  -5051  -4989  -6157  -5885  -5752  -7663  -7452  -7027  -6155  -5974 
 -4918  -3292  -3596  -4879  -6144  -5554  -4942  -4290  -4722  -4552  -4046  -4103  -4338  -4315  -4594  -4830 
 -4611  -6036  -7219  -7276  -7535  -8241  -8448  -7762  -7041  -6686  -5039  -3275  -4047  -4691  -5510  -5197 
 -5159  -4518  -4402  -4092  -3942  -3934  -4258  -4394  -4569  -4421  -4586  -5808  -6734  -6057  -6843  -6706 
 -6917  -5591  -6101  -5689  -4448  -3104  -4501  -4572  -4806  -4711  -4883  -4872  -4414  -4195  -4108  -3980 
 -4083  -4344  -4563  -4475  -4480  -5205  -5437  -5425  -5534  -5358  -5371  -4085  -4327  -4285  -3734  -2722 
 -4306  -4318  -4548  -4063  -4102  -3874  -3450  -3223  -3298  -3253  -3328  -3416  -3669  -3715  -3809  -4440 
 -4679  -5014  -4823  -4248  -4237  -3584  -3285  -3582  -3293  -2540  -4205  -4363  -4283  -3584  -3375  -3181 
 -3167  -3291  -3413  -3437  -3552  -3435  -3587  -3621  -3760  -3988  -4144  -4318  -4087  -3831  -3869  -3623 
 -3232  -3304  -2992  -2295  -3662  -3836  -3775  -3478  -3270  -3305  -3625  -3791  -3974  -3854  -3695  -3540 
 -3352  -3536  -3806  -3957  -4134  -3977  -3785  -3705  -3813  -3413  -3086  -2953  -2797  -2168  -3627  -3961 
 -4078  -3620  -3505  -3792  -4159  -4259  -4226  -4281  -4103  -3851  -3695  -3504  -3759  -3916  -3986  -3630 
 -3270  -3301  -3373  -3076  -2802  -2718  -2500  -2075  -3525  -3641  -3126  -3103  -3012  -3352  -3564  -3656 
 -3662  -3887  -3694  -3507  -3259  -3136  -3189  -3334  -3273  -2914  -2730  -2752  -2868  -2650  -2383  -2511 
 -2570  -2137  -3142  -2974  -2640  -2672  -2634  -2710  -2805  -2846  -3114  -3392  -3214  -3004  -2887  -2721 
 -2522  -2627  -2726  -2598  -2489  -2537  -2484  -2379  -2371  -2379  -2678  -2492 
