    -4     -1      2      0    -15    -10     -2     -4     -2      9      9      2     -6      0    -12      2 
   -14     -2      2     42    -14     -5      6    -20     -7     -4     -5      7      4     -2     -3      4 
   -15      5     -2      9    -15      6     11      3      3     -6      1     -2    -12      5     12     -3 
    -1    -31      3      6    168      6    273     -7     -2     -3      2     -1     -6     -1     -4      1 
    -1     -4     10     11     -4     18      1      2     -5     -2      7     14      2     -1     -3    -19 
     2     15     -4     14      8     -3     61      1      6    -13     -4      8     -2     -1      4     15 
     0      3     -6     -6     -1     14      6     11      6     -8      9      3    -11     -1     -2      7 
     4     -3     -1     -3      3     -3     -1      4      8     10     -7     -3     16      1     12      2 
     1      5     -8      7      8     -6      3      6     10     -5     12     12      0    -16     -1    -12 
     5     -3      0      6      7      1     17     -1      2      4     -7      1     -1      0     -5    -12 
     7      7      0     -4     -3     -9     17     14    -10      4    -25      5    -25     -1    122     -2 
    -2     -1     -1    108    -18     20     -4     -3      7     -2      0    -25    -14      3     14     -1 
     5      1     -3      8      1     -1     -7     -4      7     -3      4      4      4      3     -2     -5 
    -4      1     18      4      2      2     -9     -1     -5     -2    -10     -4    -16      0      6     -5 
    -2     -4      0    -13     18     -1     -1    -11     12      0      4     -4      0     -5     -2      2 
  -157      3     -1     -5      0     -4      2    -17      4     -7      5     -2     -1      2     -7      5 
   -14     -4      4     -8     -2      1     -1     -7      4      0      1      8     -3    -12    -21     -2 
    -1      0      0      7      4      3      3     -3     -1    -12     -6      0     -3    240     13      2 
    -5    -10     34     -7      4      3     -5     -2      8      5      3    -14    -11     -3     -2      0 
    -1      2     -4     -2      1      1     -2      1     35      1     -1    -10     -7     13    -16      8 
    -2      3    -11      2     -3      4      5     -5     -7    -17     -3     -5     -8     -1     13    -17 
   -10      3     17      0     -5     -2    -14      3     14     -6      3      1    -41      6      5      2 
    -2     14      0     10      0     11     -2      4      1     -2      0     -2      8      3      2      4 
    -1     -3     25      1      1      1    -28      7      8    -21      0    -37    -17     -3      1      1 
   -12      4     -1      1      2      0      2    -14      3      2      4      3      3     -3      0     16 
     1      0     -4     11     -1      7    -26      3      6     -4      4    -11      6      7      8      3 
     3     16     -5      0      2      1     -3     -2     37    -13      5      2      9     -1      2      3 
     0     -1      2     -4      9    -12    -21      2    -57     -1     -8      4      1     -4      8     -1 
   -10    -11      1      8     -3      1      0      0    -10     -6     -3     -8     -3     -1      0    -13 
   -12      2     -2     -3     -3    -15     -1     -7     -7     -9    -18     -6     -2   -272     -4      1 
     3     -4    -12     -2     -5      1     -3     -6      3      0      3     24     14      6     -1     -3 
     3     -4     16     -4      2     17     -1     -5     -3     -2     -9     -7    -10     -7      8    -17 
     0     -5    -75     12   -136     -1     -6     -8     17     -9      1     10     -9     -3     -2     -1 
   -22     -4     -1    -33      4      4      0    139      1    -12    -23     -8     33      0     -3     -5 
    15      5    -14      1    -16     -2      0     -3      4    -17    -40     -7      4      3     -7    -18 
   -20    -22     -3    114      3    -16    -16      6     -5      4      2      1      6    -22     30     -1 
    -1     -3      6     18     -1     78      1    -10      4      5     16    -37      5     -2    -26    -19 
    28    -11     26      9     62    307    -33      1     -4      7     -4    -27      3     -5     -4     -3 
    -5    -14     -1     -5     -2     -5     -4    -10     -5     15     -4     -5     -4     10     -4     -2 
     2     -2      1    -14      5      2      5     -1      0    -15     -5     14      5      9      5     11 
    -5    -18     21     18     -1    -19     20    -24      7     17      2      1     -2     -5     -3    -23 
    45      1     -6      1    -11     22      5      9      2     22     -7     -6     -3      5     23      6 
    34    -82      2    -23     -2     -3     -6    -14      0     -1     25      5      0     -6      8      4 
     1      2      2    -10     -6    -11     -5     -8    -29     -5      3     10     -6     -8     12     -1 
    12     -9     -7     -3      2      1    -11      3     13      6    -10    -11      8     -2      7      6 
    -3      4      9      0     -7      0     -9     -1     -2      6    -19     18     -8     -2      8      5 
    -5     12      0      1     33    -13     -1   -176     20      9     -2      7     -7      2    -13      3 
     1      9     -3    -10     -3     -1     19     42    -10     -6    -12      8      4      8      3      2 
    24     -4     -6     14    -26     61     -2    -26     10      5    -10     -7    -11      4     -1     -7 
    -8      8      1    -16     -8     16      0     -7      0      2     41     -8     -1     17      0      2 
    -2    -36    -27     20     21      2     -4     14      0     -1      5    -24    -17     66     19    -14 
    -8     -8    -16    -17      9      3     -6     -2     -1      8     -1     19    -21     -9     17      4 
     6     -3     -8     15    -11      0    -17      4    -11      0     -1     -6     -7      9     13     -5 
   -27     -3      7     -3      8      2    -14      7      0     -4      3      9     -8    -19      5     -5 
     3     -1     11     13      0     -2     -4      3     11     -7      6      8     10     23      1      0 
    -2     -5      0      3     -1      0      2      3      3     -9      8     -4      4     -4    -25      0 
    -2     -2     -2      3    -16     -9     -7    115     17      2      0      6     -2    -14     32     16 
     2     -4     -8      4     10    -58     -4    -14     -8     -4      1     12     -2      4     -3     -5 
     2      4     -1      1    -14      0     18    -16     17     -9     10     11    -31    -18      0     -2 
     4      5      5     -5      0     15    -24      5     11      2    -22      9     -4     -1      6     -8 
     2      8     -2      4    138     -4     -4     -9      7     13      6      4     -1     -2     -5     -7 
    -3     10      3      0      3      0      9      1      1    -30     -4   -249    -12     13     -6    -10 
     9      9      4     -2      8      3      2      4     -3      6     -9     40    -10      1     -4      5 
    -1      1      0    -18     -3     -3     -2      7    -25     -9    -25      3      5     -1     14     -3 
     0      0     -1     -2    -44      1      1      1     -3     -3      1      3      0      2      3      3 
    -6      0      0     -5     -3      0      0     -8      3      2      1     -2      2      1     -1     -1 
   -11     -2    -10      0     -7      1     -2      2     -2      0     -5     -2      0      0     -5      0 
     1     -4      0     10    -25     -1     48     -1      3      4     -2      0      0      0      1      1 
    -1      1     -2     -5     -2     -6      1     -1     -1     -3     -1      1      1      1     -1    -10 
    -2      3     -3     -2      2     -2     -5     -1     -1      4     -1     -1      3     -1      1      1 
     1      2     -2      1     -3      0      0     -2      0     82     -3      0     -1     -4     -2     -2 
     1      1     -4      0      1     -2      2      0     -7      0      7     -2      9     -2      4     -1 
    -1      1      5     -1     -9     -7      0    -21      0      0     -3      1     -3      6     -1     27 
     3     -1      0      0      0      1    -20     -3      1     -3     -9      2      0      1      0     -5 
    -3      0      1     -4     -1     14      1      0      0     -1      8     -1      0      1    -35      1 
    11     -1      3     -4      4     14      0      1     -4     -1      0     -2      0      0     -2      1 
    -1      0      2     -1      5      0     -3      0     -1      0      6      0      2      0     -2      0 
    -1      1     -2     -3     -2      0      1      2      1      5      2      0      3      0     -1      2 
     0     -4     -2      2      1      1      0      5     -3     -1     -3      0      1     -1     -1      0 
   -38      2     -1      1     -1     -2      3     -5      0      1     21     -6      0     -2      1      1 
     2      0     -1      5     -1      3      1     -3      1      0     -3     -2     -3      1     -1      0 
    -1      0     -1      0      1     -8      1      0      1      1     -2      1      0     21      3     -1 
   -17    -20      7     -2      4     -3      1      3      0      2     -3     -9      1     -5      2     -1 
     2      0     -1     -3     -1     -3     -1      0     -5     -5      0     -2      1      9      2      0 
    -3     -2     -3      3     -3      1      3      0      0     -7     -2     -1     -3      0     -8     -8 
   -11     -3     -8      1      3     -1      0     -1     -2      1     -1      2     27     -2     -2     -1 
     0     -3     -1      0      0      5     -1      1      1     -1      0      0     -1     -3      0      1 
    -2      1     -2      1     -1     -1      0     -1      0      0      0     -6      5      0    -21     -1 
     3     -2      1      0     -3      2      2     -6    -10      0     -1      3      1     -3      1      1 
     0     -1      1     -3     -2      2      2     -2      3      2      0      0     -1     -1      2     -1 
     0      1      1      0      3      1      0      3      2     -8     -1      0    -11     -3      0      0 
    -2      5      0      0      0      0      2      0      6      1      9      2      1     -1      7      0 
    -2      2     -1     -3     10     14     -1      1     -1      2     -2      0     -1     -1      1      0 
     1      1     -1      0      0     -1     -2     -1     -4     -4      6     -2      2     28     -3      2 
    -2      1      1      1      0      1      4      3      0      0      1      4     -4      0     -1     -4 
     2     -1      7      1      1      2      1      2      0     -3      2      1     -2      0      5     -1 
    -2      0     -4      1     48      0     -1      0      1     -2      8      1     -1      0     -4      0 
     6      0     -3      1      1      1      1     33      0     -4      0      0      0      2      0     -1 
    13      0      9      1      0     -1      1     -2      0     -2     -1     -1      1      1      2      1 
     1     -1     -1    -47      0      5     -2      1     -1      0      0      1      0      2      1      2 
     1      5      0     11      0      2      0      0      0     -1     -3     -2      1     -1     -5      7 
     2      1      4      0     -5     43     -1      1      0      2      2     -3     -2     -1      0      0 
    -1      1     -1     -1      3     -1     -1      6      1     -4     -1      0      1      4     -6      0 
     0      0     10      0      1     -1      0      0      5     -1     -4      1    -17     -2      0      1 
     0      0      2      1      2      1      0     18      0      0      1      0      2      2      1    -10 
     0      0      1     -1      1      2     -9      0      3     -3      3      1      0     -1     -1      1 
     3      9      0      1      2      0      0      3      2     -2     -1     -1     -1     -2      5     -1 
    -9      0     -1     -3     -1    -14      0      1      1      2     -2     -2      1      1      6      1 
     2     -1     -1      1     -5     -1      3      2      2      1      4      3     -1      1      0    -23 
     2      0      0      1      2      0     -1      1      2      2     -1     -1      1      3     -1      0 
     4      1      1     -5      9     -2      0    -36      0      1      1     -1     -1      0      1      0 
     2      3      0      1      0     -3      2     -3      0      1      0      3     -2     -1      1      1 
   -72      1      2      4      1     -1     -1     -4      0      0     -3     -1     -1      2      0      1 
    -1      1     -1      0      0     -9      2      3      0      2    -13     -2      0     -4    -31      1 
    -1    -19     -1      4     -3      1     -1     -1     -2      4      1      5     -4     -6     -1     -1 
     1     -1      0      2     -1     -1      1      1      0     -3      2      2     -3     13     -3     -1 
    -1      1     -6      1      0      0      2      0     -2     -2     -2     -5      1      4     -1    -10 
   -18     -1     -3     -1      0      0      6      0      3      0     -1     -2     -6      3     -1      2 
     0     -1     -3     -3      0     -1      1     -2      0     -1      0     -6      0     -2      0      2 
     0     -1      4      0      1     -1      1      2     -1      2      0      8     -2      1     15      0 
    -1     -1      0     -1      1      0      0      0      1      0      0     -2      1     -3      1      0 
     0      1      3      2     -2     -8      1      2     -3      2     -2     -3      0      1     -4      1 
     1     -2     -2      2     -2     -1      2     -1      1     -3      1      1     -2     -2      0     -1 
    -1     -1     -1      1     -1     -5     -2      0     -6      0     -4      1      0      1     -2      2 
     1     -1      1    -15    -29    -23     -1      0      2      0      1      0      0     -1      0      1 
     0      1      0     -1      0      0     -1      0     -2     -2     -4     27     -4     -1      6     -1 
    -2      1      0     -1      0      0     -1     -1      0     -1      2      2      1     -1     -1      3 
    -2      1     -2      0      1      0      1     -1      0      0     -1      0      0      1     13      0 
    22     -4    -51      4    -40    -40     91    -33     38    -51     24     44    -11     44    -51     55 
   -26     52     -8    -22    169    -73     25    -30     -4     14    -25    -16     21    -66      6    -18 
    71    -14    -56     94    -26      8     -5    -53    -16    -41    -66    100     15     -3    -18     21 
     8    -37     46     -6     62     -8    -46    -44     -5    -44     -2    -25      5     -7    -82    -15 
   -49     -6    -20    -84    -25   -134     23     -2    -23    -29    -18    -59    -52      3      4     63 
   -41    -32     -5     25    -78    -34     49    -37     10    -51    -32    -59    -11      1      0    139 
    -1    -56    -19      2    -45    -45    -50     49    -74     61     21    -13      0     -2     -5    -11 
    14     15    -56    -66      5     10    -85     -1   -126    -49    -39    -30     53     -9    -16    -11 
     5     10    -57    -53    -48    -66    -16     43     37    -45     -5    -28     60    -51     -8     29 
    -7     15    -29     27    -19    -38     67    -26     71    -28      8    -50    -88    -11    -61     85 
   -57    -17     38    -21     -8    -32    -63    -28    -29     49    -20      6     -6     54      9     67 
   -19      3     -3     -3     33     53     19    -27    -69    -64     11    -58     51    -31    -37      5 
   -34     -8     -3      2     23     14    -24     -2    -26     11     46    -73     -1    -63    -57     72 
     7    -49    -46    -30     81     10    -11     21    -66    -81    -27    -71    -73    -44      3      7 
   -55    -55    -30    -15    102    -19    -14    -17     -6    -43     23      8     -6    -22    -33    -64 
    27    -19      1      8    -11    -11    -65    -86    -89    -32      0     14     -3     -4    -28    -10 
     8      9     -7     -5    -30    -11      8    -13    -24     21    -26    -23    -52    -25      1     39 
   -50      0      4   -100    -42     65   -147     79     -7    -62     63     70    -12    -15    -28    -10 
    58     66     78    -54      5    -16    -23    -12     -3     58    -43    -61    -43    101     11    -13 
   -53    -22    -35     50    -35    -12    -11     58    -47    -84    -44     10    -23     53    -31    -15 
   -35    -48    -27     77    -10     16    -25      9     -4    -22    -16      4     -6    -35    -42     33 
   -32    -74     52    -12    -20    -14    -69     -4    -61    -76    -11     71   -116    -51    -43      7 
     7    -22     64    -27     28    -58    -55     18    -22    -12     -1    -14    -82    -28    -26    105 
     4    -43     74     -7     -5    -53    -36      7    -45     12     -7     -9    -47    -26     72    -63 
    67      1     14    -17    -50    -50    -25    -26    -39    -74     -6    -51    -20    -38     11     10 
    24     -7    -41      0    -20     50    -62    -17     91    -67     36     -7    -31    -37     -4    -21 
    20    -34    -47     16    162      8    -27    -33    -57    -32    -43     20   -118     94    -94     10 
   -29    -34     -1     19    -18     -4     -6     -4    -42     96    -17    -96      1     -8     -5    -54 
   -14    -22      7     70      3     -1   -108    147    -28    -59    -55    -12    -12      3     14     40 
   -39    -64     31    -15      6    -42    -28    -16    -31    -52    -68    -34     -3    -18    -47    -44 
   -11    -14    -36    -22    -34     -3    -24    -18      8     41    -53     19      1     11     17    -28 
   -15     -9    -92    -23    -26      5     13     15    -37    -14    -32     18    -27    -14     62    -65 
   -67   -113      8    -66    -44    -10    -22      0    -15      7     16    -77     46     -9     14     -9 
    38    -50     50      7     -9    -44     16      5    -10    -13    -31    -23    -61     19     -4    -41 
    24    -59    -14    106     20     25   -161    -40    -51    -28    -15   -123    -46    -55    -42     75 
    28      5     29      1    -24      9    -13     14     56     -9    -50    -42      1     20    -32     -8 
   -33     20    -17     51     59    -46   -156     51   -153      8     40     44    -68    -84     73     39 
     2    -39     50     21    -25    -60     -3     20    -27     -3    -24     53      9     55    -14    -41 
   -76     -8     35    -21      1    -13     -2     59     16     45    -59    -56      3     16      0    -28 
     2    -28     28    -58     51   -139     18    -49     25    -25    -26    -37     17    -60     -5     81 
    14    -77     28    -44    -50    -40    -11     43    -14     16    -43     -2     39      3     -3     24 
   -34    -36    -20    -96      9    -88      1     -5      4    -29      8    -25      3    -73     26     -6 
   -24    -20   -130    -29   -130     -3    -45    -20    -22      2     42     37     56    -68    -26   -120 
   -34     30    -42      0     -2     70     29     20    -25    -17     17    -42     13     15      9    -84 
    -6    -41    -41   -180    -18    -16    -63    -77    -86     -5      3     -8     -6    -24    -39     47 
    84    -13    -22    -41     14   -101     35     15    -73     12   -109     23    -39    -24      9     15 
   -19     19    -10     -3     29    -52     36     16    -48     12     18     -8     52     -8    -71    -26 
   -34     32    -59    -84   -117     47     18     36    -26    -27      7    -18     18    -40    -39    -16 
    -7   -121    -24     -9    -29      2     13    -24    -46     36    -22     25      8     14    -68     -1 
    28   -152     88     44     10     16     36     12     23      6     48   -133    -61     10     59    -81 
    35     19     50    -28     29     15     13    -21    -45    105     20    -59      8    -11      5     38 
   -11      0     54     64    -25     10   -116     10     27    -23    -76      4     16     34     -5    -24 
   -34    -10     28   -113   -107    -32    -15     34    -42    -13      7    -10     29      2    -39     48 
    -9     12      9    -39     64     72      7     40     22     -1      6    -58    -85    -33    -29     11 
  -111     14     25      8     13     10    -20     -1    -19    -21    -58    -71     47    -42      9      6 
   -57      9     20    -81     10     31      3    -15     -3      4    -93    -26      2      1      4     10 
   -67    -52     18     -1    -26     16     12    -48      1     -5     19     62    -67     32    -47    -76 
    15    -31     -2     28      3     15    -74     47     33     40    -19    -13     16     28    -15    -14 
   -93     40   -111    -59     -6    -22      7    -48     -9     -4    -16     28    -22    114     15    -37 
   -63    -96     33    -20     53     15     17    -67    -47    -64     11    -30     63     28     19    -57 
    28     10   -138     42     15    -12    -34    -43     49    -91     82     14    -23    -55   -112      5 
   -13     33   -119    -98   -103     28     49     -5     21    -23    -12    -28      4     38     -1     -9 
   -34    -24    -64     24     19    -22    -74    -28    -42    106    -18     50     -4    -96    -13     20 
    38   -109     10     18     48      0     28   -168    -11    -57    -29    -59     27    -87    -19    -12 
  -123     10    -33    -39    -36    -22   -142    -13    -45    -23     -8    -32      6     -3    -19   -116 
    -2   -149     15     30     -6    -48    -93      4    -28     28    -36    -24     40     53   -102     -6 
    20    -36    -16     71     12    -50     -2    -15     22    -10    -64   -116    -12    -91    -28     11 
    25    -22    -44    -42     30      1    -28     26    -86    -12     40    -38    -63      5     -8   -146 
   -59     19     20     38    -20    -31    -20     19      0     -7    -13    -28    -84     -9     29     31 
    24    -25    -13     16      2      3     43    -17    -34     13     21      6    -40     17    -22     33 
    35     48    -40     14     -5     -6     22     25     -6     27     -3    -14     38     16     26      5 
   -12   -114      0    -14    -91     41    -66    -59     40      2    -15    -33     22     -8      6      5 
   -66    -96     43    -14     24    -40      9     54    -50    -37    -24     12     44      3     30     14 
   -17    -20     42     -8     -6    -20     42     58     26    -50    -12    -30    -28    -33    -25     12 
   -14     -4     37     16    -86     13     33    -29     -3     17     52    -74     26    -15      2   -139 
    -6    -54     24      4     29     11    -25     40    -35    -13     49      8     23    -24     33    -66 
   -33     11      9    -19    -42    -52    -12      3    -42    -46     10     19    -61      9      3     34 
    61    -36     -1     38     54    -23    -17    -11     -5     -3    -10     30    -77    -11    -48    -26 
   -26      7     43    -31     17     38     22     -2     -9    -23      8    -69     -4    -88     50      3 
   -49      4    -57   -145    -21    -72     14    -20    -20    -25     34    -28     21     42    -30    -33 
    13     -1     23     12    -10     -4     20    -34     12     37     -2    -93     20      7    -83     61 
    14   -115    -42    -48     36     -6    -27     48     21     -6      0     11    -18    -21      9      1 
     2      7      1    -36    -22    -22    -35     -1    -81    -40     -4     11      0    -20    -13     38 
    25    -13     26     36     52      7    -10    -27     20     12    -75    -10    -23     28     16    -29 
   -47      9      7    -76   -214    -31     -3   -114    -12    -11      5      1     25     12    -25      6 
   -22     32     27     12    -10     59    -34   -143    -21     26    -23    -38    -14    -60    -38    -18 
   -81      1      9     24     35    -14    -66     34    -35     10    -88     18    -17     12     53     -7 
  -137    -27     12     41     11     39      7     14      3      0    -20    -13    -35     -9     43    -10 
    14    -24     29    -71      2    -13     25     28    -30     29     20    -30     -8     23    -60    -71 
    -5   -133    -22      1     23      2    -53     -8     69    -13    -44    -41     78    -18     19     -5 
   -31     37    -54    -82     -4    -40     18     -5    -36      2     -3     34    -17    -11     23   -125 
   -43   -125     22    -43    -41     38    -31    -59    -30     26    -43    -15    -70     -1     39    -21 
    17      8     -5      1     35     12    -34    -59     40    -20     20     -6    -34     26     -6    -34 
   -17     43    -73    -78    -26     47    -14     -5     -8     -2    -90    -30     28     23     19      7 
     8    -40     12    -27     -3    -62     19     18   -169    103      5     -3   -104     34    -30      6 
    34    -29     12     -1    -46    -35    -67    -70     17      9     26    -65     37    -54     42    -23 
   -95   -117     -4     50    -21    -16    -35     43    -15    -21     -1    -12    -10     16     47    -37 
   -13     40     -2     45     16     15     23     -2     37     27      2     41     -9    -17    -72    -16 
    37     72     16    -10     11    -82    -50      0     17    -39     15    -63    -60     -7     12     -3 
    -8     27      9     31     33     -5    -39    -23    -60    -23     25    -53     -8     30      6     60 
    -7    -40     -8     -8     20    -14    -72     54    -13    -30      0     52    -29    -20     41     17 
   -18    -37     -8    -15      0     -5     17    -19    -10     -7    -44     20     58     27     -7     13 
  -137     -5    -23      3    -21    -35      9     18      6    -13    -85      4     -6    -26     16      3 
    45   -129      8      8     28    -51     -6    -12    -43     28    -30     32     19    -42     20     -7 
   -52     43    -45      3    -10     53    -44     35      2    -31    -61    -54     -1    -27     -4     63 
   -20    -51    -28      5    -33    -34     38    -30     -1    -39     41    -18      6    -21     -5    -98 
     2     19      6     50    -73     -5    -15    -13    -14     -7     27   -105     -8    -80    -24    -17 
   -14   -105   -125     -7    -11     22     13     46    -23      2     28     22     13    -27      1    -86 
   -11     10     52    -61     -4     -1    -25    -34     -6    -41     33    -23   -108     31    -11     29 
   -51    -51     -1    -17      3    -42    -52      5     -5    -30    -31    -14     22    -25    -25    -92 
   -25      0    -19     20      0    -41     47     13    -40      1     41     30    -16     63    -87    -16 
   -18     24    -25    -27     14    -25    -36    -76     32    -29      9      5    -36     67    -15     11 
    -6   -125      4    -23    -16     11     30     13     -3    -22      7     10     16    -10     -2    -98 
    17    -41    -51     -2     24    -18      6     -3    -27    -12     19   -105    -23     15      0    -49 
    36     10    -12     17     17     38     20      1     10    -16     -2     -4     13      1      0     68 
    49      3    -27     -7      7    -27    -25    -56     -8     22    -19      5     -1    -10     -7      7 
   -33    -32     34    -76    -20     51    -18     10     25    -28    -42     41     15     17    -14      6 
   -25    -24     15     32    -14    -18     -9    -57    -10    -19    -25    -46    -26     15      6    -53 
   -16    -19     25    -26     10    -20    -28     26    -65    -34   -114    -38     -5    -27     11    -47 
    18    -45      3    -72     28    -17    -15   -109     20     34    -17    -30    -13    -48     23      3 
   -13     15    -13      0     10      7     64     12     24     21     17      4    -17     64    -62    -33 
   -61    -33      0    -37     27    -57     12    -17    -40    -31     42     -2     14    -41     21     27 
   -18    -15    -18     48    -19    -19     15    -15    -37     47    -74    -21     27    -44     -6    -74 
   -43    -20    -41     10    -34     18      6     55     -9   -140    -15     -1   -111     22    -13    -41 
    10    -33   -103     48    -27    -16      8     50     -2     31     -3     30     43   -126     26    -45 
   -11     41   -130    -31     80     -5     15     12     -2    -25     37     15    -19    -21     18    -15 
     3    -21    -11     -4     10     56     29     10   -103    -18     13      4    -11   -116    -75     42 
     4     14    -19      2   -104      1     -5   -143    -52     60     29    -19     -2   -159     30    -33 
   -26    -73    -16    -59    -15     -3    -43     11    -10     10    -37    -26    -36    -42    -16   -143 
   -11     34     41     55     20    -28    -18    -46    -43    -27     -7    -13      3    -26    -26    -24 
    23     27    -30      8    -11     24    -62     55    -33     13      1     -5   -128    -49      9    -13 
   -47    -32    -98     -4    -16    -59    -31    -14    -52     26     13     12    -25     40     31    -10 
     0     -5    -13      4     37    -57   -133    -41    -46     26     -1     19    -56     18    -16     33 
    22     -1     43    -38     22      0     33     -4      1     43    -39     37    -26    -20    -97   -120 
    13     -3    -41    -21    -14     24    -13      9    -27      4    136    -43     -1    -12     -8     15 
    12    -28    -22     28     47    -90      1    -62    -14     28    -72     -7     29      2     -8     -1 
     0    -57     16    -29    -46    -22    -52     57    -45      6    -74     20     45     -7     11     74 
     2     -2     21     39     44    -43      9    -21     84    -45      5    -20    -41    -59     49    -23 
    26    -47    -65    -30   -155    -29     18      5     13     -9     62    -18     16    -93     -8   -144 
   -22    -51     37     -5     39      8    -99     18    -22     27    -48    -12     13     80     42    -25 
    -7     14     27   -143      2     22    -54     18    -80    -34    -14     49    -13    -15     -2     26 
    48    -52    -23     22     55      2    -13    -22    -60     -6    -35     28    -20    -23     25    -28 
   -21      5      1      4     12    -12     40     17    -33    -34     -2     70    -30    -51    -98     -4 
   -63     15     35   -117   -100    -47    -39    -46    -32     17      5    -27    -30    -59     28    -53 
    11     50      3    -46    -18      7     -5    -39    -67    -61    -19    -93      8     11    -62    -45 
     1    -75    -40      1    -21      7     -1     30     41     27     53     28    -94    -20     -9     28 
    -6     43     41     -9    -74    -31    -52    -15    -90    -58     15    -48      7      9    -66     -5 
   -10    -36    -24     37     22    -21    -98     12     28    -29   -143    -30      1      2    -56     20 
   -64    -49     27     14     17    -33     78    -49     23    -16    -15     11     -3     21    -88      9 
   -15      0      4     14    -16     -1     17   -116     13    -25    -61    -74      7    -65     19    -13 
  -124     21     38    -30     39     12    -74      4     39    -77    -66      0      0    -38     -8    -87 
  -112     -1    -26     20     82     -1     25     -5    -13     32     -9    -15    -52    -56     29     20 
   -18     11     30    -25     15     -9     39    -27    -15     40      9      2    -35      2    -13    -78 
   -54     -2    -59     27     25    -41     14    -61     37     26    -83     12      0     18    -19    -49 
    45     27   -102    -46    -31     21     41    -11    -25     12     65    -50    -26    -23     13      1 
   -16     78    -68    -87    -37      2    -40     24    -40    -94    -28     -6      0     36      9    -27 
   -42    -12   -115     11     46    -24    -42      5    -74    -78    -31     51    -51     30    -13    -66 
   -18     15   -114    -70    -89     15    -38      4    -23     17     47    -29     49     -7    -33     29 
    45     22    -14     -6     46      7    -76     29     -6     12    -16     20     12   -175    -50     43 
   -22    -17     42    -16    -30     10     -2   -183      8     19     18    -14    -23    -30     38     21 
    -6    -39    -36   -128     27     -9    -27     25     -9      2     53    -58    -38     42     23    -19 
   -38     20     73     16    -44     -7    -64     10    -39    -21     16     49    -33     -5    -74     31 
    28     74    -38     -1     20    -48     31    -32     39    -25     11     98    -13    -78     -3      3 
   -37    -30     21      3      3    -70    -70    -81     -4    -16     20     28    -26     26    -13    -18 
    55     35     42     60     33     35     45     -2     47    -14     -7     11    -20    -25     -8     36 
   -26     40      8    -66    -56     -4     30     24      4     60    -13     82    -41    -18    -37    -18 
    27    -53    -24    -92    -31    -27      7     21    -14    -64    -27     47    -51     -9    -37     21 
   -54   -140      5    -46   -103    -61     37    -70     31    -91    -49    -58     22     -1     37     23 
   -67    -94    -41     42     29     60     -8     11    -81    -29    -47    -12     28    -56     -1    -17 
   -31    -38    -40     94    -56    -97     30     21    -14      3     16    -55     -8    -48     53   -112 
   -24      1   -168    -16   -113      5     36    -22    -45      3     25     11      9    -14     18     77 
    10    -34     57     24     78     14   -141    -51    -20     13    -33     -3     52     41     22    -49 
   -59      8     25   -160      3    -67     -9     -6     35   -100     20      7    -28     65     27     32 
   -51    -41    -10      8     34    -34     21     32    -56    -27    -42    -24    -36     20    -20    -62 
     2      4     -6     62     12    -43      2      7    -87     -3     42      9     12    -37     11    -33 
     5     -9    -38     63    -23     36     37     -6     11    -46    -25    -39     -9     15    -42    -84 
    17    -37    -21      7     57     10    -15     25    -11    -27     30    -57      5     -2    -50     32 
    17    100     18     11     67    -17     20    -29      4     28     35   -160    -43      1     50      3 
    11     11     -1     29     48    -14    -36    -25    -15     12     38    -18      2     13      5     72 
   -11    -10     14     42     10     18    -34    -17    -26      4     31     31    -42     11     -3    -19 
   -18     44     14     34    -35      3     38      9    -58      0    -36     32     27     -7     14     12 
   -22      8     49    -13    -39      6     11    -53    -44     21     13    -57    -28     -9    -31    -13 
   -65     33     34     39     50    -22    -79      5    -27     -3   -123     -4     17     57    -32    -88 
  -103     41     15   -105    -56     31     31   -119    -37    -21    -18     -3    -66     15     17      3 
    45     39     15     34     -3     68     44     -7      4     12     18     -2     19     35     72     10 
    11    -40     26    -11     20     -3     69     43     53      5     -3     56     36     30    -25    -63 
   -90      2    -37   -150    -21     95     39     11      4     -1    -41      0     -6    -13      9    -40 
   -52    -64   -112   -151    -39    -14    -46     25      7   -193      4     28     69    -11      4    -20 
    -5     10    -41     12    -15    -23     13     83     11    -71      7    -55     19      4     -1    -41 
  -106      0    -27    -38      1     36     -7    -32     15    -32     25    -45    -61      7      8    -34 
    14     17    -76    -12    -27      6     14      5    -22      1    -41     33    -31    -14    -61      7 
    -2    -83    -23     14     -2    -47    -71   -166     35     16    -59   -106     18    -84     19    -38 
    11    -64     48    -86      0      8      9    -32     10     26     13    -67     10     30     17    -46 
    48    -73     16     60      4    -13     51    -48    -11     -1    -11    -67      3    -72    -38     42 
     5    -27    -43     37     53     11     21    -59    -59     -8     -6     68      4     83    -30     -3 
   -38     38    -84    -35    -62    -67    -15     -1    -25     30    -21     -3     31    -13      7     17 
    29     -3     27     20    -17    -24   -159    -71    -41     -5     -1    -14   -100    -71     23      8 
    24    -31    -14    -53    -15     31      9    -15     -5     20    -10     12    -13    -48   -107    -44 
   -14      0     44     14      5     10      7     29     24     29    -41      1    -22    -23     14      0 
     4      0      4    -19    -52    -17      4    -49     -6    -53    -55    -14     53    -36     14    -21 
  -102    -81      5    -26      4    -48     14     15    -67     -7      2    -56     12    -21     14     62 
    -9     12     27     29    -35    -19     26     50     55     58     -2    -18    -30    -61      7    -14 
    25      0     45     23    -24     14     39      2    -27    -11      1    -49     24    -16      3    -27 
    11    -34    -28    -18     34     17    -91    -12     -7    -17     32     25     13     -1     57      2 
   -18    -64    -34    -18     15    -43    -24    -62   -106    -23     16     28     -6     23      2     19 
   -49    -22    -30    -46      8    -71      0    -32    -38     -8    -30    -16    -18      0    -13    -37 
   -43      3    -20     13     24    -86      0    -33    -48    -65     13     28     15     49    -11    -17 
   -15     14     51   -114   -114    -19      6    -29    -56    -90    -44    -29    -78    -77    -16   -114 
   -11    -76     26    -63    -28    -15     37    -18    -51   -121    -10    -53    -15     44    -27    101 
    13    -98    -27    -33    -29     47    -18    -28    -23     59     41   -107    -97     -2     -9    -88 
    40     35     56     13     -3     13    -23    -19    -54    -48      6      9     44    -29    -29    -14 
   -24    -62     55     20     45    -24      0     -5      0    -18    -27    -15    -34     19     13     19 
   -64     -7      6   -115    -99    -47      3    -83    -64    -21    -24     -9     34    -12    -88     40 
   -14     30     19    -37     45   -130     31    -87     16    -13    -67   -137    -11      4     -5    -44 
  -101      3     -2      4     47     -6     11     14     12     26     21     -9     -7     80    -18    -25 
    -1    -11     14     61      7     33     39    -36    -26     10    -55    -10      7    -34     -3     22 
   -10     50    -47    -99     27    -13     57      3     -5     22     -2      6    -79    -47     25     -2 
    49   -120     21      6    -10     -5   -116    -38      1    -19    -21    -32     18     39    -17    -27 
   -42     60    -99   -117      2     11    -60    -23     38     30     15      5     -2     29      6      6 
   -37   -113     30    -54      2     36    -20    -49    -18   -145    -18    -39   -136     17      2    -70 
    19      5   -133     49    -27     45     24     -2      2    -19    -38    -44    -72      1   -113   -103 
     7      9     33    -74   -134    -52    -31     43      2    -17     36    -16    -35     12    -11      2 
   -35     21     56     29     11    -48    -45      8    -31     74    -60      4    -36   -109     -7    -31 
   -20    -33    -17      3     36     21     15   -186    -24    -52    -68    -25     -9      5     -1    -18 
    10      4    -10   -119    -75     -9     25    -13     15     34    -25     25    -19   -169     18     17 
    16    -32     17      1    -11    -24     19      0    -60     32     38     17    -44    -11    -37     52 
     4     -9    -12     41     13     52    -61     39    -21    -27     22    -74    -42    -83    -30     -6 
    13     -9   -135     13    -52    -74     16    -25     22    -35    -66     13    -16     41    -12     12 
    39     50    -17     32     22    -17   -133     62     16      0    -25    -27    -62    -26      2     -9 
   -24     22     37    -26     12     -3     -2     16      4     39    -15    -42    -30      3   -115     12 
    24     17    -22    -13    -25     33     32     20      1     15    -44     14    -25     29     31      5 
   -22      4     10     -7      3    -11      9     -9      2     16     40     29     50     58    -33    -40 
   -77   -107    -13     20    -95     17     -8     12    -45    -42    -14     -9      0    -57     40     12 
    10     33     -5   -109     37    -69      2    -27      0    -10     -7     -7    -25     46    -21     24 
   -11    -54   -141    -27    -96     -7     48      0    -49    -33     18    -56     21     12      9    -39 
   -32    -12     44    -16      7     36   -163     15     -8     -8    -40      4      0     10     28    -17 
    42    -29      8      0    -26    -96     -3     56    -72    -19     -9     13     10      8     38     29 
   -73    -19      5      8     -8     65    -12    -33    -50     18    -64     -1     10    -30     37    -11 
   -52     56     31     32     -6     87     54     17    -32      7      7    -85     -4    -41    -49    -27 
   -10     26    -22    -95    -75     23     -3    -11    -48     -1      3      3    -53      2    -14    -29 
     2   -173     -9    -29    -29     32    -37     16     84   -159     13    -37    -23    -14     -1   -136 
    58    -14    -47    -22      8     37     16    -38     36    -21     -7    -44    -31     11     20    -52 
    30     25      0      7    -70    -16      7     -9    -13    -71     24     -7     12     50    -21    -14 
    14    -13     16     40      5     10    -14     43     -7    -14    -99    -47    -37     29    -10      6 
   -67    -32     -3    -71   -193     69    -36    -95     39     49    -47      3    -15     32     -1     30 
    13      8     -8     -5     17     30     29    -52      3     52     14    -85      1    -23     38     10 
  -165    -15      4      2    -13    -41    -20    -15     11    -47    -75    -54     33     34    -62    -14 
   -14      1     16    -84    -27     -3      9      6     57      6     45     -9    -14    -40     -6      6 
    -5     21     14    -36     21    -10     50    -17      2     19    -21     24    -75    -34     -6     11 
   -30   -168    -15     20      0    -64     41     64    -31     -7    -60    -36     -7     14      9     18 
   -67    -21    -68   -144    -24    -23     -2    -62    -17     37    -17     46     11    -31     39    -50 
    24    -74    -60     -8     33    -48    -12      1    -30     71     -7    -37    -87     20     13     -1 
   -50     -4     64     46     72    -29      4     47      5    -41    -22     43    -42    -46     43    -42 
     1      8     39    -94    -78     37    -11     53      6     19     -4    -16    -21     17      5     59 
   -42      7      4    -71     36    -20    -60     15     19    -11     64     21    -58   -133    -12    -10 
   -63     -4    -36     10     -1    -19     53   -161     -5     49    -14    -38    -21    -12    -16      5 
  -137    -53     19      8    -20    -43     29     10    -15    -24      3     -4    -30    -18      1    -46 
   -23   -117      6     68     20      9    -11    -16    -83    -10     47     -4      5      7    -31     -2 
    -8    -23     12     -6     -4   -118    -16    -10     34      9     24    -97    -88    -73     11     36 
   -35    -26     26      2    -24     -7    -35    -12     13     30     -1    -30    -34     61     -7   -100 
   -13    -18    -29     36    -16      1    -80   -159    -79    -24    -27    -11    -31     -1     32      2 
    10    -61    -16     47     -2    -38      3    -31     -8     -1      0     18    -55    -26     26    -24 
   -80     -1    -55     26    -31     13      9     23     16     33     -2     13     -6    -20      7     -4 
  -131    -87    -15      8    -19     -2     -8     22     29     45     14      5      3    -69    -58    -15 
   -25     26     46     15    -16     18    -23     34     27      1    -91      8     -3      4     -8      5 
   -28     14    -22    -23    -28     27     20     33     -3     -7     32     -9    -48    -20    -10    -93 
    18     21      0    -18     17      6     28     13    -42      9     30     38     -9    -37    -12     36 
     4    -39    -81    -11     -2    -13    -33     18    -30     37      0     10     11     18     32     -4 
   -41    -24     52      7    -13     24    -45    -92    -89    -28     -9     30    -69    -47     11      2 
   -43     -2     19    -14    -13     -4    -37    -42      4      7    -15      4    -33    -33    -13    -17 
    18     17    -42    -13      3     -7     38     41    -29   -100     29    -32     33    -79    -35     16 
   -33    -41      3     41     43     44     -3     40    -21     65     40    -37     20    -38    -17    -84 
     0   -117     -7     -7    -51     18     26     32    -60    -24     49    -97     35     25    -19   -145 
     7     50     20     15      6     -7     74    -14    -42     -1     29    -29    -19     11     12    -62 
     6     -5     13      4     -1     23    -14     13    -10    -11     34      0    -20     32     23    -12 
   -34      6     -2      7    -18     14    -59    -29    -35    -15      5     -6     -4     13     15    -33 
   -15     40     27    -41    -65     -7     34      0    -51     25     58     28     11     -7     12      1 
   -42     28    -17      1     12     61     12     19    -11     51    -21    -59     29     53     -8    -18 
     2     -4    -14     26    -18     14     10     -2     -2    -17   -100      3    -25    -55    -21      8 
     4      5    -10    -52     37      4     41    -77     30      8    -28    -28    -30    -25     27     40 
   -47    -44    -29     -5    -13    -35    -12     -5     16     18     -1     19    -22      3     35    -24 
   -83    -31     40     13      6     18    -31      5     -8      6     42     31    -11    -10     -9     -5 
    32     29     -4    -26    -27     66     15    -32    -15     21     11    -53      2    -49     -6    -64 
   -52     -7    -82     -4     22     15    -11   -123      4   -128     32    -10     -9     36     46    -54 
    50      1    -29      9    -27      5     41    -24      9    -41     37     42     24    -87   -131     -4 
   -28    -18    -45      2    -48     36    -35     -4    -29     27     18     20     -7    -32    -39    -22 
   -17     -1    -51    -16     27    -40     -7     -7   -152     22    -11     -2    -19    -25      3     22 
   -37     34     15      5     11      5    -35    -12     23    -58      2    -20    -49    -40     23     29 
    13     10    -27      4    -60      8    -14     -1     11    -19    -11      7    -30     -6     22   -139 
    18    -86     24     -6     -2     30     36      0     29     26     72    -36      8      2    -62      3 
    -4    -39     22     -4     29    -25    -62    -55    -10    -24     30     -4    -27     31     19      9 
     8    -16   -117    -46     60    -28    -10     17    -27     -4   -101     38     -4      7    -42     13 
   -33    -24     73     21     24     18    -90   -145    -12     43    -21     35    -95     16    -78      5 
    40     22      4    -12    -12     25    -13     26   -130     -6    -11    -15    -54     16     -5   -126 
    26    -14     22    -42      2    -16     -9     29      9    -30    -48    -11    -58     23     24     -6 
   -92    -78     15     -5    -92     73     11     -3     15    -27    -76     -2     43    -37      7    -41 
   -30     12     10     27    -47    -34    -17     30      1    -21    -11     18     38     24    -22     25 
    -1     41    -32   -167    -33    -36      8     -7     61     -4     15     25     -4     -6     -6   -112 
    24      3   -126    -11    -96     33     46     34     -4    -15     28     -9     -6    -27     15   -193 
   -15   -102    -21    -22     49     26     -2      9    -12     -5    -49     23      2    -28     44     -5 
   -20    -21    -19    -52     48     40    -55    -17     25    -83      2      9    -11    -16    -16     11 
   -24     -7      1     22     26    -20    -46    -10     14      2     50     -7     -4    -26    -43    -69 
   -25     24    -17    -30    -16    -35     31    -19    -33    -61     69    -12    -12     48    -15    -36 
    18     14    -40    -79      4    -24     42     35      6     16     12     -9    -31     24     -1     17 
   -45    -16      3     16    -35     -2     11    -12     42      7     19    -65     28     16    -29     20 
     2    -21    -23    -11     74    -10    -17     21    -28      4     25     -5   -113    -22    -37     15 
    32     -6     23     48   -112    -50    -68    -14    -25    -22    -11     12    -42     62    -55     24 
   -40    -48     23    -36     35    -14     -9   -102      9     35     -1     24     31     -9      1    -10 
   -37    -21     23    -68    -48      5    -16   -141     -6     -1    -15    -35     28     22    -48     25 
    -4      4     14    -42     -5     27     27     20      6    -24      2   -137    -50    -19    -17      6 
     9     11      5      7     -8     16    -26     29    -99     17     -2    -10    -31     19    -32    -20 
   -76    -24    -28     -6    -10     18     47     -7      3     12    -42     21     10    -52     32     12 
   -28    -38      4    -54    -22    -44     46     -9     -6     37      3    -48      3     46   -109    -45 
   -94    -86    -23     27    -19     -4   -113     36     -2     62     87    -66     20     -8     18     -5 
    55     23     18    -98    -27      5      2    -96      3      6    -22    -59     -4     53     52    -20 
    -1     41    -50    -73      8    -13    -61     28     34     68     24     -8     14     42      7    -18 
    -2      7      0     10     -1     14     14     84     27     -3     17     79      9    -16      1    -48 
   -24     13     -3      4     10     -1     27     25     27     51    -13     21      2    -19     25     42 
   -21     26    -10    -38     -1     40     28    -30    -22     71     21      1    -75     -7    -44    -21 
    27     -8     35     31    -42     -3     80     21      1     39    -26    -39     25     -6     25      2 
   -20     72    -23    -32    -36     16      5     17      9     21     34    -37     -5    -34    -29   -137 
     6    -10      6    -20      0     12     52    -37     41    -12    -14    -23     -3    -49    -15     -6 
    18    -11    -44      4    -26   -111    -97    -55     10     -8    -19    -50    -61    -30     41    -10 
    11     13    -21      3    -12      8     11    -13    -19     -3     15    -21    -93     28      7   -131 
   -32     12     31     43     47    -39    -96     16      1     -7      3     17    -25    -55    -54     18 
    -9      3     -8     29      8     16     33    -18      0     -9      0      7    -67    -57    -18     -8 
   -74    -18    -49    -22    -11     34     -3    -15    -17    -18    -11      6     -5      7     11      3 
   -66    -10     -5    -21     31      0    -20    -79    -32     12     -9     14      7      4    -19      8 
    -7    -80     33     13    -24     13     -8     23     -6    -18    -82     12     39     -8     -9     14 
   -17     16     -4    -99    -15    -24     39    -32     34     -3     15    -31    -36    -43    -32   -102 
    -8    -21     17    -13     25    -17      0    -58    -31      5     36    -89     26    -12    -30    -50 
   -18    -49   -134    -25      5      0    -16     17     -9    -14     20    -24    -23      3     18     22 
   -42    -18     17    -16    -29     15    -11    -25    -31      6      0     12   -130    -50     -7     47 
   -80    -67     -1    -21      7     52    -17     11     -9    -48    -47    -31    -51    -51     25     12 
    15     15    -73    -16     63     17     40     29    -40     -5     48    -24    -35    -19    -91     -3 
    12     -4    -20    -57     11    -46     -7    -13     -4    -81     31     11      9    -38     22      5 
   -14     16     31    -16      4     -3    -41    -48    -77   -111     34    -37     21     11     23    -63 
   -18     19     -6    -79    -11      1    -61     29    -22     -1     34   -125    -20    -10      8   -141 
     3      6     -1      7    -11     36     27    -19     -5    -29    -21     -5    -34      8    -19     -8 
     6    -21      9     34     11    -24    -13    -56     -9     49    -53    -41    -11     35     -5    -38 
    -6    -37      6    -44      3    -55    -17     16    -14     -7    -55     17     12    -19    -31     21 
    -7     -7     -1    -17     38    -44     15    -77    -30    -61     -6      0      3    -30    -30    -25 
   -57     18     46     -5    -21     -3    -16     25    -49      2    -85     16     21    -28     32    -21 
   -95    -22      0    -42    -60     24     13     -9     27     -4    -34      2      6     -4      8     19 
    24    -15    -67    -11      4     -8     23    -26    -10     11    -34      1    -31     -5    -83     22 
    33     12      9      5    -20      3     -1      8     10    -26    -33    -25      0    -13    -51    -31 
    14     43    -28    -34      3     49    -10     20    -27     12    -20    -22     14     12    -11     34 
   -64    -14      3   -140    -63    -28    -16    -42    -10     41    -15    -15   -128     19      1    -30 
    21     -5     31      8     -6    -31    -11     27    -48      9    -89     -2    -49   -113    -90    -39 
     8     19    -49    -98   -114      9    -25     -1     -4     18    -70    -15    -36      3     16     -8 
    15     13    -39    -70     37     73    -34    -46   -114     32    -12     42    -23   -138    -14     29 
   -38     -4     15     61    -65    -10     12     -5     12    -40    -95    -39    -39    -36      4    -17 
    -5    -16    -33     10    -18    -13     30     15    -28      9      8    -89     60    -74    -15   -140 
    16    -85     43     -1    -54     -5    -58     -3    -17     22    -45      8     20    -47     14    -40 
    31    -30     -9     54     28     -1     -2    -20     24     17     17    -44     -1    -81     -5    -29 
     8     19     37     16   -101    -29    -17    -21     33    -22   -103    -61      4     36     18     14 
     4     36      0      6    -47    -17    -78   -175    -20    -37    -14    -41    -15   -128    -35     36 
   -19    -27    -20    -19     30     -7     35     43    -57    -26    -12     -6    -24      1    -53     70 
   -13    -48    -46      8     13    -11     53     26    -57     50     74      1    -81    -17     28     26 
  -132     19      2     55   -102    -18     -4     13      8    -14    -87     66     21      1    -19    -17 
   -92     14    -45    -34    -51    -28    -53     16    -22     36    -19    -21     60     15    -70     15 
    -5     -3     33    -62    -12    -34     28    -36      8     33    -14      9     -5    -13     57     27 
     5      4     88    -26    -56     -9    -14    -20     10    -23    -47     14     -3    -23    -28   -118 
   -16   -120    -91     23    -14     38    -10     23     11    -18     -3    -13     16     68      1      6 
   -21      3    -32   -152    -23    -86     -5     62    -22   -166     31     59      3    -40     -2     15 
    -3    -53    -40      7     23     16      9      7     35     38    -66     44     10    -11    -49    -89 
     6     29    -52     12     44    -13     23     29      3     -5     -4   -114    -18     36     29      6 
   -92    -13     60     59    -22    -27     13     29    -44     -6      9    -56    -22     37     32    -12 
    76     -7      9    -49     51      2     -5    -17     -4      8    -24    -39    -51     29     -8    -63 
    19   -126     -5    -21    -22     45     17     -5    -10    -55     28      8    -60     -7     -6    -25 
    25     56     47      6    -93    -52    101    -30     16     10     -3     32      8    -96    -26     25 
   -35     22     47     38    -19      1      6    -50      1    -10     24    -64    -41     43     29    -58 
    65    -11    -20    -59    -71    -31     -9   -100    -13      0      5    -38     18      2     -3     33 
    25      7     56     20      9    -90     20     -7    -38    -23     34    -73    -22     58     23    -21 
    18    -55      3     28    -19     40     -6      1    -88    -25    -55    -24     30     17    -21    -13 
   -42    -13     30    -62    -32    -14    -39    -22     -9      9     31    -37      3      9     38     -4 
   -62     -7     -9    -85     -9     55     47     -7     22     25    -24      7    -45    -47    -91     -7 
   -66    -87     -2      3      7     -3    -23     42    -51     28    -60     23    -22    -58    -30     11 
   -60      2    -33    -13    -54     34    -14      0    -32     24      9    -20     -7    -26     28    -15 
    24     21    -22   -107      9     15    -10    -49     -6    -69    -40    -13    -28     -4     40     -7 
     2    -15     -9     40     70     23    -63    -94    -21    -46    -15    -10    -30     17    -26     33 
   -13     33    -17    -48     -9     55    -87    -11     43    -31     -6    -51    -36     -3      3    -30 
    15    -15    -35    -49      2     25      0     41      5     57     39     47    -85    -55    -22     -8 
   -31    -24    -52      8     14      1    -35    -52     16    -46    -32    -15      2    -28     12    -19 
  -101    -83    -41    -21    -29      0    -14     17    -43     34     12     26    -16     -1     33    -30 
   -19     41     44      3      3     82    -31     -8    -38    -25    -47      6     19     -4    -45     33 
    22    -64    -19     14     13    -62    -62     16     32      2    -19   -108    -14    -14     10     14 
    12    -28     -1      7     17     14      0    -26    -50    -10     13    -18    -95     44    -10    -98 
   -49     17     12    -10      8     28    -43    -53    -73     10     22      7     14    -41    -75    -16 
    36    -24      1    -17     -2    -12      5      7    -42    -23    -22     -6    -88     31     -2    -40 
   -81    -16    -52    -19     36     -5    -25     38     13      7     -1     -9    -38    -41    -10    -26 
  -133    -80      2      2    -51     -4     59    -40    -11     -8     -4     39     28     35    -10      5 
   -23    -59    -33    -24     14     25     -3     23    -15      5    -91      3     27     -1    -14     11 
     2    -17    -13    -29    -15    -79    -16    -30     24     -7     26     34    -23    -23     -2    -90 
     9    -28     -7     13    -66     12    -35     34     82     -4     48    -91      4    -98     11     -4 
    28      4   -120     12     28     17     20    -15    -16    -39      1     11    -25    -28      4    -20 
   -18      5    -20     10     23     50    -14     84    -71     16     17     -9   -125     55     -7     11 
   -14    -38      4    -14     14     55    -36    -15     27    -34     21      0     -5     -3    -13    -30 
    20     -6    -26     30     -2    -22     47     32    -41     -1      3    -72      2    -62    -37    -18 
   -22      2      5     -5    -16      5     15    -22    -12    -61     35    -77     13    -47     50    -69 
     9    -69     27     -3    -45     -5     -8      6    -44    -14     11    -53     17      9      3   -123 
   -26    -62    -30    -48     53    -18    -45     19    -17    -14     -7    -40     29    -10      6    -46 
    15      5     16    -14    -56     26    -10      9     13     22     11    -56     13     16    -24    -20 
   -31      6    -15     12     11    -27     19    -63      4     -5      4     74    -11    -14     -9      9 
    24    -18     38    -76     -5      6    -32    -16     52    -33    -30     25     33      1     -9      8 
   -21      3     25    -16     34      2      3    -14      6      7      1    -19      3    -11    -15    -51 
   -13     34     -3     36     12     14    -18      1    -25    -23     -8     -4     -5     37    -20    -33 
  -103     46    -21    -15     -6     23     20     38    -28     -7     -4    -14     24     31     13    -14 
   -19     33      0    -16    -23     -5    -10     35    -18     23     35    -40     -7     10    -85      8 
   -42     -6    -38    -15     20     -3     -4     -8      1    -18    -35    -28     -4    -40     10    -36 
   -42     33    -11    -16      5     -5     -8     -5      9     -9      9     22    -26    -13      1   -107 
     7    -42    -99     -9     -2    -26      2    -58     14   -130    -15     13     10    -12     48     -1 
   -28     -4     22      3    -16    -26     16    -27    -48     47    -25     26     -8   -106   -120      5 
    21     11   -106    -18    -64     41    -51     18    -14     27    -71    -17     38     -9      0     17 
    22    -14     22    -26     26    -18    -37     24   -151     17     12     -1    -42    -38     41     -8 
    -4     -9    -30    -31    -48     -8    -41      0     12     -7    -54    -77    -19    -49    -18     -8 
   -37    -36    -78      2    -28     -3     17    -18     -4    -12    -20     37     35     -6      3   -106 
   -23    -51     42     43    -27    -18    -49     -8    -39     -8     35    -29    -37    -15    -10    -23 
    30     11    -16     30      3   -116   -111    -73    -12     13     12    -59    -74     41    -36     -3 
    -2      6      9    -21     -2     17     17     -7     11     15     -4    -11    -98     34     11    -90 
   -59     14     19     21    -12     -9    -37      0     -7    -31    -11     23    -18     13     23     15 
   -18    -35      8    -60     21    -27     26    -73    -30     77    -13      8    -67    -44     -3    -32 
   -87      4      7      4    -20     -3     -4     30    -28     22     88      5     22      7     30     -3 
   -24      8      1    -30    -34     11      9    -11     17     -1     38    -19     32      4      5     27 
     7    -77      0     -4    -38    -13    -43     -1      4    -29    -39     29     29      7    -33     29 
   -28    -12      9   -137     -8    -69     13     44     21    -27      1    -41    -61    -52    -48    -94 
    28    -47    -88    -16    -50     14     17    -15    -37     13     38    -85     13   -120     11    -31 
    -4    -10   -129     -9      8     -2    -15      8     19     18     29    -28     -6     40     67    -34 
     4     20    -21    -92     16     32      0      0    -34     22     17     23   -110     -8     26     10 
   -12    -41      3      7     -3    -44    -11    -12     29    -43    -65     14      2    -78     12     12 
   -31     42     36    -25     24     13     36    -19    -44     -8     61    -84    -20     29    -55     44 
   -25     31    -46     29     50     25     23    -36     46    -37     51     -8     14    -96      7    -30 
   -71    -91     35    -30     -4     -2     39     -2    -41   -103     32    -36    -42     23    -21    -97 
     9    -33    -51     27     34     -2     -1     14     -1    -22     -7     16     30     -3    -43   -133 
    35     14     15     44     -1    -26     25    -12      3     56     16     -9      5     10    -19     35 
    16    -59     20     26     14     -2     -7     71      6     24    -99     30    -29      6     11      9 
    12     32    -10     -6    -22     30      6    -82    -21     16      2    -41     29      8    -89     -6 
    -9    -10      8    -29     43    -51     17    -39     16     21    -30    -48    -12    -43     -9    -41 
   -84    -37      2    -11     36     27     19     13    -41    -43    -26    -33      5    -43      0     -6 
  -120      1    -30     -9    -23      7      4    -12     -2      9     25    -11    -25    -27     22     49 
   -22     -6    -17      0      1    -42     49    -42     -1     20     47     25   -101     38     26    -35 
    20     -7    -27     14      9     10    -45    -10     37      3     24    -13     -3    -25     -2    -26 
   -17    -22    -35     51      1    -24     68    -34    -17    -13    -35      0    -17     61      7    -79 
   -74    -25    -12   -124    -32    -13    -34     16    -16     -4     13     38   -118     19    -26     19 
    28    -36    -50     35     47    -23     14    -27     48    -53    -62    -27    -23    -92     23     -9 
   -30    -17     -8    -95   -144    -12     -7    -38    -12     14     13      9    -30    -14    -29    -45 
     8     13     12     11    -16    -35    -38    -28   -108     47      8     24    -56     17    -29    -18 
   -49    -27    -49      5    -57    -51     32    -24    -26    -29    -73   -120     49      3    -10     14 
   -85     28    -20    -76    -21     19    -53     15    -25      3     20    -62     -7    -64    -10   -127 
   -11    -84     -9      5     29    -56     18      8    -60     16    -13     20      2    -18   -108     47 
    15      5     -4     23     24     18    -26    -42     27      4    -14    -20    -59     22    -51     -3 
    12    -17      6    -60    -25    -37    -31    -15    -97     31    -75    -10    -97     27     -9   -158 
   -42    -10     46     -3     36     51     10     48    -15     -7    -16     -2    -28    -71    -13     23 
    45    -41     -9    -38     16     12     -9    -40    -36    -12     11      9    -83     36     44     40 
   -45    -18     24    -29     -7      6    -12     22    -11     13     27    -29     14     25     33     29 
     1     16     -8      2   -127     12    -18    -15     17    -10     -7     -4      1    -50      6     29 
     3   -103    -38      0     27    -30      0     43    -97    -13    -40    -21     24     15    -22     18 
   -21    -42     -9    -69    -25     -7     -5      0      3    -51      2     11    -49    -64     22    -91 
    -2    -15   -135    -28   -105    -10     27    -20    -15    -28     49    -39      8    -71    -19     23 
   -13    -19     12    -23     37     -5    -32     36      6    -18     -7     36     -6     14     31      5 
   -18    -35      6      0      0    -83    -14     31    -77    -29      4      4    -33     -5    -16     14 
   -41    -66     -9     38     35    -14      8     -7    -12     -3    -23     17     -7    -15    -62    -10 
     2      9    -45     -5     24    -54     13    -14    -17     35     38     66     35   -111     -6    -26 
   -16     -8    -22    -81     24    -24      2     40    -33    -52    -10     21    -82     44      2      3 
   -31    -95    -10    -56      5     36    -33    -34    -37   -110     27    -54      6    -12    -53    -92 
    10    -89     12    -29     35     -5    -20     23     19      7     27    -36    -36      5     29     -7 
     9     -1     26    -13      9     -3     11     -2    -47      6     54      1    -10     67    -67    -27 
     3    -25     24      8     26    -51    -33    -78     16      9    -63    -29    -39      9    -28    -18 
    -6    -15     12    -87   -215    -10    -12    -24    -53    -35     48    -43     43    -44    -52     -9 
    26     -2     15     -9    -12      2    -19   -176    -44    -14    -26     -7     25    -38     -4    -42 
   -98    -22     52     29     25     15     -9    -10    -71      1    -74     23    -23    -40      6      9 
   -76     -6    -14    -60     67     53     -2     21     27     -6     20    -14    -24    -69      3     -5 
    -9     20    -18    -36    -19     -2     46     -4     17    -27      6     14      0      5    -46    -37 
   -28    -83    -19      6      6    -33    -79    -35     17    -36     -7    -58      0      2     28    -11 
   -10     56    -47     37      7    -12    -31    -45    -16    -29     16      8     -6      9     49    -85 
   -11    -66    -69    -22    -28    -13    -16    -18    -23    -15     -6     41     31     -3      2    -25 
     7    -63    -88     -3     47      7    -55    -76     12    -39    -14     42    -40     25     22    -15 
    -7     43   -122    -95     -1     14     28    -27     -5     19    -87    -26     13     -6     -2     15 
    -8    -15    -17    -53    -17    -16    -35      1    -65     14     -2     29   -104    -72    -59    -11 
    44    -52     -2     16     15    -43    -45   -116     -8    -10    -35    -29     -2    -24     16      0 
  -230     -2     49    -39     -7     36    -23     19    -18     28    -13    -14    -11   -105    -24    -40 
   -14   -139    -25      0     -5    -12    -48      6      0     13     38     22    -26      8    -48    -11 
    31      2     46     14     17    -24    -89      6     -2    -37    -14    -17     97     -3    -63     23 
    23     10      3     -1    -26      6     -1    -39    -61      1     27     39     37     17      1    -93 
   -43     12    -51    -13     48      0     40    -30     13     13    -18     -8     32     13    -49      2 
    14   -147    -13      2     14      8     18     16    -17    -52     53     21   -129    -43     22    -43 
  -110      1    -20    -12     -1    -23     -4     -1     22    -67    -57      0     17    -19    -14     -9 
    14    -84     21     25    -99    -78      9    -27    -41     -2     -5     57      6    -61     11     38 
    -7    -30     20    -45     71     -7     46    -13     15     -3     31     11     62     15     -7      5 
    16    -32    -37    -96    -32     -4     26     16     15     12     42      1      9     22    -40    -90 
   -36     17    -66    -13   -108      1     24     -9    -58     39     -1    -56     22     86     19   -132 
   -21      6    -93     -1     -7     37     13      5     11    -13    -53    -31    -26     14    -10     14 
    62      5    -35     -3     -9     33    -37    -66      1    -16     18      3     22     33    -13     17 
    17     -2      1    -57    -17      8     -9    -24    -68     37    -20      7    -22     41     21    -96 
    24     11    -11    -22      3    -31     59    -33    -22     11     19    -40      7    -63     51     24 
    17     12     33    -24    -48    -45      2     53    -35    -58     29     32     12    -39     52     -6 
   -53     17     -2     35    -44     -2    -13    -11    -78    -72    -15     96    -39    -10      2   -164 
   -14    -37     31    -21    -16     -6     -5     15    -21     16     23     48     29    -11      0    -22 
    10      5     36      3     24     85    -88     45     50     32     50      7     17     20     67     38 
   -24     -8     -5     45      4     -4     -1    -42    -22      4     21    -45    -15     36     34      9 
    -2      5     -8     55    -30     23    -31    -57    -35     -2      8     51      3      0    -10     26 
   -29     29     -6    -55     27    -30    -50    -48     14    -48     -9     24    -49      8    -10     52 
   -11    -26    -31      3     14     -8     44    -10     35      1    -17     -9     16      8    -37      7 
    43     13     -1    -51      1      6     45    -18    -19    -12    -13    -44    -28     22     -8     33 
   -21    -35    -45    -19     21      9    -21    -17      0    -29     20     18    -10    -40    -63    -33 
   -14     18     10     -7    -19     -2    -15     17     16    -42    -84    -61      4      1     10     -5 
   -55     10    -31    -61      2     26     49     33     25    -15    -32     10     19    -26     18     49 
   -62     -7     11     31     36     19     92     13    -33   -123     11    -11    -27     17      9     43 
    20     36    -31     25    -91    -18     28    -98    -23    -28    -10    -14      8     22    -27     18 
     6    -14   -106     15     18     -1    -32     68      6    -33    -12     26     22      1      4     -3 
     3     -6      8    -22     15    -36     24    -14     47     23    -28      3     89     14     47     56 
     9    -21     16    -18    -38    -24    -62      2      9     -9      2     -9     24    -29    -39    -14 
    63    -34     18    -70    -34     24     -1    -13     20     -7    -15     39    -33     -3      3   -171 
   -24     46     27      8     26    -17     18     20     37     24    -55    -31    -34     11   -107     -9 
    23      5    -27    -22     -5    -91    -31    -34     -7     53    -28    -77     -5    -60     30     37 
    -7     28   -113      0     10     13    -31    -11    -29     -3    -39     28    -28     42    -22    -68 
    -3    -39    -35      8      3     -1     59    -52    -74      8     43    -43    -43    -66     79     24 
   -16    -70      7     59      8      0     31    -14      2     29      9     -4    -44     13     68   -113 
    19      8     27     33     33     11    -57     26      8    -51    -28    -85    -32      8     47     -6 
     9     21    -16     29    -25     68     20     16     -7    -10     27     47     54    -39    -33     -1 
    50     -2      3    -22     43     69     12     34    -89     75    -23     -3     57     -6     32    -46 
   -12    -41     27   -107      7    -35    -11     29     11     25     30     -1    -27     -6     24   -213 
    -4     11     47     -4    -85    -25      7     38    -25    -12     60    -46    -19    -28    -41    -25 
   -28   -183      7     -6     38     -3   -131     31     23    -11     -1     27     -1     23     21   -145 
     1     15     46     46    -27    -15     73    -14     51   -181    111     50     -8    -27     -4     54 
     4    -29    -13    -35     18     -5    -40     21    -40     23    -69    -23    -23     24    -42   -121 
    50      5     54     -4     -9    -19     29    -20    -65    -30     53    -58     62    -55    -19    -44 
    12    -23    -83    -13     10    -16     -3    -67    -53      6     25    -12     31     35    -30    -33 
   -50    -11    -14      6     77     49    -36    -12     68    -89    -24    -92     33      6    -42   -177 
     4   -128    -24      0     -5     45    -14     11    -32     19     15   -214     28     24      2     22 
    28     17      2     20      1    -51     -6     15     11    -14    -17      4    -17    -69     43     47 
    11    -11    -10     34    -13    -32    -16     45    -12    -27     -5     39    -17     18    -43    -49 
   -13    -15     47     51   -125    -33    -37    -44    -17    -24    -35     18     10      1    -49     21 
    -4     28     37    -20    101     -5    -17    -53     20    -25    -30   -227    -23    -30      8    -28 
     8     24     38    -35     32     24    -34     16   -111     -3    -52     -7    -19    -52     -9    -26 
    14     73     14    -83     -5     35     30   -164      1      7    -40    -65    -31    -31     28     47 
   -54    -39     70    -89     10      8     55     18      8     16    -13     27    -88     -6     31    -38 
   -91      4     20    -25    -10     -7    -30     -4    -11    -22   -108     60     40      3    -31    -10 
   -16    -12     41   -117      0      3     -2    -45     -8     30     -2    -44     84    -25     31     -5 
    36     23    -74   -111    -19     29    -30   -100    -12      8     18     66   -125     -7     38     20 
    26     31    -45     23     -1     11      5    -68      9     27     12    -14    -43     -9     -4   -109 
   -33     51    -98    -40    -51      1    -30    -36     16     24     -5    -44     31    -12     42    -20 
    19    -11    -14    -15      9    -68      4     12      5    -26     26     18    -86    -30    112      9 
    -9    -42    -36     -7     52    -55    -17    -94     44     22      0    -46    -11    -64     18    -19 
     3    -60    -15      6    -18     -8    -12     21     14     -1     21     36    -37     20      9    -33 
     0    -58     23     26      8    -14    -27    -32    -28     -1      3    -49     10    -35    -28     23 
     9     23     19     39     16   -176    -94    -43     -5    -47      0      8    -41    -57    -12     37 
   -42    -17    -38    -15    -35     11     -6     25    -29     14    -47     18    -44    -15      1   -141 
     7      5     12     -4     26    -48    -77   -114    -25     -9     35     -1     40    -32     -2     26 
    43    -41    -50    -64     -3     -9     26    -24    -56     10    -26     -3     11    -35    -29   -106 
  -103      9    -22     35     -1    -13      8    -20      6    -33     39     45     45     -7     40     12 
   -57     12     13    -15     24      8      9     32     34    -36     12    -21     40    -51    -33    -34 
    -3   -101     29    -58    -19     -5      4      2    -34    -81     28    -46     24      9      7     13 
    10    -35     11     29    -15    -60     14    -41     22    -15      4     36    -55     -5    -17   -101 
   -14    -12      2    -16      7    -54    -14     12     20     36     25    -62     34    -74     26     -3 
    -8    -98   -144      6     31     16    -17     -4     45      3    -25     61     25     59     32     19 
   -28     -1     50    -29     -8    -10    -27    -62    -35    -12     41     26   -107     -3     -3     30 
   -86      1      1    -11     13    -27    -26    -21    -31    -54     48     23     28    -11    -20    -15 
   -16     37     -1      0     23     34     24    -25    -34     25    -36    -82     31    -67   -130    -26 
   -28     12     44     -7      7     23     24    -33     -6    -60     -7     -2      4    -39     11    -24 
   -15   -117     42    -66     -4      9     25    -33    -29    -63    -33     -9      4      3    -30    -18 
   -21     24      2    -16     16     34     55    -14      0    -14     -6    -76     10     30    -47     88 
    40     42     -3    -10     -4     15     20      6    -22     -5     15     -8     42     30     23      0 
   -25    -22     19    -22    -21    -28     53    -16      1     12    -70     11     59     20     20    -59 
   -35     12     31      4    -18     54    -21     17    -19    -67    -52    -34     12      3    -63    -14 
   -44     35     17    -51     65     23      8   -114    -18     -9    -32     18      8    -33     46     -8 
    45     15    -20     34     49    -19    -71     21    -42    -70    -27    -10     12      9     -6     -5 
   -87      2     31     -5     -6    -14     19     12    -15     28     53    -26    -19    -40     21     20 
    -3    -70    -45     -5    -26    -36     34    -41    -24     16     16      6      4    -50     -3    -56 
     0    -12     18    -61     21      1    -43    -12     15    -30    -56      7      7    -16     -3    -38 
   -13     39    -50      0     -5      2     -6    -41      3      3    -19    -51    -30     42    -13    -83 
   -13     -9    -13   -126    -17      1    -17    -46     -4      7      4     -2   -123    -26    -23    -31 
    27    -40    -19     39     40    -33     25     31     31    -85    -14    -28    -26   -121   -116    -29 
   -17     62    -48     45   -104     31    -38      1     19     14    -11     -1     30     -3     27      5 
    -5    -12     55     64     31    -64    -17    -31     81    -35      9      9    -35   -126    -23    -72 
   -11     -8    -24      5    -67    -13    -49    -76      3     51    -74    -76     37   -121     19    -41 
   -29    -54     11     29    -89    -21      9     -4    -43    -17    -24    -99      4     23     16    -99 
   -28    -50     25    -32     24    -10    -30     -5    -36    -26     45     20     39    -15     -4     -9 
     7      7     10     79    -48     47     -3    -21     -5     15      2    -62    -38    -59    -11    -22 
    26      0    -95     14    -43    -26    -20    -16     29    -62    -98    -64      0     -8     17    -64 
   -50    -12    -28    -11     21    -30    -71    -93    -66      4     12    -18    -90     -7     35     36 
     7    -44     -9     48     19    -24     30     16    -64     22     -8    -24    -30     -6    -16     26 
    18     10    -70     19     -4    -27     38     41    -27     59    -46    -34    -64      9     47    -18 
  -100   -141     13    -15     33     -4    -55    -44    -22    -20    -66    -11     59     -6      2    -16 
   -41    -54     -3    -36    -60    -24    -45      0    -51     12     12    -11     47     35     31     45 
   -26     81     49   -100     -5    -39     28     27     -1      9     18    -30    -28    -16    -13      8 
    12    -27   -126    -12   -106    -51      5      5      6    -12     51    -34     21    -32    -29   -106 
   -30   -139    -72     24      7     67    -35      3      6    -28     74    -35    -10     -3     22     36 
   -12    -44     19     26    -26    -25    -22      6     -5    -18     20     16    -41     22      2     77 
    25    -29      5     -9      1      1    -19     30     -6     36    -57      5    -55     13     33    -64 
   -79     46    -20    -13     32    -12     21     17     15    -41     11     54     13    -55    -39     39 
   -55     -2    -43    -19     -5    -27     34     49    -38    -21     11    -22     -1    -22     16   -109 
    25    -75     29    -74     41    -17     14     -1     -4   -127    -21     -9    -21     -7      7     18 
     4    -87    -45      7     37     16     12     34      3    -23     24    -23   -105     32     -4    -31 
    17     27      3      7    -61    -41     11     23    -66     50     30     13    -16      2    -29     30 
     4      3     22      9     19    -40    -32    110     24    -10     31    -11      7     32    -12    -42 
    14      7     28    -58    -23    -38     23    -64    -32     15    -27      7    -28     -4     -9      9 
   -20     12     25    -28      3    -29      7    -32    -48    -30    -14   -107    -73     -3      0    -26 
     5    -20     24    -51      3    -21    -34     41    -78      1    -21    -65    -21     58     16     19 
   -55    -23     37    -92     -1    -32    -19    -56     -5     11    -15    -18    -31     -8     37     24 
   -13   -107      6    -54    -27    -25     -1     15      9     38     -6      6    -41    -14    -33      5 
   -85    -11     -5     12     13      0   -133     46     23     35    -37    -43     -6     12      8     46 
   -30    -22     14   -120     -6     -4    -13    -66    -39      1     19    -12     -9      3     46     20 
    19     26    -91    -42    -14      6      9    -10    -11    -42    -25    -41      4     -7     28    -12 
    36     15    -34     56     22    -21    -35    -78    -25    -32     -9    -37    -12   -129   -110     20 
   -45     70    -62    -29     29     20    -18     -7     20    -20    -42    -62      0     31      3      1 
     4      7    -20    -42     29    -42    -77    -15     35     19     -7     41    -30    -48    -12     -1 
   -73     -5    -44    -21    -22    -14    -38    -18     25    -32    -31    -17     17     -4    -21    -38 
    15    -78    -11     29    -17    -47      3    -27    -31     -4     -2    -70     49    -41      2    -12 
     5     29     16     31    -38    -50    -19     -9    -50     12     67    -48    -41     -1     17    -56 
    19     17      4     17    -21    -64     61     -5    -64    -24    -56     14    -37      9     27    -10 
    41     24   -110    -23    -49    -38    -27    -37     45     -7    -57    -14    -29     37     27      0 
   -27     16    -15     38     17    -85     12      1     13     -3    -15      3     49     22     29     27 
    -8    -57    -31    -29     12    -40      8    -12      1      8     12     -9     -5    -49    -78     39 
     3     17    -73    -30     -8     -4    -11     58    -21     30     23    -23     25    -34      3     19 
   -18    -21     -5    -34    -79     -9     75     -7    -43     32     30    -33     45    -35    -56    -23 
    49   -123     82    -42    -27    -16     -4     46    -67    -27    -63    -65     41     21     -9     68 
     8    -23    -10   -109      2    -66     56    -45     15     18     58    -49    -15    -42     49    -14 
    -3    -16    -91    -37     48     -2     25      5     23     32     39   -142    -24    -25    -43    -73 
    -4    -23     33      3     18     18   -126     28     27    -36      4     36      3     -3    -17     46 
   -18     26     30    -36     -5      7    -40     34   -100     10     34     28    -74      1    -21     25 
   -65     -7      4    -45     -7    -90    -21     57    -50     12   -101      2    -26     -5     -4    -27 
   -58    -38     12      5     27    -70      5    -44    -22      2     43    -33     10    -52    -37     10 
   -72    -29     18    -90    -99    -10    -11    -20    -13    -48     68     -3     -9    -83    -22    -77 
    41    -62     24    -83    -42     -4    -17    -70    -20     18    -13     -2     40     -2    -13    -66 
     8    -62     -8    -51     35     29    -35     49    -58     27     45   -180    -70     10     39    -77 
    62     36     47    -23    -62    -40     37     22    -30     62      6    -17    -13    -44    -18     72 
    -2    -11     39     43     18    -34    -77    -29     46     13    -43    -26    -11     28    -17    -48 
    32     11     31     55    -37    -56    -16   -155    -96     -1     28     26     48    -42     -5     29 
    22    -12     47      3     11    -46      7    -11      2      3    -48    -97    -31     36    -36    -49 
   -82    -16     15    -30     -3     30    -44      4    -24    -28    -88    -25    -38      3      0    -55 
  -146      0     79    -44     16      8    -46    -31      5     12    -56    -43     10     -1     31     53 
   -20     35    -79    -58     -6    -22     30    -25     19    -20     35      1   -101     21     32    -33 
    20   -165    -20     33     28     -9    -47     14     31    -12      4     24     15    -23     12    -11 
   -41     23    -38   -113      2    -12      5    -31    -11     29    -16    -24     -2    -33     -4    -22 
    -4   -124    -34   -155      0    -27    -15    -82    -41   -149    -25    -41   -188    -10      5    -27 
    38     41   -144      4     15    -12      8   -108    -37    -89    -54     38     39     46   -167     30 
    35     57   -146    -72     47     30     44    -30      4     11    -69     -5    -32     -6     32     10 
     6     13     -8    -28     29     26   -114   -101     43     45    -38     28    -19    -84     15    -24 
   -56   -103    -26      4    -59    -43    -17   -167    -22    -46     20    -64      1    -24     -4     -6 
    37     30     27    -49    -37    -17   -100     30     28    -35    -13     36    -13   -191    -55     27 
    37    -41     20    -48     10     -7    -57    -44    -79    -30    -25     12    -34     -4   -119    -13 
    37      7      6     92     -3     41     51      5    -63    -31     17   -123    -52    -26    -22     62 
   -47      8   -148    -26     33      3    -37     16     25    -30    -48    -41      1     60     30    -49 
     9      0    -24    -40     45     -6   -120    -91    -25    -36    -24    -18    -46    -16     92      9 
    23     27     25     41    -11      1     21    -40   -101    -26     39    -23    -55    -21     18   -128 
   -37     26    -21     -8    -11     -4     -1     35    -30      6      8      7    -95    -86     24    -26 
  -117     33    -12    -39    -45     51     -7    -22      4    -81     32    -33     10     32     37     88 
    -1    -77    -22    -16    -55    -13     21      9    -85    -35    -18    -24     16    -33     32    -16 
    -6    -15    -55   -112     15    -52      6     11     21     -4     56    -75    -44     -8    -50     53 
    28    -18      4    -54    -30     -7     15     -7     14      0     10     66     11    -66     -2   -182 
     7    -60    -23     -9     38      1   -170      9    -16    -26     59     16    -25     56     11    -20 
     5     38     43    -24     -3    -13     -6     26     42   -118      2     52    -89     -8     45      7 
   -52     -9     37     -1     33     39    -27      6    -38     29     30     17     28    -10     68   -109 
   -13     22    -60     19    127    -37     -9     20    -25    -49     39    -50     45    -13     24    -63 
    -8     10     23      8   -119     -6     -2    -11     22    -36    -44    -15    -29    -49     20   -129 
    26     33    -35    -58      9    -55     28    -10    -63   -100    -28     17    -53     22    -39     65 
    -8    101    -58    -42      8     -3     -7     15     34    -42     19    -76   -111    -21     52    -51 
    48     53     13    -11    -34     -6      0    -28     29     -4     35     -5    -47     49    -83      1 
    -7     11      2     41    -10    -21    -22    -29     22    -28    -42    -63    -28     38    -25      3 
   -63     11     21    -55    -88    -47     34     60    -30     16     11    -38    -37     16    -55     41 
   -33    -18     20     -8    -18    -52     38    -63    -30      5    -34    -27     27     50    -60    -19 
    -8    -21     42     51     14     13    -68     45    -35    -34    -61    -37     46     13    -50    -51 
   -31     -2     -8     41     51     19    -43   -137     24      9     -8    -22      6     16    -12      8 
     0    -75    -59     -3    -17     20     40    -32    -13     24      6     35    -84    -56     34    -79 
   -32   -157     18     -8    -16     -6    -57      9     -3     30    -97    -39    -40     -2     31    -60 
    -1     12     10     43     33    -26      0    -19     15     18     -1    -12     21      2    -14   -101 
   -37    -24    -26    -28     12    -21     38     15    -41   -250    -21    -12    -54    -24      7     23 
   -30     -8    -68     20     16     30      2     45    -48    -27    -42     39    -13    -21    -70   -101 
   -15     -5   -120    -43     21    -15    -20      3      1    -11    -16    -36    -24     -7    -41     26 
   -64    -13    -36     -8     12     35     -8    -19   -115    -17     10     30     33   -138     42     25 
   -30    -92     14    -47     -5      6    -30     -2      2    -18     25   -136     34      8      6      8 
    -6      1      0      4     16     -5      4     -3    -10     -8     15     -3    -21      1    -11      2 
   -17     -2      7     28      2     -3     16    -24     -6     -5    -12     -2     -2     -3      6     19 
   -29      6     -7     -8     -3      5     -3     -5      0      7     -7      2     -2     -2     22     16 
     1    -36      0     19    -44    132     65      2     -5      0      6    -10      2      3      5      2 
     3      8      1     -5      3      6      5      1      2    -16    -13      5     -1      1      9     -7 
    13     20     -2     -6      4      3     29     -1      0     10      0      1      8    -18      6      7 
     6      2     -1     -4     -5      5     -2   -109     63    -12      4    -11    -11      5      3     -1 
     1     -3      7    -11     -3     -1      8     -2      3      0    -12     -1    -12     -3     -1      0 
    -2     -1     -6      9     18     -9      8     -2     -2     29     17    -18     45     -2     -4      3 
     2      1      5      2     21      9     90     -5     21      0     -4     -3      6      1    -27     -9 
    -5      3     -4      6      0    -17    -15      1      4     10    -18      4    -18      3    197      6 
  -297     -1      2    -14     -7     -4      2     -4    -13      5     -1     -3    -12      0    -10      1 
     1      4     -1      3      8     -6     -1      0      1      0    -86     -7     -2     -4      0      9 
    -3    -25      4      2     -4      6     -8      3     -2     -2    -15     -7     -2      1      0     -3 
     1      0      3     16     32      2     -1     -9     -8     -5     -9     -3      0     -1      0     -2 
   -36     -1      4     -1      6    -44      5      9      4      6      7   -101    -10    -19     17      0 
   -12     -4      2      6      1    -21     -2     -6      3      0      4      2      1     37    -35      2 
    11     -4     -8     -5      0      9      2     -2      0      6     42     -3     -3    107    -52      9 
   -10     40    -12    -26      4      9      5     -5      0      1      6      6     -3      6     17      9 
    -3     -8      1      2      5    -12     -7     -1     36     14      2    -17      2     -7      5     32 
    -7     13      6      3    -10      1     11      1      1    -16     10     -6      3     10     -4      1 
    20     -3     11      1     -8      0      9      2     25      1      1    -11      1      0     11      0 
    -6     31      7      5      0     -2     -1      6     -5    -11      6      3     -8     14    -15     40 
    -4     -1     38     -2     -7     10    -17     -2      2     -5      6   -161      1      3     16      1 
    13      6     -6      0      3     16      5    -10     30    -10     14      1      4      3     -8    -20 
    -4    -14    -18      5      5      1      9     10     -2     -7      0     -4      0     -2     11      4 
     8    -25    -15     -2      1      9     -6    -12     35      5      0     24      1     -4      5      4 
    -6     -2      1     -2     -5      1     14     -4    264      0     13     14     -2     10    -40      2 
   -29     84      2      0      2      7     19      5    -18      3      2    -12    -12     -1      1     13 
     4     -6      1      4      2      2      5    -13      5     -3    -10     -3    -13    -88     -4      5 
     8    -41     -5    -17      7      0     -9      1      4      2      4     -5     14      1      5     -6 
     2     12      8    -11      6     44      2     -5     -5      0     -3      3     -7      0     26     -6 
    -3      2    -30     -4     20    -16      5    -38    -18     18    -13     13    -24     -3      9     -9 
     5     -3     43     13      0     16     -2     -8     30    -10      6    -13     29     -8      4    -13 
   -12     -7    -31      0     14      5     -4      8     -2     -5     70     13      4     -6      6     10 
   -19      9     13    -27     -9      4     -4     -4     -7     -5      2      5     -7      2     35     -1 
    -1      3    -39     68    -18   -113     -3     -1      0     -6     -6    -34     13     -1    -13     -1 
    57     16     16     26     27     70     22     -2      6    -26     21    203     10    -15     11    -11 
   -14      5    -28      1      0     15      9     26     -8      7      6    -17      2     13    -10      7 
    -2      0     -4     -7    -10    -11     -5     10    -24    -16     -2     -7     -6      1    -17      5 
    -2    -40      7      5      7    -26     -3    -14     -3      6     -2      0    -15     16     24    -27 
   256    -16     -1      4    -34     10      3      8     -9     36    -32    -14     -5     10     -9      6 
    11   -190      0    -12     -3    -34    -19    -42     13      0      9      0     12     -3     -3     -5 
   -10     -3      3     10      6     57      8      5      9     10     30     11     -4    -11     -6     -5 
     5     16     -4     -2    129      9     -2      7      6      2     10     -1     15      0    -65      4 
     7     10     14     10    -57      2      0    -14      0    -17     15     27    -13      4      8     17 
     4     -7      9      0    -14      7     -3     -8      2    -11     -7      7     -1     -1     -4      2 
    -7      1     -4      1     -3    -11      6    -30     31     -4    -32    -14     -6      0      3      6 
   -14      4     -9    -37     -6    -40    -19     -2     -9     -2     42    -13     -6      0      7     -3 
    -1     -2    -12      2      0    -26     12      4     16      7     34    -13      0     -2    -35     -7 
     9     28     13      4     -4     21     12     -3     -9      4     18     -4      0    -16    -18      5 
    -1      2     -2     -1      9      5     -4     -8      3     18     -5     26    -12    -22    -20      1 
   -15      6    -27     11     -5     -5     -3      3    -16     19     16     15      2     12     48     31 
    20     -1    -19      0    -25     13     12      8     10     -3      5      3      2     12     -2     -3 
     3      0    -24    -63     -5      8      8     13      9     -5     -1    -50    -22      2     45      6 
     9     -3     -1      2     -7     21      2     -8      2    -15      3     -3      9      0     15    -12 
    -5      0     -2      1    -31    -15     14    -65      0      8     22     -4     -1      8      1      8 
     2     -9     -2    -26     -3    -69    -12    -18    -24     -4      5     17    -43      3     11     20 
    22     11     -3      1     -2      7     21     -2     -2    -21     -8     11     17    -23    -15     -6 
    16     -3     -1     -4     -2      4     -6     21     19      6    -46    -44      1    -12      5      0 
   -18      0     -7    -12     54    -52      5     -6     -1      5    -22      1     17      3     -3      0 
     9      5     -4     -2      1     -8      3    -14     20    -74    -10    -14     -4     12      1      8 
    11      7     -3     12      5      1      7     -5      0    -26     -6     20    -15      3      6     25 
    22      0    -14      9     -6      1     -2      0      9     -7     -8      2     18     -4     20    -10 
     0      1     -1     -2      2      0      1     -1     -1     -4    -19      0     -1      2      6      2 
   -27      0      0      5     -1      0      0    -15      2     -1     -3      0      1      0     -1      0 
     2      2      1      0      6     -1     -1      0      0      1     -2      0     -1      1     -4      0 
     0     -6     -1     -2     -2    -32      7      1      2      0      1     -2     -1     -4      1     -1 
    -1      1      2      0      0      0     -1     -2     -1     -3     -4      0      0      0      2      9 
     3      0     -3     -3      0      4     14      0      1     -7      0      1      1     -1     -1     -2 
     1      1     -4      0      1     -1      7      4     -3      0     -1      0      0     -6     -2      0 
     2     -1     -5      1      1      0      1      0     -3      0     -1      1     13      3      3      1 
     0     -1      2     -3     19      8      1      1      0      5      3     -1     18      2     -1      6 
    -2      0      1     -1     -4      2     -4      0     -2     -5      1      0     -1      2     -1     -1 
     0     -2      0      1      0      1      1     -1      1      2      1      0     -4     -1    -54      0 
    37     -1      0      5     -2      1      3      0      1      0      0      5      3     -1     -2      0 
     1     -1     -2     -1      0     -4      0     -1     -1      2      6      0      2      0     11     -7 
    -2      1     -2      1     -3      0     -4      1      0      1     -1      0      3      0      0      0 
     1     -1      1      4      1      2      0      0     -3     -2      3     -2      1      0     -1      1 
    -1      0      0      0      1     -2      1     -3      2     -1     -1    -51      0     -2     -1      0 
     2     -1      0     -1      1      1     -1      3      1      0      0     -1      4     20      1      0 
    -1      0     -1      0      0    -15      1     -1     -1      0     -8      2      0     -6     10      0 
    -1      5     -3      3     -1      1      2      1     -3      0     -2      2     -3      2      1      2 
     1      0      1     -2      0      0      0      0    -10     17      0     -4      1      9     -1      1 
    -1      4     -2      3      0      0      4      0     -1     -7      2      2     -3     -1     10    -10 
    72     -1     -1      1     -1      0      0      1     -8      2      1      1     14      0      3     -2 
     0     -4      9      0      1      1     -1      1      0     -1      0      0     -2     -6      3     -4 
     0      2     -6      1     -1      0      0     -1      1     -5      1    -34      1      0     -9      0 
     1      0      1      0      0      0      1      0    -34      0     -1      1     -1      0     -1     -1 
    -1      0     -1     -1     -2     -3      6      0      2      1      1     -1     -1      0      0     -1 
    -1      1      1     -1      2      2     -2      1      1     -6      1      3     -1      2      1      0 
     0      1      0      0      0     -1      2      0     30     -1      3      6      1     -1     -9      0 
    -3     -4      0      7     17     38      1      7      1      5     -1     -2     -2     -1     -1     -4 
    -1      0      1      1     -1     -1      3     -1     -5     -1     -4      1      4     -8     -3     -1 
     1     -2      0     -1     -1      0      1     -2      0     -2     -1      1     -1      0      0     -4 
     0      0      1    -18      1      1      0      0      1     -1      4      0      4      0    -27     -1 
     0      0      0     -1     28      1      0      0      0      2      3      0     -1      0     -5      0 
    13     -1      0     -3     -2      3      0     13     -1     -6      0      2     -1      0     -1     -6 
    12      1      2      0      0      0      1     -1      0      1      1     -2     -3      1      1      0 
    -9      6     -1     13      0      2      6      0     -3     -1      0     -1      1     -5     -1      0 
     1     -4      2     -1     -1      4     -1      1      0      0      1     -2      0      0     -3     15 
     2      2      2     -5      0    -11    -14      0      0      1      2      2      1      0     -2     -1 
    -1      0      0      2      1      1     -3      4      0     -7      0     -2      0     -8      6     -1 
     0     -1      2      1      0      0      0      2     -2      1     -1     -1    -22      0     -1      0 
     1      0      0      0      0      2     -1     11      0      2      0      0     -5      0      0    -10 
   -29      1     -1     -1      0      0     -4      0      1     -1      1      1      2     -1      1     -2 
     0    -19      0     -1      0     -5      0     -1      3      1      2      0     -1     -2      4     -1 
    -3      0      0     -1      0     -1      0      0      2      1      0      1      2      0     -5      1 
     0      0      0      0    -15     -1      0      0      0      1     11      0     -1     -2     -5     12 
     1     -1     -1      1     -1      0      1      1      0      2     -1      0     -1      0     -2     -1 
     3      0      1      0      2     -1      0      5     -5      2      0     -1      0     -1      2      0 
     2      0      0      1      1     -7     -1      1     -1      1     -3      3      0     -3     -7      0 
     3      1     -2      0      2     -1     -2     -1      1     -1      0      1      1     -1      0     -1 
     2      1      0      0      0     10      0      0      0      1     -5     -1      0     -3     12      1 
    10     23     -5      0      1     -1      3     -1      0      6      0      0     -1     -1     -2      0 
     1      0      1      1     -1     -2      0     -1      0      2      0     -2     -1     10      1     -1 
    -3     -1    -10      0      1      0     -3      0     -1      0      1     -2      1      1     -5      7 
   -61      1    -32      1     -1      1      4      0     27      0      0     -1     -1      0      2      0 
     0     -1      0      0      0      1      2     -2      1      1      0    -31     28     -2     -6      0 
    -1      0      1     -1      0     -1      1      0      1     -1     -1      1      0      1     -2      0 
     0     -1     -1      0      0      0      0      4      3      0     -2      0     -1     55      0     -2 
    -1     -1     -1      0      3     -4      1      0     -3      0     -1     -2      0     -1     -1      0 
     0      0      1      0     -2     -2      0      1      0     -7      0      2      1      4      0      0 
     0      0     -1      0      0      1     -1     -2     -1     -2     -3      7      0      1     -1      1 
     1      0      0    -15    -16    -25      0      2      2      0      2      0     -1      1      0     -1 
     0     -1      2      0      0     -1     -2      1      4      3     37     -4      2      0      2      0 
    -2      0      0      0      0      1      0      0      0     -1     -2      1      0      0      0      1 
     5      0      1    -11      2     -1      0     -1      0     -3      0      1     -2      0    -13      0 
   -38     13    -54    -20    -50    -81    132    -76   -106     -3      0    -48     -8     61    -32     75 
   -25     10    -49    -62     77    -47    -27    -11    -22    -37    -11    -69    -93      1     21    -45 
    47     21    -24     56   -114     -3     15     24    -40    -18    -13     39     11    -47     -5    -56 
   -52    -23     62    -29     -3    -32    -35    -91      8     19      5    -27    -51      0    -62      5 
    19    -84    -36     27    -20     -6     33     29     22    -84    -28    -70      0      8    -11     44 
   -59    -20    -54     11    -67    -37     30      3    -67      2    -24     13    -30    -49    -20     70 
    -5    -33    -62    -31     -9    -12    -42     53    -90     61    -47    -34    -42    -45     42    -91 
     7     38    -23    -45      0    -66    -85   -101    144     -4    -10     25     38     57    -25      5 
     3     -3     -4    -29      9    -86    -57     59    121    -56    -51    -32     24    -40     -9     35 
   -41      6    -46     18      3    -13     48    -64    100    -40    151    -17    -51    -32    -60     26 
    40    -51     35    -52     24    -40    -37    -38     27    154    -41    -10    -32    -47    -57    -21 
   -36     14      2    -37     54     44    -65    -14    -31    -33    -58    -32     29    -59    -15    -30 
   -42    -90    -20      9    -53    -35    -19      5     -3     11     15      0     -6    -49      5     23 
    20     -7    -37    -56     17     15    -62     14     10     -8      4    -65    -23     40    -51    -50 
    -7    -60    -42    -36     67    -44    -48      9     14    -21     36      9      7     11    -10     -2 
   -30    -48      6      1     14    -62    -51    -62    -95      1      0      3    -51    -35    -26     16 
   -46     19    -44     11    -52    -24    -87   -109    -10     23    -66    -50    -42     99    -31     23 
   -15     -9    -59    -10      0     37    -11     97    -49    -59     39     37     -7     -2    -35      8 
    22     33     34    -24    -54    -18     -4    -60    -39     95    -28    -53    -43    -26    -50     -1 
   -18      5    -76     85    -36    -45     -7     63    -42    -53      3     16    -40     51    -18    -44 
   -51     29    -36    111     -3    -14    -33     31    -14    -44    -30   -119    -40    -22     83     37 
   -13    -75     80      0    -22      6    -21     10     -4     15    -49     51    -13    -36    -29     77 
    -1    -62     29    -65      9    -43     92     27    -20    -69      8    -26    -32    -32    -12     64 
    -9     -9    123      0      1    -58    -56     13    -43     72    -81    -40    -12      5     52    -73 
    18    -33     39      6    -47    -40    -54    -73    -12    -46    -51    -32     -9    -22      0      4 
    74    -11    -80     10    -83   -130    -17    -27     57    -19     53   -124     32     -2    -40    -32 
     7    -60    -31     33    148    -11    -39    -15    -65   -179    -36    -70   -105     53    -42    -14 
    -7     10    -32      7    -18    -75    -20    -12     -5     64    -54    -59     -5     -7     93     26 
    17    -62    -18     33    -11    -34    -95     -9     21     11    -49      6    -32     -7     -4    112 
   -20    -17     60     12      1    -36    -54    -60    -39     -9    -15     -5    -61    -30    -25    -25 
   -54    -26     -5    -58     25     14    -22     16      6     22    -33    137    -17      5      6    -13 
    -4    -20     37    -40     12    -14     50      9    -60    -40    -20     36    -48      2     14    -56 
   -36   -146    -49    -91    -14    -24    -37     -3     52    -24    -37    -10     33     -7     35    -10 
    22      6     11     16    -38    -29     35     11     13     -7    -26    -13     -4     35     13     20 
    24     23    -40     48     -3     17   -127      0    -80      8     -6   -154    -27    -26    -52     44 
    40      3     59     23    -23      1    -49     19     13    -71    -45      0      4     -7    -17     14 
   -93     11     23    -19     38    -32    -45     51   -127      6     43     38    -58    -68     82     56 
    27    -37     25     22    -10    -34     16    -89    -25      2     -3    -26    -29     63    -15    -17 
   -95     21     33    -26    -83    -37    -30     36     11      5    -64     11     -5      1     12    -29 
   -12    -64     -3    -96     98     -6    -24    -58    -18    -11    -17    -79     21    -77     17     28 
   -43   -126    -15    -38    -27    -57     34     35    -35    -20     10     -5     43    -13      2     47 
    -1     10     -1    -88     53    -84     25     -3     28     13     35    -44    -23    -55     26     23 
   -14    -12   -193    -15   -156      4    -23     -6    -60      4     26    -29     34     13    -13   -148 
   -15    -37    -39    -52      1     17     59    -33    -10    -19     16    -14    -12    -29    -26    -28 
     0    -15     -9   -181    -26     26    -93    -98   -107    -11     38     32     -6    -33     -6      5 
    85    -12     15    -57     -8    -45     12      7    -95     30   -105      6    -14    -79    -17    -21 
   -46      4     35     13     29    -29     47   -101     -6    -40     35    -31     93     11    -57    -11 
   -33     -2    -30   -105   -129     40    -23     23      1    -56     45    -70      7    -25    -27    -14 
    48   -165      5    -17     -8     27      5    -37      0     23    -17     44     34     37     -4    -15 
    37    -61    -13     74     26     28      6      2    -18     24     47    -44    -54     12     36    -33 
    24     -3     49    -19      1     22     -4     -8    -38     73     39    -66      3     13    -12     28 
   -80     10      8    -13     12      0    -86     -9     29    -69    -91      6     24     49    -16    -37 
   -15    -56     -2   -101    -96     -9    -27     69    -20     13    -46     -5     47     -8    -26      8 
     5    -12      8    -90     -3     71    -20     54    -17      9    -21    -51    -82    -14    -19    -99 
   -49     30     -2      0     44    -80    -46     -5    -60    -13    -45    -46     11    -17     -9    -41 
   -41     10     -2    -77     58     58     -8    -57    -59    -16    -21    -41    -16     60     25     -3 
   -80    -10     11    -22    -41    -32     13     34    -14    -34     20     57    -98    -78    -12   -143 
    48    -65    -44    -22      1     19    -44     27     31      6    -51    -10     49     24     19      8 
   -40     41    -97    -80    -60    -21     40    -40    -26    -16     34     22     -6    108     -9      6 
   -79    -74     22    -17     32     23    -15    -31    -44   -136    -13     13     42      5    -45   -137 
    16     -4    -72     46     -1    -32    -15     37    -14   -126    -18     49    -29    -25    -95      5 
   -45     -7   -151   -127    -75     45     54      6    -17    -53    -56    -16     34      7     -3     23 
   -38    -25    -94     29    -30    -14    -58    -16     -9    104    -30     16      5   -106    -36     26 
    27   -103    -57      2     25    -21     15   -148    -13     13    -16    -73     18    -54     -9     -2 
  -100     18      4    -64     -6    -31   -109    -16     37     12    -31      4     23     21      4   -155 
     8    -39      1     46    -15    -88    -28     34     22     35    -34    -45     39     43   -122    -41 
    18     25     27     15      1    -21     12    -25     15    -48     20    -16     23   -112    -35     30 
    -4     15     17     28    -21    -36    -16     12   -114    -15     59    -11    -48     24     10   -194 
   -49     30     33    -36     -6    -44    -34      7     20     -5    -16    -38   -117     -9     42     11 
    30      5    -13     -3      9      8     -9    -20    -24     13    -17     22      7    -29    -41    -11 
     6     37     13      6    -14     -3    -27     15    -23      1    -42      3     25     13     -4    -15 
   -11   -121     13      9    -81     21    -23    -66    -43     -7    -48   -110      1    -59    -14    -44 
   -82   -102     58    -66    -22    -19    -27     33    -63    -24     30    -29     15    -10     21     38 
   -10     32     52      2    -48    -11      5    -21      6    -21     -7    -92    -14    -64    -20     48 
   -75      3     -2     -3   -116     43     60    -25    -36     24     34    -24      5    -16    -12    -83 
   -42   -115      9    -46     62     15     -5     13    -22    -43     85    -24     35     18    -25    -36 
   -13      3     77    -17     -5     -7    -51     15      9    -50     25    -40    -45      4     33     13 
    98    -24     -6     44     -1      0     -5      0      2     15    -28      4    -15    -55     10      3 
   -38     -3     26     18     42     67     38    -40     16    -29     51    -53    -36    -28     44     -5 
   -29     46    -91    -97      4    -39     36     15    -30      6     72      2    -19     27    -32    -45 
    -4     38      6    -47    -39    -16     20    -15    -20     51    -35    -39      6     33    -74     39 
     1    -85     13     37     22     21     -6     40      8     56     10      0    -36    -44     29    -14 
    20     28     50      2     23    -21      5    -28    -56    -13     35     38     20      2      1    -27 
    19    -62      6    -12     19     40    -36      7     32    -31    -78    -11      1     10     21    -58 
   -35    -23    -18    -77   -232     -8     14   -118    -69    -11    -53     -7    -16     -2    -14      5 
    49    -24    -28     15     16     78     20   -167      7     -5    -24    -38    -54     17    -25   -128 
   -64     -5     -2     49     11     17     13     69    -38    -25    -52     33    -37    -12     61    -15 
  -107     28     31     36    -37     13     26    -14     19     38    -32    -28    -38    -63     31     44 
   -17      8      8   -130     14    -45    -17    -22     10      4     62    -60    -29     35    -50    -87 
   -72    -55    -50     61     -9     -8     -7    -24     34    -18    -61    -29     18     20      6    -20 
   -72     25    -47    -35    -26      1      8    -38    -29      0    -37     13    -26      5      9    -86 
   -85    -99    -49    -11    -50     20    -50     -1     18     24    -19     -7    -90     30    -27    -90 
    28    -21    -35     -2     27     -5    -31     64    -14     35    -31     -4    -15     35     -9    -51 
   -31     30   -127   -112    -37     25      5    -28    -21      1    -44    -12     43     20     21     -1 
   -29     12    -17    -13    -75    -29    -38     14   -218     86    -26     -4    -55     32    -87      6 
     9    -82     -2      4    -76      0    -83    -81    -30    -32     16    -27     44    -36     32    -59 
   -36    -72      5      9    -21      8    -15     47    -16    -42      1      6    -28      6     -1    -21 
     1     43     -6     23     26     21     49     -1     39     27     22     16      2    -23    -72    -30 
    30     30     33      8    -16    -56    -94     23    -12    -44     -2    -79     41    -48    -35      8 
    -4     -6    -12    -17    -15    -11    -57    -33    -24     18     19    -31     -9      1     38     17 
     0      0      3    -34    -14    -14   -137     21    -54    -15     13     27    -43    -39     11     21 
    -7    -73    -24     -2    -10    -34     34    -51     -4     -4    -36    -26     69    -20    -10     10 
   -90      0    -17    -19    -42     24    -18     -1     -4    -31     11      4      1      3     -4     47 
    26   -128    -16    -49     43    -29    -14    -21    -24     27    -31    -91     36    -93      0    -44 
   -58     43    -21     18     -3     41    -12     33    -30     17     -8    -36     27     22     -4     53 
   -17    -13    -27      8     28    -40     12    -23     36    -41    -24    -17     24    -56     37     20 
   -46    -26     -8     36    -90     -2     -7      3    -45      0     33    -71    -14    -11    -26    -43 
   -16   -133   -153    -17      0     24    -35     -3     21    -20     -8      5     22     14     17    -54 
     1     35      6    -64     -4      3    -93    -16    -32    -66     53    -10   -199     33    -21     49 
   -46    -57     -7    -30     -9    -18    -42    -85     50      0    -40      3      6    -57     15     33 
   -10      8      4    -35     32    -39     35    -80     -8     31     40     12    -47     55    -85      2 
   -92     12     49    -17      1    -24    -11    -19     11    -54     48     -1    -31     69    -43      9 
   -39   -162      5    -45      6     26     20     10    -41     15      5     54     40    -22     25     -2 
    38     -2    -26      8    -15     25     -5      0     19     10     16   -100    -46     18     40    -83 
    13     25     14    -17    -23    -12     27     27     13    -23     -1     -9     21     -4    -16     35 
    50    -14    -44      1      3    -23    -49    -17     24    -42    -70      6    -22     22      4      0 
    -9     -5     19    -34    -31     83    -46      1     45     20    -10     17     -8    -13    -37     12 
   -25     13    -35    -46     10    -12    -67    -60    -41    -30    -37    -29    -23    -12     21   -108 
     6      9     22      2     30    -48    -27     38    -30    -33   -161    -31    -37    -22    -63     -2 
    71    -38    -30    -78     11    -37     -8   -106    -47     16    -25    -47      1    -54     10     15 
    -4     14   -100     -7     43     19     48     12     18     -5      9    -31      1    -18    -46    -12 
   -47    -28     28     -2     42    -45    -29     20     13    -80     66     -3     12   -104      3     -6 
   -40     -2     -8     51     23     10     18      7     -6     38    -31     15    -23     29     44    -63 
  -102    -34    -36     18    -24     26    -54     33    -33   -105      4    -22   -116     -7    -33    -49 
    10      4   -103     30     -9     17      9     16     12     30     -8     62     38    -83     26    -52 
    95     30   -127    -61     56     19     32      9     -2    -49     25      0      1     -1     14     21 
    26    -35     29     44     55     55      2     -8    -66    -12     23     10     17   -141    -54     42 
   -15     -7    -83     -7   -148      8    -14   -115    -43      5     -4    -29    -16   -179     43    -76 
   -27    -50     13    -21      5     -9    -18      6     30    -26    -13    -24    -41    -19    -17   -133 
    14     27     41     38    -31    -25    -58    -19     25     42    -36      1     -7    -61    -44    -61 
    13    -52    -16     10    -38      6    -79     56      9     28    -15    -35    -21    -60     18     26 
   -31    -22    -58    -10     -9    -44    -26     22    -65     47     17     14    -21     11     18     27 
    21     14    -13    -11      1    -48    -95    -77    -85      4     55     42    -57     24     12     56 
    -8    -22     27    -34     24    -14     29    -43      7      8    -53     47    -46     20    -70    -50 
    33    -10    -38     21     74     21     -4     59     21    -15    120      5     -8     -5     13     -4 
    -6     18    -17     21      2    -64     -5    -24    -40     50    -76    -63     56    -33     -6     -2 
    11    -44     46    -11      5     -2    -31    103    -44     -9     -4    -13     15    -32     15     82 
   -18     12     35     25     30    -60     26    -19     73    -56     -7    -71    -27    -83     59      1 
   -19    -36    -91    -19   -145     33    -40    -41    -11    -13     30    -48      1    -25     -9    -78 
   -40    -71     47    -12     -8     13     14     -9     18     14    -19    -25     -3     83     -4    -25 
     6     40     -6   -128    -26     44    -30      6    -74    -31     45     -5    -16    -29    -36     16 
    83     15     23     17     55      3     -2     29    -31      9    -53    -14      5    -97     11     44 
   -40     26     -2    -25     34    -17      0    -44    -47    -35     20     60      2      0    -44     -3 
   -54     62    112    -93   -191     -3    -23    -11    -18    -19     21    -37    -20    -50      7    -74 
    -6     35     -8    -12    -28    -12     36     33    -65   -119      0     -5    -33     37     -8    -76 
   -42   -107     -7     -3      4     59    -67     65     13     11     36      7    -69    -29     -6     15 
    34     43     46     14    -45    -23     -6      9    -34      4     48    -59     12     -9    -32    -36 
   -38    -48     15     -1     46      9    -86      8      4    -18   -148    -18      1     52     20     28 
     6    -68      8     22    -47    -50     60    -73    -17      4      5     29      7     35    -11     -4 
    15      3      2    -23     -3    -69    -23   -140      3     -5     -1    -50    -39    -67     -2   -160 
   -33     10     49     17     23     -1   -117     28     33    -34    -94     -7     -5    -49    -22    -72 
   -48    -16     10    -14     55     27      2     -2    -18     25     -2    -17    -63    -56     29     27 
   -26     -5     39   -110     37     -3     19    -21     15     78     49    -38    -65    -21     64    -67 
  -109    -20    -13     90    -18     41     -9    -28     94      4    -66     -2    -22     -5    -15      6 
    59    -14    -14    -15    -28     38     -6     -8    -16     -7     98     -1     35     37     43     46 
    69     50    -30    -60    -27    -24    -52     60     -2   -155     -4    -44    -44     70    -19    -35 
     4     12    -33     48     17    -34     -3     38    -46    -48      2     51    -19     43     -5    -49 
    53     42    -80   -106    -83     21     18    -13    -51      1    -42    -31     48    -28     -6     14 
    60     -9     15     39     49    -77    -28     15    -10     33     16     12      1    -34    -31     32 
     6   -101    -28      8    -73    -12    -17   -136     15    -28      9      2    -42    -35     22    -16 
    -6    -95      0    -50    -23    -11    -37     19    -48    -15     36     -2    -39     -1      5     29 
    19    -20    -10     -5     -8    -35    -18    -33    -53     56     13     10    -26    -21   -127    -16 
    44     23     16     -5     30    -13   -100     25    -23    -59    -12     26    -11   -107    -17    -19 
   -15      8    -38    -58    -26    -41    -50    -12      8    -29    -29     32    -20    -14    -58     23 
    59     16     17     17    -13    -44     -2      2     -1      6      6     27    -33    -22      9     55 
    31    -18    -38    -47    -39     12     20     -3    -11     58     43    -44     -9    -58     -2      2 
   -33     -1    -46    -20      9      4    -19     -5     -8    -73    -22      2    -45      4    135     15 
    -7   -120      1     17    -42     22     10     46    -33   -116    -72     20     39    -58     40     13 
    23    -26    -27     15    -49    -41     10     29    -40    -21      0    -11     51     -7     45     19 
     2    -29    -45     47    -20    -32     18     14      5    -35    -36    -82    -20    -34    -19    -81 
   -91    -47   -167     -2    -36     11      9    -34    -43     20      4    -40     -7     32     31     -7 
   -76    -38     41      2     37     38    -20     20     25      1     28    -16    -30    -18     23     24 
    24     -4    -32   -150    -23    -24     35    -55    -65   -144     57     36     -8     55     11     12 
  -123    -10     23    -57      6     65    -18     94    -16     21   -101     -9    -23    -57     -9    -32 
  -103     32    -26    -23     24     -3     39    -39    -74     -7     24     34    -27     -4      7     12 
   -77     22    -51     16     16    -25      4     -5     -4    -17     17     46    -26     11    -13   -119 
    -1     77    -32      4     55     47     17     39     -2    -66    -18     -9     -3    -19     -5      8 
   -10     85     -5     -8      4     -6     22    -50     34    -21      9   -109    -37     18     44    -85 
    33    -10     50      5    -68     23     41    -16     20    -50     -4    -23    -12     78      0     38 
     2    -41     16     21    -27     14      1    113    -20     16     51      3    -33     32     -7     -4 
   -26      8    -37     60    -78      0     29     45    -13     -1     -2     33     13    -28    -29    -17 
   -78    -38     -2    -85    -27    -11     -4    -91     -7     33    -19     33    -11    -26     28   -176 
     2     32     26      0    -31    -65   -140     29    -43    -38   -173    -24     28     44     -1    -45 
   -90    -74    -18   -134     -9      0     10   -152      7     45    -24     37    -61    -70     54    -15 
   -16     15    -56    -42     -6     41     32     33     23      1    -67      2     29    -50     75    -86 
   -27    -68    -35     49     -8    -99     30     43     52   -109     48     21    -30     59    -36     -2 
   -32     23    -39    -83     31     60     16      0     14     45    -35     18    -12      7    -40    -42 
   -24    -71    -42   -148    -22     12    -22     12    -72   -145     26    -44     72     37   -113     21 
   -20      6    -52     54     -7    -37    -40     -4     -7    -27     17      3     50    -13    -20    -77 
   -29     61    -12   -152    -19     40    -44      1      8      0     23    -22    -40      6     30     32 
    -1     47   -103     13     57    -36     17     14    -27     32    -27     14    -14      9    -70    -19 
    -2    -49    -56    -18     16    -33   -143   -160     39     -8    -73   -116      7    -86     97    -56 
     8   -101    -11    -79    -57     39    -27      1    -12     55    -34     31     19     55     46    -32 
    24    -48      9     26     11    -10     43     -7    -50      1    -81    -22    -37    -81    -29     23 
    16    -19    -50     52      9     44     12    -93    -59     -4     22    -39     29     45    -34     22 
   -75     31    -72     28    -70    -33     -7    -13    -13      3     -7    -39     21     -3     16     18 
    19    -14      5    -20     26    -17   -121    -70     -1    -30      5    -21   -140    -41     51      6 
    19    -76     -7    -19     16    -10      7   -167    -23     12     31      3    -87    -32    -73    -36 
   -42      2     61     66     30     -7      1     -8      6    -33     -1     25    -17    -45     30      8 
    15    -57    -25    -61   -128     11    -29    -79     12    -61    -28     68     37    -78    -31     60 
  -146   -146    -19    -40     17    -89      7      2    -45    -21     10     -4     45    -20     -3     23 
   -45     15    -12     35     12     -5     29     27     35     62      4    -35    -26    -38    -34      6 
    -3    -40     28      3    -95     38     30     -7    -60    -31     12    -83     28     34     15     -9 
     4    -17     -1    -17     29     46     -5      4    -38    -57      4      3    -14     -8     54     20 
   -60      3    -31    -33    -38    -12    -85    -35   -121    -13     42     12     15     12     -7      7 
  -115      6    -15    -33    -10    -46     -8    -36   -102     10    -15    -12      8      2    -17    -28 
  -108     -5    -61    -22     15    -83     25      9     -8   -130     19     13     34     36     24     24 
   -38    -13     56   -149   -175    -10     51     13     -7    -85     42     -6    -13    -64     -3    -99 
   -26    -51     16    -33    -55    -30    -11    -42    -41   -137    -20    -22      7      3     -4     71 
    48   -126     20    -13    -21     27     -7      7     -4     -9     12    -55    -91    -26    -49    -80 
    14      0     59      9     -4     36      4     23    -18    -16     18     39     60     47     18    -35 
   -16    -26     48     10      1     -1      4    -27     -5     -3    -77    -32     -7     32    -28      4 
   -48     -7     -7    -42   -105     73    -28    -93    -39     -6    -62     22    -19    -69    -39     32 
     7    -19      2    -48     41   -129     19   -127     39    -23    -27    -50     10      9     57   -112 
   -16     -7    -15    -16     -9    -48     28     18    -29     -3    -16    -13    -19     43     -4    -21 
     8     16     10     67    -14     24      6    -21    -35     26     -5     17    -24   -104     27     23 
     8     59   -109    -89     27     -2     37     19     44    -11     -9    -34   -111    -23     22   -103 
    48    -70    -54      6    -14   -106   -136    -52     17    -45    -10    -42     16     29    -23    -43 
    -2     25    -60   -110      6     -5    -23     -6     14    -48     55      0     -3     39     -2    -34 
   -90   -104     43    -58    -13      5    -60    -52     -2   -192     -9    -18   -114     -7     -4    -29 
    17     10    -34      5      2     53     52      5    -22     -5     -7    -54    -40     -1   -158    -57 
   -65      4     35   -116   -113    -40    -43     11     -1    -25     44    -32    -60    -15      9     52 
   -80      6     22      9    -55    -21    -12      6    -31     82    -21    -10     22   -140    -63      0 
     9    -43      5     36     49    -15     15   -143    -12    -14    -19     12     -4    -31      7    -32 
    21     29     21   -107    -12    -15     48    -15     47     26    -17     23     22   -142      8     68 
    30     -5     38     -6      4    -16    -15    -22    -23     21     -9     49     24    -43    -38     12 
     0     -3    -37     33     10     43    -96     39     -5    -43     17     14     24    -64    -12    -19 
     2    -38   -111    -54    -32    -46    -29    -49     20    -69      7      6    -34     18     41     -6 
    24     24      9     51     44    -34   -130     30    -54    -34     10    -44   -128      5     42     -8 
    47     25     36      0      4    -24     32    -31     17     41      5     -9      0     16    -70    -11 
    14     39    -73     18      3     46    -20    -19     -1     -1     -3     21    -30    -11      1     -6 
   -53    -23     -3     38    -46     11    -49     -9    -53      1     14    -94     48     38     23     39 
  -128    -93     26    -53     22    -32      4     23    -19     32     52      3     10      0     18     40 
    14     11     19    -61     21    -46     22     17     -5     24     29    -40    -21     64      9     25 
   -11     23   -113    -33    -90    -10     34    -44    -13      9     30    -72     30     56     22    -23 
     2      3     34    -11     14     25    -15     -5     14      5    -16     36    -15     29    -11      2 
   -40      9     28    -43    -11    -18    -80     53   -125    -27     10     35    -19     25     52      8 
   -80    -57      1     37     -6     60     -1    -65    -78      2    -10    -34     17   -101     41    -43 
   -48     -5    -24     -3     -6     75     42    -46    -42     13     -1   -134    -50    -64    -15     12 
    -2     20    -81    -85    -67     32    -14     31      4     -1    -29    -21    -43     -9      1      9 
   -29   -162    -16    -65      6     15     16     26     43   -143     37     46    -21     33    -13    -75 
    -8    -39    -28    -76     50     25     39    -37     10     21     23    -62    -48     13      8    -18 
    -4    -11     -1    -50    -50    -57     61    -11      3     23    -39    -11     10    -18    -12    -48 
   -31     43     47     24     11     -2    -27     41    -19     13   -106    -56    -10    -17     21     -5 
   -32    -61     -5    -95   -126    -41    -40    -73     72      8     -7     33    -23    -26     27     16 
   -14     -6    -18    -36    -31    -64      3   -152     -2     45      6    -28    -39     17     30    -83 
   -16    -25      8     52    -30    -11     -4     30    -17    -11    -30    -52    -20     18    -55    -28 
   -31      6      0    -69      2    -33     -9     47     -5     42      3    -29    -30    -65     -5     14 
   -39     23     82      8    -25     22     39     -4     22      6    -25     45   -102     -9    -20    -90 
   -37   -118     34    -14      2     -8      0     44    -32     10    -57      8    -23    -15     26     40 
   -20     11    -50   -111    -22     26      4    -68      1     64    -74    -46    -15     -8     39    -62 
   -95    -62    -49     24     16    -39    -62     27     -1     79      4    -49   -110     18     38     25 
    -5    -23     12     19     -2     13    -19     39    -45    -93     64    -14     12    -37    -34    -58 
     9      7     57   -151    -92     39     -8     38     20     21    -12    -34    -25     -1     46     28 
   -60    -13    -48     -4     30    -39    -40     30     36     -7     60     -8    -49    -54    -51    -32 
   -15    -52    -36    -49      9     -9     58    -91     23     15     -7    -49      7    -36     18     44 
   -40   -132     30     11      6     -9     24     -8     -9     -6    -33     15    -23    -40     19     -1 
    16    -79      7     25     10     -8     23     24    -89     25     64     16     23    -10    -95      5 
     5    -20     42      3     -3   -106    -10    -50    -39     -4    -25    -57    -40    -10      6    -15 
     1     26     46     -8    -85    -30     -1     -3     16    -27    -33      1    -12      2      3   -179 
   -28     12    -33     16    -32    -16    -95   -109   -101     -4     -2      0    -38    -29     38      8 
     1    -56     27      4    -16    -24     26     39    -50    -24      0     -5    -54     -8     -8     33 
   -60    -37     -5     -3     -3      7    -23     26     17     17     -3      2     12     -7      4     12 
  -107   -170    -18     19    -37     17      4     -1    -26     10      5   -105      2    -62    -16    -53 
   -38      8     25    -17    -11     -8     19      3      5    -17    -22      1     -3     19     -4     36 
     8      8    -29     23    -32    -31     19     48     -4    -13     38     15    -42      4     21      2 
    17    -23    -23      1     10     50     35     -1    -14     12      0     30     23    -30     -8     28 
   -24     -3    -94      0     10     26    -50      8    -15     28      2    -32     -8     29     -2      8 
   -46     13     28     12     29     12     -3    -81   -137    -27     18     19    -99     -9     -5     33 
   -55      0     39    -11      9    -37    -16    -64    -10     -8    -25    -31     -9    -41      6    -62 
    13     20     -5     -2     19     -1     12    -94      4    -48      2    -44    -27   -103    -45     -8 
   -73    -35     41     23     54      3     12     20     15     71     17     -5      8    -35      3   -131 
   -72   -139     -9      3    -11     28     29     -3    -29     -4      5    -20     36     13    -13    -22 
    -4     41     18      4      2     27     22     -8     -7      8     30    -54    -36    -12     26    -85 
    34     -9     19     32     25      1    -11    -30      7      3     33     -5      0     31     17     42 
   -23    -30     30     22     22      5    -75     54     17      2    -17     37     31     50    -15     -2 
    -8     29      5    -39    -34      9      9    -11    -45     21     51      0     30     18     14    -18 
     3     17     10     25     22    -38    -22    -13    -29     20    -29    -40     -7     44     39    -94 
   -15     32    -21    -29     16      5    -13      9     -2    -14    -98    -16     -9    -41      1     -7 
    34    -69    -37    -44     32     30     15    -75     16     27    -27      2     -3    -59     35      6 
   -40    -87    -66    -19     -3     -1    -31    -18     28     11    -29    -80    -61    -26     67     15 
   -91    -10      9     24    -30     -2    -12     -4     28   -132     25     58     18     -3     -3     -8 
    18     10    -56     -8      0     -7     -5    -21     19     39     -5     -1      2      6     -4    -62 
    42     -7    -29     -8      6      2    -64   -103     -1   -133     31     22    -26     38    -10    -10 
   -15    -51    -54     20    -20     11      3     52      4    -35     35     38      1    -62   -128      3 
    -6     21    -62     30   -144     34    -23    -28    -27    -21    -15     10     -9      4    -33     21 
    -8    -26    -52     10      6    -59    -14     -5   -131     12    -14     -1    -11    -34    -11     15 
     7     12    -10    -19    -47    -36    -26    -26     28    -15     12    -78     -6    -32     26    -25 
    17     30    -68     15    -36    -13     -4     36     90    -32      2     38     -3     44     20   -105 
    -1      4     25    -11    -13     15     54    -26     55     -1     21    -11     47    -62   -109    -34 
    39     -8    -33      9     27     -4    -82    -37    -47     -6     -5    -38     36    -50     43     57 
   -53    -38    -85    -22    -15    -11    -20    -31    -10    -39    -82     37      7     26     16     -9 
  -107     26     35    -18     17     -9    -53   -174    -17     24      1     31   -101    -13    -13     -5 
   -40    -22     57     -7     18    -18    -10   -108     28     -6    -26    -16     23    -16     41    -65 
    -5      5    -26    -23    -53     -4    -22     16     19    -38    -12     18    -50     37    -45     -1 
  -126    -77     11     13    -60      4    -27    -63      4      2    -73     32     22    -53     25    -89 
   -54    -18     12      7    -21     28     10     24      7    -15    -63     34      9    -15    -18     23 
   -39     53    -78   -115     33    -26     13     10    102     22    -17      2     54    -10     12    -80 
     3    -25   -108    -60    -72     22     58     27    -20     -7     19     43      1    -20    -19     50 
     7   -118   -115    -16     17     26     17    -21     34    -40     57     17    -20     11     15     22 
    29      0    -24    -33     75     33    -59    -11     19   -132    -11    -84     -1    -26     -1     23 
   -61     -5      8      5    -35     46    -59    -29     53     30     -2    -24    -40    -59    -49      3 
   -25      6     32     19    -35    -25     56     -1    -50    -23    -41    -35    -13     15     11    -57 
   -12    -18    -40    -32    -47     36     -1    -20     10     -6     15    -11    -22     -5      8    -17 
    -4     10    -43    -17      0    -44    -12      1     40     -7     15    -21    -11    -33     35     27 
    18     15    -18    -22     -8     -3     35    -58      4    -18      9    -29   -118     20    -43    -13 
    -1    -10      8     20    -74     -8     13    -22     24      0     -3     32     29    -48     12     24 
   -19    -66     15    -35     32     66     17    -58     -6    -17     16     24     -6    -18     40     -7 
     3    -28    -21    -96    -27    -56    -33   -158      6     -1     48     39     55      0    -53     -4 
   -45    -10    -23    -22     22     -8     71      4     12    -81      6    -32      1    -29     -3   -148 
   -17     52     -4     27     -8    -10      9    -10    -52     -5    -29    -26      4      0    -41    -11 
  -118    -19      4     38    -24     20     -8    -11     -7     51     -7     -4    -22      6     44     20 
   -18    -32     28    -37    -10    -22     70     -3     -5     42     33    -32    -43    -39    -47    -61 
   -79    -45      9     41     34    -40    -45      6    -31     22     39      2     -4    -27     -4     47 
   114    -12     29    -58    -37     15     13    -78    -22     47     16     -9     -6     40     -7    -23 
   -39     -6    -27      3    -20     23    -59     27    -20     33    -12     29     28     15    -19    -53 
    27      6    -51     50     -5    -48     -6    -53     16     -4     16     91     -5    -16    -25    -40 
   -31     13      8     17    -10     -4     -8     52     16     38     -7     18    -15     24     13     28 
    -1     18    -62    -35     -9    -58    -11    -50    -12     45     25    -35      5     -8    -56    -14 
    22     -3    -28     16    -96     -8    128    -10     36     56     -7    -34      1    -15     -8     20 
   -80     42     21    -49     -2     11      3      7     22     -3    -37     -5    -42    -43    -34    -94 
    43      9      6     -9     12    -29     74    -10     31     27    -30    -29    -31    -42     -8     26 
     6    -17    -52     28    -11   -101    -75    -47    -35    -10     20    -51      1    -28     43     46 
    28     19    -45     40    -40    -20      4    -14    -21     13    -10      8    -27     11     19   -118 
   -70    -14     32     21      9    -13    -91     25    -76    -49     34     25    -11   -106    -30     22 
    11     -1     36     59    -18      2     13    -32     -1     13     -6     21    -67    -12     10    -26 
   -64      3      5     -1    -17     12     14     46     -4    -63    -24     65    -17     -1     18     -6 
   -61    -31      0     38     29    -23     12    -68     -9    -13    -19    -95     -1      1     -6     -8 
   -63    -87     17    -14     14    -39     29     33     -8    -38    -10     15     47     13     -6     54 
     2     21     31    -74      1   -116     42    -22     20     -5     17     11     12    -39     -9    -56 
    -2     -1     11    -35     40     -8    -13    -24    -24     -3     -2    -51     27    -32    -10    -16 
   -15   -108   -143      6     26     28      2      8     26    -31      7     30      4     19      8    -10 
   -15     16      5    -53      7     38    -19    -27   -104     13     43    -44   -118    -58      2     12 
   -86    -62    -22    -47     15      1    -19    -23     21    -65    -36      7    -24    -40     -2      6 
   -20    -23   -109    -19     34     20     45    -24    -27    -21     36     19    -65    -56    -88     33 
    -3      9    -21    -11      1     -6     27    -28    -27    -81     52      2    -53    -28    -11      9 
    -9     -3     15    -72     -4      3    -51    -36    -83   -108     27    -26     18    -13      0    -14 
   -32      8     -7    -44    -15     18    -25     42     -8     18     19    -59     -9     -1      7   -142 
    45     30     14    -47      6     34      3      5      1    -12     16     21    -42     24    -33    -14 
    68   -101     13     30    -23    -19    -32     14     -3     11    -70      3     20     36     22    -31 
    15    -32    -32    -37     -7    -44     -7     -1    -46     -4    -19    -22     30     53     19     25 
   -16    -12     23     -6      9    -53    -39    -26    -11     -3      6     -3    -42    -45      8   -111 
   -47     48     32     35     17     39     -9      7    -24      4    -63     25    -35    -34     42    -16 
  -109    -30     22    -13    -47      5      5    -14     20      2    -56     16    -31     10     10     45 
    -7    -50    -65    -16     13    -36     -9    -59    -34     29     -9     -6      5      2    -32     -4 
    13     19     -5     10    -23    -22     -5    -24     42    -79    -52    -33      6     74    -68    -28 
    40     15    -57    -45    -12     32     -3     20    -36    -51    -30    -35     16     32     33     52 
   -99     -4     34   -101    -42      2     40    -46     -5     19    -14    -13   -136      1    -38     -4 
    23    -23      7     37    -11      6    -39     -6    -20      8    -27     32    -18    -89   -112    -43 
   -71     33    -17    -83   -115    -21    -42     25      3      6    -42     11    -40     -9      6      6 
   -30      4     -7    -28    -16     30    -46    -22   -113     20    -44     21     -2   -136    -66      3 
    -3     16     34     -9   -116     -5      5    -33     57     -7    -32    -32    -25    -33     17    -13 
     4    -30     66    -12    -27     19    -17    -35     13     10    -28    -44     13    -97     19    -74 
    12    -35     30    -46    -45    -21    -32    -30    -48     19     -5     63    -36   -142     16     -3 
    26    -82    -39     41    -24    -22      4    -93     85      8     -7    -35      4    -52    -29    -26 
    19     36    106    -15    -55    -90    -31     16     -5    -39    -66     -8     39     10     30     43 
     9     41     48     12      6    -38    -65   -154     24    -59      2    -89    -85    -69     10     26 
    45     -9     12     16     55     -7     21     67     -5    -33     24     28    -65     33     -9     49 
    -7      6     14    -42    -35    -57     33     11    -57    -27     10     18    -91     29      0      0 
  -138     27     27     39   -114     54     -7    -20    -10    -56   -127    -20     48   -104     21    -82 
   -70    -14    -33    -39     -3      3      9     55    -20      1     69    -33     71     20    -47    -26 
     4    -26     64     -6    -12    -42     53   -102    -14     34     24     23     14      6     54     12 
   -52     17      8      8    -29    -16      8    -14   -120    -99      2    -22      5    -23    -14     18 
    18   -164   -150    -20     19     30     -1      4    -21     23    -40    -25     60     76      3     16 
    26      8     48   -145    -17    -16    -15     44    -21   -104     30     21    -38    -54    -15     46 
   -33    -45    -20     63      5     11     35    -91    -15     47    -49     35     11    -50    -34    -63 
    -8     34    -33    -50     54     -5     32    -17     20    -15     69    -87    -43    -21     -7     49 
   -37     64     32     60      0    -22     39     70      2    -20     11    -63     33     22     -9     15 
    42     28     50    -23     12     38      4     85    -40     23    -16    -24     34     64    -73    -31 
    -3    -74    -61     18    -21     45      4    -17     -4     24     52     -8    -90    -44     72     11 
    63    -15     64    -11     29    -23     64      5    -38     -4     -4     10    -35     -1    -31     80 
    -3     54     37     25    -30     -5     15    -16     28     -7     26    -70     -3     23      1    -75 
   -35    -77    -30    -22    -84    -15    -17   -148    -11      2    -49    -41     -2     39     74     15 
    53     -8     21     32     39    -46    -12      8     20   -124      2     -7    -25     75     31    -79 
    26    -70    -10     25     30     -1     -4     48    -89    -16      9    -12      7     -8      5    -15 
   -53    -89    -33    -29    -29    -35    -42    -39    -22    -24      7    -62    -45    -54     71    -21 
   -47     -7    -39   -199    -38     44     -8      4     -1     -7      0     12    -39     -6    -34    -20 
   -86    -73    -68    -12    -26     33    -24     34    -31    -51    -61     28      8    -27     27      8 
   -81     39    -35     15    -75      8      1     -6    -34     34    -11    -42    -14     22     39    -11 
   -64     20     20    -47     40      5    -46    -41     -9    -25     -6    -42    -43     -6     14   -101 
   -86    -33     12     31    -13     44     21     42    -69     -9     47    -42     -6      6    -19     52 
   -31     -7    -18    -60    -11     75    -51    -52     -7    -48    -24      3      6    -27     39     14 
     7    -21    -73     20    -47    -24    -26    -35    -30     72     33     25    -69    -68      6    -36 
    -9    -19    -20    -46     33    -38    -50    -12    -30    -68    -49     19     -6    -29     45     -5 
   -38   -107    -54    -29      8    -39     -8     28    -29      5    -27     30    -52      1     29     -4 
     3     17     20     16     -6     25     15    -13    -38     -7    -36    -12      0     26   -104     -9 
    32      6    -64     -8     28    -57   -101     39     -3     18     22    -52     18     -6     13    -28 
   -37    -19      0     -1    -72      6     -7    -41    -29     10     -7      2    -53     20     -1   -128 
     9    -17     -4     10     25     16    -83    -53    -94     36      2    -14     41    -56    -17     17 
    19     -7    -14    -45    -38    -30      7    -19    -31     20     -1     13   -109     11      7    -37 
   -65    -34     -7     -5     23     22    -38     30    -14     -6      1     58    -18    -46     -9    -20 
   -81    -78     22    -16    -38     -7    -17    -29     -8    -28    -31    -82      3     38      5    -16 
   -33     -9     26     -9      0    -31    -17     12      2      6    -26    -33     18     -5    -36     30 
    44     10    -49    -85      4    -16     23    -10     19     18     -8     15    -22    -69     -4     -9 
   -11    -17     23     33    -30    -14    -14     -3      4    -17     38   -104     14    -16     -3    -13 
    16     -8    -97    -31     61     31      0      5      4     14     12     11    -23    -60      6     38 
    -6     28     -1    -12      1     49     38     78   -143     -4     22    -37   -178     72     14     17 
    -7    -50      9     -2    -21     38    -13    -37     -8     23    -18    -22     -7      0    -15    -31 
    31     11    -66     26     -4     28     22     11    -62      3     -8    -27    -69    -81   -111     -3 
   -89    -27    -21     17    -23      7     33    -10      0    -52     33    -50    -30    -18     16    -46 
   -28    -86     35    -15    -35      8     30    -24    -18     -1    -12    -36     12     13     -6    -46 
     7    -36    -30    -25     28     26      2     28     40    -10     21    -29     44     23     -1    -50 
     3    -13     24    -42     10     78    -11     17      0     16      5    -27    -36     10     -1    -28 
   -60    -37     16     12      5     -7    -21     -1    -13     29      3     92    -15     10     15      2 
   -51      4     17    -58    -17     11      9    -25     22     14    -81     57     41     -1     23    -27 
    27    -26     27    -39     31      1    -13    -23      1    -18    -35     16    -33     12     10   -147 
   -22     19     -1     11    -19    -27    -35      4    -24    -38    -29     17    -44     36     -8    -18 
   -60    -76    -17    -19    -10     30     13     13     22    -10     -8     -2    -14    -18     15     13 
   -13     76    -52     -9     34    -30     -6     20      0     21    -61    -59     13     12    -19    -21 
   -37     17    -33      4    -47     -5    -13      0      6    -81    -60    -16      0    -56    -19    -37 
   -15      1     18    -11     -3     38    -19     -5    -17      2     -9    -24    -45      7    -22   -106 
   -35     15   -120    -28     20     46     15    -11    -14    -77     14     13     47    -17     19    -80 
     2     23      6      1    -12    -28     -5     17     -5     29    -38     -4     -8    -88    -64     -8 
     3     10    -78    -53   -132    -18    -70     49    -25    -13     -6     21     20      0     19      8 
   -21     21     27     -3    -52     -2     -7      8   -102     -8     -3     16    -50    -62     23    -42 
    -2    -12     17    -18    -77     -7    -57    -13      1    -13    -73    -85    -16    -35     17    -41 
   -16    -61     -3     21      6    -30     25      1     38     -9    -67    -11     24     14     17    -85 
     2    -46      7    -22    -39    -35      9     10    -31     -2     -8    -67     33      0      8    -48 
    13    -29    -97     14    -25    -41   -124     10    -24    -21     21    -74    -18      2    -37     10 
    15    -12     11    -26     51      6      9     -2      9     20     -4     -4    -19    -28     52   -161 
  -143    -19      4    -15      2     -2      8     -5     45      1     19     28    -21      0     21     10 
    40    -67    -31    -29    -16    -24     18    -45     26      1    -23      0    -85    -38    -71     -1 
   -26    -14    -31    -36    -22      7    -16      1     -3      5     20    -17     25    -17     19      2 
    -7      2     28    -23    -59     34    -22    -18    -51     22      9   -174     29      7    -10     16 
    -7    -52    -10    -78     -4    -16      2     46      9    -32     28    -47     -8     34    -40     16 
   -30      6     15    -98    -63   -112     10     47     -5    -13     14    -25    -14   -126      0    -14 
    -7     11    -93    -40    -54     30     25     -6    -38     19     15   -101     15    -16     -6    -13 
   -33    -26   -173    -25     16      5     13     23      5     14     -6    -33    -20     22     23     -8 
    13     23    -39   -115     30     33     37     10   -104    -21     28     19   -123     14     -2     11 
   -66    -99    -30     84     12    -32     -7     48     42    -56    -35     11      1    -47     23     -3 
    -4     29     88    -30     15     11     67    -50      2     -2     36    -65     64     12    -68     15 
   -16     16    -30     30     20     -3      2    -29     -6      0      3    -23     24    -26    -24    -18 
   -33    -94     53   -107    -18    -63     13    -17    -25   -155     18    -34    -10     17    -10    -32 
     4    -79    -18     28     -7     42    -23     -5     16     19     40    -17     26      8    -18   -106 
    28     23     -1     42     27     33     28     -5      6     43    -17      4     37     -9    -14    -16 
   -14    -75     32    -39     16      6     -4     53     -4      3   -115     35    -13      3      5     18 
    43     -7    -12   -104    -46     33    -69    -70    -21     11    -51     -9    -29     28      1      4 
    -5    -35     10    -42     15    -14      6    -40    -18      3    -33    -30    -46    -34     16   -120 
   -27    -45    -17     49     13     43     20     11     -6    -47    -63    -35    -47      1      2    -22 
   -93     15    -16     10      6     46     16     18     16      1     11     -8    -17    -33     27     -5 
   -49    -62    -69     -1    -33    -26     45    -23     25     55     -9    -31    -76     -8     32      2 
     0     20    -10     35      3     35    -25      6     -8    -80    -41    -35    -17    -51    -28    -39 
     7    -24    -26     66     -5      9     26     17      7      3    -16     13     13     30     10    -81 
   -98      2     -2    -90    -21      6    -39     57     26    -37    -29     -9    -88     26    -22      1 
    11    -27    -53     34     -7    -12      4    -14    -53    -12    -76     39    -10    -99     10      8 
   -49     12    -26    -36   -101     24    -62    -28    -17     11    -12     -2     22    -13    -24    -75 
    23     15     25      2    -77    -26    -62    -50    -93     11     -2      8    -42     21    -95    -22 
   -25     25      7      0   -104    -30     23    -33     21    -31    -45    -32     20     -9      4    -33 
   -22     53     -1    -36    -43    -51    -54     52    -24     30    -81    -46     17    -39     15   -106 
    -1    -11    -34     26     22    -37     -4    -29     18      0     18     -2     42    -43   -190     54 
    15    -44      8     10    -18    -47    -76     -9      4     -8    -55    -54     13     10     -4    -12 
   -10    -11    -15     11    -30    -41    -32    -23    -76      2    -57    -16      1    -23     19   -151 
   -52    -15     29    -18    -11    -17     32     53     14      1     21    -18    -74    -11     -6     22 
    41      5     14    -13      4     52     30    -78    -11      9     25     -5    -20      7     39     43 
   -52      8     35    -24      0      3      2     37    -70     11     -4    -23    -17     -6     -4      3 
    18     22     15    -21    -61     23     38    -64     -1    -29    -13   -144      5   -120    -38    -48 
   -46   -128    -36    -42    -26    -26     45     18    -58    -16     30    -15     26     39    -39     24 
    23     -2     -5    -38    -25     -9    -10     -1     18    -11     51    -29    -16    -64     12    -23 
    20      9   -134     -8    -65      7     -8    -44    -37     35    -17    -13    -36     -9    -15     -3 
   -20    -16      3    -54     53     36    -18    -61    -55    -56    -11     -6    -34     13     10     10 
    -8    -28      4    -32     44    -81     -6     27   -118     -6     15     -7    -15    -30     41     39 
   -44    -26    -26     78     -6     17    -15     -6    -27     27     -5    -17    -12    -26    -19    -11 
   -22     -6    -94    -48     -1      6      3    -52    -35      6     -7     80     39   -116     10    -29 
   -43      7   -104   -101     33      3     17     41    -12    -73     10    -22    -28     38    -17      2 
    22   -117     -1    -86     -1     32     30    -39    -23   -135    -18    -56     -1     46     -6    -14 
    39    -31    -39    -11     10     28     45    -15    -21      6     19    -45    -66    -27     -7     45 
    -9     -9     32    -27    -16    -35    -10     38     -8     45     13     11    -16     55    -49     -2 
    51     29    -40    -12      8     34    -24    -30     22     40   -123      7    -42     28    -34    -31 
    -2    -32      0    -89   -182    -17    -20   -107    -69      9    -24     19      8    -43     -2    -35 
    16    -14    -15    -24     -1     43     20   -176      8     19    -26      3    -54     33     42   -105 
   -37     14      6     66     75    -72    -19     39    -76    -49    -49      8     -7    -11    -42      3 
   -67    -20      5   -101     82     42    -60      6     65      4     45    -27    -26      2     21      3 
   -48     28    -38    -64    -21    -34     -9     18      9     -4     -7    -90     26      3    -34    -66 
   -78    -41    -40     58     31    -58    -38    -59     21    -44    -18    -32     26    -34      7    -32 
    22      3    -33     34     -7    -11    -67      4    -46    -45    -44     -7     -8     10    -11    -45 
    -6    -70    -94    -48     -4    -40    -47     19    -13    -26      1     24     11     42     17    -88 
    23     -6    -86     11    -40    -39    -43     -3     -4     -5    -30     61     -7      1     17     45 
   -44     12   -142   -126    -18     18     35      5     -4     23    -37     -1     24      8     -6     26 
   -29      4    -93    -35     -1     -1    -18    -66    -79     55     33    -26    -19   -118    -20      8 
    23    -78     12     22     36    -32     15   -101    -33    -12    -72     15     31    -16     18    -18 
    -3      0     59    -43    -20     28      7     24     -7    -14    104      2    -30    -88    -14    -28 
     9    -54    -29      3      9    -19     -6      9    -70    -51     26    -10    -56     22    -76    -10 
     5      7     18     -2      4    -54   -131   -131    -37    -42     21    -45     46    -19    -16     12 
     9      6     -7     17      6     -4     35      6   -124    -25    -18     -2     35     -4    -72    -37 
  -100     -4    -39     17     22    -10     76    -65     -5      6     18     -1      8    -51      2     -6 
    13    -70     15      0     -6      0      8     72      3     12     10    -30    -79     -6    -50    -66 
   -64     28      2    -25    -37    -25     13     11     22    -61    -25    -18     10     14    -38    -13 
    -2   -103     -4    -22    -58     28      9     18     38     -1     -5      8      1     42    -18     66 
    11    -36    -19     14    -81     74     45     10     60    -56    -51    -20    -20     28      4     -7 
   -45     12    -36    -76     14      1     19     13    -67     -2    -23    -32     70     25    -27     -7 
    17    -55    -21    -47   -128    -43      9     15     52    -34     34    -47     39    -34     -4     23 
   -12    -32    -49      5     -9      8    -39     13     10    -22    -15     11      2     -5     26      3 
   -33    -48    -20    -38    -79     40      7    -46     22    -39     -7     45    -16     38    -49      9 
   -18     -3      0   -103      0    -84     21    -51   -128     49     -3      5     -1     48     43     32 
    15     25    -27     28    -23    -95     10     57    -64     -8    -38    -22    -14     17     14    -20 
     8     16     30      9    -30    -26     10    -47    -48    -85     28     56     15    -61     64    -10 
    28    -31     39     81     29     24    -46      6    -10    -71    -41     34      5    -35    -15    -71 
    23      5     40    -40     -8    -28    -38    -72    -11     44     31     51     39      9     -3    -21 
     6     -9      1      4     -6      7    -27     -2     51      7     80    -15     54    -17     18     23 
   -44    -47      4    102     30    -98     28    -21     30     82     -6    -49     -1     31    -16     10 
    14     -4     -5    119    -31     41     -7   -110    -21      4    -29      8     10     -3     68    -16 
   -41     77    -15   -114     18    -73    -66    -18     17     -2    -13     32    -20      2     -1    138 
     4     29    -10    -38     29     13   -106    -17     25      8    -28     10     51     11    -61     24 
   -16    -11     48    -63     21     45     14    -19     10    -16     -1    -32    -22    -19    -27     23 
    26    -46    -87     -7     23     20     13     30    -35     11    -10    -52     41     28    -59    -19 
   -40     -1     13    -44     66     17    -16     46     -5     41    -83    -41     52    -52    -15     12 
   -23     -9     12    -92      1     18     48     25     22    -61    -32     17     -3      1     26     12 
   -51     -8    -49      8      3    -26     31    -40    -13    -74     27    -11    -37      3    -25     22 
   -24     21    -23    -12    -26    -23     24     73     12      5     28     12      0     23     -7    -28 
    21     25   -132     10     29     67    -43     14     11    -26     21    -19    -30     17      4     17 
   -20    -13    -91     14    -15     54      8     23     10     -5    -13     35     37     11     -4     38 
    15    -13      7    -33    -96     -2    -85     34     14      9     39    -63     23    -14    -34    -27 
    35    -39     21    -58    -12     -7    -73     18     42    -31    -30     26     15     16    -48   -187 
   -50     26     -4    -35     -3     21    -14     16     20     17      9    -41    -19      6   -163     21 
    27    -73    -19     57    -13     10    -53    -88   -118     80     25    -86     21    -67     15     14 
     5     -2    -98     -6    -47     28    -41     38    -46     10    -50     19    -23     -1     57    -31 
    75    -15     13    -16      1    -70     40    -11   -129     32      0     -1    -81    -41    136     19 
    -2    -19     81     63     23    -45     30    -58     26     53      5      4    -31      4     12    -77 
     7      1    -46     29     44     22    -46     39     23    -18     55    -79     10      8    -32     46 
    49     29     11    -29    -62     10    -44      0    -20     -1      7    -42     19    -29    -18     17 
    -8    -37     19    -55     -7    -22    -32     13   -101    120    -21     30     26     20     56    -17 
     7      9      9    -12     20    -28     31     -7     -5     13     12    -53    -41     -4     -9    -44 
   -60    -25     15      4    -67     47      9      6    -18     -6     55    -42    -17      0      3    -44 
   -37   -175    -26    -21     69      3    -36     40    -18    -53      3     26     15     14     -5    -43 
   -36     52    -14    -22    -20     -5     43    -23     75   -110     38      1    -58     13    -49     20 
   -43    -44    -16    -32    -16     13    -21    -81    -66    -40    -46     13    -22    -83     -7    -69 
   -46     24      6    -53     26    -31     42    -33    -65     -6     18    -50      9    -74      9     43 
    19     59   -156     22     22    -38     -6    -10     -2     98     61    -20    -62     14     -9    -83 
   -39    -34     35    -70     39     34     19    -33     58   -124    -20      3     40    -27     21    -89 
    12    -39    -16     15     15     42     13      0     -1     10     14    -77     -2     32    -68    -97 
    27     -8     55    -23    -31    -22     -1     35     39    -40    -15     11    -30     38      8    -47 
   -23    -74    -14    -31     11     15    -44     44      4    -37    -82     36    -27     50    -32    -49 
    -5    -60     22      4   -134    -44    -11    -75    -57      3    -55    -19      0    -28     22      2 
   -40      0    -33   -109     76     31    -36      0      6   -131    -15    -78    -13     26     27    -69 
    83    -23     27    -38     -2      9      0     63    -90    -10    -67     -1      8    -36    -20    -24 
    79    -49    -17    -56     65     46    -15   -111     27     50    -18    -32    -34      7     47     53 
   -16    -16     95   -109     27     -6     23    -13     11     72     13    -50     -3     13     17   -152 
   -75    -10      5     58     -3    -15    -37    -38     11    -43   -109    -12     39   -113     -9    -34 
    35     -9     28    -86    -19     -1      3    -28    -18    -17     -3      7     -1     36     22     -7 
    15    -28    -20    -56     44     15   -112    -62    -30     75    -46     25   -121      3    -70     26 
    64     -9    -64     20     -8    -55     -5      0     12     59     10    -25    -12    -38    -13    -65 
    23    -11   -108    -50    -23     30     13     13     23    -39    -40    -43     -2    -34     33    -58 
    -1     37     -5    -29    -37    -49     44    -44    -66     30      5    -23    -51    -72    -13     26 
   -37     49    -71     24     33    -54    -18    -89     -7     32    -32    -41     18    -90     18    -26 
     7    -59     15    -35    -32     -2     -5     12     -1     17      4      7    -64     18     13    -89 
    31    -53     21     16     23     21    -20    -11     21      6     12     -7     -7    -52     15     -5 
    32      6    -32     48      5    -84   -139    -48      7     10     -4      4    -35    -25     19     -5 
   -71     -2    -32    -22    -74    -29    -39     28    -29      3    -24      7      1     -1     19   -190 
   -58    -14     51    -30      5    -35    -66    -51   -109    -27     18     41     21    -86    -11     23 
     1     -7     12      6    -12      3     45    -44    -48      0     -1     23     31      3    -12    -14 
   -60    -10     -2      2    -11    -11     14     15     49    -69     -4      8     39     37     58     -5 
   -55     11     15    -11    -14    -23      6     34    -32    -10    -37    -85     56    -62    -25    -55 
     2    -88      3    -51    -14     31     -5     13     16    -38    -65    -31     28      1     51     24 
   -14     11   -106     30    -29   -148      4    -21     36    -27     18     52    -26    -42      7    -38 
    -5      3     15     18     14     -3     15     16     -2     37     61   -114     -2     18      4    -45 
   -15    -74   -138     14     25     40     -8     -2     24     -5      3     25     51     64    -10    -23 
   -47     11     45    -13      7     29    -48    -57    -45    -20      9    -36   -142    -29    -28     10 
   -66    -18    -13    -27     33    -54    -36    -28     -6    -72     18     50    -29     18    -39     14 
    -8     29    -15      4     18     31     12    -43    -19     35     26    -70    -11    -94   -108     -2 
  -111     52      4     16    -22      6     38     13    -19    -70     24     -8     -8    -26     -1     12 
   -14   -122     46     -6    -19    -27      9     -4    -43    -21    -11     -9     58    -30    -27      9 
    23     18     10    -27     42     49      8     49    -27     15     27    -86     -2     21     -4    112 
     8     17     19    -30      2    -26     24     45     -3    -25     42     -1     35     36    -17    -13 
     6    -50     28     -4    -41      8     37     -3     23     -1    -22      4      9     50    -15    -30 
    -3    -32     11    -31      3     36     -6     18     -2     -9    -40     -1    -26      4     -1    -13 
   -20     21    -11    -52     36     24      3   -115    -12    -41    -39     18      0      0     36    -76 
     9     -8      8     22     73    -16      8     16    -39    -23    -26     -1    -13    -48     15    -21 
   -97     22     -7     22      0     10     32      6    -35     59     29    -49    -31    -68     62     54 
    -1    -85    -25    -11     -1     -6     18    -35      7     13    -13    -53     -4    -37    -47      4 
   -44     -8     33     23    -14      5    -26    -32      8    -82    -73    -23     65    -13     12    -27 
     3     16    -49     14      7     33     -3    -17    -32      6    -27    -32    -11     36     -2   -144 
   -26    -13      6    -90     -8      4     -8    -36      2     37      8      7   -101     25    -48    -94 
     2     -7    -41      9      0     -9     40     43      0     -9      3    -40      8   -105   -121    -10 
   -72     77    -33     56   -102      5    -15    -36      5     14    -64    -13     38    -28     21     -8 
    -5     -2     39     28     37    -39     -4    -28     78     11     23     -1     17   -119     15    -47 
   -21     -9    -28    -38    -92     -1    -72    -77     -9     51    -71    -25     38   -126     28     -4 
   -44    -49     13     -6    -65    -48     -9     -1      0     12     -9    -77      3     -1      1     -2 
    27     43      6    -75     -3    -19    -61     -8    -34      1      3     22     26    -74      8    -13 
    40    -24      6     29    -47     34     14   -113    -78     32     36   -109    -10   -103    -30    -42 
    23     18    -75    -51      3    -62    -51     42     21    -34    -87      6    -11    -15      2    -49 
    18     -4     22     -1     43    -50    -47   -102    -19     -7     52     19   -102    -16    -11     17 
    50    -34    -19      7    -19      4     41    -59     39      8    -36      5    -13    -26    -31     24 
    41     31    -34     73      2    -40      0     41    -29     14      1     18    -58     25     31    -11 
   -76    -95    -18     -3     16    -16    -91    -37    -23    -78    -89    -28     64    -46      2    -44 
   -42    -83    -50    -93     35     -5    -17      9    -44      2     33     33     11      6     55     28 
    13     27     76   -104    -16    -13     13     14      7    -41     24    -34      7    -26    -38     23 
    13      4   -135     -9    -93     15     -7      1      7     25     63    -37     -4    -26    -42     39 
   -19   -100   -108    -27      0     48     26     -7    -29    -28     20     57      0      2    -15     -6 
    21    -27    -24     13    -32     -4     -5     42    -60    -17     22     -6    -52     51     27      1 
   -53    -23     -3     68     12      4    -17     25    -11     36    -24    -45      3    -45     -5      9 
   -21     38    -95    -52     20    -36     53    -43     11    -30     42     68     13    -30    -55     68 
   -24     21     15     11     -5     12     41     22     -1     13     25     21    -12    -12    -16   -110 
    29    -67     11    -87     45    -51     -3     43    -12    -99     27    -34     -9     31    -35     46 
    42    -85    -38     37     62     21    -11      4     20    -29     34    -44    -78    -33    -64    -21 
     4      7     19     18     55    -82     23     -9    -55      5    -35    -10    -19     14    -50    -10 
   -13     59    -31      0    -13     27    -50     83     38     -6      1    -15     29     38     35    -37 
   -38    -22     24    -51     -8     19     35    -59    -56     20    -46    -37      3    -24    -24     17 
    23     69    -15    -85    -12    -38     -1     -2      7   -118     10    -46    -53     -1     57    -92 
    55    -19     36      6    -20    -15    -46     51    -97    -20    -34    -40    -34     26     20     13 
   -56    -74     -5    -91      0     -8     -2    -50    -12    -13     -9    -88     -5     22     35     -1 
   -14     -2    -47    -11    -36    -25    -72    -39     -7      4     26    -69    -12    -51     12    -12 
   -90    -22    -13      9     23    -31    -81    -17     64     26    -43     -9      3     11     61     11 
   -12    -14     42    -93    -54      0      0    -51    -43    -20    -34    -31    -11     18     13     19 
    20      2    -64     -9    -66     22    -44     11    -35    -35     24     39    -17    -15      0      7 
    15     16     35      4     41     -8    -30     45    -42     -4      5    -40      8   -141   -102     43 
   -35     84    -74    -34     -2    -26    -15     -1      8    -27    -76    -33     60     -7     25     42 
    20      5    -24    -16     28    -53    -26      4     49     46    -30    -14      8      7     38    -11 
   -43     -5     31    -14    -93    -38    -51      7     -5    -51    -31    -19     34      4    -17    -49 
     8    -55     -7     34      7    -42      5      2     18      9    -36    -28      5     -9      8     36 
    20    -61     60     14     -9    -26     44     11    -53     -3     32    -25    -29     -4    -10     -8 
    17     15     13     38     14    -62     57     64    -10    -78     29    -20     50    -39     -4     -4 
    47    -22    -69    -36    -55    -38     -5    -48     34      1    -31     15     -7     58     15    -13 
   -29     -1      4     49      9    -58     -7    -10    -16      3      4     11     16     33     -2     52 
    14    -47      3     -9     13     -1     18    -81      9      3      8    -12    -24    -37    -13     45 
   -47      5    -24     19    -47      2     23     52    -29     22      6    -26     18    -31    -33      1 
   -10      0     19    -88   -113     96     69    -29    -31     22     -2    -40     59    -69    -18    -13 
   110   -122     63    -30      3    -74     23     28    -53     10     -4    -17     21    -17     13     30 
   -43     21    -47   -127     46    -72     48    -20     47     -2     17    -62     21    -27     -3     40 
    -4    -12   -108    -19     97     43     43    -23     -5     20    -38    -72    -24     15     -4    -75 
     0      6      3    -46     25     32      4    -74    -35    -14     -6     15     21     74    -27     50 
   -14      3     31    -14     -3     39    -81     12   -107    -22     53     18    -47      5    -12      6 
  -127    -56    -44      2    -25    -64    -19     18   -112     40    -51    -21    -38    -47     44     21 
  -140     55    -37    -22     11    -62     27   -113    -50    -65     76    -27    -49    -44    -17     -1 
   -17    -33    -85   -122   -155    -14      6    -11    -57    -24     65    -49     -8    -49    -25   -106 
    22    -65     65    -41    -24    -31    -26      3     -1    -22     -5    -22     25     25    -16    -14 
    19    -91    -37    -16     -6     56    -31    -27    -27    -18     51    -75    -33     15      0    -90 
    59      6     51     -1     14    -14    -19    -20      0     12      8    -33    -19     32    -29     81 
    50      1     44    -13    -41    -34    -35     21     -7    -11    -97     26      0      9      1    -40 
    -2    -56     -5    -10      1    -87    -39   -101    -73     11     67     30     44      9     20      2 
    50     23    -26    -70     32    -55     18     31     20     23    -40    -41    -44     50     49    -70 
   -75    -10      7    -29     21    -73    -18     43    -10    -45    -92     -7    -25      3     19    -47 
   -62     -2     38    -48    -23    -11    -30    -61     27     14    -38    -39      4    -67     47    -17 
    -9     15   -103   -100     33    -18     21     15     -5     -9     21    -20   -114    -21     16   -112 
    -3   -104     19      0     40     -5    -70    -77    -22    -58    -59    -22     60     38     -2     -3 
   -28    -25      5   -111    -41     -9     19    -27    -33    -14     -6    -12      5     -8     32    -37 
   -22    -86      1   -141      0    -22    -65    -45    -40   -133    -26    -53   -147     12    -25    -44 
    12     20    -53     22     39     16     -5     26    -45   -101    -37     16     16     44   -151    -50 
    12     60   -126   -117     58     14     32     39    -32     19    -40    -35    -37    -21     26     -6 
     6      4     19    -16    -60    -39    -66   -119     54     21    -15    -13     19    -51    -70      8 
   -53    -96    -63    -27    -38    -74     27   -158    -16      4    -27    -37     36    -48    -11     -9 
     7    -41     28    -53    -31     -9   -105     25    -34    -14     -8    -76    -38   -236    -31     24 
    10      9     28     -3    -22    -42     -5     -1    -47     64    -18     11    -32    -51   -138    -46 
    44      8      3     69    -22     10     44   -107    -16    -25    -14    -63    -14    -69    -26     56 
   -57      1    -44    -37    -42      1    -36    -62     64    -21      8    -49    -29    -33     14    -19 
    50     60     16    -39     32    -39   -135    -23   -136    -36      2    -27    -40     -7     46     20 
     7     -9    -39     90    -31     -5     13     28    -27     11    -27      2    -27     20     56   -110 
   -42     55    -42     40     38      7    -15     21     -8    -30    -22    -14    -23    -63    -33    -30 
   -98     69     20    -55    -72    -53      8      7     -7   -104     44     30     46    -91    -16    101 
   -57    -75    -46    -26     35      7     32     26    -59    -18     12     -1     40    -17     25     49 
   -24     54   -112   -152    -17    -83     43      5    -24     22    -17    -76     16     25      9     12 
   -49    -23     -3    -40    -41      3     34    -33    -20      3     -1    100     24     69    -40    -60 
   -25    -24    -97    -16     19     15     10    -37     62     26     10     45    -21     58    -54     -4 
    48     28     10     -7    -34    -10    -39     10      7    -64     33     -2    -90     -9    -20     47 
    28    -61      4    -30     13     37     -6     28    -79     14     17      5    -24    -44    -39    -50 
   -34      4    -19     24     75     -1     23   -180      0    -93     46    -40    -23    -41    -15    -38 
   -33      2    -51    -45    -97    -26     40     40     -1    -39     24    -37    -20    -64    -51    -95 
   -28     53    -21    -26     27    -55     43    -22    -46   -129     -3    -36     -6     13    -28     38 
   -40     71    -34     68     19     46    -37     52    -22    -22      6    -61    -48     -3     62    -76 
    47      0     45    -30      2      8     18     29     -6    -78     29     16    -35     36    -47     25 
    -3    -15     56     53    -86     11    -18    -26     27     28     -5    -55     10     40     11    -36 
   -12     -4     26   -106    -91     25     47     53    -49     21    -27      9    -13     -6    -51     -3 
   -23     -7      1    -31     -6   -109     54   -120    -21    -80    -39     26     -9     27     22    -83 
    60      2     50     56    -16      0     25     27     12     -4    -15     -3    -21      3     -7    -61 
   -57    -27    -12     16     60    -20      1    -95     26     15    -66    -70    -38    -85     15     32 
   -18    -11    -76   -125    -25     24     18    -31     27     33     25     53    -66    -54    -39   -137 
  -128    -81    -26     23    -40    -24    -16     -4     17     -6   -105    -29    -52    -45      8    -35 
    30    -28    -21     95     71      0     13    -53    -24    -11      4    -13      9     12     26    -26 
    -4    -62    -34    -33     43     18    -48     14    -32   -133      1      3    -54     22    -13     17 
   -23    -48     26     29      9      5    -59      8    -38    -54    -29     85      2    -17    -37    -89 
   -93     11   -146    -12     17     15     -4    -17    -30    -32    -61    -45     39      9     -4     24 
   -47     11    -63    -17     32     18    -26   -115    -67     24     -7      9     15     -4    -50     16 
    -1   -140    -98     -8     14     -3    -23    -37    -37     10     -2    -50    -14    -14     27     35 
    15     -9    -10     -1      8    -29     -4     -5    -40     20      3      3      3    -10     16     -2 
   -10      0     -1    -51    -16      5    -18     -6     16      7     18      4      2      1      2     13 
    12      2      3     -8    -16     -1     -6     10      0     -1    -17     -3    -33     -8     -9     34 
     3    -12     -3    -23     49    -44      4     19     -7     13     -3     -2    -20      4      7      6 
    -4      3     -4    -36     13      2      2     -9      8    -20    -14     -3     -4     -1     -1     28 
    -4    -14      0    -14      5      7      5      4     -5    -21     -7      2      5    -87     12     11 
     4     -2     -8     12      3     11      1     26      0      6      7     15     44    -25      2     -1 
     0     -1     -5    -16      3     12     -2      7      2     -1     11     -5      7      1     21      1 
   -19    -10     12     -3     -1     -4    -10     -1     -6     -8      0     16     33      0      7      2 
   -13    -18     12      9     53      4     60    -48    -28    -12     -1     11    -11     -2      2      6 
   -24     -9     -7      3      1     24     29    -16      2      3    -32     13     15     -9     61      3 
   -56      5    -10     12     10     17      8     -3      6     21      6    -15      6      3    -14      8 
    -7    -37    -18     -1     -2      4      3     11      5     12     -4      8    -10     -2    -10     53 
     1    -11    -32     -4     -6      5     18      3     -6    -14     15      7    -13     -1    -11    -14 
     1     -1     -3      7     13     21     -2      5    -16     -5     -9     15     -3     -4      5      9 
   -45     -8     -1     -9     10      1      3      4     -1      0     -5    -21      8     11     14      6 
    17     12    -22     12     10    -22     12    -18     -4      0      6    -12     20     16    -84     -4 
     1    -21    -15      2      1      1     -8     -1      2     -2     -3     -4      6    -43     -7     -2 
    13     -5     -4    -12      0     -8     10     27    -23     26      6      1    -17      1     48     -1 
     0    -14     -4      0     33     12     12     -9    -21     10     -4      7      4      4     -8     40 
    10     25     11      0      2      6     -8     -7     23     -1      3     15      3      2     -1    -14 
   -16      3    -36      3    -12     -6      8      0     27      3    -16      2     21      7     10     -6 
    47     11    -96    -20      6      0    -13    -13     -8     34     14     -2      9      7    -11     -9 
     9      3    -21     13      5      9     55    -14     -8     -3     -5     20     17      2    -18      1 
     1    -12      7     -6     -7      3    -12      1     13    -21     25     -1     -6     -8     18    -23 
    -7     14      2     -6     19    -28      4    -17      0      9      3    -12    -11     -1    -19     57 
    -3     33     -8     -4      9     10      1     -7     59     13     10      0     14     -3    -19      7 
    -6      3      4     10     21    -10      6      1     48      4     49     -1     -1     -2    -28      1 
     3    138      3     14      1      9    -48     15     -2      6      7     -1     14    -12     -5     26 
    -6      0      0     -7      5     -1     -8    -19     11      8     -8    -25    -16    -13     -3      0 
     4    -87      1     24      7     -1    -24     -6      4     -1     19    -16    -12     -8      5     12 
     8      3     -2     -7      0     45      7     -1     -7     14     -8     -1    -10     -6     -3    -14 
    -1     10    -18     -5      2    -31     -6    -27    -35      9     14      3    -46      5     12      4 
    46      1     32      9     16     12      7      1     64      9     38    -11     16    -10      3    -11 
    13      4     14     44      5     18     -2      8      4     -5     -4     10     33    -15     19     11 
    -6     10     -4     26     -5     -8    -20    -14      4    -28      7     -1     -1     23     -2      5 
    -4    -62    -44     55    -20    -31     -4    -11    -11     -8     -5    -50      7     -5    -18     -6 
    26     -2      5     12     28      0     12      5     -9     -9     17    197      5     -1    -12      8 
    -8     -3    -72    -28    -15    -21    -39     37     -7    -14     14      1     -5     54      1     -9 
     5      0      5    -11     -8     -7     -2     -9    -23     -2     -9     -7     21     -5    -20      1 
    -3     -2      0      8      0     -7     -4     27    -10      2    -12      0    -19    -19      6      9 
    64     -8      9      5    -64     -7     11      6    -13      5     -6     -7      0     14      6     -6 
     4     -7      2    -10      7     15    -27    -14     11    -24     19      2      1     33     -4     -1 
    -5      3      5     -2      6     41     -4      3     29     27      4     -2     -2     -4      1     13 
    15     -2    -11     -2     -6     -6     -4    -12      3     -2      2      8     14      8   -107     -7 
    -3      0     25      7     -1      1      8      1     -5     -8      2      7      3      3     26    -14 
     7      3     -9    -12      9      1     -7    -19    -12      9     12     16      0      9      8     17 
    -1      7      0      4      7    -36      9    -22     22      4      1    -16      0    -18     28     -4 
    -2     -7    -15    -20    -19     -1    -13    -24      4     -5     36     -4      8     10      2     -3 
     1      5     22     12      3    -26    -13     -9      1     16     13    -21     -9     18    -24      3 
    -8     11      5      2    -12     11     -2    -10    -66      9      9      3     -2     13     -7     -6 
    -9    -15    -16     -8     24     59     27      1      5     21      5     18     21     -4    -20     -1 
     9     -9      0      3      5     -5      2      0     13      0     30      8      6     10     86     25 
     8     11    -27      0    -33     22      3      9     21     -9    -16      6     -1      0     -6      8 
    -6     11    -12    -31    -11      6     -5      6      0    -26      0    -10     -3     -3     27     14 
     5      3     10      3      0      2     -4     -2     -5     11     21     -4     18      0      0     10 
    -3     16     -1      2    -32     12     16      8    -22     10     -7    -14      4      5    -12    -12 
     6    -24     14    -22     11     35    -13    -35     -8     -9     11      7    -28     -3    -29     -3 
    -9     27    -17     -1      9      6     16     -1    -16      6     11     -1      9     -3     27     -7 
     7      7     -8     -5      9     18    -11     31     10      5      9     10     -3      2      0      9 
     2      4    -12    -21      6     47     16    -25     -8    -11      6    -10      1      1     -6    -15 
    -3      4      1    -17      3    -29     -2     12      8    -40    -24    -53     14     -6     31     -4 
     2      1      1      3      1      4     23    -32     -1    -39    -22     -6     14      0      5      0 
    84     -4     -3    -29     14    -18      9     -1      7     11     -4      3     -3    -10     -1    -10 
     1     -1      1      2    -21      4      2      0      2    -29     -7     -1    -15     -1     -4     -2 
     4      0      2     -7      0      3      2    -40     -2      1      5      1      1     -1      0     -1 
     0     -1     -1     -1      6      0     -2     -1      0      2      2      0      2      2      1     -8 
     2      3     -3      1     -2     10     -2     -2      0      0      1     -6      1     -2      2      0 
     1     -1     -1     -1     -1      1      0     -2     -1     -1     -1      0     -3     -1      0     15 
     3      3      0     -6      2      1     28      0      0     -1      0      1      1      5      1     -1 
     0      0      1      1      2      3     -6      9     -1      2     -2     -1      0      1     -2      1 
    -1      0     -2      0      0     -2      1      1     -8      1     -1     -1      7     -1     -4      0 
    -1      0      1     45     -1      2      1      1      2      1     -3     -2     17      2     -2      2 
     0      3      2      0      2      0     34      1      0      2      2      0      1     -1      0     -1 
     1      1     -2     -2      1     -1      0      1     -2     -4      1      0      4      1      4      1 
    -4      1      0      5      1      6      0      1      1      3      2      0      1      3     11     -1 
    -3      1    -26     -1      2      3     -1     -1      0      0      4     -2     -1      0      0     -5 
     0     -1      0      0     -6     -2     -9      2      0      1    -13     -2      6      1     -2     -1 
    -2      0      2      1     -9      1      1     -2      9      2      0      0      1     -1      0     -2 
    -1      0     -1     -1      0      8      0     -2      1      0      1     10      3      1      2      0 
     0     -1     -1      0      0      0     -2     -3      0      0      0      5      2     -5     -3      0 
    -2     -1      2     -1      2     -8      0     -7      0      0      4     -1      0      1      4      0 
    14      8     13      1      4      2      0      3     -2    -14      0      1      0      0      1     -1 
     0     -4      0      1     -1      4      3      1      0      2      0      2      2      3      0     -3 
     2     -1      5      3     -2      0      2      0      1      5      2    -24      0     -2      0      6 
    -5      0     32      0     -1     -1     -1      0      3     -1      0      2      1      0      0     -2 
    -7     -7     19      0     -1      1     -3      3      0      6      1      2      1      0      2     -1 
     1      0     -2      0      0      1      0     -1      2      3      1      4      2      0      3      2 
    -2      1     -1      0     -1      2     -1     -2      9     -1     -2      1      0     -7     -1     -1 
    -1      0     -1      0      1      3      3      0     -5      1     -1      0     -2      1     -3     -1 
    -2      2      1      1     -1      1     -1      0     -3      5      2      0      0     17      0      1 
    -1      1      0      1      0     -1      2      2     -8     -1      1      2      0      0      3     -1 
    -1      5      1      3     -1     10      0      1      1      0      2     -1     -1     -4      0      0 
     0      0      0      1      1     -1      2     -3      2      2     -3      2      3      6     -2     -1 
    -1    -11     -1      3      0      0     -1      1      1      6     -1    -15     -1     -1      0     -9 
     0     -3      2     -4      1    -18      0      0      1      1      3      1      2      0     -6      1 
    -1     -1      0      1     22      1     -2      0     -2      1     -1      0      2      3     -2     -2 
     2     -1      0     -1     -6      1      0     -5     -2      3     -2      2      3      0      0      6 
    -3      0      0     11      1      1     -2      0      0      2      2      1     -8      1      1     -3 
     0     -6      0      6      1     -3     -7      1      3      0      0      0      2     -2      1     -1 
     0      3     -6     -2      1     -1     -2     -1      0     -1      0     10      1      1      0     16 
    -3      4      6     14      1     -3     -6      0      1      3     -2    -11      0     -1     -2     -3 
    -6      1    -10     -3      1      3      3     17      2     -1      3      1      1      4     -1      1 
     1     -1     -4     -1      0      1      2      0     -3      0     -4      0     22     -2     -2     -1 
     0      3      1     -1    -12      2      2     14     -2      1     -1      1     11     -1     -3      3 
     4     -2      0      1     -3     -2     18      0     -1      7      2      1      0     -1      0      2 
     2      4     -1      0     -1     -3      1     -2      0     -2      1     -1      1     -2     -4      0 
    -9      0     -1     -2     -3     19     -1      1      2      1     -3     -2      1     -1    -83      1 
     2      0      2      1     -3      2     -1      1      3      0      1      1     -1      0    -24     14 
     0      2     -1      1     -2      0      7      0     -1      0      3     -2     -3      0     -3     -1 
     1      3      0     -1     21     -1      0     -2      4      1     -3      0      0      1      1      2 
     2      0     -1      0      1     12     -1      2     -1      0      3      0      0      1    -34      1 
    -1     -1      1     -3     -1      0      7     -1      3     -1      0      4      1     -2     -1      0 
    -2     -1      0      0      2      2     -1      3     -3      2     17     -3      0      6      8      1 
     5      9     -9      0     -4     -1     -1     -1     -3      2      3     -1      1      0     -3      0 
     1      3      1      2      1    -12     -2      1     -2      1     -1      3     -6     16     -1     -1 
     0      0     -9     -4      2      0     -1     -1     -2     11      0      0      0      2    -25     16 
    11      1     -6      1      0     -2      1      0    -10     -1      1      0      1      1     -1      0 
     1      0     -4      1     -3      0      1     -2      2      1      0      2     13      1     -7      0 
     0      1     -1     -2      1     -1      0     -1     -1     -5     -2     -1     -2     -1      0     -2 
     1      0     -1      0      2     -2      0      5      4      0      2      1     -1     10      1      0 
    -3      0      0     -2     -9      2      3      0     -9     -1     -1     -1     -1     -1      2      3 
     0      0     -1     -1      1      0      1      5     -1      0      1     -3     -2    -20     -3      0 
     0     -4      0      0      0      3      1     -3     -5      2      0      9      1      1      2      0 
    -1      0      1    -12    -20     10      1     -1      2      0      1      0     -1      1      1      2 
     0      0      1     -1      0      1     -1      5     -2      0     -1    -25     -1      1      2      2 
    -3      0      1     -4     -1     -1     -1     -2     -2     11     -8     -1      1      0     -1      1 
    -8      0      8      2     -2      1      1     -1      0      2      1     -3      2      0     -5      0 
   -43    -28    -47    -38    -10    -70    -41    -70    -64   -100     60     57   -106   -134    -29     -1 
   -38     19     -7    -75     39     12     17    -53    -32     59    -90      5    -17     17     25    -54 
    40     42     12     31    -53    -33     22     32      0    -21    -49     48   -119     17    -60    -54 
   -81    -62      7    -19     -1    -43    -21    -48    -62    -74     -5   -159    -15    -40    -20    -23 
     7    -78    -95    -67    -58     -7    -30    -32     10   -121    -69     -1    -15     11    -21     23 
   -18    -13    -81     -3    -53     -7     38     21    -30    -28    -26      2      0    -67    -40     38 
   -53    -11    -48      4     11    -36     -9     55    -82     14    -45    -65    -25    -96     66    -78 
   -34    -17    -44      7    -30    -24     20    -89     41     10    -10     29     33     65    -63     13 
    28     -3    -13     67     25      3    -45     45    -93      4    -28    -42     27    -56   -147     36 
   -69    -19    -33    -10   -123     -3     31    -31     49     13    102     21      2    -13    -23     -1 
  -121    -17     16    -39     34    -68     13    -88    140    128    -32    -24    -73    -59    -42     16 
   -33     14    -28     48     55     17    -19     24    -19    -30    -32    -34     64     30    -23    -22 
    37    -18    -97    -10    -97     -9     18    -60     -7    -66     64    -47      8    -19    -64     43 
    13      3    -71    -51    156    -30    -67     54    -21     -6    -40    -18    -61     35    -61    -64 
    -1    -44     -5     41     56    -33    -28     -8    -89     -9     15    -68     49      2     -2    -21 
    -7    -16     13    -13    -58    -30    -47    -22     40    -16    -44    -44      3    -25    -31     28 
   -59      1    -62   -133    -10      3   -134    -65    -21     15    -25     11    -29    -31   -104     14 
   -25    -55   -159    -26     31     54      1     37   -116    -16     34    -26    -37    -30     -4     17 
    57     76     26    -27    -20    -12    -20    -53    -91    128    -56      5    -48     12    -59     23 
     4    -28    -17    106      8    -64    -96      6     -4     -2      0     15    -63     29    -54   -146 
   -21    -73    -65     22     -6     10     -5     -3    -74    -36    -22     46    -65    -60      7     54 
   -19    -34     65     36    -68     19      1     14    -14     15    -44     15      2      5    -34      3 
   -62    -63     23    -46     13     14    100      3      2   -114     11    -14      9    -64    -49    -43 
     5     32    -25      3      8    -97    -67    -26      5     65    -97    -35    -27     39     38    -50 
    54    -33     51     21    -30    -39    -52    -53    -31    -19    -68      3    -10      6    -23     41 
    39    -11    -47     14    -25    -84     -5    -69     14      4     29    -21    -32     27    -35    -49 
   -46    -85     -4    -40    -15     47    -53    -24    -39    -18    -24     43    -19     56    -34     12 
    10    -19    -29    -35    -46    -74     20    -19    -40    -21    -78    -15      2     32     29      8 
   -68   -110     16     48    -12    -56    -28      0    -84      1     -5      0     -6    -44     10     35 
   -18      0     57     10      1    -68      3    -73    -64    -94    -11    -38     15    -19    -51      8 
   -11   -135     19    -63     33     30    -34    -95    -20     29   -102     36     -3      3     36    -59 
   -86     19    168    -46     -9    -96      2    -36    -30    -52    -16     52     11      5    125    -12 
    27    -51    -11    -48    -16     -3      4      1     37    -21    -13     40     39    -22     33    -30 
    17     -4     55      6     -1   -167     17     10      3    -30     -9    -33    -55     53      1     24 
    26      7    -29     28     35    -28   -125     14    -83    -16    -12   -142     -2    -16    -76     37 
    26     -4     57    -12    -47      0    -18      1     27    -14    -34    -38    -33     15     30     18 
   -74    -30     30      9      4    -52    -13     41   -109    -13     57    -10    -89    -27      2     37 
    54    -19     35    -15      7     -7     22   -117     -9     -3     -4    -39      6    -18    -20    -29 
   -27    -58     -2     -6    -48      0    -23     28     34     -8     21    -12      2     12    -41     -1 
    33    -68     13    -53     80    -40    -27      2     -6     10     -6   -101     13    -22    -34     12 
   -97    -57    -63     14    -55    -21     50     -2    -45    -43      8    -41      3     37    -10    -53 
   -28     44     36    -72     10    -51     11     12    -10     10     13    -77    -12      3     46     55 
    30    -44    -65    -79   -169    -27     14      5    -48     -6     26     -4     18     -7     -3   -100 
    -9    -64    -44    -63     -1     47      5   -123     28      0    -47      1      4    -18    -37    -51 
   -50    -18    -11    -66    -30     15    -62    -38    -57     26     -1     11     19     33    -28      1 
    66    -44     -9    -47     32    -10    -30     12    -60     37    -63     -2    -67    -95    -20      1 
   -38      2     37    -35     27    -48     44    -32    -27    -64     -1    -73     63      7    -35      5 
    -9    -15     23   -150     -9      6      2     27      5      7      6     -7   -102    -22    -62     15 
    51    -91     25      3     41      8    -22     -2    -39    -54    -49     41     21      7    -24     -3 
     2    -15    -10     27     -6      7     29    -40      0     56     40    -19    -36     11     22    -32 
     3    -29     -3      7     31    -43     -7    -26    -16     -1     39    -76     10     -7    -14     28 
   -88    -49     -1      1      2     24    -13    -14     76    -29   -123    -38     65     36     73    -46 
    -6      9    -21     29    -40    -93    -27     67    -20     -8    -37     33     23    -15    -23     -3 
    24    -46      9   -118     -5     56    -32     48     10     36    -25    -22    -72    -36    -44      7 
   -22    -19     22    -10     13    -81     -8     54    -26     13    -50     19    -23     -5    -17     18 
   -25     22     49    -37     30      5    -12    -79    -39    -24     26    -19     -8     70      3     47 
  -102    -83    -94    -25     -2    -29     17     13      2     13    -21     51    -74      2     -1   -230 
     7    -48     12    -65     14      0    -24     16     14     34     10    -38     38      1    -22     14 
   -29    -23     -7    -64      4     -7     36     18    -23     -8     87     11     29     36     32      8 
   -45    -57     33     -3     31     18   -110   -108    -18    -54     -5     -4     11    -34    -30    -44 
    20     12   -115      6     19      7     16      3     71   -103    -22     46    -19    -34   -111     -6 
     0     12    -44   -140    -52     42     42     40      5    -45    -30    -55     28     -7    -24     38 
   -99    -56    -90     36    -36    -73     26      4     54      3    -17      4     -7   -145   -113    -12 
   -33   -175    -74    -19     -8    -83     50     21     -2    -36    -29   -119     11    -52     -2     13 
   -15    -31     22    -44    -14    -19     -1    -11     17    -26    -52    -69    -17    -15     -4    -37 
    17     29      7    -10     20   -119     -1    -16      8    -47    -19    -72     -3     23   -172    -26 
    45     95     44     42      7     19     17    -33    -27    -33    -53    -52    -55   -144     -1      2 
    -2     48     18    -38    -61    -34    -19     90    -21    -14    -10    -33    -68    -21     -1   -159 
   -19     47    -19     34     19    -62     30     -5     23    -35     -1     18    -67     15    -11     25 
     2     10    -22     33     14     -8     -6    -56    -10    -15    -13     40      0     19     36     12 
   -42      6     38    -11    -93    -30   -113     47      5    -34     14      2     15    -45    -94    -16 
   -38    -21    -41    -23    -47    -12    -22      9      4      5    -48   -159      1    -78     11    -16 
   -80    -13     26      0    -37     -7    -10     46    -42     -1     -2     12     35     35      1     60 
   -16     24     18     10    -28    -11     45     13     19     32    -11   -117     10    -99     42     25 
   -25     25     27      8    -45     37    -30    -21    -62     32     20    -55     61      6    -34     12 
    -6   -110      7    -87    -20     26    -42    -69    -32    -40     86    -11     71     -8     -1    -44 
     2    -27     19    -27     21     35    -52     -4     54    -54     24    -61    -27     -7     45     41 
    81    -40     20     23    -64     46     18     10    -36     16    -41      9    -30    -42     13     60 
    -6     29     34     39     23     49     -7    -58     37    -26      1    -54    -68    -22     37     15 
   -21    -29   -106    -97      2     17     34     15    -68    -26     22     -1    -79      0     16    -24 
   -40    -11     65    -54     21     -8      7      3    -67     96    -22    -13     26      6    -23     -7 
    54    -13      1     28    -36     24     30      9     18     41     21      3      7    -16     14     -8 
    24     12     30      3      7      0    -24     13     16      1     11     27     43     -9     16    -80 
    14    -82     -8     48     -4     41     -9     76     22    -10    -14    -21     12     34    -29     -7 
    15      9    -16     -3   -117    -34     10    -64    -17     15    -21      5     11    -56     22      1 
    10    -19    -25    -44    -72     76     19   -161     10     -1      3     32    -31     -6     20    -51 
   -24     -7     56      4     49     42    -20      4     -3    -21    -26    -47      8    -34     39      2 
   -56     50      1      7    -42    -43     24      5    -45     11    -44    -43    -20     -4     51     56 
    12     52      1    -84     21     22    -55    -17     16    -42     -4   -108    -28    -10      1   -131 
   -67    -25    -23     57      5    -50    -36     31     52    -16    -41     20     35     58     16     57 
   -41    -12    -69     21      5     11    -39      4    -39    -11    -46    -38     -8      6     -1    -66 
  -113    -38   -116    -29    -26    -28    -89      3    -34    -53    -27     23    -24     49    -91    -77 
    13    -55     -5      9      4      3     15     34     38    -47    -26     -1    -24      3    -21    -30 
   -40     60    -62    -83    -12     24     23    -11     30     32     11    -17     13     24     21    -24 
   -74    -48   -102     17    -50    -39     37     12    -96     35    -66    -14    -18     50   -138     11 
   -27   -106     22    -21    -96    -58    -49    -34    -22    -63     -8      6    -21    -38    -24     21 
   -40    -36     -6    -50    -41      3     27     33     37    -50     40    -76     -5    -27     43    -27 
   -26    -15    -13      6      3    -19     50    -15    -11     34     17    -61    -40     -6    -98     -2 
    22     10      4     10    -10    -63    -77     -3    -58    -69     11    -65     46    -97    -17     16 
   -18    -18     22    -27     -2    -25    -11    -26    -13     29     -3      6    -24     -6     16    -35 
   -30     23     23      6     38    -36    -38    -14    -63      2     -8     -3    -35    -50    -12     35 
   -26    -56     15     26      7    -41     39    -47    -19      7    -23    -39     34      7    -18     -3 
   -31     -6     71    -41     -2     -7     -2     14     10    -25     15     13    -17     11     -6      0 
   -42    -53     28      1     38    -58    -52    -81    -27     12    -25   -124      9    -66      8    -67 
     6    -48    -46    -30     19     -1    -28     35    -33     34     -6    -16     27     11     13     17 
   -32     19    -49     16      0    -19     13    -14     35    -37     -7    -35     35   -102     12     27 
   -45    -69      4      0    -86      9     20    -38    -44     -8     -8    -66     19    -27      1     27 
   -13    -77    -56     17     42     30      8    -79     32    -27    -28     16     65     16     46    -71 
    66     25    -29    -78    -21     26    -76      1    -39    -11     31    -16   -214     28     11     39 
   -13    -14    -35    -28    -32    -19    -34   -122     31    -41    -58    -11    -43    -46    -11     40 
   -14     37    -36    -28     24    -24     43    -82     -6     31     20      2    -14     52   -141     -8 
   -59      4     72    -49    -57      5    -37      4    -38     -2    -11    -33    -16     -4     -9     52 
    31    -58     28     27     32      3    -24     35    -27     -3      4     17     42      4      8    -73 
    54     -1      5     13    -63     40     32      8     -9      7     25    -30      9      4     25   -123 
    43     39     15     -1    -48     -6     26     13      2    -25    -12    -39      6     19     -1      7 
    29    -35    -10    -13     40    -18    -19     41     -8    -27    -77    -38     -4     40     -3     21 
    35     -3      5      6    -26     -8     -9     -6     22     -6     16     -4    -44    -28      2     26 
   -53    -20    -28    -16     21    -15    -90    -32     13    -29    -38     20     12    -85     15     -9 
    -1    -12     24    -10     20    -73     11     22    -53     -7   -111    -12    -12    -48    -33    -28 
    63    -81     -5    -97    -20      8    -45    -83    -61     39     25    -13    -47    -39     30      0 
   -83     16   -129    -45    -24     -2     29    -13    -23     26    -17    -39     12     11      4     11 
   -33     -1     19     -3     48     -6     -7     29     28    -80     56    -26     21   -120     23    -14 
     5      4    -35     60     43      5     16      1     -3    -17    -56     33      0     11     28    -58 
   -75    -19    -36     -4     -9     -8     -8    -13      6    -23     11     -6    -65    -97    -32    -26 
   -18     13    -47     45     16     22      3     -1    -10     10   -113     45     44    -67    -18    -30 
   120     27    -31   -101     42     34     -5     -8     -5    -43     32    -37     -4     -5     26     13 
    14     -9     23      3     46      9     29     -1   -100     16     55     16     16   -111    -24     47 
     5      6    -91    -14   -154     -5     -1    -62    -46    -12      4     -6    -69   -167     -3    -41 
   -30     16     30    -36    -38    -46     29     29    -24     12    -64      4      5     13      6    -94 
    33    -40     20    -13    -31   -177     28    -32      0     24    -11    -36     32    -50    -11    -31 
    31    -73    -92     50    -56     37    -45     53     40     33    -45   -143     -1    -33     30     11 
    -9     25    -62    -34      2      1      8     -2    -36     47    -26    -23     41      8     12     27 
   -23     19     60    -28      6    -19      9    -33    -91      1      4      2    -46     -2     20     -4 
  -102    -44     36    -18    -26    -40      2    -72    -10      7    -49     10    -14     18    -61     18 
     8    -13    -15      5     73     59    -30     44     32     -8     25      8     16    -10    -27     27 
    -2      4    -39      0    -64    -14    -69     -8     -9     41    -79    -26     31      7    -83    -13 
    36    -19     33    -28    -10    -22     -5     22     -3     12     50     -5     46    -16     12    122 
   -20     28     37     18    -16    -14     36    -34     51    -39    -43    -70     20    -73     40      8 
    26    -20    -33    -42   -135     32     25     -7    -51    -32     49    -46    -11      1     -8    -69 
    -8    -50     -5    -54     12     22     24    -30    -13    -63     42    -63     16      8     29      7 
    43     54    -32   -105    -25     76    -51    -39    -32      7      6      2    -31    -91      6     40 
    14    -14    -16     11     -5     -5      7    -55      1     34    -19    -36    -12    -91     25     19 
   -10     13     44    -19     26     28     24    -44    -51    -15     -9     67    -96     -7      1     43 
   -51     28    103    -48    -27     35     -3    -39    -28    -29     28     46    -35      1     54    -74 
   -14    -24    -37      5     -2    -37     21     15    -62    -32     12     -1    -18    -22     35    -16 
    -3    -34      2     -5      3     51    -38     73    -28     23     45     -2     39     -7    -40      4 
    36     51     13    -21    -64    -77     -4     36     -6    -24     43    -64     32    -30    -10    -47 
  -139    -17      4    -14     48     50     -2     18    -16    -32   -113     49    -29     34     -2     42 
   -22    -11     -9     56    -53   -129     18    -86     24    -14      4    -15    -27      4    -35    -15 
    18     40     -7    -52    -20    -97      2   -135      7     28    -28     15    -88    -48     20     -2 
     1      2     52     25     11      3    -62      4     20    -50    -97    -47    -17    -31      1     17 
   -30    -63    -18     20     31    -37    -12     15    -49     67    107    -42    -26    -36     38    -15 
     5    -26     30    -88     44    -44    -21     28     -9     58     12    -48    -11     -5     31   -132 
   -80     24    -14    104     19     11    -31    -16     18     35    -91    -27     27     60    -52      5 
    49     48    -14     15    -41    -10    -13    -51     20      4     45     19     -4     42      5     20 
    31     25    -20     -4     -2     -5    -69     75     22    -34    -10    -28    -31     26    -62    -57 
   -11      2      1     20     22     18     17     26     13    -66    -52     19    -36     18    -37    -23 
    26     28     -2    -85    -60      6    -14     15      6     -9    -41     14     13    -21    -15    -20 
    97      1     53      3     -6    -95    -71     54    -32     41     19      0     27    -61    -33      1 
   -10    -98    -49      8    -54      1     -9     32     41     14    -41     49    -31      8    -36     -3 
   -36     11     45    -89    -26     -5      4      4     55     23    -25    -98     26    -53     31    -21 
    16     18     -4    -49      8   -123    -17     -9    -19    -11    -29     -4      3     -6   -203     53 
    32    -69     35     46    -28    -36    -80      2     -9      0     30    -84     18    -86    -46     25 
    24    -33    -40    -26    -77    -80    -32     16    -23    -32    -79      5     17    -31    -37     -6 
   -18    -13    -16     -7    -40    -13    -11    -19     21      5      6     57    -40    -37     30      5 
    27    -44     51     21     19     -4     65      6     60    -35     40    -55      2     -7    -10    -29 
   -37    -14     -1    -18    -45    -46    -24     44     19     15    -30     12      6     36    104    -15 
   -42    -50     -4    -33     16     26    -43     27    -53   -103    -25     -8     21    -12      1     45 
    27    -66     15    -34    -23    -10    -16     22    -63     -4     18     21     51     22     78     50 
   -50     30    -16     22    -45    -25     20    -50     38    -17    -69    -74    -27      4    -12      3 
   -32    -14   -112    -13    -23     27    -30     23    -47    -35    -18    -12     29     -7    -63    -38 
   -29    -31     45    -81     -5     50    -16     26     26     -9    -28     21     10      2    -39    -20 
    66    -62    -25   -137    -51     -7    -23    -37    -46    -14     56     25    -70     39      4     51 
   -76    -41     11    -41    -92     94    -14     18     49    -11   -113    -19    -27    -74    -43      3 
  -120      2    -10     21     55    -63      3    -82    -33    -42     34    -40      1    -11    -66      3 
   -93     66    -20     17    -28     -1    -23     -8    -23    -33     60    -82    -54     -1    -30   -125 
    38     56     41     -4     26    -21    -14    -55     21    -86    -69     16      6      4     27    -30 
    20     20    -25     -8     -7     46    -19    -15    -24     20     59    -13    -48    -12     12   -177 
    10     13     37    -12    -15     12    -43     -7    -27     24    -34     -2     20    -41    -30     64 
    -8    -84     -7    -66    -52     23    -46     69    -55    -24     32    -29     -8     23     21     -4 
    -7    -27     -6     35    -31    -69     -6    -14    -19     19     -2      3     14     31     -1      4 
    18    -14    -22    -40    -38    -62    -45    -59     -3     33     34     13    -29    -16     32   -113 
   -49    -19     36    -33     48    -37    -98      4    -35    -40   -103      2    -31     -5    -14    -16 
   -74   -120     18    -29     57     38     15    -59      1     54    -99    -14    -59   -120     23      0 
   -71     32    -14    -54     44     14    -49     -8     -7     17      2    -62     57    -43     18   -115 
    26    -16    -49     16    -21    -74     12     11     32    -71     53    -48     34     63    -46    -28 
   -51     18    -57    -84    -11    -29      2    -47     16    -12    -66      6      7     36    -25    -78 
   -60   -112     14     -3    -21     17    -68     -2     -2      4     24     22     16     26    -97     15 
   -25    -18    -75     43    -14     33    -19    -14    -31      5     15     30     35    -90    -13    -34 
   -14    -10     12    -61    -40     -3    -11    -17    -12     14      3    -34     83     26     34     60 
   -24     25   -134     12     90    -45     42     -4    -32     39    -39     30    -13     23    -87     48 
    -5    -66    -93      4     20    -12    -82    -56     38     10    -60     -7     -3    -35    -52    -63 
   -38    -76    -24    -31      4      9      9     26      5     46    -43    -11      7     -5    -23    -58 
    37      8     58    -20     16   -122     26    -37     -1    -60     15     11    -71    -76      6     20 
     1     21    -45     21    -16     59      1    -66     -9     -7     34    -40     -5     16    -45     -1 
    25     30    -17    -20    -41     27    -14     27     22    -61      9     27     37     16     37    -26 
   -61     10      5    -17     27    -18      7    -37     19     -1     11     39    -28     -8     15     18 
    10    -38     18      9      3    -34      1   -175     -6    -26     29      3    -41     20    -26      5 
   -48     11     68     36     24    -30      0     22     24      2      9    -32    -57     -8     50    -40 
    16    -61     30   -114    -73     28    -19    -54     -7    -45    -18     29     25    -75    -25     55 
  -154   -109     -7     25     -5    -34    -28     -9    -59     16     39      4      5     17     10     20 
    -9     26     -1     44    -30    -20      7     12     15     51     44    -75     28    -10    -12     31 
    -2     15    -46     11   -111     19    -15     49    -55    -35    -15    -44     12      1    -23    -47 
     7    -19    -12    -81     27     37    -51     15    -51    -37     -9     20     11    -28      3      2 
     5    -48      8    -47     -9     -1    -73     10     45      3     20     20     -2     -9     38     -3 
  -148     -2     12    -38    -25    -32    -26    -75    -52     39    -51     37     15    -18    -17    -11 
  -120     -2     -6    -45     29    -33      8     10     20    -49      8    -28     30      2     25     32 
   -26     25     45    -79    -22     38     12    -29     -1    -54     25     -7    -62    -35    -15    -93 
     7     -3     13    -20    -16     -1    -13    -35    -12   -170    -10    -24     -4      4      7     11 
    -7    -47    -21      2     -1      4    -22     38     17    -33      8    -18    -36    -23    -57    -68 
     2     10     18     72     13     46    -14    -26     -8     -4    -12     56     44      2    -18    -13 
  -138     30     39      0    -61     15     26     21    -37     -5    -54    -37     19     22     16     25 
   -17     21    -80     11    -51    111   -106   -112    -11     14    -26      0     -2    -18     -7     26 
    25    -19     35    -61      8   -113      7   -137      9    -27     16    -12    -30     57     32    -12 
    34     14     38     -2     -1    -77     12     41     -2     12    -25    -36     19      1      6     -7 
    47    -14     43     35    -20     47    -21    -43    -79      1     35    -27     -1    -95     28    -18 
     0     48    -82    -98    -27    -40     24    -22     -3    -36     18    -46    -90    -65    -11   -180 
    57    -65    -22    -59    -51    -27    -44    -22      8    -40    -26      6      5     10    -24    -17 
   -32     23    -33     10     -8    -23     47    -43    -16     -9     16      8     28     22     29    -78 
   -65    -82     10    -39      1     18    -95    -65    -30    -19     -6     23    -19    -25     43    -51 
   -13     16      4     22     -9      7     11    -43     26   -105    -70     -3   -110     10   -146     10 
   -10     10    -12    -60    -92    -11    -14    -30    -27    -14     23    -20    -71    -11    -34     43 
   -79     27      0    -11   -105    -22    -37      2    -37     14     12      8     -8    -70    -35      7 
   -68   -139     54     21     -8    -14     21     35     13     31    -10     51     26    -29     33    -28 
    11     42     12    -39     -4    -39      7    -32      7     -1    -34      9     21    -37    -58     21 
    24    -10     18     25    -16   -142      4     11      5    -48     29     62    -20    -12    -22     49 
    19    -46    -22     25    -37    -41    -40      6      7      4    -34     22     34    -62    -15    -21 
     6      5    -84    -30    -20     19    -14     34    -43     -7     21      5   -102      0     -1    -37 
     4     36     60     14     34     -2     14    -25    -77      1     24     -7    -49     11    -10    -16 
   -11      8    -36      0     25    -19     16   -120     51      2     16    -42     26     -6    -31      9 
   -43      8    -15     16    -41      5    -41     14    -35     -3     -3     12    -41    -20    -23      1 
   -31    -26     42     43   -103    -41    -13     -5    -23    -17    -12   -111      2     73    -22     33 
  -140     54     42      4     45    -26      8      4    -28     17     -3    -25      2    -27    -27    -23 
    -6     13    -67    -10     -8      6      9    -29     -7     26     13    -91     17     18      6     18 
    18    -44    -33    -28    -27     -2     54      1    -32    -16     13    -27      8     -7     44     -5 
    -9     -4     44    -89    -23     34     63     29    -11     42     42     55    -15    -17    -41    -16 
   -78     -2     -3    -80     19    -33    -99     26    -39      2     30     -5    -39    -12     18     -6 
  -136     14    -17     35     21     15     21    -62    -26     45     27     11     -6    -85    -18    -26 
   -88     25     -4    -58    -10     47     12    -40      0     26      0    -39    -94    -83    -35    -32 
   -10    -18   -101   -137      8     63      8      2     27    -62     -7      7    -97     16    -26     26 
    29    -49     14      7    -13    -88     35     27     43    -90     46     -6     22     39     -4     -5 
     8    -77      2    -51     27      8     29     -9      6      2     29    -27     25     -6    -27      3 
   -12    -26     34      6    -25    -65     -8     19    -21    -10     15    -44     17     -3     -5     18 
   -81     61     21    -12    -27    -22     15      3     35     20    -79     20     25     -6    -39     23 
   -30     22    -31    -24    -14   -132     -4    -61     62     28    -13     23    -17    -13     16    -36 
    21    -23    -26    -50    -50    -90    -13   -135     25     -3     -3     27    -25     25     25      5 
   -16      6     20     28    -13    -22     14     -3    -31    -33     13    -25    -37     20      4      1 
   -24    -17    -36    -65    -70      1    -22     82    -67      3    -21    -30    -41    -80     18     59 
   -15     -9     64     20     -3     25     -8    -17     40    -25    -41     33    -32     -6     69   -124 
    44   -105     32    -22     11     -7      2      3     27      1    -10     -7    -16     -7     19     13 
     0     44    -21      8      9      3     -2    -34    -25    -18   -117    -93      4     20    -30    -18 
   -19    -36    -71     51      0    -42    -46     19     23    -42     27     20    -38    -40     12     39 
   -34      3     32      2     24     17    -20     -8     40   -150     70     26     36    -36   -113    -16 
    12     46     18    -99    -42    -11    -12     10     73    -46     15    -10     40    -16     28     35 
   -74    -23    -65     -9     41      0    -35     12    -61     39     25      9      8    -57    -71    -22 
    30   -182    -18      7     13    -42      1     35    -11    -12    -12    -71     -8    -11     28     -7 
    37    -57     -6     26    -10     -9    -26      7    -15     20    -43    -36     11    -17     -3     16 
    50    -44     23     43     36     17     -7     36    -34    -13     11      5     25     18    -57     25 
    15    -17     29     29      0    -43     -4    -62    -99    -15      2    -57    -20     16    -27     -3 
    11     36    -19      6    -71    -44      9     30    -59    -42    -50     29    -21      0     20    -60 
   -50     -6      8    -27    -23     -7    -60    -19    -36      4     33     -8    -17   -165     45      4 
     6    -19     31     16     16    -17     12     34    -31     10      7    -25    -11    -17    -28    -11 
   -36    -46     -2    -42     -5    -32    -16     28     16     21     21     -8    -42     47     52    -17 
   -38    -70     34     -4     -6     10     12    -50    -11     13    -15    -93     34    -30      1   -111 
   -72     10      5     -7     21      0    -28      7    -34      2     19    -31    -13      3     41     14 
   -25     24    -77      4    -16    -27     20     14     26     39     22     -4    -19    -33     13      5 
    13    -56    -13     15    -12     44     13    -46     21     26     36    -12      5    -21     14    -26 
   -17     22     24    -27      7     -8     -3    -87    -11     13     11     30     30     11     24     24 
   -30     52    -11    -33    -11     37     -7    -25    -74     -9     19     16   -177      9     19     20 
   -16    -18      8      0     24     -7    -36    -77     -1     -7      1    -18    -28    -38    -13    -33 
   -25      3    -16    -48     20    -17    -10    -84    -13    -57      7      2    -75   -111    -82    -10 
   -91     10     38      0     -7    -20     16     -2      6     53      8    -19     25     38    -26   -146 
     1    -27    -26      4    -18    -22     -3    -27     -4     -1      3    -21     17    -23     -2     54 
    57     24      4      6    -27     -9     23     40     16      4     17    -53    -40     16    -22   -123 
     2     -8     18     11    -12    -70    -15     -5     22    -17     30    -37     13     47    -23     25 
    10    -57      2    -33     12      7    -14     26      4     -3    -18     48     -3     43    -13     17 
   -30     -4    -13     16     17    -14      2     19      4      8     43      2     21    -10     46      0 
   -29     -8      7      8     10    -53     23     -4    -34     34    -55     -9    -32    -14     30    -27 
    -9     50      3     -5     23      4     38     23    -27    -13    -69    -21    -12      9     -5     -2 
    -9    -56     -4     -4     29     18     -4   -130    -12     47    -28    -42    -19   -117     33     -4 
   -60    -75    -94    -16     13     -1     -3     24     51      4    -16    -64    -63      8     24     23 
   -75     -6      4     19      7     11    -38     -4     32   -160     -5     24     34    -96     55    -25 
   -42    -52    -51     24      4     45     34    -39     -5    -19     18     27     18     19     27   -105 
    50     14   -104    -29     -3     -4    -55    -46     10     35      1     -3    -61     24     24     14 
    -4    -17      7      9    -16     -9    -17     10     -8    -32    -76     63     17    -19    -38      3 
   -43    -10    -24     34   -165      0     22     -4     -5    -51    -28    -16     -5     29    -38    -46 
   -70     25    -83     34      8    -73     -2    -16    -66     25     41     11    -26    -23     19     -8 
     0    -18      7    -20   -109     -3     27    -82     29      7     24    -44    -69    -59     17      9 
   -37      1    -24    -31      1     -3    -19     31     38      2    -20    -15     44    -17     19     20 
     9     28     50    -19    -24      0     79    -27     30    -25    -32    -22     68    -89   -121    -30 
     7    -76    -22     30     25     38    -80    -43    -96     16     52    -26     26    -43     -9      2 
   -21    -32      9    -57    -46    -13    -31    -17     29     -7    -53      9    -47    -12     53    -26 
   -46     27      8      8     -1     10     -3    -45     -5     10    -18     39    -41    -15    -20    -16 
     7    -31      5     -5    -15    -35     10    -30    -64     24     19    -26    -11    -20     51    -42 
   -15     10      5    -25    -49    -21    -51     43      1     19     47     11    -26    -31    -89    -27 
   -80    -31      7    -10    -70     58     -7     48     -4    -33    -37     14     14      2     46    -69 
  -113     15     33    -51    -32      2      6     10      8     30     25     24     15     -7    -10     20 
     5     46    -78    -16      2      0     21     40      4    -46    -24    -33     17    -39     -2     22 
     0     81    -67    -27     13     26     41     37    -72    -47      8     37     11      9    -38     -7 
    26      4    -49      0    -34      8     -4     14      7     -2     15     40     31    -68    -31    -29 
    48    -46     21    -11     14     -2    -83     50     40     23     30     -9    -14    -25     -5      4 
   -65     -8    -13    -18    -13     71    -58    -62     49     33     -1      1     10    -68    -32    -63 
    11     21     26     55     18     -1     14     10     -8    -60     -7    -30     38     -2    -32      1 
   -18      5    -95    -40     67      2     15     -5    -23    -17     32    -28     -2     -2    -14    -25 
     9    -38      3    -28     24    -66      2     14     -3    -11     45    -11     23     32     37    -12 
    38     38    -24     -1    -78     30     30      8      7    -32      7    -20      9     39    -45    -23 
    34      1      4     -5    -28     -7     40    -12     39     12     39     -7     46    -24     -1    -13 
   -40     57     62    -79     21     22    -17     28     19    -25     16    -12    -30     15     10    -10 
   -50     31     -9     64      2    -75    -16    -55    -34    -17     76     -7    -23    -39     17     26 
    15     -9    -59    -22     12    -54     40    -15    -48    -88      1      5    -19     24    -14    -29 
   -17     27      4     35     17      4      4      8     11     -6    -35     -1    -27      4    -13    -35 
   -91   -103     16    -42    -39    -24     25    -41    -77     60    -17      1    -36     26     45     21 
  -170    -29     57    -39    -14    -22      5     -7     40     41    -13    -21    -46    -67    -19    -42 
   -58    -15     33     27      5    -19    -37    -14     -4     26     66    -45     45    -48    -26     40 
    64     15    -19      6      3     20     41    -54    -29      0     21    -68     -3     10     20    -30 
   -12    -18    -37     15    -25     17    -24    -15      4   -111     14     19     42    -20     -3    -72 
    65    -28    -45     39    -16     28      2    -20     13    -20     -5     10     13    -60    -98    -12 
   -11      4    -17     15    -12    -26    -15     29     37     40    -11    -27     13     10     -7    -11 
    61      1    -53    -15    -24   -110      1    -28    -27     12    -40    -24    -16    -14    -32    -15 
   -34     12    -30     19   -106    -32     91    -51    -20     25    -18     14    -63     -1    -18     -1 
   -12     51     49    -38      6     14     19     16     29    -25      6    -49    -20     13     -8    -76 
    27     -3     11     -7     14     -1     15    -18     15    -29    -41    -63     17    -36     30     -5 
    10    -46    -74     27     -3    -14    -79    -33    -81     -2     -6    -75    -13     -1     46     28 
   -55    -12    -22     39    -21    -25    -12     48    -26      0    -18      0    -36     26     19    -56 
   -81     -3      3     -7      2    -30     22     24    -58    -37    -21    -11      5   -120     -4     19 
    43    -30     13     -3     23     23     41    -25    -33    -21     -4     44    -26     -4    -43    -14 
    -3      1    -30     21    -11    -16    -10     44     31    -20     -1    -13    -18     34    -13      6 
   -20    -73      2     10     -8     -4      8    -35      1    -56    -16    -97     -1     47    -28    -36 
   -23    -39    -23      7     13     -6    -14     54    -25    -43     32      6     13     19      6     -3 
    -7     -5    -15    -41    -22    -81     41     -1     35    -56     -8      8    -18    -37     -7      2 
    14    -16     -8    -22     32     19      8    -54     -5     -5      2    -64     29      3    -24     -7 
     1   -113    -37     19     45     -4     -9    -53     44     -3     40     57     22     32    -13     -9 
   -13     -8     12    -14      2     -6     -9    -65    -39    -34     41     -9   -136    -53      4     12 
   -28    -96    -21    -34     -2    -17    -33    -85      2    -45    -45     10     -6    -51    -16    -32 
    -9     -4   -106    -20     18    -11     34    -21     22    -22     39    -46    -82    -79    -68     47 
    16    -34    -44     17     32     16     29     33     15    -68     40     50     -8      4      5    -10 
    25    -11    -42    -13    -34    -56    -35    -54    -53    -93     20     23    -17     13    -37    -44 
    30     19    -15    -19    -15     51    -10     26    -13      9     53    -70      8      7     -3   -134 
    -4     10     12    -66     -6     -2     10    -16    -48     21     -2     20     23    -12    -29    -37 
    34    -21     21    -17    -29      6    -39     36     15     -1    -87     -7     22      4     13    -14 
    14     12      0     19     -8    -46    -21     19     -8    -30    -32    -13      7     31     23     32 
   -74    -42    -36     -5     -6    -19    -70    -15    -33    -29    -11     26    -13    -92      3    -16 
   -36     -6     41      2      4      5     -8      4    -70      3    -53     15     33    -25     26     12 
   -75    -22      2    -65    -23    -18    -26    -15     56     16    -34     21    -12     -2     40      8 
   -89    -75    -22     16      4    -90    -12    -53    -22     28      2     11     27     22     17     14 
    38     46     -9    -15    -27    -20    -21    -23     30    -52      1    -34     26    -25   -101      1 
    24    -10    -33     30      3    -31     -3     14     34    -32     16    -47     16     23     10     52 
   -69      2     57    -40     26     28     32    -47      4     21    -20      3   -121    -54    -31      8 
    43     -3     -4     44    -43     14    -21     24      9    -37    -27     16    -10    -15    -90    -42 
   -54     60     -3    -95    -98      2    -60    -19     16    -42    -29     -7    -44    -46    -14    -54 
    -2     10     -6    -12    -38     39    -37      8    -81      8    -35      1     11   -118    -73     -9 
   -22     -9     32    -12   -104     14     17    -77     35      0      2      2    -32    -92     17    -11 
    26     19     24     -7    -42     22     22      1    -16    -14    -25     44     16     25    -23     -4 
    17    -43     41    -27    -24    -52    -51    -45    -15    -40    -33     41    -81    -92     21     37 
    38   -195    -23     48    -14    -69     -9    -71     77     51     -9     -8    -57    -83    -12      7 
    26     20     42    -13    -58    -51     -3      1    -22    -16    -93    -31    -28     14     26     89 
    20     49     20     -7     -8    -33      3     43    -17    -16     26    -19    -42     -2     25     29 
    32     10    -38      6     39    -41     33     59     37      5     40      6    -41    -24    -24     -9 
   -51    -24    -15      2    -54    -16     43     57     -5    -52     22     17    -94     27    -62     42 
   -37    -35      6    -15    -94     21    -41     -8      1    -84    -83    -21     19    -55      6   -169 
   -98    -53     12     41   -105     14     44     16     40     37     79     44     31      4     -2     91 
     6    -31     81     40    -30    -47     44    -29     47     29    -36      2      7    -33    -31    -43 
    40    -36      1      6     10    -20     62    -22    -92    -55     36    -38      3     13     38    -50 
   -17   -145    -49    -44      6     40    -62     14    -46     17     41    -41     13    -39     12    -26 
   -18     17    -13    -44     17    -31     37    -13     29     -4    119    -32    -43    -13    -27     73 
   -54    -21     -6     32     -6    -41     37   -102     13      5    -53     58    -27    -95    -57      9 
   -58     36      6    -94     44      2     24     20     13     -6     50    -77    -45    -10    -17    -36 
     2     77      1    -51     59      4     36     19     -7    -47     28      7    -14    -25     25     59 
     5     53    -24    -30      7     78     11     27    -45     27     30    -98     -8     13    -99     10 
    -3     -3     -7     23     33     38     21     -4     36     41     10    -32    -47      1    -23    -11 
    35     10     24      6     28     19    -10     -4     16     -3     -8    -34    -36    -38    -10    102 
   -31     -8      8    -51     -7     73     66     29    -42    -40     31    -28    -47     36    -28    -55 
   -19     18    -26     37    -57    -39    -54    -54      4      6    -81    -30     14    -16     72      8 
    -5    -10      5     36    -27     44     26     26     17    -64    -62    -26    -59     -4     42    -16 
     2    -57     69    -13     43    -40    -12     51    -82      9      3     12    -26    -26     -8    -11 
   -64   -112     10     41      3    -65      2    -55     -1     14     47    -17    -41   -142     48     39 
  -217    -29    -84   -120    -51    100     16     -8     53     25    -29     26    -44    -18     13    -65 
   -76      8     31     28     -7    -67    -14    -21     25    -38    -38     22    -56    -17     -5     21 
   -18    -15    -27     34      0    -64     32    -34    -48      0    -51    -49     -4     42     24     -3 
     2     32    -68    -33     71     14   -121     -1     27     24     -7      4    -45    -15     17   -103 
   -30    -56     39     30    -24     10     -4    -40     17    -26     58     73    -43     16     16     39 
   -68     24     42    -40    -56     28    -54     -1     20    -34    -12     15     10    -15     22    -57 
    12    -23   -138    -18   -100    -66     -3      4    -80     51     21    -10    -12    -33      5    -50 
   -47    -16    -43     -7     34   -120    -10     37    -35    -17    -61    -97    -74    -42    -22     30 
     4    -70    -29    -14    -15    -11    -12     39     -9    -17      9    -66    -35    -44     26    -27 
     0     -3    -22     -4     -2     12     14     16    -17      3     -2    -56    -11      1   -112    -17 
    11    -45    -38      2      1    -44   -132     25    -70     24     14     47      4    -11    -19     10 
    -8    -41    -31     15    -60    -37     18      1    -19    -27    -27     12     11    -10     16    -54 
    21      1      8     -4      5     -7    -21      3    -55     -8      9      5      8   -144     29    -23 
    -6    -29     -1     -1    -70    -14      0    -36    -33      1     17     -3    -69    -27    -53    -15 
    -9      5     27     -9      6    -31    -36     11     -1    -87    -40     16    -17    -13     -7      9 
     6    -61     45     16     -2     27      5     27    -18    -55     -3   -108    -12     -3     -1   -103 
   -35      0     37    -12    -18     -2    -32    -23     25      9     50    -33     25     12    -13    -25 
    15      1    -68    -32    -24      4    -15    -19     21     47     -5      4    -29   -108     32     20 
    -2    -58     40      8    -25     14     -3    -43    -25    -44      5    -79     20     29      0    -28 
   -22    -49     27    -11     44      2    -22    -43     18     17    -17     -7     -3     11      9    -17 
   -18    -21    -10    -37    -14    -12     40    -32    -66      8     -2    -17   -178     35     18     -2 
   -15    -41    -13    -21     11     26      4   -120    -20     33    -32    -31     -9     -4    -10    -21 
     6     10    -25    -47     15     22     23     19    -23     27     21     -4    -91   -102   -147     25 
   -80     22     11     -4    -22     -7     10    -12      7    -29     31     54     16     -2    -43    -55 
   -46    -56     54     23     -4      0     -6    -38    -42    -28    -10     13     11     10      4     -5 
   -17     10    -31    -23    -56     -7    -12     10      8      4     22    -39    -20     27     22    -69 
   -31      3    -14    -36     15     72    -16     12     20     44     31     34    -11    -19     20    -84 
   -15    -60    -17    -13     20     -1    -18    -13    -11     25     22     -1     -3     27     19    -15 
     6      4      2     13    -20     -7    -16    -23    -23     -7    -65     10     28    -15     -4     -4 
   -34      3     19    -10    -18     -7      1      4     -2      6      7    -16     -1    -43     31     -2 
    -6    -12      9      2      6    -20     34     -1     18      0    -28      5    -12     38     -6     16 
   -49    -83    -13    -69    -56      1      8    -20     14    -48    -24     -9    -22    -95     12     25 
   -50     70    -55      5    -15    -38     34    -12     -6     16    -26    -42    -18      8     -9    -49 
   -21      2    -18    -38     -6    -17    -15    -35     -5   -141    -32     -9    -11    -11    -67    -38 
    24    -16     22      1      7     27     -7    -26     -3    -16     27    -38      2      0     -2    -99 
   -83     19   -145    -58     18     -7      9    -14     14     13     13     -8     52    -82     23    -32 
   -20     23     -2      2    -17    -12     -9     15    -24     31     12      6     14    -25    -94      8 
   -20     13     18    -77   -159      4    -26      4      1     -4     -8      6     12      9     48    -63 
    -5     20     41    -10    -15     25     -9     30    -28     20     11     71     -2     -4    -17     29 
    18    -14     45     19    -95     -7    -27    -95    -18    -23    -26     -8    -34    -34     28    -34 
   -41    -72     47    -37     -8    -62    -27      8     17    -37    -22    -75     -4     12     24    -42 
    18     -9      4     -9     -9    -41     22     -1    -33     14     -7    -56      3     29     -8    -42 
    21   -101    -71      6    -24    -48    -61     16    -67    -22    -19    -46     12     19    -73     24 
    50    -16    -33      8     39     30     -4      3     23     11     16    -18    -49    -39     30    -80 
   -88    -11     14     13      7     -8     27    -27     66    -14    -27     32    -35   -137     31     24 
    12    -41    -26      0    -15     -7     14    -85     32    -14     -6      0    -25     -7    -83     40 
   -30      8    -19    -29    -19    -53    -48     31    -14    -23     15    -25     33    -10    -10     38 
    17     12      6      3   -127    -12      3     10    -11     47     -2   -188      9    -29      1     18 
   -69     11    -32     -8    -68     13     12     35     -5    -10     14     -3     23      8    -56     -6 
   -21     15     22    -16    -23    -48    -13     26    -11     -6     24    -13     -5   -134     24      4 
    45     23   -100    -19    -57    -12     19     18    -39     27     17    -80     38    -17     -6    -35 
   -20   -137    -81    -33    -11      9     34      9     25     20     13      9    -31    -17      2     31 
    20    -23      2   -128     32     26     38    -24    -29     -6     36     12   -151    -11    -30      8 
  -115   -137    -43     45     38     38    -23     60     39    -46    -62    -38     24    -34    -21     -8 
    14     17     78      1    -19     32     55    -71     31    -20      8    -10     86     55    -77    -38 
   -29     38     -9     28    -28     -9     36    -15     -5    -49     -5      9      9    -43    -17    -13 
     8    -50     23    -85     24     -4     22      6    -43   -101      4    -27    -19    -17    -15    -64 
    12     -6      0    -12    -10      8      8     12    -20     33     38      5     33      9     10    -88 
    10     31     11     -7      5     29     -7      3    -27     -1     23     -4     69    -26    -49    -37 
   -53    -42      1     -8    -13     22     34      2     62    -22   -148     -8     19      4    -19      0 
    36    -10      3      5     -7    -12    -45    -54    -25     -3    -36      3    -32      8    -44     -5 
    -6     18      4    -56     14    -90    -44    -24     14    -17    -32    -16    -21      5     22     12 
     2    -20     16     36      0     67     27     41     23    -29    -58    -17      4    -25     17    -22 
   -85     33     20     -3     -8     38    -10     -6    -47    -16     22    -24    -12    -38     12    -12 
   -90    -59   -108    -23     57    -12     22    -46     33     15    -24   -112    -70    -18     31    -35 
    14    -23     -9     34     39    -53      2     -5     13    -50    -90      8     -3   -118    -69    -13 
    23      1    -35      2    -19     21      7     34     -8    -40    -60      0    -24     -2     10    -61 
   -47    -41     25      2     17     -3      7     78     27    -26     -4      3    -60    -11    -48     13 
   -22    -56    -85     18     18     19     -3      9     15     -7      8    -23    -11    -33    -19      8 
   -42     20      0    -16    -93     -7    -59     45     -7      3    -11     19     42     51    -56    -80 
    52      7     -8    -13      3     -9    -25     20    -82      9      4      1    -22      5    -79     -7 
    -3    -19     -9     -9   -115    -18    -27     11     29    -24    -56    -29    -63    -15     44    -17 
   -59     73     69      0     -9     12     11     54     39    -33     11   -105    -48    -42     48    -37 
    46      3    -12    -37     -3   -141     11     -7     19     38    -43     20      4    -41   -186    -23 
    22    -77     45     18     13    -38   -105    -10     10    -20     38    -43     43    -88    -29     10 
   -45    -47    -19    -23    -63    -34     -9     35     25    -25    -18    -20     -1    -17      0    -53 
   -19    -25     -2    -34      4    -20     34     24      8      7     11      9    -76     -7     20     -9 
     9    -13    -46      7      5     26     18   -145    -11    -17     39    -13     17    -23     46    -23 
   -43      9     25    -10    -72     23     40     34     33    -86     25     33    -32     15     -3    -22 
    48      8      6    -15    -59    -17    -20      1      9    -29    -35    -66    -21   -104    -74      7 
   -61    -51    -21      2    -35     10     69    -11    -25     13      3    -37     -7     12    -15     19 
    16    -13     38    -46     -5     10     -9    -11      4    -23     48   -116     -5    -70     35     -3 
    55    -11    -66    -65    -17     45    -34    -33    -40     54    -40     53    -11     11    -51    -38 
    -7    -43     -2     -2     -1      6    -38    -91    -27    -60    -22    -29      1     39     31      5 
    -7    -51     -8    -64     57    -34     23    -15    -74     29     18     -7     -5    -25     16      7 
   -92    -24    -16     24    -25     62     16      8     -6     31     -6     13    -28    -35     33     -4 
     0      3    -64    -37     31     27    -11    -27    -21     -4      5     30     49   -100    -31    -16 
   -19     -1    -81   -156     30      8     27     20    -58    -40     19      1   -101      5     -9     -6 
   -15    -35     28    -44    -19    -25    -20     -3     -1   -165    -27     -2      0     -8     -1     -3 
    24    -42    -26      2    -92      9      8     28    -14     41     19    -24    -48    -14    -26     19 
   -13     17    -19    -52     -2    -28     -3     21     20    -10     16      6     51      6     -3    -64 
    67     24    -38     41     27     50     30      6     19     53    -34    -50     41      9    -42    -25 
    -1     52      4     -2    -77    -61    -65   -100    -53      4      1      7     64    -14    -11    -19 
   -21     18    -36   -119    -20      6     26   -178      5     14      0     17     -1     21    -26    -13 
   -17    -17     26     49     20   -102    -30    -10    -66    -37     -2      9    -24    -23    -17    -19 
  -102    -29     -8   -102    -32     -9     -4    -37     67     33     62     -2    -18     41     20     11 
   -19    -21    -62    -17    -67    -22      3     -1    -31      0    -25   -110      5     35      9    -91 
   -24    -30     37     34     -8     19    -20    -80      2    -43     65    -13    -21    -84    -15    -20 
   -20     46     22     28      8    -37     -8      9     -1    -11    -38    -23     31    -11      7    -25 
   -38     -6    -69    -57     -4      6    -91     14    -23    -35    -14    -10     18    -42      0    -56 
     5    -20    -43     26    -32    -11     26     -9      7    -26     -9      3    -61    -12     37     66 
     3      6    -46    -87    -33     26    -16      0    -21     35    -23     26     22    -20    -26     31 
   -33     10    -82    -21    -42     11     -9    -18    -60      6     22     -9     11    -84     54     30 
   -12   -169      3      1      2    -59     -3    -45     16      5    -40    -34     26    -36     23    -17 
    26    -39      4     -8     -4     -6     23    -14    -16     -3     31    -69     -8     -5    -20     75 
   -10      0     22     55    -45     -9    -31     14      7     23    -14     10     -5     32   -129      2 
    24    -51     18     12     15    -44    -95   -112    -88     14     31    -86    -21   -140      8    -15 
    19     34    -25    -37     17     -6     16     -1     65     14    -13      1    -12     10      2    -53 
    36    -46    -55      7     35    -26     32     16     12     39     12      3      6   -172     -9     20 
    22     17      0     47     13    -13     13     29    -16    -27    -26    -10    -68     33    -43    -39 
    26    -18      6    -25     18    -21    -27     11    -14     34    -19     -2     -5    -12    -87     -6 
   -43    -39      9     -7    -14      1    -57     -9    -10    -76      9     12     25     97    -18     77 
     3      2    -49    -62    -67    -33     26     43    -51     -2    -37    -58     34      2     39      5 
   -23     25    -18      8     -6     25    -17     25     34     39     30    -46     40     91    -16      9 
   -68    -39     10   -123    -55     38     -1    -76    105    -67     11    -49     48    -55      7     -3 
    -7    -42    -19     32    -13     25     11    -37     33     10     12      8    -33    -28     14    -13 
   -47     51    -12     10    -50    -11    -30     20     25     11     35     69    -43      5    -30     37 
   -52    -39    -22    -57      2    -66      7    -15    -70     49     11     -5      6     43     37     53 
    -5    -29     -9     39     26    -83     29    -12    -41    -15     -6     -9    -73     39     13     26 
    13      4     32      7    -14     11     -5      9     -2     -3     -4    -12     14     -3     75    -51 
    12    -25     40     73     36     -3    -12    -34     45    -16    -48      5     -5    -23     16      9 
    -9     -7     10    -15   -103      2    -17     21    -21    -49     30     -5    -26      0     -1     26 
    12     26     12     49    -34    -16     48      3      6     19     21    -18     12    -41      5     35 
   -69    -71    -18    -60     67    -97    -33     11      6     19     19     25      1    -10     40     -8 
    23      8     18    -29    -27    -26     42   -107     12      6   -125     -5     18    -60     33      1 
    -8     81     36   -101     56    -58    -94     -6     -2     22     13     54     19    -20     25      3 
    10     71     14    -52     28    -20   -122     14    -32    -15    -36     41     22    -26    -35    -22 
   -98    -57     -3    -62    -17     29      1    -14    -25     -1      3    -22      0    -40     14     22 
   -10    -44    -93     -7     17     -7     -7     62     12      1     11    -65      7     -3     -7    -44 
     6     15     -3    -62     50     29      1     67     26     23    -77     17     45   -115    -23    -19 
     9     14     -6    -18     -5      6     22     39     -3      1    -41      4     -8     11    -18     13 
   -53     -7    -75    -32      8    -50    -32    -28    -19      2     30     -6    -21      1     22      9 
    15     -4    -48      4    -18     22     14     51    -15      4     42     44     37     59     30    -52 
     7     12    -15     -5     24     47     27     19     43    -30     11     23    -17      6     -8     19 
   -12     -4    -86    -21     -8     55    -36     -7    -21     21     -8     15     47    -22    -22     17 
     1    -18      4    -12   -120     47     15     15     -7    -11     -1    -14    -49    -30     50    -40 
   -35    -24     -2     33    -20    -34     13     22      0     -4    -45   -128     -4     15    -34    -35 
    64     20     36     20     35     67     24     -9    -51     51     18    -28     30     53   -116     24 
    21    -99    -30     59    -41     -7    -54    -79    -28     65     22    -44    -47    -53     45     46 
    32    -48    -75    -12    -34    -18    -57     39     -3    -43    -94      3     36      7      0     14 
    -1      2    -11    -36     25    -30      2    -20   -150     21      4    -51    -65     12     70     17 
     2     28     44    -10    -11    -42     65    -76    -87     -6    -25      5     -3      7    -13    -34 
    22     37    -10    -46      3     -9    -22     34    -14     19     14     41    -39    -36    -16      6 
    51    -45     23    -43    -72    -29    -63     17     56     60     -1    -43     32      0     20      2 
   -24     56     38    -59     26      4    -17     34    -32     78    -85      7      5     54     24     70 
   -49     -4    -14     67    -65    -13     33      9     18      6     23   -107     48    -22      0    -27 
   -32    -40    -40     14    -45      0    -46      3     32     52    -23    -14    -15    -29    -19    -94 
     4   -129    -48    -40     32     21     55    -31      4    -26     23    -10     11     -4     -2    -46 
   -22     -4     48    -55    -27      9     22    -15     49    -63      8     18    -65    -32    -52     28 
   -35    -19     16    -45   -107     50      1      7    -16     -8    -59    -11    -28    -92     20    -29 
   -46     87     10    -62     39    -66     56    -24    -28      7      1      4   -144    -19    -60     60 
    29     21   -115    -28     12     25    -40    -41      2     98     26    -61   -102      2     -8   -106 
    -5    -32     68    -35    -19     18    -25    -22     58    -41    -58    -73     22    -23     23     -5 
    19      4     10     18     13     35    -57     64    -65      1     26    -27     -2     37    -23   -150 
    47     42     55    -51    -53     13     31     28    -55    -49    -23    -42     -1     -1     -7     11 
    26    -31    -42     13      7    -62    -54     56     38    -34    -74    -48     -6     59    -21      0 
   -48     41      5     28    -87    -88      5    -54    -29    -15    -50    -55    -13    -12     17     13 
   -10      2    -14   -146     22    -14     -3    -66    -10   -134     24    -35    -28     51     29    -20 
    41     17     18    -26     17     47     31     40    -82    -18    -37    -74     -4     -5     -4    -18 
    78    -90     10    -63    -29      4    -36    -50     54     32    -55      9    -56     75     22      6 
   -35    -40     81    -76    -20      1    -36     -2      1      4    -39    -45     20     25     36   -211 
    -6    -11     28     -6    -30    -17    -14    -16      7    -14    -72    -23     45    -53    -62    -12 
     2    -15      6     -5     -6    -37    -27    -51    -11    -19    -77     -7    -23     35    -37     -3 
   -13    -54    -52    -56     42     -5   -132      7    -16     39    -41     10    -57    -35    -34     25 
    66    -62    -91     50     -6    -27    -32     40     51     35    -14      2     20    -37      9    -25 
    25     -3    -46    -72    -51     37    -12    -48    -20    -78    -35    -39     28    -50    -23    -62 
    -4     35    -37     14    -98    -41     74    -86    -98     13    -25      7      7    -49   -101    -16 
   -49     58    -85     -2    -37    -18    -18     -8    -12     51     -8     -4    -43    -59     11      3 
   -37    -50    -24    -67     -7    -19     29     24     -5     57    -42    -19    -62    -18     -8    -58 
    10    -26     54     13     10     22     21    -47     38    -65      3    -45    -15    -83    -10     10 
    24    -38     -5     53    -18    -32    -63    -70    -49     19     -7    -15     20     -7    -22     14 
   -38     17    -35    -29    -64      4    -60    -17    -41     51      1    -10    -30    -12    -31    -97 
   -17    -30     12    -30      3     -1    -30    -47   -123     10    -40      4      7   -152     65     51 
    43    -45      8      6     27      1     79    -47     11     10      8     64      3     32     -9     15 
   -24     -6      4     -7    -33     11    -11     40    -29    -58    -32     10     63     37     29    -49 
   -55      3     -7    -13    -24      0      9    -30     20     12    -35   -109     62    -71      6    -54 
    64      9     14    -18     -4      5     15     77     -3    -19    -26    -20     12    -48     54      2 
   -66     14    -45     50    -58   -126      6    -12     54    -19     17     48     29    -47      4     29 
   -18    -18      2     31     18     20     43     35    -12     24     55    -91    -23    -11      5      3 
    -9    -76    -17     13     44     25     36    -36     -3     -8     -9     22     18     33    -19    -58 
   -47    -10     23    -34      4     52      2    -30      2    -11     16    -30   -184     -2      7     26 
   -46    -43     -4     42      3    -18    -22    -42     31    -80     -7     20    -25     19     25    -23 
    -2     47    -15    -22     19     38     31     -6      5    -39     27      6     26   -168    -92     -5 
  -133    -18    -18    -17    -58      7    -12     -5     -5    -76     33    -48    -44    -37     -2    -25 
   -28    -75     35    -33    -35    -39      3     -8    -59      5     13     12     21    -24     -9    -34 
    13     27     -4    -17    -55     57     18     58    -23     43     17    -20    -17     38    -28    116 
    17      7     43      7    -35    -35     -9     63     -6     10     33    -26     30      3     16    -71 
   -18    -17      1    -20    -11    -17    -13     19     10    -60   -107     26    -11     28     -4    -23 
    57    -39     19     10    -25     75     27     29    -36     14    -49    -42    -29    -22     55      6 
   -33     -6    -11    -60    -22     41    -18   -148    -16    -80    -19     14    -29    -58     36    -12 
   -22      5     40     41     86    -14     -1      3    -30      2     -9    -30     18      4     18     26 
   -58     17    -13    -24     51     18      8     22    -16     22    -54    -15    -64   -100     38    -10 
   -60    -52    -64     -2    -15    -31     21    -16     10      1    -15    -34     44    -43     14    -14 
   -25     -7     29     26     37    -13    -36    -12     13    -44   -104      6     75    -81    -62    -36 
    22    -22     -4    -15     22    -10     -7    -26      3     10    -29     -6    -34     14     32   -118 
     2    -60    -32    -48     -7      8    -19    -12      2    -32    -32      0   -100     -6    -63   -151 
    31     -3    -27     58      6      8     18    -11     25    -16     52     38     15    -37   -139     33 
   -40     67    -21     22    -40    -30    -43     -4    -45     21    -39    -34     39     -6     35    -54 
   -21    -18     32     32     30   -113     31    -11     52     13     26    -22     32   -126     45    -30 
    13     -8      4     17    -81     12      0    -35     -5    -10    -30      9      2   -158     16     11 
   -19    -17     13     11    -39     19     42    -27     51    -21     26     20    -13     36    -52    -21 
    38     24    -12    -42     51    -58    -67    -47    -81     -3     11     45     35    -71     18     -5 
    60   -143    -23     22      3    -72     59     -3   -127     24    -16    -67      9    -68    -65     20 
    -4     41    -35    -51     -2      3    -32     49     -8     16   -112    -55    -46     -3    -18    -75 
   -27     28     51     -9     54     -7    -19    -44    -58    -46     21      3      1    -17    -31     17 
    16    -17    -41     19     36    -33     18    -29     32     60    -11      6     15    -11     20     97 
    81     47     11    159    -25    -22    -26     -1     95     -8     -3     12    -97     47    -24     26 
   -38    -64    -31      2     -6    -99    -42     13    -32    -80    -60      5    -19    -10      6    -69 
   -95    -12    -11     30    -42     14    -42     25     -9    -23     30     10     46     26    -41     20 
   -12    -24     40    -46    -23     -4     21     31     21     22    -27    -55     38    -91    -22     22 
    35     50    -48    -21     -9    -34    -24     37    -86     16     43    -12      9     -4    -17     16 
   -47    -23    -80     41     47     46    -21    -62    -24    -27     27     26     19    -15     34    -43 
   -71    -55     39    -42      5    -11     -8     38      1      6     67    -17    -25     28     18     32 
   -39     -5    -55     -2      4     11    -15     -5     -3      4     21     59      0    -21    -28     25 
   -24     42    -34    -73     32     25     46    -25     41     -7     23      2    -66     -1    -33     24 
   -44     31     42    -28    -17      3     40     57    -47     35     -7      3    -15    -19    -71   -150 
    46    -21     20    -45    -10    -40      5     41     19    -20     49    -10     42    -15    -41     24 
    23    -66    -24     35    102     42    -20     15     20    -26     37    -23     55    -22    -38    -37 
    36     35     33     20     11    -22     42    -23    -64    -79    -16     32      0     14    -35    -70 
   -79    102     -9    -38    -28     58    -11      6     52     -4     24     -4     25     48     32      5 
   -50     24     19    -11      6     44     29    -15    -35      9    -62     21     28    -20    -38     26 
     0     49    -16    -14     26    -53    -18     -3    -18    -72     19      0    -49    -51     70     -6 
    24    -53     38      9    -46    -10    -22      4    -36    -33     -3    -22    -13      2    -19    -22 
   -51   -119     27   -138     23    -39     32    -34     -3     12    -23    -38      1     66     37    -21 
  -197     22    -62     21     23    -54     17      5    -38     34     -1    -68     22    -19     26      2 
   -36    -41     54     43     -7    -21    -42    -19     11     15     -7    -16      8    -21     18    -18 
    -4     30     34    -18     26    -27     34    -25     -7     33    -84    -74    -19      2      7     34 
   -12     -5    -64    -16    -31     20    -36     11     -3    -19     41      9    -18    -50    -56     -9 
    10    -27    -11     34    -37     -4     26     10     71    -32    -43    -12     -8   -120    -72     15 
   -22     56    -43    -55     -4    -19    -50     14      8     -9    -32     -7    -22     18    -21    -29 
    51    -60    -52    -17     45    -82     24     25     41     18     10     18     42     -3     27     -8 
    20     11     -3      9    -99   -115    -64    -11    -44    -19    -42    -21     97      6     -9    -30 
   -22     24    -29    -10     -9    -23     39     -6     52    -38    -48     16      4    -17    -19     43 
    -7    -11     39    -11     36   -158     40    -10    -40      2    -17     16    -12    -37    -15     39 
    20     -1    -30     16     21    -41     48     51      2    -39     55     -2     55    -18     27     23 
   -15    -53    -47    -23    -51     -8     18    -20     13     -7    -11      7    -34    -24    -36    -43 
   -62    -21     28     46     -4      3      9      0      1     -8     -2     -4      4     18     52      2 
    55    -82     22     26     40     -2     48    -69      1      5     -4    -13    -17     13    -50     15 
   -10     30     -9     -1      2      2    -69     51     19     11     -9     14     79     -2    -89     20 
    46    -12    -10    -83   -115     62     33     16    -49      5     -5    -32     35    -43    -33     -6 
    86   -109      8    -36     -1    -12    -38     34    -40     24    -18     15      8    -20     26    -41 
   -15     13    -23    -69     38    -49      7     19     40    -32    -31    -84     -3     31     20     62 
    44     41    -66    -91     82     23     33     22    -28     12     37      8     45     46     -7    -68 
   -15    -18    -10    -85     37     -2     -4    -60     11      4    -12     66     -8     51     -1     -6 
   -26     10     16     15     -4     56    -46    -22    -19    -40     54      6    -13     19     -5     41 
  -198    -47    -13     -5    -15    -19    -23    -99    -44     39    -80      3    -46    -43     82     75 
  -141     28    -14    -13     42    -58     20    -74    -33   -110     63     -3    -44    -34    -23    -35 
   -14    -25   -113   -109    -70      2     30      3     14    -24     -9     46    -76    -11      6   -150 
   -42    -31     17     -6      3    -46    -32     19    -18    -58    -41    -16    -11     -2    -68    -17 
   -10    -36    -22    -58     -2     35    -12     -2      1    -40     21    -22      5     26      5    -76 
    48     21      8    -46      2    -43    -26    -45    -15     18     20    -49     16    -11    -24     61 
    80     -3      6     14    -37    -23     19     10      9     -8    -70     10     21     18     10    -60 
   -35     37     26     44     12    -97    -33    -50    -21     11     44    -42      5     62    -25     27 
   -50     10    -21    -80     48    -67      4     60     43     29    -14     -4    -36     -6     69     10 
   -34     -4     14     11      2    -33    -41     18    -19      4    -60    -13    -23     -8     12     21 
   -45    -21     13     -7    -32    -22     29    -11     49      5     18    -25     21    -88      2    -36 
     5     -2   -100   -126     73    -48     37    -27     37     33     22    -40    -89    -10    -14   -156 
    36    -60      9    -26     10     10    -66    -13     13      6    -28    -38     27     24    -13    -28 
    32    -24     34     -1      2    -24     17     -9      1     -4    -41    -23    -13     16    -12    -47 
   -15    -64      7    -97     11     16    -76      9    -27     -9    -15     -9    -95      6    -58      0 
     9    -28    -71     11     64    -35      6    -14     42   -124     23    -37     60     13   -106    -63 
   -10    -10    -69    -45     78     23    -23     -2     22      3     -8     -8    -60      8      3    -16 
   -35    -16     -5      8    -56    -36    -22    -44     31     14      4      5     16    -91    -99     40 
    23   -173    -27    -36    -13    -39     13     17      5    -11    -31    -49     38    -36     -3     12 
    38    -39     -6      5    -33     19     54     -4      8    -28     -9    -72    -45     -9    -55    -28 
   -10     56     43     18     -8   -105      7     11    -42    -44    -25     -7     22     -5   -143     24 
    10    -91    -21     30    -28      6     25    -39    -24     20     32    -68     40    -63     16      0 
    -4    -11    -26    -10    -55    -15    -42     -3    -27     -1    -46    -17      7    -17      3     10 
    22     34     25    -44     -4      5     -9     59   -116     -1     26    -67    -38     22    113     -8 
    33     23     21     54      5      7     17     61    -26     16    -24     53    -49     -5     38     34 
    51     32     24    -55     44     22     27     18     56    -45     27    -26     -2     26    -76    -13 
   -78     50     -5    -79    -10    -41    -23     41      1    -88     21    -37     30    -84     10     14 
   -56    -27    -15    -30     20    -37     -8     21     97    -45     38    -21     16     21     37     -6 
   -30     59    -35    -74    -29    -47     16      4      8    -30     20    -40     -3      9     34      2 
    22     32     58     -8    -21    -22     41     35    -57     43    -13     51      4     42    -10     22 
     2     16    -80    -28      3     34    -56    -65     68    -41    -27     -8     14    -11    -46     17 
    48     51    -13     -3     26     34   -109     47     10     31     32     10    -52      3    -25     57 
    -5     11    -26     25     -1    -22     11    -10    -20    -50    -38     37    -16   -124      0     17 
   -85     65      1     48     17     -4     13   -116     33    -94     29    -41    -20    -27    -80     11 
   -15     57    -31   -127    -43     92     21     -1    -14    -76     47    -35    -31    -45      1    -66 
   -31     19     42      3      8    -84    -39     23    -31    -77     55     -1     21     -4    -48    -68 
   -26     -2    -33     63     58     72     12     43    -11      4     31      8     91      1    -26    -92 
    39     18     31    -19      3    -39     31     -7      4     -6     46    -33     -3     22    -42    -29 
   -11     25     83    -76    -28     -2    -54      1     50    -21     11    -18      3     63     43    -55 
   -32     38     38     17    -19    143     67     16    -11      2    -56    -53    -27    -38    -58    -16 
    -6    -26      9     -1     20    -90     17   -135     -5    -76    -66    -64     -2     -3    -24    -14 
    64     10     20     -1     11     43     41      0    -22      6    -61    -26     -3    -34    -32     48 
   -22    -60      7    -49     31      9    -36    -53    -50    -27    -23    -37    -32    -50      6     28 
   -98    -16    -49   -159     23      4      3     10      5     63     55     34    -42     -9     28   -171 
   -82    -28      5     32     63    -34     12     25     23    -16    -26      6     -7    -29    -45     15 
   -35     16    -23     -1     11    -16      6    -49     47     -7    -38     42    -19     16     44    -14 
    10   -112    -81    -36     35     -1   -118     20     -7     -8    -30    -11    -42     -9    -67     12 
   -11      5     -5     34     12     31      0     -1    -30   -127     16     75     81      7    -10    -60 
   -52     11    -37      6     18    -32     -3     22    -50     28     26    -20     37     24    -22     15 
   -69    -42    -64     -4    -17     59    -35   -124     -3     28    -20     -4     49      3    -41     61 
     3    -98   -118      0      3    -39    -18    -78    -38     20    -36    -91     -8    -80      2     30 
