memory_initialization_radix = 16;
memory_initialization_vector =
143fd00c
03805c0d
2900118d
02800001
02800002
02800003
02800004
02800005
02800006
02800007
02800008
02800009
0280000a
0280000b
0280000c
0280000d
0280000e
0280000f
02800010
02800011
02800012
02800013
02800014
02800015
02800016
02800017
02800018
02800019
0280001a
0280001b
0280001c
0280001d
0280001e
0280001f
0015000c
0384000e
0040918d
060001a0
060005a0
060001a1
060005a1
0280058c
5fffe98e
0380200c
0380600d
040001ac
0380800d
0381800e
040001cd
1c000010
02821210
2880020c
1c000010
0281f210
2880020d
1c000010
0281d210
2880020e
6c0019ae
2880018f
298001af
0280118c
028011ad
53ffefff
1c000010
02815210
2880020c
1c000010
02813210
2880020d
1c000010
02811210
2880020e
6c0019ae
2880018f
298001af
0280118c
028011ad
53ffefff
1480000c
0382418c
4c000180
1c000160
40000000
400122a0
1c012400
400122a0
4001248c
02bfc063
1c000224
0294f084
29803061
546ccc00
1c00024c
028a318c
28800184
02800405
02802084
5463e800
140000a4
03955484
544f2c00
540ad800
54167400
54221000
1c000224
0293f084
546c9000
542db000
1c000224
0293b084
546c8000
1c000224
02938084
546c7400
140001e4
03bffc84
544eec00
28803061
00150004
02804063
4c000020
03400000
03400000
1c00024c
0290018c
1c00024d
029da1ad
6c00118d
29800180
0280118c
53fff7ff
1c00024c
0287e18c
2880018d
03801c0e
290009ae
0382000e
29000dae
0015000e
290005ae
03806c0e
290001ae
03800c0e
29000dae
0015000e
290011ae
1c00000c
0294518c
0400302c
0380040d
0401102d
0380100d
040001ad
04000420
1400002d
03bffdad
04001020
0400102d
1c0c0003
02bb9063
00150004
00150005
57fed7ff
5404a800
50000000
00000000
00000000
00000000
00000000
00000000
00000000
00000000
00000000
00000000
00000000
00000000
00000000
00000000
00000000
00000000
00000000
00000000
00000000
00000000
00000000
00000000
00000000
00000000
00000000
00000000
00000000
00000000
00000000
00000000
00000000
00000000
00000000
00000000
00000000
00000000
00000000
00000000
00000000
00000000
00000000
00000000
00000000
00000000
00000000
00000000
00000000
00000000
00000000
00000000
00000000
00000000
00000000
00000000
00000000
00000000
00000000
00000000
00000000
00000000
00000000
00000000
00000000
00000000
00000000
00000000
00000000
00000000
00000000
00000000
00000000
00000000
00000000
00000000
00000000
00000000
00000000
00000000
00000000
00000000
00000000
00000000
00000000
00000000
00000000
00000000
00000000
00000000
00000000
00000000
00000000
00000000
00000000
00000000
00000000
00000000
00000000
00000000
00000000
00000000
00000000
00000000
00000000
00000000
00000000
00000000
00000000
00000000
00000000
00000000
00000000
00000000
00000000
00000000
00000000
00000000
00000000
00000000
00000000
00000000
00000000
00000000
00000000
00000000
00000000
00000000
00000000
00000000
00000000
00000000
00000000
00000000
00000000
00000000
00000000
00000000
00000000
00000000
00000000
00000000
00000000
00000000
00000000
00000000
00000000
00000000
00000000
00000000
00000000
00000000
00000000
00000000
00000000
00000000
00000000
00000000
00000000
00000000
00000000
00000000
00000000
00000000
00000000
00000000
00000000
00000000
00000000
00000000
00000000
00000000
00000000
00000000
00000000
00000000
00000000
00000000
00000000
00000000
00000000
00000000
00000000
00000000
00000000
00000000
00000000
00000000
00000000
00000000
00000000
00000000
00000000
00000000
00000000
00000000
00000000
00000000
00000000
00000000
00000000
00000000
00000000
00000000
00000000
00000000
00000000
00000000
00000000
00000000
00000000
00000000
00000000
00000000
00000000
00000000
00000000
00000000
00000000
00000000
00000000
00000000
00000000
00000000
00000000
00000000
00000000
00000000
00000000
00000000
00000000
00000000
00000000
00000000
00000000
00000000
00000000
00000000
00000000
00000000
00000000
00000000
00000000
00000000
00000000
00000000
00000000
00000000
00000000
00000000
00000000
00000000
00000000
00000000
00000000
00000000
00000000
00000000
00000000
00000000
00000000
00000000
00000000
00000000
00000000
00000000
00000000
00000000
00000000
00000000
00000000
00000000
00000000
00000000
00000000
00000000
00000000
00000000
00000000
00000000
00000000
00000000
00000000
00000000
00000000
00000000
00000000
00000000
00000000
00000000
00000000
00000000
00000000
00000000
00000000
00000000
00000000
00000000
00000000
50000000
00000000
00000000
00000000
00000000
00000000
00000000
00000000
00000000
00000000
02be1063
2981e061
2981d062
2981c063
2981b064
2981a065
29819066
29818067
29817068
29816069
2981506a
2981406b
2981306c
2981206d
2981106e
2981006f
2980f070
2980e071
2980d072
2980c073
2980b074
2980a075
29809076
29808077
29807078
29806079
2980507a
2980407b
2980307c
2980207d
2980107e
2980007f
04001404
04001805
0044c08c
5c00900c
034ff08c
0044898d
001501ae
034005ce
03800414
580109d4
001501ae
034009ce
03800814
580101d4
001501ae
034011ce
03801014
5800f5d4
001501ae
034021ce
03802014
5800e9d4
001501ae
034041ce
03804014
5800ddd4
001501ae
034081ce
03808014
5800d1d4
001501ae
034101ce
03810014
5800c5d4
001501ae
034201ce
03820014
5800b9d4
50001000
028010b4
04001834
50000000
2881e061
2881d062
2881c063
2881b064
2881a065
28819066
28818067
28817068
28816069
2881506a
2881406b
2881306c
2881206d
2881106e
2881006f
2880f070
2880e071
2880d072
2880c073
2880b074
2880a075
28809076
28808077
28807078
28806079
2880507a
2880407b
2880307c
2880207d
2880107e
2880007f
0281f063
06483800
54002400
53ff7bff
53ff77ff
53ff73ff
53ff6fff
53ff6bff
53ff67ff
53ff63ff
53ff5fff
50000000
03400000
03400000
03400000
03400000
03400000
03400000
03400000
03400000
03400000
03400000
03400000
02bec063
2881406c
2980607e
0015009e
143e6004
2980f061
2980006c
2981306b
2980106b
2980206a
2980e076
2980d077
2980c078
2980b079
2980a07a
28818079
28819078
001500fa
2980907b
2980807c
001500db
0015011c
2980707d
2980507f
001500bd
28816076
2881707f
29803069
545bb000
28803069
143e6017
038042e4
00150125
545b8c00
2880206a
038052e4
00150145
545b7c00
2880106b
038072e4
00150165
545b6c00
2880006c
038082e4
00150185
545b5c00
001502c5
0380a2e4
545b5000
001503e5
0380b2e4
545b4400
00150325
0380d2e4
545b3800
00150305
0380e2e4
545b2c00
00150325
038102e4
545b2000
00150305
038112e4
545b1400
001503c5
038132e4
545b0800
001503a5
038152e4
545afc00
00150385
038172e4
545af000
00150365
038192e4
545ae400
00150345
0381b2e4
545ad800
2881a065
0381d2e4
545acc00
2881b065
0381f2e4
545ac000
2881c065
038212e4
545ab400
02800405
143e6004
545aa800
03400000
143e6004
545aac00
03401084
5bfff480
2880f061
2880e076
2880d077
2880c078
2880b079
2880a07a
2880907b
2880807c
2880707d
2880607e
2880507f
02814063
4c000020
03400000
03400000
03400000
143e6004
505a5c00
03400000
03400000
02bf0063
2881106e
2881206f
28813070
28814071
2881506d
0015016c
2881006b
001500e6
29805060
00150107
29803060
00150128
29807071
29806070
2980406f
2980206e
2980806d
29800060
00150189
0015000a
2980f061
57fddbff
2880f061
02810063
4c000020
03400000
03400000
02bf0063
2980f061
0280040d
001500cc
0280340e
58005d0d
0282000d
29804065
29802064
29806060
2980806e
2980706d
29805060
29803060
29800060
0015008b
00150089
001500e8
0015000a
00150007
00150006
00150185
00150184
57fd67ff
2880f061
02810063
4c000020
03400000
0282000d
29804065
29802064
29806060
2980806e
2980706d
29805060
29803060
29800060
0015008b
00150089
001500e8
0015000a
02800807
00150006
00150185
00150184
57fd0fff
2880f061
02810063
4c000020
03400000
03400000
03400000
02be8063
02808004
29817061
29816076
29815077
29814078
29813079
2981207a
2981107b
2981007c
2980f07d
2980e07e
2980d07f
545ae000
580ad880
00150097
0281a019
02810018
02809004
298002f9
298012f9
298022f8
298032f8
545ab800
0015008c
58004080
148c992e
148c9b6d
0280040f
02800c10
03b601ce
03b601ad
29800099
29801099
29803090
2980208f
2980408f
29805098
29806098
2980708e
2980808d
298042ec
02809004
545a6800
0015008c
58004880
148c9b6e
148c9c0d
02800410
0280800f
0281a011
02800c12
03b801ce
039801ad
29800091
29801091
29803092
29802090
29804090
2980508f
2980608f
2980708e
2980808d
298052ec
02809004
545a1000
0015008c
58004880
148c9c0e
148c9c8d
02800410
0280800f
0281a011
02800c12
039901ce
03b901ad
29800091
29801091
29803092
29802090
29804090
2980508f
2980608f
2980708e
2980808d
02809004
298062ec
5459b800
58004480
148c9c8d
148c9ccc
0281a010
0280040f
0281000e
03ba01ad
03ba018c
29800090
29801090
2980308f
2980208f
29804080
2980508e
2980608e
2980708d
2980808c
288042ed
298072e4
288052ec
580935a0
58092580
288062ec
58091d80
58091880
288022ec
288032ee
288071a5
14000158
001c398c
03a30304
140001fb
1c00021a
028c335a
00408d86
001030c6
5454d000
288042ec
288032e6
03a10304
28808185
5454bc00
288032ed
288052ee
03a58304
0044fdac
0010358c
0048858c
001c358c
288071c5
0044fd8d
001031ac
0048858c
00408d86
001030c6
54548400
288032ec
288052ed
03a18304
0044fd86
288081a5
001030c6
004884c6
54546400
288032ed
288062ee
03a68304
0044fdac
0010358c
0048858c
001c358c
288071c5
0044fd8d
001031ac
0048858c
00408d86
001030c6
54542c00
288062ed
288032ec
03a20304
288081a5
0044fd86
001030c6
004884c6
54540c00
288032e6
288072ec
03a78304
001c18c6
28807185
5453f400
288072ec
288032e6
03a28304
28808185
5453e000
14002a44
54582c00
0015009e
14002a44
54582000
0015009d
14001524
54581400
03b38365
0015009c
1c000204
02886084
545eb800
14001526
001503c5
03b38364
54539c00
14001526
1c000205
0288c0a5
1c000204
02863084
545e9000
1c000204
02868084
028193d9
001503d8
545e7c00
28400305
00150344
02800b18
545e6c00
5ffff319
14002a38
1c000204
02861084
14002a59
03be7318
1c00021a
0285c35a
545e4800
001067d9
001063d8
28400305
00150344
02800b18
545e3000
5ffff319
1c000204
02856084
545e2000
288042ec
148d6919
0280340e
0282000d
0280041a
0389033b
28806185
28805184
2880118a
28800189
28803188
28802187
28804186
2980506e
2980406d
2980307a
2980207b
2880818d
001503cb
2980106d
2880718c
2980006c
57fabbff
288002ed
288012ec
288032f8
1c000205
028570a5
1c000204
02828084
001c3718
001c3318
00150306
545d9800
1c000204
0282a084
545d8c00
5806df00
28400365
1c000204
02828084
0280c01b
03890b39
00150096
0280c81f
545d6800
58002b1a
03400000
28400325
001502c4
545d5400
00116fec
58001360
02800b39
02bfff7b
6bffe598
1c000204
02818084
545d3400
0280c80c
00150319
6806270c
02bf3b2c
6c004998
1446b48d
00408739
148d690c
038481ad
02be7339
0389018c
00103718
1c00021a
0280835a
00103339
00408718
03400000
28400325
00150344
02800b39
545ce000
5ffff319
1c000204
02802084
545cd000
288002f8
288012ed
288032ee
288052ec
001c3718
148dc49a
0044fdcd
001039ad
004885ad
0280340e
2880118a
28800189
28803188
28802187
28806185
28805184
28804186
03a4035a
2980506e
0282000e
2980406e
0280040e
2980306e
148d690b
001c3718
0389016b
0040871b
00106b7a
2980207a
2880818d
00102f6b
00150319
2980106d
2880718c
2980006c
57f937ff
00150306
1c000205
02bff0a5
1c000204
02bc9084
545c2800
1c000204
02bce084
545c1c00
0280c80c
68050b0c
02bf3b2c
2980b06c
5805cf00
28400345
1c000204
02bc8084
02800b5f
545bf400
0280040e
0280c016
58002f0e
284003e5
1c000204
02bc0084
545bd800
0280c80c
0011598e
580012c0
02800bff
02bffed6
6bffddd8
1c000204
02bb8084
545bb400
0040872c
02be718c
0010335f
2880b06c
00106f56
6c001d98
284003e5
1c000204
02bad084
02800bff
545b8800
5fffeff6
1c000204
02bac084
545b7800
288062ec
148dc49f
02803410
0280040d
0282000f
03a403f6
2880118a
28800189
28803188
28802187
28804186
28806185
28805184
29805070
2980406f
2980306d
29802076
2880818f
0015034b
2980106f
2880718c
2980006c
57f813ff
00150306
1c000205
02bbf0a5
1c000204
02b80084
545b0400
1c000204
02b85084
545af800
58045b00
284002c5
1c000204
02b83084
0280c016
545ae000
0280040c
03a40bff
5800330c
03400000
284003e5
1c000204
02b7a084
545ac000
0280c80c
0011598d
580012c0
02800bff
02bffed6
6bffddb8
1c000204
02b72084
545a9c00
2880b06c
6c003598
0040872c
148dc496
03a402d6
02be718c
0010599f
00105b76
284003e5
1c000204
02b65084
02800bff
545a6800
5fffeedf
1c000204
02b64084
545a5800
00150306
1c000205
02b850a5
1c000204
02b4f084
545a4000
1c000204
02b54084
545a3400
00150356
0015001f
284002c5
1c000204
02b51084
028007ff
545a1800
0280c80c
58000fec
02800ad6
6bffe3f8
1c000204
02b4a084
5459fc00
2880b06c
00408739
02be7339
00106f5b
1c000216
02b422d6
0010675a
6c001998
28400345
001502c4
02800b5a
5459cc00
5ffff37a
1c000204
02b3d084
5459bc00
288072ec
0280340e
0282000d
0280041a
28806185
28805184
2880118a
28800189
28803188
28802187
28804186
2980506e
2980406d
2980307a
2980207d
2880818d
148dc48b
03a4016b
2980106d
2880718c
2980006c
57f65bff
288002ed
288012ec
288032f8
1c000205
02b580a5
1c000204
02b10084
001c3718
001c3318
00150306
54593800
1c000204
02b12084
54592c00
5802df00
284003a5
1c000204
02b10084
02800bbb
0280c019
00150096
0280c81f
54590800
58002b1a
03400000
28400365
001502c4
5458f400
001167ec
58001320
02800b7b
02bfff39
6bffe598
1c000204
02b00084
5458d400
0280c80d
0015030c
6801cf0d
00408599
0040871b
02be7339
02bf398c
1c00021a
02af535a
00106fbb
001067b9
6c001d98
03400000
28400325
00150344
02800b39
54589000
5ffff379
1c000204
02aee084
54588000
288002e7
288032e6
148d6904
02800408
00150385
03890084
57f5cbff
288002e7
288012ec
288032e6
02800408
001503a4
001c1cc5
02819399
0015039a
1c000218
02ad8318
001c30ac
0048fd85
03400ca5
001030a5
004888a5
004084a5
00101785
57f583ff
14000a86
03a000c6
1c000205
02b0d0a5
1c000204
02abf084
54580000
1c000204
02ac4084
5457f400
03400000
28400345
00150304
02800b5a
5457e000
5ffff359
14001518
1c000204
02abe084
14001539
03be7318
1c00021a
02ab935a
5457bc00
00106799
00106398
03400000
28400305
00150344
02800b18
5457a000
5ffff338
1c000204
02ab2084
54579000
001503c4
544f0800
001503a4
544f0000
00150384
544ef800
288042e4
58000880
544eec00
288052e4
58000880
544ee000
288062e4
58000880
544ed400
288072e4
58000880
544ec800
28816076
28817061
28814078
28813079
2881207a
2881107b
2881007c
2880f07d
2880e07e
2880d07f
001502e4
28815077
02818063
504e9000
0280c819
53fafbff
0280c819
53f9dfff
0280c80c
53fe37ff
001501a4
544e7000
288052ec
58000d80
00150184
544e6000
288062e4
58000880
544e5400
288072e4
58000880
544e4800
001502e4
544e4000
0015000c
2880418c
002a0000
03400000
1c000204
02a74084
5456a400
53f9cbff
1c000204
02a70084
54569400
1c000204
02a70084
54568800
00150006
1c000205
02a910a5
1c000204
02a5b084
54567000
1c000204
02a60084
54566400
1c000204
02a61084
54565800
53fc93ff
03400000
1c000204
02a5c084
54564400
53fdbbff
1c000204
02a58084
54563400
53fab3ff
02be8063
02808004
29817061
29816076
29815077
29814078
29813079
2981207a
2981107b
2981007c
2980f07d
2980e07e
2980d07f
544f4000
580ad880
00150097
0280d019
02820018
02809004
298002f9
298012f9
298022f8
298032f8
544f1800
0015008c
58004080
148c9cce
148ca5cd
0280040f
02800c10
03bc01ce
03bc01ad
29800099
29801099
29803090
2980208f
2980408f
29805098
29806098
2980708e
2980808d
298042ec
02809004
544ec800
0015008c
58004080
0280040e
0281000d
0280d00f
02800c12
148ca5f1
148ca830
2980008f
2980108f
29803092
2980208e
2980408e
2980508d
2980608d
29807091
29808090
298052ec
02809004
544e7800
0015008c
58004880
148ca82e
148caa6d
02800410
0281000f
0280d011
02800c12
038201ce
038201ad
29800091
29801091
29803092
29802090
29804090
2980508f
2980608f
2980708e
2980808d
02809004
298062ec
544e2000
58004480
148caa6d
148cab6c
0280d010
0280040f
0282000e
038401ad
0384018c
29800090
29801090
2980308f
2980208f
29804080
2980508e
2980608e
2980708d
2980808c
288042ed
298072e4
288052ec
58093da0
58092d80
288062ec
58092580
58092080
288022ec
288032ee
288071a5
14000158
001c398c
03aa8304
14000a9b
1400021f
1c0001fa
029dc35a
00408d86
001030c6
54493400
288042ec
288032e6
03a88304
28808185
54492000
288032ed
288052ee
03b38304
0044fdac
0010358c
0048858c
001c358c
288071c5
0044fd8d
001031ac
0048858c
00408d86
001030c6
5448e800
288032ec
288052ed
03a90304
0044fd86
288081a5
001030c6
004884c6
5448c800
288032ed
288062ee
03b60304
0044fdac
0010358c
0048858c
001c358c
288071c5
0044fd8d
001031ac
0048858c
00408d86
001030c6
54489000
288062ed
288032ec
03a98304
288081a5
0044fd86
001030c6
004884c6
54487000
288032e6
288072ec
03b88304
001c18c6
28807185
54485800
288072ec
288032e6
03aa0304
28808185
54484400
14001524
544c9000
0015009e
14001524
544c8400
0015009d
03a00364
544c7800
03ae83e5
0015009c
1c0001e4
029d8084
54531c00
03a00366
001503c5
03ae83e4
54480000
03a00366
1c0001e5
029de0a5
1c0001e4
0297c084
5452f400
1c0001e4
02981084
028193d9
001503d8
5452e000
28400305
00150344
02800b18
5452d000
5ffff319
14001518
1c0001e4
0297a084
14001539
03be7318
1c0001fa
0297535a
5452ac00
001067d9
001063d8
03400000
28400305
00150344
02800b18
54529000
5ffff319
1c0001e4
0296e084
54528000
288042ec
148d6919
0280340e
0282000d
0280041a
0389033b
28806185
28805184
2880118a
28800189
28803188
28802187
28804186
2980506e
2980406d
2980307a
2980207b
2880818d
001503cb
2980106d
2880718c
2980006c
57ef1bff
288002ed
288012ec
288032f8
1c0001e5
029a80a5
1c0001e4
02940084
001c3718
001c3318
00150306
5451f800
1c0001e4
02942084
5451ec00
5806df00
28400365
1c0001e4
02940084
0280c01b
03890b39
00150096
0280c81f
5451c800
58002b1a
03400000
28400325
001502c4
5451b400
00116fec
58001360
02800b39
02bfff7b
6bffe598
1c0001e4
02930084
54519400
0280c80c
00150319
6806270c
02bf3b2c
6c004998
1446b48d
00408739
148d690c
038481ad
02be7339
0389018c
00103718
1c0001fa
0292035a
00103339
00408718
03400000
28400325
00150344
02800b39
54514000
5ffff319
1c0001e4
0291a084
54513000
288002f8
288012ed
288032ee
288052ec
001c3718
148dc49a
0044fdcd
001039ad
004885ad
0280340e
2880118a
28800189
28803188
28802187
28806185
28805184
28804186
03a4035a
2980506e
0282000e
2980406e
0280040e
2980306e
148d690b
001c3718
0389016b
0040871b
00106b7a
2980207a
2880818d
00102f6b
00150319
2980106d
2880718c
2980006c
57ed97ff
00150306
1c0001e5
029500a5
1c0001e4
028e1084
54508800
1c0001e4
028e6084
54507c00
0280c80c
68050b0c
02bf3b2c
2980b06c
5805cf00
28400345
1c0001e4
028e0084
02800b5f
54505400
0280040e
0280c016
58002f0e
284003e5
1c0001e4
028d8084
54503800
0280c80c
0011598e
580012c0
02800bff
02bffed6
6bffddd8
1c0001e4
028d0084
54501400
0040872c
02be718c
0010335f
2880b06c
00106f56
6c001d98
284003e5
1c0001e4
028c5084
02800bff
544fe800
5fffeff6
1c0001e4
028c4084
544fd800
288062ec
148dc49f
02803410
0280040d
0282000f
03a403f6
2880118a
28800189
28803188
28802187
28804186
28806185
28805184
29805070
2980406f
2980306d
29802076
2880818f
0015034b
2980106f
2880718c
2980006c
57ec73ff
00150306
1c0001e5
029100a5
1c0001e4
02898084
544f6400
1c0001e4
0289d084
544f5800
58045b00
284002c5
1c0001e4
0289b084
0280c016
544f4000
0280040c
03a40bff
5800330c
03400000
284003e5
1c0001e4
02892084
544f2000
0280c80c
0011598d
580012c0
02800bff
02bffed6
6bffddb8
1c0001e4
0288a084
544efc00
2880b06c
6c003598
0040872c
148dc496
03a402d6
02be718c
0010599f
00105b76
284003e5
1c0001e4
0287d084
02800bff
544ec800
5fffeedf
1c0001e4
0287c084
544eb800
00150306
1c0001e5
028d60a5
1c0001e4
02867084
544ea000
1c0001e4
0286c084
544e9400
00150356
0015001f
284002c5
1c0001e4
02869084
028007ff
544e7800
0280c80c
58000fec
02800ad6
6bffe3f8
1c0001e4
02862084
544e5c00
2880b06c
00408739
02be7339
00106f5b
1c0001f6
0285a2d6
0010675a
6c001998
28400345
001502c4
02800b5a
544e2c00
5ffff37a
1c0001e4
02855084
544e1c00
288072ec
0280340e
0282000d
0280041a
28806185
28805184
2880118a
28800189
28803188
28802187
28804186
2980506e
2980406d
2980307a
2980207d
2880818d
148dc48b
03a4016b
2980106d
2880718c
2980006c
57eabbff
288002ed
288012ec
288032f8
1c0001e5
028a90a5
1c0001e4
02828084
001c3718
001c3318
00150306
544d9800
1c0001e4
0282a084
544d8c00
5802df00
284003a5
1c0001e4
02828084
02800bbb
0280c019
00150096
0280c81f
544d6800
58002b1a
03400000
28400365
001502c4
544d5400
001167ec
58001320
02800b7b
02bfff39
6bffe598
1c0001e4
02818084
544d3400
0280c80d
0015030c
6801cf0d
00408599
0040871b
02be7339
02bf398c
1c0001fa
0280d35a
00106fbb
001067b9
6c001d98
03400000
28400325
00150344
02800b39
544cf000
5ffff379
1c0001e4
02806084
544ce000
288002e7
288032e6
148d6904
02800408
00150385
03890084
57ea2bff
288002e7
288012ec
288032e6
02800408
001503a4
001c1cc5
02819399
0015039a
1c0001f8
02bf0318
001c30ac
0048fd85
03400ca5
001030a5
004888a5
004084a5
00101785
57e9e3ff
14000546
039000c6
1c0001e5
0285e0a5
1c0001e4
02bd7084
544c6000
1c0001e4
02bdc084
544c5400
03400000
28400345
00150304
02800b5a
544c4000
5ffff359
1c0001e4
02bd7084
544c3000
14000a8c
039e7199
03a0018c
1c0001fa
02bd035a
00106799
00103398
03400000
28400325
00150344
02800b39
544c0000
5ffff319
1c0001e4
02bca084
544bf000
001503c4
54436800
001503a4
54436000
00150384
54435800
288042e4
58000880
54434c00
288052e4
58000880
54434000
288062e4
58000880
54433400
288072e4
58000880
54432800
28816076
28817061
28814078
28813079
2881207a
2881107b
2881007c
2880f07d
2880e07e
2880d07f
001502e4
28815077
02818063
5042f000
0280c819
53fafbff
0280c819
53f9dfff
0280c80c
53fe37ff
001501a4
5442d000
288052ec
58000d80
00150184
5442c000
288062e4
58000880
5442b400
288072e4
58000880
5442a800
001502e4
5442a000
0015000c
2880418c
002a0000
03400000
1c0001e4
02b8c084
544b0400
53f9cbff
1c0001e4
02b88084
544af400
1c0001e4
02b88084
544ae800
00150006
1c0001e5
02be20a5
1c0001e4
02b73084
544ad000
1c0001e4
02b78084
544ac400
1c0001e4
02b79084
544ab800
53fc93ff
03400000
1c0001e4
02b74084
544aa400
53fdbbff
1c0001e4
02b70084
544a9400
53fab3ff
02be8063
02808004
29817061
29816076
29815077
29814078
29813079
2981207a
2981107b
2981007c
2980f07d
2980e07e
2980d07f
5443a000
580ae880
00150097
02806819
02840018
02809004
298002f9
298012f9
298022f8
298032f8
54437800
0015008c
58004080
148cab6e
148ccf6d
0280040f
02800c10
038801ce
038801ad
29800099
29801099
29803090
2980208f
2980408f
29805098
29806098
2980708e
2980808d
298042ec
02809004
54432800
0015008c
58004880
148ccf6e
148cd86d
02800410
0282000f
02806811
02800c12
039001ce
039001ad
29800091
29801091
29803092
29802090
29804090
2980508f
2980608f
2980708e
2980808d
298052ec
02809004
5442d000
0015008c
58004880
148cd86e
148ce16d
02800410
0282000f
02806811
02800c12
039401ce
039401ad
29800091
29801091
29803092
29802090
29804090
2980508f
2980608f
2980708e
2980808d
02809004
298062ec
54427800
58004480
148ce16d
148ce56c
02806810
0280040f
0284000e
039801ad
0398018c
29800090
29801090
2980308f
2980208f
29804080
2980508e
2980608e
2980708d
2980808c
288042ed
298072e4
288052ec
580945a0
58093580
288062ec
58092d80
58092880
288022ec
288032ee
288071a5
14000158
001c398c
03bc0304
1400017c
14000a99
1400055b
1400023f
1c0001fa
02af035a
00408d86
001030c6
543d8400
288042ec
288032e6
03ba0304
28808185
543d7000
288032ed
288052ee
03a00384
0044fdac
0010358c
0048858c
001c358c
288071c5
0044fd8d
001031ac
0048858c
00408d86
001030c6
543d3800
288032ec
288052ed
03ba8304
0044fd86
288081a5
001030c6
004884c6
543d1800
288032ed
288062ee
03a90384
0044fdac
0010358c
0048858c
001c358c
288071c5
0044fd8d
001031ac
0048858c
00408d86
001030c6
543ce000
288062ed
288032ec
03bb0304
288081a5
0044fd86
001030c6
004884c6
543cc000
288032e6
288072ec
03b20384
001c18c6
28807185
543ca800
288072ec
288032e6
03bb8304
28808185
543c9400
03a00324
5440e000
0015009e
03a00324
5440d400
0015009d
03900364
5440c800
038403e5
0015009c
1c0001e4
02b25084
54476c00
03900366
001503c5
038403e4
543c5000
03900366
1c0001e5
02b2b0a5
1c0001e4
02a90084
54474400
1c0001e4
02a95084
028193d9
001503d8
54473000
28400305
00150344
02800b18
54472000
5ffff319
1c0001e4
02a8f084
54471000
14000a8c
039e7199
03a0018c
1c0001fa
02a8835a
001067d9
001033d8
03400000
28400325
00150344
02800b39
5446e000
5ffff338
1c0001e4
02a82084
5446d000
288042ec
148d6919
0280340e
0282000d
0280041a
0389033b
28806185
28805184
2880118a
28800189
28803188
28802187
28804186
2980506e
2980406d
2980307a
2980207b
2880818d
001503cb
2980106d
2880718c
2980006c
57e36bff
288002ed
288012ec
288032f8
1c0001e5
02af50a5
1c0001e4
02a54084
001c3718
001c3318
00150306
54464800
1c0001e4
02a56084
54463c00
5806df00
28400365
1c0001e4
02a54084
0280c01b
03890b39
00150096
0280c81f
54461800
58002b1a
03400000
28400325
001502c4
54460400
00116fec
58001360
02800b39
02bfff7b
6bffe598
1c0001e4
02a44084
5445e400
0280c80c
00150319
6806270c
02bf3b2c
6c004998
1446b48d
00408739
148d690c
038481ad
02be7339
0389018c
00103718
1c0001fa
02a3435a
00103339
00408718
03400000
28400325
00150344
02800b39
54459000
5ffff319
1c0001e4
02a2e084
54458000
288002f8
288012ed
288032ee
288052ec
001c3718
148dc49a
0044fdcd
001039ad
004885ad
0280340e
2880118a
28800189
28803188
28802187
28806185
28805184
28804186
03a4035a
2980506e
0282000e
2980406e
0280040e
2980306e
148d690b
001c3718
0389016b
0040871b
00106b7a
2980207a
2880818d
00102f6b
00150319
2980106d
2880718c
2980006c
57e1e7ff
00150306
1c0001e5
02a9d0a5
1c0001c4
029f5084
5444d800
1c0001c4
029fa084
5444cc00
0280c80c
68050b0c
02bf3b2c
2980b06c
5805cf00
28400345
1c0001c4
029f4084
02800b5f
5444a400
0280040e
0280c016
58002f0e
284003e5
1c0001c4
029ec084
54448800
0280c80c
0011598e
580012c0
02800bff
02bffed6
6bffddd8
1c0001c4
029e4084
54446400
0040872c
02be718c
0010335f
2880b06c
00106f56
6c001d98
284003e5
1c0001c4
029d9084
02800bff
54443800
5fffeff6
1c0001c4
029d8084
54442800
288062ec
148dc49f
02803410
0280040d
0282000f
03a403f6
2880118a
28800189
28803188
28802187
28804186
28806185
28805184
29805070
2980406f
2980306d
29802076
2880818f
0015034b
2980106f
2880718c
2980006c
57e0c3ff
00150306
1c0001e5
02a5d0a5
1c0001c4
029ac084
5443b400
1c0001c4
029b1084
5443a800
58045b00
284002c5
1c0001c4
029af084
0280c016
54439000
0280040c
03a40bff
5800330c
03400000
284003e5
1c0001c4
029a6084
54437000
0280c80c
0011598d
580012c0
02800bff
02bffed6
6bffddb8
1c0001c4
0299e084
54434c00
2880b06c
6c003598
0040872c
148dc496
03a402d6
02be718c
0010599f
00105b76
284003e5
1c0001c4
02991084
02800bff
54431800
5fffeedf
1c0001c4
02990084
54430800
00150306
1c0001e5
02a230a5
1c0001c4
0297b084
5442f000
1c0001c4
02980084
5442e400
00150356
0015001f
284002c5
1c0001c4
0297d084
028007ff
5442c800
0280c80c
58000fec
02800ad6
6bffe3f8
1c0001c4
02976084
5442ac00
2880b06c
00408739
02be7339
00106f5b
1c0001d6
0296e2d6
0010675a
6c001998
28400345
001502c4
02800b5a
54427c00
5ffff37a
1c0001c4
02969084
54426c00
288072ec
0280340e
0282000d
0280041a
28806185
28805184
2880118a
28800189
28803188
28802187
28804186
2980506e
2980406d
2980307a
2980207d
2880818d
148dc48b
03a4016b
2980106d
2880718c
2980006c
57df0bff
288002ed
288012ec
288032f8
1c0001c5
029f60a5
1c0001c4
0293c084
001c3718
001c3318
00150306
5441e800
1c0001c4
0293e084
5441dc00
5802df00
284003a5
1c0001c4
0293c084
02800bbb
0280c019
00150096
0280c81f
5441b800
58002b1a
03400000
28400365
001502c4
5441a400
001167ec
58001320
02800b7b
02bfff39
6bffe598
1c0001c4
0292c084
54418400
0280c80d
0015030c
6801cf0d
00408599
0040871b
02be7339
02bf398c
1c0001da
0292135a
00106fbb
001067b9
6c001d98
03400000
28400325
00150344
02800b39
54414000
5ffff379
1c0001c4
0291a084
54413000
288002e7
288032e6
148d6904
02800408
00150385
03890084
57de7bff
288002e7
288012ec
288032e6
02800408
001503a4
001c1cc5
02819399
0015039a
1c0001d8
02904318
001c30ac
0048fd85
03400ca5
001030a5
004888a5
004084a5
00101785
57de33ff
140002a6
038800c6
1c0001c5
029ab0a5
1c0001c4
028eb084
5440b000
1c0001c4
028f0084
5440a400
03400000
28400345
00150304
02800b5a
54409000
5ffff359
1c0001c4
028eb084
54408000
1400054c
038e7199
0390018c
1c0001da
028e435a
00106799
00103398
03400000
28400325
00150344
02800b39
54405000
5ffff319
1c0001c4
028de084
54404000
001503c4
5437b800
001503a4
5437b000
00150384
5437a800
288042e4
58000880
54379c00
288052e4
58000880
54379000
288062e4
58000880
54378400
288072e4
58000880
54377800
28816076
28817061
28814078
28813079
2881207a
2881107b
2881007c
2880f07d
2880e07e
2880d07f
001502e4
28815077
02818063
50374000
0280c819
53fafbff
0280c819
53f9dfff
0280c80c
53fe37ff
001501a4
54372000
288052ec
58000d80
00150184
54371000
288062e4
58000880
54370400
288072e4
58000880
5436f800
001502e4
5436f000
0015000c
2880418c
002a0000
03400000
1c0001c4
028a0084
543f5400
53f9cbff
1c0001c4
0289c084
543f4400
1c0001c4
0289c084
543f3800
00150006
1c0001c5
0292f0a5
1c0001c4
02887084
543f2000
1c0001c4
0288c084
543f1400
1c0001c4
0288d084
543f0800
53fc93ff
03400000
1c0001c4
02888084
543ef400
53fdbbff
1c0001c4
02884084
543ee400
53fab3ff
1c0001cc
029c918c
2880018c
14001fa4
02bcc063
03a00084
29833061
2980e06c
2980f06c
29830078
2982b07d
2982a07e
29832076
29831077
2982f079
2982e07a
2982d07b
2982c07c
2982907f
5437d800
00150098
140000c4
038c1884
5437c800
0015009d
14000304
03b06084
5437b800
0015009e
58182700
581823a0
58181c80
14000fc6
140001a4
00150305
03b000c6
03be8084
54333c00
5c185880
57db27ff
02809004
54378000
00150097
581bec80
02806004
54377000
00150099
5805cc80
02809004
54376000
58004480
148c000c
02800c0d
0286800e
02800812
02800411
02808010
039b018f
2980008e
2980108e
2980308d
29802092
29804091
2980508d
29806090
2980708c
2980808f
29800324
02809004
54371000
58005080
148c000d
148c012c
0283400e
02800c13
02800812
02800411
02808010
0281000f
039c01ad
039c018c
2980008e
2980108e
29803093
29802092
29804091
29805090
2980608f
2980708d
2980808c
29801324
02809004
5436b400
58004880
148c012d
148c912c
0280040f
0288000e
02803410
02800c11
039e01ad
039e018c
29800090
29801090
29803091
2980208f
2980408f
2980508e
2980608e
2980708d
2980808c
29802324
02808004
54366000
0015009a
58017c80
0281a01c
0281001b
02809004
2980035c
2980135c
2980235b
2980335b
54363800
58004080
148c992d
148c9b6c
0280040e
02800c0f
03b601ad
03b6018c
2980009c
2980109c
2980308f
2980208e
2980408e
2980509b
2980609b
2980708d
2980808c
29804344
02809004
5435ec00
58004880
148c9b6d
148c9c0c
0280040f
0280800e
0281a010
02800c11
03b801ad
0398018c
29800090
29801090
29803091
2980208f
2980408f
2980508e
2980608e
2980708d
2980808c
29805344
02809004
54359800
58004880
148c9c0d
148c9c8c
0280040f
0280800e
0281a010
02800c11
039901ad
03b9018c
29800090
29801090
29803091
2980208f
2980408f
2980508e
2980608e
2980708d
2980808c
29806344
02809004
54354400
58004480
148c9c8d
148c9ccc
0281a010
0280040f
0281000e
03ba01ad
03ba018c
29800090
29801090
2980308f
2980208f
29804080
2980508e
2980608e
2980708d
2980808c
2880434d
29807344
2880534c
581aada0
581a9d80
2880634c
581a9580
581a9080
2980333a
02808004
5434d400
0015009a
58017480
0280d01c
0282001b
02809004
2980035c
2980135c
2980235b
2980335b
5434ac00
58004080
148c9ccd
148ca5cc
0280040e
02800c0f
03bc01ad
03bc018c
2980009c
2980109c
2980308f
2980208e
2980408e
2980509b
2980609b
2980708d
2980808c
29804344
02809004
54346000
58004080
0280040d
0281000c
0280d00e
02800c11
148ca5f0
148ca82f
2980008e
2980108e
29803091
2980208d
2980408d
2980508c
2980608c
29807090
2980808f
29805344
02809004
54341400
58004880
148ca82d
148caa6c
0280040f
0281000e
0280d010
02800c11
038201ad
0382018c
29800090
29801090
29803091
2980208f
2980408f
2980508e
2980608e
2980708d
2980808c
29806344
02809004
5433c000
58004480
148caa6d
148cab6c
0280d010
0280040f
0282000e
038401ad
0384018c
29800090
29801090
2980308f
2980208f
29804080
2980508e
2980608e
2980708d
2980808c
2880434d
29807344
2880534c
581969a0
58195980
2880634c
58195180
58194c80
2980433a
02808004
54335000
0015009a
58017c80
0280681c
0284001b
02809004
2980035c
2980135c
2980235b
2980335b
54332800
58004080
148cab6d
148ccf6c
0280040e
02800c0f
038801ad
0388018c
2980009c
2980109c
2980308f
2980208e
2980408e
2980509b
2980609b
2980708d
2980808c
29804344
02809004
5432dc00
58004880
148ccf6d
148cd86c
0280040f
0282000e
02806810
02800c11
039001ad
0390018c
29800090
29801090
29803091
2980208f
2980408f
2980508e
2980608e
2980708d
2980808c
29805344
02809004
54328800
58004880
148cd86d
148ce16c
0280040f
0282000e
02806810
02800c11
039401ad
0394018c
29800090
29801090
29803091
2980208f
2980408f
2980508e
2980608e
2980708d
2980808c
29806344
02809004
54323400
58004480
148ce16d
148ce56c
02806810
0280040f
0284000e
039801ad
0398018c
29800090
29801090
2980308f
2980208f
29804080
2980508e
2980608e
2980708d
2980808c
2880434d
29807344
2880534c
58175da0
58174d80
2880634c
58174580
58174080
28800324
2980533a
2880132c
58164880
58163d80
2880232c
58163580
2880332c
58162d80
2880432c
58162580
58162340
02809004
298002f9
54319400
0015008c
58004880
148c912e
148c992d
02803410
0280040f
02880012
02840011
03ae01ce
03ae01ad
29800090
29801090
2980308f
2980208f
29804080
29805092
29806091
2980708e
2980808d
02809004
298012ec
54313c00
0015008c
58004c80
148ce76e
148d1d6d
0280040f
02806810
02800c13
02860012
02840011
03a401ce
03a401ad
29800090
29801090
29803093
2980208f
2980408f
29805092
29806091
2980708e
2980808d
148d1d6d
148d1eb9
298022ec
02809004
03ac01ac
0384032d
298032ec
298042ed
5430c800
0015008c
58004880
148d66ad
0280040e
0280340f
02800c12
02840011
02880010
03868339
038681ad
2980008f
2980108f
29803092
2980208e
2980408e
29805091
29806090
29807099
2980808d
148d66ae
148d690d
298052ec
039681ce
038681ac
02809004
298062ee
298072ec
54305800
58004880
148ce56d
148ce76c
0280340f
0280040e
02840011
02820010
03a001ad
03a0018c
2980008f
2980108f
2980308e
2980208e
29804080
29805091
29806090
2980708d
2980808c
288002f6
298082e4
288012ed
58143ec0
288002cc
581345a0
288022ed
58133da0
288052ed
581335a0
58133080
2880618d
2880518e
28803186
28807185
001c39ad
1400011a
03838344
2980806c
0280241b
14000159
1400017c
1400019f
001c19ad
001c19a6
542b5400
2880806c
03830344
28806186
28808185
542b4000
288012cc
03850344
2880618d
2880518e
28803186
28807185
001c39ad
2980806c
001c19ad
001c19a6
542b1400
2880806c
03848344
28806186
28808185
542b0000
288022cc
03878344
2880618d
2880518e
28803186
28807185
001c39ad
2980806c
001c19ad
001c19a6
542ad400
2880806c
03870344
28806186
28808185
542ac000
288032da
03a30324
28802346
2880334d
2880434c
001c34c6
28807185
001c6cc6
542a9c00
2880434c
28803346
03a10324
28808185
542a8800
2880334d
2880534e
03a58324
0044fdac
0010358c
0048858c
001c358c
288071c5
0044fd86
001030cc
00488586
001c6cc6
542a5400
2880334c
2880534d
03a18324
0044fd86
288081a5
001030c6
004884c6
542a3400
2880334d
2880634e
03a68324
0044fdac
0010358c
0048858c
001c358c
288071c5
0044fd86
001030cc
00488586
001c6cc6
542a0000
2880634d
2880334c
03a20324
288081a5
0044fd86
001030c6
004884c6
5429e000
28803346
2880734c
03a78324
001c18c6
28807185
5429c800
2880734c
28803346
03a28324
28808185
5429b400
288042da
03aa8324
28802346
2880334d
2880434c
001c34c6
28807185
001c6cc6
54299000
2880434c
28803346
03a88324
28808185
54297c00
2880334d
2880534e
03b38324
0044fdac
0010358c
0048858c
001c358c
288071c5
0044fd86
001030cc
00488586
001c6cc6
54294800
2880334c
2880534d
03a90324
0044fd86
288081a5
001030c6
004884c6
54292800
2880334d
2880634e
03b60324
0044fdac
0010358c
0048858c
001c358c
288071c5
0044fd86
001030cc
00488586
001c6cc6
5428f400
2880634d
2880334c
03a98324
288081a5
0044fd86
001030c6
004884c6
5428d400
28803346
2880734c
03b88324
001c18c6
28807185
5428bc00
2880734c
28803346
03aa0324
28808185
5428a800
288052da
03bc0324
28802346
2880334d
2880434c
001c34c6
28807185
001c6cc6
54288400
2880434c
28803346
03ba0324
28808185
54287000
2880334d
2880534e
03a00384
0044fdac
0010358c
0048858c
001c358c
288071c5
0044fd86
001030cc
00488586
001c6cc6
54283c00
2880334c
2880534d
03ba8324
0044fd86
288081a5
001030c6
004884c6
54281c00
2880334d
2880634e
03a90384
0044fdac
0010358c
0048858c
001c358c
288071c5
0044fd86
001030cc
00488586
001c6cc6
5427e800
2880634d
2880334c
03bb0324
288081a5
0044fd86
001030c6
004884c6
5427c800
28803346
2880734c
03b20384
001c18c6
28807185
5427b000
2880734c
28803346
03bb8324
28808185
54279c00
288012fa
03988324
2880634c
2880534d
28803346
28807345
001c358c
001c198c
001c1986
54277400
28806346
28808345
03980324
54276400
288022ec
14001b06
03ba8384
28807185
54275000
288022ec
02840006
03b98384
28808185
54273c00
288032e5
14000086
03ac00c6
03b083e4
54272800
288042e5
02812c06
03ba0384
54271800
288052ec
14002406
03b383e4
28807185
54270400
288052ec
02880006
03b283e4
28808185
5426f000
288062e5
14000126
140001a4
039800c6
03bb8084
5426d800
288072e5
02812c06
03b303e4
5426c800
288082f9
03b70384
2880632c
2880532d
28803326
28807325
001c358c
001c198c
001c1986
5426a000
28806326
28808325
03b68384
54269000
14000a84
03a00084
542ad800
0015009a
14000544
03900084
542ac800
00150099
580be740
580be080
288002ec
14005484
0015019c
2980806c
542aa800
0015009b
58083480
00150004
54277400
2880038c
0280040d
0280341f
02820016
28806185
28805184
2880118a
28800189
28803188
28802187
28804186
2980207b
2980507f
29804076
2980306d
2880818d
0015030b
2980106d
2880718c
2980006c
57cdf3ff
00150004
54277800
14002a44
542a3400
0015009c
58131080
02800404
54270000
2880806c
0280040d
0015036b
2880118c
28806185
28805184
2880118a
28800189
28803188
28802187
28804186
2980507f
29804076
2980306d
2980207c
2880818d
2980106d
2880718c
2980006c
57cd83ff
02800404
54270800
00150364
5427fc00
14001524
5429bc00
2980a064
0015009b
14002a44
5429ac00
00150096
58126f60
58126880
02800804
54267400
2880806c
148d690e
0282000f
2880319f
02800410
038901cc
288043ed
0280340e
0015038b
288011aa
288001a9
288061a5
288051a4
288031a8
288021a7
288041a6
2980406f
29803070
2980206c
2980506e
288081ae
2980906c
148dc49b
2980106e
288071ad
03a4037b
2980006d
57ccd7ff
288033ee
288003f0
288013ef
288053ed
0044fdcb
0010396b
0048856b
001c416b
288011aa
288001a9
288031a8
288021a7
288041a6
288061a5
288051a4
02800410
29803070
2880906c
001c3d6b
0282000f
2980406f
0040856b
00106d6e
2980206e
0280340e
2980506e
288081ae
0010316b
2980106e
288071ad
2980006d
57cc57ff
288033ef
288003f1
288013f0
288063ee
0044fded
00103dad
004885ad
001c45ad
0282000f
288011ca
288001c9
288031c8
288021c7
288041c6
288061c5
288051c4
2980406f
001c41ad
02800410
29803070
2980207b
004085ad
00106dab
0280340d
2980506d
288081cd
2980106d
288071cd
2980006d
57cbdfff
288073ed
0282000f
02800410
0280340e
288011aa
288001a9
288031a8
288021a7
288041a6
288061a5
288051a4
2980406f
29803070
29802076
2980506e
288081ae
0015036b
2980106e
288071ad
2980006d
57cb8bff
2880a065
28809064
288003e7
288033e6
02800408
57cbe3ff
288003e7
288013e5
288033e6
02800408
001502c4
001c1ccc
001c158c
0048fd85
03400ca5
001030a5
2880a06c
004888a5
004084a5
00101585
57cba7ff
02800804
5424bc00
00150384
5425b000
001502c4
5425a800
14000a8c
03a00184
54276400
0015009c
14001524
54275800
0015008d
580fe380
580fdc80
2980b064
02800c04
54241c00
2880806c
2880906f
0280341f
28804196
0282000d
0280040e
288042cc
2880a06b
2880118a
28800189
28806185
28805184
28803188
28802187
28804186
2980507f
2980406d
2980206f
2980306e
2880818e
2980106e
2880718c
2980006c
57ca8fff
288032ce
288002d0
288012cf
288052cc
0044fdcb
0010396b
0048856b
001c416b
2880118a
28800189
28803188
28802187
28804186
28806185
28805184
0282000d
2980507f
2980406d
001c3d6b
2880906f
0040856b
00106d6e
2980206e
0280040e
2980306e
2880818e
00103d6b
2980106e
2880718c
2980006c
57ca13ff
288032cf
288002d1
288012d0
288062ce
0044fdec
00103d8c
0048858c
001c458c
0282000d
288011ca
288001c9
288031c8
288021c7
288041c6
288061c5
288051c4
2980507f
2980406d
001c418c
0040858c
00106d8b
0280040c
2980306c
2980207b
288081cc
2980106c
288071cc
2980006c
57c99fff
288072cc
0282000d
0280040e
2880118a
28800189
28803188
28802187
28806185
28805184
28804186
2980406d
2880b06d
2980507f
2980306e
2980206d
2880818e
0015036b
2980106e
2880718c
2980006c
57c94bff
288002c7
288032c6
28809064
02800408
00150385
57c9a3ff
288002c7
288012c5
288032c6
2880b06d
02800408
001c1ccc
001501a4
001c158c
0048fd85
03400ca5
001030a5
004888a5
004084a5
00101785
57c967ff
02800c04
54227c00
2880a064
54237000
2880b06d
001501a4
54236400
14000544
03900084
54252000
14000a8c
0015009f
03a00184
54251000
0015008d
580e17e0
580e1080
2980a064
02801004
5421d400
2880806c
28809070
0280340d
28805196
0280040f
0282000e
288042cc
0015038b
2880118a
28800189
28806185
28805184
28803188
28802187
28804186
2980506d
2980306f
29802070
2980406e
2880818e
2980106e
2880718c
2980006c
57c847ff
288032ce
288002d0
288012cf
288052cc
0044fdcb
0010396b
0048856b
001c416b
2880118a
28800189
28803188
28802187
28804186
28806185
28805184
0280340d
2980506d
28809070
001c3d6b
0280040f
2980306f
0040856b
00106d6e
2980206e
0282000e
2980406e
2880818e
0010416b
2980106e
2880718c
2980006c
57c7c7ff
288032cf
288002d1
288012d0
288062ce
0044fdec
00103d8c
0048858c
001c458c
0280340d
0280040f
288011ca
288001c9
288031c8
288021c7
288041c6
288061c5
288051c4
2980306f
2980207b
2980506d
001c418c
0040858c
00106d8b
0282000c
2980406c
288081cc
2980106c
288071cc
2980006c
57c74fff
288072cc
0280040f
0280340d
0282000e
2880118a
28800189
28803188
28802187
28806185
28805184
28804186
2980306f
2980207a
2980506d
2980406e
2880818e
0015036b
001501bb
2980106e
2880718c
2980006c
57c6f7ff
28809064
288002c7
288032c6
02800408
001503e5
57c74fff
288002c7
288012c5
288032c6
02800408
00150344
001c1ccc
001c158c
0048fd85
03400ca5
001030a5
004888a5
004084a5
001017e5
57c717ff
02801004
54202c00
00150384
54212000
2880a06d
001501a4
54211400
02801404
541fb000
2880806c
0282000e
0280040f
2880218c
001503eb
28806185
28805184
2880118a
28800189
28803188
28802187
28804186
2980406e
2980306f
29802079
2980507b
2880818d
2980106d
2880718c
2980006c
57c62fff
02801404
541fb400
001503e4
5420a800
140002a4
03880084
54226400
0015009b
58038080
02801804
541f3000
288012ec
0280341f
0282001c
02800416
28806185
28805184
2880118a
28800189
28803188
28802187
28804186
2980507f
2980407c
29803076
2980207b
2880818d
0015032b
2980106d
2880718c
2980006c
57c5afff
02801804
541f3400
00150324
54202800
1400054c
03900184
5421e400
00150099
580a9080
02801c04
541eb000
288052ec
0015036b
2880118a
28800189
28803188
28802187
28806185
28805184
28804186
2980507f
2980407c
29803076
29802079
2880818d
2980106d
2880718c
2980006c
57c53bff
288072ed
288062ec
0015032b
0280340a
02803409
2980207d
2980106d
2980006c
02800408
02800407
00150006
02812c05
02880004
2980507f
2980407c
29803060
57c4f7ff
02801c04
541e7c00
00150324
541f7000
14000144
03a40084
54212c00
29808064
5809d880
02802004
541df800
288082ec
2880806d
0015036b
28806185
28805184
2880118a
28800189
28803188
28802187
28804186
2980507f
2980407c
29803076
2980206d
2880818d
2980106d
2880718c
2980006c
57c47fff
02802004
541e0400
14000fc4
03b00084
5420bc00
00150099
5809a480
1400054d
14000a8c
039001a4
03a00186
00150345
00101324
5426b400
00150344
541ec800
00150364
541ec000
02802404
541d5c00
2880807a
00150008
02803407
02820006
00150325
00150344
57c483ff
02802404
541d9800
00150344
541e8c00
14000a8c
03a00184
54204800
0015009a
58097080
02802804
541d1400
288022ec
0015032b
2880118a
28800189
28803188
28802187
28806185
28805184
28804186
29803076
2980507f
2980407c
2980207a
2880818d
2980106d
2880718c
2980006c
57c39fff
288042ed
288032ec
0015034b
0280680a
02806809
02800408
02800407
00150006
02812c05
2980207e
2980106d
2980006c
2980507f
2980407c
29803060
02840004
57c35bff
02802804
541ce000
00150324
541dd400
00150344
541dcc00
5000c400
00150304
541dc000
001503a4
541db800
001503c4
541db000
1c0001a4
02b0c084
54262400
28833061
28832076
28831077
28830078
2882f079
2882e07a
2882d07b
2882c07c
2882b07d
2882a07e
2882907f
02834063
4c000020
1c0001a4
02b03084
5425e400
00150304
541d5c00
001503a4
541d5400
001503c4
541d4c00
28833061
28832076
28831077
28830078
2882f079
2882e07a
2882d07b
2882c07c
2882b07d
2882a07e
2882907f
02834063
4c000020
00150344
541d1000
00150324
541d0800
00150304
541d0000
14000184
03983084
541ebc00
2980a064
00150098
14000624
03a0c084
541ea800
2980b064
58071b00
58071480
1c0001bb
02b6737b
140000da
2880a079
2880037c
038c1b5a
001503b8
00106bba
03400000
28400304
02801339
02800b18
54984400
00150385
548e7c00
29bff324
5fffe758
1400031a
2880037b
2880b079
03b0635a
001503d8
00106bda
28400304
02801339
02800b18
54980c00
00150365
548e4400
29bff324
5fffe758
02802c04
541af400
1c0001ad
02b471ad
1c0001ac
02b4618c
288001a8
28800187
2880b065
2880a064
0280e069
02812c06
54109800
02802c04
541b2000
1c0001ac
02b2018c
0281006d
0280c192
28800191
28801190
2880218f
2880318e
028041ad
0280418c
29bfc1b1
29bfd1b0
29bfe1af
29bff1ae
5fffd992
1c0001ac
02b1d18c
0281c06d
0280c192
28800191
28801190
2880218f
2880318e
028041ad
0280418c
29bfc1b1
29bfd1b0
29bfe1af
29bff1ae
5fffd992
14001e8c
0389018c
0281007a
0281c079
00150018
29809060
0015001f
0015001c
2980806c
2880035b
00150016
00150364
541ad400
1c0001cc
28ad718c
2880018d
14001e8c
0388fd8c
6c00218d
2880806c
002131ae
5c000980
002a0007
00213896
5c0009c0
002a0007
28800326
001502c5
1c0001a4
02a89084
5423a800
0280140c
68031998
02802c0d
00105bff
5800236d
02802c0c
00105b9c
5803170c
02800718
0280135a
02801339
53ff7fff
29809076
53ffefff
58000d80
00150184
541ae400
288012c4
58000880
541ad800
288022c4
58000880
541acc00
288032d9
58003f20
28804324
58000880
541ab800
28805324
58000880
541aac00
28806324
58000880
541aa000
28807324
58000880
541a9400
00150324
541a8c00
288042d9
58003f20
28804324
58000880
541a7800
28805324
58000880
541a6c00
28806324
58000880
541a6000
28807324
58000880
541a5400
00150324
541a4c00
288052d9
58003f20
28804324
58000880
541a3800
28805324
58000880
541a2c00
28806324
58000880
541a2000
28807324
58000880
541a1400
00150324
541a0c00
001502c4
541a0400
288012ed
58000da0
001501a4
5419f400
288022e4
58000880
5419e800
288052e4
58000880
5419dc00
288082e4
58000880
5419d000
001502e4
5419c800
1c0001a4
02a20084
53fc5bff
5419b800
2880132c
58000d80
00150184
5419a800
28802324
58000880
54199c00
2880333a
58003f40
28804344
58000880
54198800
28805344
58000880
54197c00
28806344
58000880
54197000
28807344
58000880
54196400
00150344
54195c00
2880433a
58003f40
28804344
58000880
54194800
28805344
58000880
54193c00
28806344
58000880
54193000
28807344
58000880
54192400
00150344
54191c00
2880533a
58003f40
28804344
58000880
54190800
28805344
58000880
5418fc00
28806344
58000880
5418f000
28807344
58000880
5418e400
00150344
5418dc00
00150324
00150019
5418d000
53e8fbff
001501a4
5418c400
2880534c
58000d80
00150184
5418b400
28806344
58000880
5418a800
28807344
58000880
54189c00
00150344
0015001a
54189000
53e88bff
001501a4
54188400
2880534c
58000d80
00150184
54187400
28806344
58000880
54186800
28807344
58000880
54185c00
00150344
0015001a
54185000
53e53bff
001501a4
54184400
2880534c
58000d80
00150184
54183400
28806344
58000880
54182800
28807344
58000880
54181c00
00150344
0015001a
54181000
53e67fff
02802c0d
5ffcf76d
29809076
02802c0c
5ffcf70c
1c000184
029bf084
54206c00
001503e4
54951800
1c0001b8
02a2f318
54bdac00
28800306
28801307
549fc000
00150086
001500a7
1c000184
029ba084
001503e5
54203400
00150384
5494e000
54bd7c00
28800306
28801307
549f9000
00150086
001500a7
1c000184
029ba084
00150385
54200400
28809079
00150324
5494ac00
54bd4800
28800306
28801307
549f5c00
00150086
001500a7
1c000184
029b9084
00150325
541fd000
1c000184
02995084
541fc400
288002f8
5800f300
28800304
58000880
54173000
28801304
58000880
54172400
28802304
58000880
54171800
28803319
58003f20
28804324
58000880
54170400
28805324
58000880
5416f800
28806324
58000880
5416ec00
28807324
58000880
5416e000
00150324
5416d800
28804319
58003f20
28804324
58000880
5416c400
28805324
58000880
5416b800
28806324
58000880
5416ac00
28807324
58000880
5416a000
00150324
54169800
28805319
58003f20
28804324
58000880
54168400
28805324
58000880
54167800
28806324
58000880
54166c00
28807324
58000880
54166000
00150324
54165800
00150304
54165000
288012e4
58000880
54164400
288022e4
58000880
54163800
288052e4
58000880
54162c00
288082e4
58000880
54162000
001502e4
54161800
001503a4
54161000
001503c4
54160800
2880a064
54160000
2880b064
5415f800
28833061
28832076
28831077
28830078
2882f079
2882e07a
2882d07b
2882c07c
2882b07d
2882a07e
2882907f
02834063
4c000020
1c000184
02926084
541e3800
288002f8
5ffe7b00
53ff63ff
2880a064
2980806d
5415a000
00150384
54159800
2880806d
001501a4
54158c00
53f4e7ff
00150344
54158000
00150364
54157800
53f873ff
00150384
54156c00
2880a064
54156400
001502c4
54155c00
53f4b7ff
00150364
54155000
53f4abff
00150344
54154400
00150364
54153c00
28808064
54153400
53f82fff
00150384
2980806d
54152400
001503e4
54151c00
2880806d
001501a4
54151000
53f46bff
00150324
54150400
53f7ffff
143e41ec
00150085
03808184
5014a400
02bfc063
29802077
29801078
28804097
288040b8
29803061
001502e4
00150305
5484b000
60002c04
00150305
001502e4
5485a000
28803061
28802077
28801078
02000084
02804063
4c000020
03400000
28803061
28802077
28801078
02bffc04
02804063
4c000020
03400000
03400000
02ad8063
1c00018d
029531ad
2992107b
288001bb
1400022c
0395118c
29923079
2992207a
2992007c
2991e07e
2991d07f
29927061
29926076
29925077
29924078
2991f07d
0015009f
29806064
2981a065
001500dc
2980e067
2981b068
00150099
0010309a
0015037e
288023e4
288003f6
00150365
5485ec00
288033f7
00150085
0015009d
001502c4
288013f8
54899400
028073ff
29bf93e4
001503c5
001502e4
5485c000
00150085
00150097
00150304
54897000
29bfa3e4
001502c5
001503a4
547a2000
29bfb3e4
00150305
001502e4
547a1000
29bfc3e4
5fff935f
02801005
03a79c04
54136c00
29819064
58069c80
2880606e
1400022c
0395518c
028041db
00150098
0015009e
00150017
0280041a
001031dd
28801365
28800364
0280737b
54854000
00150385
54833800
60000c80
298003da
028006f7
028013de
5fffdbbb
58063ae0
0280701b
001c6efb
1400005c
039e739c
0015001d
0280701a
00150364
5414e400
2881906c
29816064
0015009e
0010719c
5c002c80
00150184
50059800
001c6ba4
00150325
02807006
028007bd
02807339
001013c4
541ac800
58001b98
2880030c
02801318
5fffd980
02807339
5ffff398
2881607a
00150019
0283fc18
00106b7b
2981707b
28806344
548dc400
58059320
2881c06c
5800288c
0281d06d
0015000c
50000c00
28bff1ae
580015c4
0280058c
028011ad
5ffff199
64056719
0280735a
5fffc77a
0280600c
001c32f7
001502e4
54143000
29814064
00150098
001502e4
54142000
29812064
5804cf00
5804c880
0281c06c
0015018d
2981306c
00408b2c
0010358c
29811060
2981806c
5804ab20
2881306c
28816078
2881407c
28800197
2881707b
0015001a
03400000
28806304
548d1c00
5c005097
0280600c
001c3359
2880030f
2880130e
2880230d
2880330c
28805305
28804304
0280075a
00106799
2980032f
2980132e
2980232d
2980332c
5483ac00
29804324
001502e4
548d6000
29805324
02807318
5fffa778
2881407d
1c000007
02b2f0e7
02806006
00150345
001503a4
2980f07a
54154800
02801005
00150344
54115800
29815064
5802b880
5802af40
0280108d
00408b4c
2980c06d
0010308c
2980a06c
0015000d
2980d060
001503b6
2880c06c
50001c00
2880f06c
6404166c
2880c06c
028062d6
0280118c
2980c06c
2880d06e
28bff18c
028005d3
2980d073
5fffd980
2881106c
0280600e
28812074
0010358c
001c398c
028005ad
288032cf
288042ce
288002d2
288012d1
288022d0
2981006d
288052cd
0010328c
29800192
29801191
29802190
2980318f
2980418e
2980518d
2880f06c
6401f26c
001502dc
2880c07b
50013000
28809065
28808064
54819800
6401c480
28806065
001503c4
54864800
0015009e
28808065
28809064
54863800
00150085
001503c4
54826c00
0015009e
00150345
00150324
54861c00
00150005
00150099
54805000
60000c04
1500000c
0015b339
00150305
001502e4
5485f800
00150005
00150097
54802c00
60000c04
1500000c
0015b2f7
00150325
001502e4
54821400
00150097
2880b064
001503a5
5485c400
00150005
00150098
547ff800
60000c04
1500000c
0015b318
28807065
001503e4
5485a000
00150005
00150099
547fd400
60000c04
1500000c
0015b339
00150325
00150304
5481bc00
001502e5
54763400
001503c5
54856c00
00150085
001503c4
547b6000
00150085
2880e064
54809400
64000c80
0280040c
2980036c
2880a06c
0280137b
0280639c
5800b36c
2880036c
5fffed80
288002d9
28806397
00150324
001502e5
2980b077
547f5800
29806079
60000804
29806077
288012d7
2880739f
001502e4
001503e5
547f3800
29808077
60000804
2980807f
288022da
2880839d
00150344
001503a5
54801800
0015035e
60000880
001503be
2880938c
288032d8
00150185
00150304
2980706c
547ff400
29809078
60000c80
2880706c
2980906c
28806064
001503c5
547fd800
63fe3480
0015001e
53fe6bff
2881006d
53fd9fff
2881106c
2881006d
0010358c
2981106c
28815064
540ec800
2881306c
2881806d
0280118c
2981306c
5ffc8dac
2881106d
580129a0
2881a06e
0280500c
5801e1cc
0280601d
001c75bd
2881206c
2881b07e
00150197
001033bd
2980607d
03400000
288003d6
288012e5
001502c4
54805400
54898000
288013df
288002e5
00150098
001503e4
54803c00
54896800
288032e5
00150099
001502c4
54802800
54895400
288022e5
0015009c
001503e4
54801400
54894000
0015009d
288042e4
54b3f400
0015009a
001503e4
001500bb
54892400
0015009f
001502c4
64000bbf
001503bf
54891000
00146406
00146005
00150096
0048fcc6
0048fca5
64000b84
00150396
288052e4
00149b39
00149718
5488e400
00408884
1c00018c
0287918c
0010118c
2880018c
0015034a
0015036b
2980006c
001503e8
001502c7
00150326
00150305
1c000184
02ba7084
54161400
2880606c
028062f7
5fff0eec
28814064
540d8000
28812064
540d7800
28816064
540d7000
28819064
28926076
28927061
28925077
28924078
28923079
2892207a
2892107b
2892007c
2891f07d
2891e07e
2891d07f
02928063
500d3800
2881106c
28815064
0010358c
2981106c
540d2400
53fe5fff
00408b2c
0291c06d
001031ac
02800739
29b00184
53fa8fff
1c000184
02b7b084
54157c00
53ff8fff
28927061
28926076
28925077
28924078
28923079
2892207a
2892107b
2892007c
2891f07d
2891e07e
2891d07f
02928063
4c000020
02806017
001c5db7
2881206c
2881b07e
00150198
001032f7
29806077
288003d6
28801305
001502c4
547e7c00
5487a800
288013df
28800305
00150099
001503e4
547e6400
54879000
28803305
0015009c
001502c4
547e5000
54877c00
28802305
0015009d
001503e4
547e3c00
54876800
00150097
28804304
54b21c00
0015009a
001503e4
001500bb
54874c00
0015009f
001502c4
64000aff
001502ff
54873800
0014700d
0014640c
00150096
0048fdad
0048fd8c
64000ba4
001503b6
28805304
0014b79c
0014b339
54870c00
0040888c
1c00018d
028531ad
001031ac
2880018c
0015034a
0015036b
2980006c
001503e8
001502c7
00150386
00150325
1c000184
02b31084
54143c00
2880606c
02806318
5fff0f0c
28814064
540ba800
28812064
540ba000
28816064
540b9800
53fe2bff
03400000
02bd4063
028d340c
29809064
2980a065
001c30c4
29829077
2982b061
2982a076
29828078
29827079
2982607a
2982507b
2982407c
2982307d
2982207e
2982107f
001500d7
29813067
29814068
29815069
00408884
540d0000
29808064
58071480
1c00018c
0283918c
2880018c
0281d072
29806072
2981b06c
02800c12
02b5700c
00204af4
5c000a40
002a0007
001c328c
1c000191
0282c231
1c000190
0282c210
1c00018f
0282b1ef
1c00018e
0282a1ce
1c00018d
028291ad
28800231
28800210
288001ef
288001ce
288001ad
02bfee96
29817074
2981a071
2981c070
2981d06f
2981e06e
2981f06d
2981206c
1400002c
0389f18c
0281a07e
29805064
29804060
2981606c
1c00019f
028153ff
1c00019c
0281439c
29807076
2880407b
2880506c
00150016
2980306c
029fb00d
00116dac
03aa400d
2980d06c
00116dac
2980e06c
2880906c
28803077
00150019
00116d9a
028a900c
00116d8c
2980b06c
0295200c
00116d8c
2980c06c
28800344
1500001d
00106b78
0015f484
54312400
288003e5
54707000
00150085
288003e4
5475a400
2980f064
00150324
54859800
2880f06d
00150085
001501a4
54704800
28800385
54758000
2880b06c
298002e4
0010330d
288001a4
0015f484
5430d400
288003e5
54702000
00150085
288003e4
54755400
2980f064
001502c4
54854800
2880f06d
00150085
001501a4
546ff800
28800385
54753000
2880c06c
298012e4
0010330d
288001a4
54308800
288003c5
547b5400
28800385
54750c00
2880d06c
298022e4
0010330d
288001a4
54306400
2880606c
28800185
547b2c00
28800385
5474e400
2880e06c
298032e4
00103318
28800304
0015f484
54303800
288003e5
546f8400
00150085
288003e4
5474b800
2880706c
298042e4
6404d40c
1c00018c
02bac18c
28800198
03b4d00c
0010334c
0015000d
29810077
2981107a
2980f07b
0015031a
02bffc1d
0015033b
001501b7
00150198
28800319
00150345
028a9318
00150324
5478a000
64000c04
001502fd
0015033a
2880706c
028006f7
5fffd997
00150358
00150379
2881107a
2880f07b
28810077
15000004
00159304
542f9400
288003e5
028072f7
02800739
546ed800
00150085
288003e4
0280135a
54740800
29bfe2e4
001503a4
5483fc00
29bff2e4
0280340c
5ffe2b2c
2880306c
028006d6
02bf337b
0285b18c
2980306c
5ffdd2d9
2880606c
2881606d
028013de
0280118c
2980606c
2880506c
0010358c
2980506c
2881206d
2880406c
0010358c
2980406c
0281d06c
5ffd899e
1c00018f
02b781ef
288001ef
1c00018d
02b701ad
288001ad
2981f06f
0281d06f
2980506f
2880806f
1c00018c
02b6a18c
2981a06d
1400006d
2880018c
039dd1ad
001035ed
2980406d
2881706d
2981b06c
15ffffec
0395c18c
001c31ac
1c00018e
02b601ce
288001ce
1c000191
02b5b231
1c000190
02b5a210
2981e06e
1400002e
28807076
28800231
28800210
0281a07d
2981c071
2981d070
29803060
1c00019e
02b523de
001503bc
29806076
2981106c
03bec1cc
2981206c
1400004c
03a9018c
2981606c
2880307d
2880407b
2980707c
00150016
001503bc
03400000
2880a06c
00150377
00150019
0011719a
03aa400c
0011718c
2980906c
1400002c
0394818c
0011718c
2980b06c
2881206c
0011718c
2980c06c
2881606c
0011718c
2980d06c
28800344
1500001d
00107358
0015f484
542dd800
288003e5
546d2400
00150085
288003e4
54725800
2980e064
00150324
54824c00
2880e06d
00150085
001501a4
546cfc00
288003c5
54723400
2880906c
298002e4
0010330d
288001a4
0015f484
542d8800
288003e5
546cd400
00150085
288003e4
54720800
2980e064
001502c4
5481fc00
2880e06d
00150085
001501a4
546cac00
288003c5
5471e400
2880b06c
298012e4
0010330d
288001a4
542d3c00
2880706c
28800185
54780400
288003c5
5471bc00
2880c06c
298022e4
0010330d
288001a4
542d1400
2880506c
28800185
5477dc00
288003c5
54719400
2880d06c
298032e4
00103318
28800304
0015f484
542ce800
288003e5
546c3400
00150085
288003e4
54716800
2880606c
298042e4
6401700c
1c00018c
02ad818c
14000078
03934318
2880018c
00106358
0015000d
2980e07c
2980f07b
001502fc
02bffc1d
00150317
0015033b
001501b8
288002f9
00150185
2981006c
00150324
03aa400c
001032f7
54754800
2881006c
64000c04
0015031d
0015032c
2880606d
02800718
5fffcdb8
00150379
00150397
2880e07c
2880f07b
15000004
00159184
542c3c00
288003e5
028072f7
02800739
546b8000
00150085
288003e4
0280135a
5470b000
29bfe2e4
001503a4
5480a400
29bff2e4
0280680c
5ffe1f2c
028006d6
028b637b
02be639c
5ffdcad9
2880506c
2881106d
2880707c
0280118c
2980506c
2880306c
0280139c
0010358c
2880406d
2980306c
1400008c
03a7c18c
001031ac
2980406c
0281d06c
5ffd719c
28808077
28806076
28815068
28814067
28813066
001502e4
001502c5
57f00bff
2882a076
2882b061
28828078
28827079
2882607a
2882507b
2882407c
2882307d
2882207e
2882107f
001502e4
28829077
0282c063
50044c00
1c00018c
02a7e18c
28800184
02bffc1d
53ff0fff
1c00018c
02a7918c
28800184
02bffc1d
53fba3ff
03400000
2882b061
2882a076
28829077
28828078
28827079
2882607a
2882507b
2882407c
2882307d
2882207e
2882107f
0282c063
4c000020
03400000
03400000
03400000
02bf8063
29807061
29806077
29805078
29804079
2980307a
2980207b
2980107c
5800d8c0
0015009c
143e8004
001500bb
143e8019
02800405
03806084
14026257
001500da
03801338
54034800
03b406f7
50000800
5800d2e0
00150304
54034400
03400484
02bffef7
5fffec80
03802324
00150385
54031c00
00150365
03803324
54031000
00150345
03804324
54030400
02800405
143e8004
14026257
5402f400
03b406f7
50000800
58006ae0
00150304
5402f000
03400484
02bffef7
5fffec80
00150304
5402dc00
0340088c
5c006d80
00150004
28807061
28806077
28805078
28804079
2880307a
2880207b
2880107c
02808063
4c000020
1c000184
02a35084
540b5c00
02bff004
53ffcfff
03400000
1c000184
02a40084
540b4400
02bff804
53ffb7ff
1c000184
02a44084
540b3000
02bffc04
53ffa3ff
00150085
1c000184
02a2e084
540b1800
02bff404
53ff8bff
02bf8063
29807061
29806077
29805078
29804079
2980307a
2980207b
5800e4a0
5800e0c0
004084da
0287ff57
0044a6f7
034006ec
001032f7
0015009b
0040a6e4
0044848c
001500b8
6c003ccc
54040800
00150099
5800c080
001502e6
00150365
57fe53ff
00150097
5c006880
58003719
00150346
00150325
00150304
5409f400
50002000
001502e6
00150365
00150304
57fe23ff
00150097
00150019
5c003480
00150324
00150017
5401e400
28807061
001502e4
28806077
28805078
28804079
2880307a
2880207b
02808063
4c000020
00150324
5401b800
28807061
001502e4
28806077
28805078
28804079
2880307a
2880207b
02808063
4c000020
03400000
1c000164
029ff084
02bff017
540a0000
53ff9fff
1c000184
02a02084
02bfec17
5409ec00
53ff8bff
03400000
03400000
02802c0c
6c000d84
4c000020
03400000
02bfc063
1c00018c
0285f18c
29802077
29803061
0010118c
0280040d
00150097
2900018d
5400cc00
28803061
1c00018c
0286418c
00408af7
00105d97
298002e4
28802077
02804063
4c000020
03400000
02802c0c
68001984
1c00018c
0284a18c
0010118c
2a00018c
5c000980
4c000020
02bfc063
29802077
29803061
00150097
54007000
00408aec
28803061
1c00018d
028401ad
001031ac
29800184
28802077
02804063
4c000020
03400000
03400000
02802c0c
68003184
00408884
1c00018d
028341ad
1c00018c
0283e18c
001011ad
0010118c
2880018c
288001a4
00113084
4c000020
00150004
4c000020
03400000
00006004
4c000020
03400000
03400000
29800085
4c000020
03400000
03400000
28800084
4c000020
03400000
03400000
0015008c
001c1484
001d158c
5c000980
5001e400
1c00018c
2880118c
0280300d
2980018d
00150004
4c000020
58006c80
02bff08d
29800080
1c00018e
288071ce
288001cc
5c001180
2980008c
298001cd
50002800
6bfff5ac
2880018e
0010398f
5c003daf
28bff08d
001039ad
2980018d
0015018d
2880118c
288001af
00103dae
5c00198e
2880018e
2880118c
00103dce
298001ae
298011ac
4c000020
5c00198d
1c00018c
28bde18c
0280300d
2980018d
4c000020
0280118e
53ff8bff
02bf8063
29807061
29806077
29805078
29804079
2980307a
64002880
02bffc18
28807061
00150304
28806077
28805078
28804079
2880307a
02808063
4c000020
00150097
54075000
02bffc0c
5bffd08c
02802c98
02bfe00c
00105c97
1c00019a
02bed35a
0014b318
29800357
02bff318
58001c98
00111319
00150324
54071800
5fff9ee4
001066f7
29800357
1c00018c
02be218c
2880018d
5fff89a0
29800198
53ff83ff
02bfc063
29802077
1c00018c
02bd918c
28800097
2880018c
29800079
29803061
29801078
00105c99
58000d99
00150004
50003400
00115cb7
0280200c
6c000aec
02802017
00150098
001502e4
57ff13ff
5c002c99
28800305
02800404
00105cb7
29800317
28803061
28802077
28801078
28800079
02804063
4c000020
02bffc0c
5bffac8c
29800097
02801084
57fe43ff
53ff9fff
02bf8063
29807061
29806077
29805078
29804079
2980307a
02bfac0c
6c003984
1c00018c
28b8118c
0280300d
2980018d
00150017
28807061
001502e4
28806077
28805078
28804079
2880307a
02808063
4c000020
02801c98
02bfe004
00149318
02802319
1c00019a
02b9f35a
28800357
5c001ee0
00150324
57fe53ff
02bffc0c
00150097
5c00308c
53ff9bff
288002ec
288012ed
68004599
0011658c
02801c0e
6c001dcc
001066ee
298001cc
298011cd
2980034e
298002f9
50000800
2980034d
028012f7
02801306
00150005
001502e4
54057000
53ff63ff
5c0021a0
00150325
001502e4
57fe8bff
58001080
288012ec
2980034c
53ffcfff
028012fa
53ff73ff
0280080d
0010188c
58002ced
004488c6
288000ad
2880008c
02801084
028010a5
29bff08d
29bff0ac
02bffcc6
5fffe4c0
4c000020
280000ae
2800008d
02800484
028004a5
293ffc8e
293ffcad
5fffe984
4c000020
02bf8063
29806077
29805078
29804079
2980307a
001500d7
001500ba
29807061
00150099
001500f8
4c0000e1
001502e5
64004c80
00150344
4c000301
64002880
00150357
28807061
001502e4
28806077
28805078
28804079
2880307a
02808063
4c000020
001502e5
00150324
4c000301
63ffd480
00150337
53ffcfff
00150344
4c000301
63ffbc04
001502e5
00150324
4c000301
67ffb080
53ffdfff
02be0063
0015188c
2981d077
2981c078
2981a07a
2981707d
2981f061
2981e076
2981b079
2981907b
2981807c
2981607e
2981507f
03400d8c
00150097
001500da
001500fd
02800818
5c000d80
03c010d8
0012e018
0015001e
001c68ac
00106afc
001032ed
2980206d
0280180d
68009da5
2880206c
6800578c
5c0383c0
2881f061
2881e076
2881d077
2881c078
2881b079
2881a07a
2881907b
2881807c
2881707d
2881607e
2881507f
02820063
4c000020
00150307
00150346
00150365
00150324
57fe53ff
50003400
00150399
50003000
00116b3b
00150325
00150364
4c0003a1
64002004
5fffcf00
2880036e
2880032c
2980032e
2980036c
00150379
6bffd6f9
00106b9c
53ff6fff
004484bb
001c6b7b
0011698c
001032f6
02801c0c
00106efb
580074ac
0280a00e
6c00d5c5
00448ca5
001c68b9
001503a7
001502e4
001066e5
001064a6
57fe23ff
00106766
00150365
001503a7
0015009f
00116764
57fe0bff
0015009b
00408724
001112c4
001503a7
001502c6
00106485
57fdefff
00150086
00150365
001503a7
001503e4
57fddbff
0015009b
5c007700
2880036f
288002ee
298002ef
2980036e
0015039f
001502d9
0015039b
0015000f
6800aadf
001502e5
001503e4
2980306f
4c0003a1
2880306f
6000bc04
5c002080
5c004b00
288003f0
2880036f
29800370
298003ef
00106b7b
0280040f
00106bff
53ffc3ff
001502c4
001502ff
53ff7bff
00150307
00150346
00150365
001502e4
57fcfbff
53ff8fff
00150307
00150346
001503e5
00150364
57fce3ff
53ffbbff
5c002080
5c003b00
28800331
288002cf
298002d1
2980032f
00116b39
0280040f
00150216
6c00321f
5c00cde0
2880206c
6ffe138c
00150399
5000b000
00150307
00150346
00150325
001502c4
57fc8fff
53ffcbff
001502e5
001502c4
2980306f
4c0003a1
00116ad0
2880306f
67ff9480
58001f00
00150307
00150346
001502c5
001503e4
57fc57ff
50001400
288002d1
288003ef
298003f1
298002cf
00150216
53ff1bff
00150307
00150346
00150365
00150324
57fc27ff
50002c00
00116b3b
00150325
00150364
4c0003a1
64002004
5fffd700
2880036e
2880032c
2980032e
2980036c
00150379
6bffd6f9
00106b9c
53ff3fff
00116ff0
00115f66
64000a06
00150206
580014c0
00150307
00111be5
001502e4
57fbc7ff
2880206c
00115b36
00116586
001168c6
6c000ac6
001502c6
580018c0
2880206c
00150307
001503e4
00111985
57fb97ff
2880206c
00150219
00115984
6c001a16
001502ec
001502d9
00150097
00150216
00150184
6c007356
02801c0c
00216ac5
5c000b40
002a0007
6800319e
00408fcc
00216b2e
5c000b40
002a0007
0281406d
001031ac
29bf0197
29bf118e
028007de
00150097
53fc77ff
001503a7
00150346
57fc13ff
68002759
02bfffde
00408fcc
0281406d
001031ac
28bf0184
28bf1185
53ffd3ff
6ffc6759
00216b25
5c000b40
002a0007
001502e4
53ffbbff
0015000c
5c0008cc
4c000020
001030ae
2a0001ce
0010308d
0280058c
290001ae
53ffe7ff
00101886
0015008c
5c000986
4c000020
0280058c
293ffd85
53fff3ff
0015008c
1c00016d
0298a1ad
288001a4
64003180
1c00016e
289fa1ce
0011388e
0011300f
6c002dcf
1c00016c
289e818c
0280300d
2980018d
02bffc04
4c000020
1c00016e
289ec1ce
001111ce
6bffddcc
0010308c
298001ac
4c000020
02bf0063
1c00016c
289e018c
29809065
2980a066
00150085
28800184
02809066
29807061
2980b067
2980c068
2980d069
2980e06a
2980f06b
29803066
54001000
28807061
02810063
4c000020
02ba4063
2985b061
29858078
29857079
2985507b
001500b8
001500db
2985a076
29859077
2985607a
2985407c
2985307d
2985207e
2985107f
00150099
54409000
2880008c
00150184
2980e06c
54402c00
1c00016c
289bf18c
2880018c
29806064
2941d060
5c000980
5441d400
2a40332c
0340218c
58010580
2880432c
5800fd80
0282706c
2982406c
29826060
29825060
0015001c
29809060
2980c060
29811060
29810060
29803060
2980d060
2980f060
29808060
00150317
0280940e
280002ed
580009a0
5c0101ae
001162fa
58005340
2882606d
29800198
2980119a
02801c0e
001069ad
2982606d
2882506d
0280218c
028005ad
2982506d
640019cd
02824065
00150324
54420c00
5c079c80
0282706c
2880806d
001069ad
2980806d
280002ed
581c1da0
028006ee
2901cc60
02bffc1a
29807060
00150017
0280241d
0280a81e
028005cd
2980506d
280001cd
02816811
2980206d
2880206d
02bf81ae
6811aa2e
004089ce
1c00016d
02b321ad
001039ae
288001ce
4c0001c0
00150324
5442a400
5bff0080
02bffc0c
2980806c
2885b061
2885a076
28808064
28859077
28858078
28857079
2885607a
2885507b
2885407c
2885307d
2885207e
2885107f
0285c063
4c000020
028006f7
53fef7ff
2980206c
543efc00
2880108c
00150184
2980f06c
543e9800
2980d064
543ee400
2880208c
2880d06d
2980306c
2880206c
580019a0
2880306d
580011a0
280001ae
580009c0
039002f7
2880506e
53ff2bff
2801cc6e
5ffff5c0
0280800e
2901cc6e
53ffebff
038006f7
53ffe3ff
2880036d
0280137b
2980706d
67ffd1a0
0011340d
2980706d
038012f7
53ffc3ff
0280ac0e
53ffcfff
2880506d
028005ae
280001ad
2980206d
5c0051be
2880037a
0280136f
64000b40
02bffc1a
001501fb
2980506e
53ff8bff
00408b4f
001069ed
004085ad
028005ce
001041ba
283ffdcd
2980206d
2880206d
02bf41b0
6fffdfb0
2980506e
53fe9bff
0015001a
53ffebff
038202f7
53ff4bff
2880506e
29807060
2880706d
028005ce
004089af
001035ef
2880206d
004085ef
02bf41ad
00103dad
2980706d
283ffdcd
2980206d
02bf41af
6fffd3af
53ffafff
038022f7
53ff03ff
2880506d
0281a00e
280001af
5c0015ee
028005ad
2980506d
038802f7
53fee3ff
038102f7
53fedbff
2880506d
0281b00e
280001af
5c0015ee
028005ad
2980506d
038082f7
53febbff
038042f7
53feb3ff
0280136d
2980406d
2880036d
2901cc60
2903706d
00150016
0280041a
0015000f
0015001d
0015001b
0015001f
02837078
50022800
038042f7
034082ee
58006dc0
02801f7b
02bfe006
00149b7b
2880037f
28801376
0280236d
2980406d
641992c0
00117c1f
0012fc0e
00115816
00113ad6
0280b40e
2901cc6e
0280040e
02bffc0f
580d7b4f
001502ef
02bdfc10
0014c2f7
00155bf0
5c0d6600
580eeb40
0280040f
5c0d61cf
50195c00
0280136d
2980406d
034042ee
580011c0
2880037f
0048fff6
53ff9fff
2880036d
034102ee
2980a06d
58000dc0
2840a07f
53ffe7ff
034802ee
58000dc0
2800a07f
53ffd7ff
2880a07f
53ffcfff
034022ee
5800cdc0
2880036e
2980a06c
02818064
288001cf
0280136c
2980406c
2981806f
288011cf
2981906f
288021cf
2981a06f
288031ce
2981b06e
5499f000
2880a06c
29809064
2980c065
2880c06e
2880906f
2980a06c
001501c5
001501e4
541ce400
0280040e
2880a06c
5c008c8e
2880906e
2880c06d
00150006
00150007
001501c4
001501a5
54843400
2880a06c
64000c80
0280b40d
2901cc6d
2880206e
02811c0d
1c000178
02a3a318
64000dae
1c000178
02a38318
02bdfc0d
0014b6f7
00150016
02800c1a
0015000f
500c9c00
02801f7b
02bfe006
00149b7b
0280236d
2980406d
2880036d
2980906d
2880136d
2980c06d
53ff5bff
2880906f
2880c06e
2980a06c
001501e4
001501c5
541c3800
0015009f
2880a06c
5c02d080
2880c06d
64000da0
0280b40d
2901cc6d
2880206e
02811c0d
1c000178
02a18318
64000dae
1c000178
02a16318
02bdfc0d
0014b6f7
0015000f
0015001d
0015001b
00150016
02800c1a
2980a06f
640009fa
2980a07a
2801cc70
58001200
2880a06d
028005ad
2980a06d
03400aed
2981206d
580011a0
2880a06d
028009ad
2980a06d
034212fe
5c0077c0
2880706d
2880a06e
001139b0
64006410
02804006
1c000174
02a65294
02801c07
28826072
28825071
29800194
02802193
02800631
600ce8d0
29801190
00104a10
29826070
29825071
02801c10
0015026c
64002211
02824065
00150324
2981306f
543cb000
5c042c80
2881306f
0282706c
2801cc70
58005600
0281cc70
29800190
02800410
29801190
28826070
02801c11
0280218c
02800610
29826070
28825070
02800610
29825070
64002230
02824065
00150324
2981306f
543c5800
5c03d480
2881306f
0282706c
2881206d
580055a0
0281d070
29800190
02800810
29801190
28826070
02801c11
0280218c
02800a10
29826070
28825070
02800610
29825070
64002230
02824065
00150324
2981206f
543c0000
5c037c80
2881206f
0282706c
02820010
5c0077d0
2880706d
2880a06e
001139be
6400641e
02804013
1c00016d
02a171ad
02801c14
28826071
28825070
2980018d
02802192
02800610
600c167e
2980119e
001047de
2982607e
29825070
02801c11
0015024c
64002230
02824065
00150324
2981206f
543b8800
5c030480
2881206f
0282706c
001169fe
64005c1e
02804012
1c00014d
029fd1ad
02801c13
2882606f
28825070
2980018d
02802191
02800610
600bfa5e
00103fcf
2980119e
2982606f
29825070
02801c0f
0015022c
640019f0
02824065
00150324
543b2400
5c02a080
0282706c
034402ef
2882607e
5c0c01e0
29800198
2980119a
00107b4d
2982606d
2882506d
02801c0e
0280218c
028005ad
2982506d
640cfdcd
02824065
00150324
543adc00
5c025880
0282706c
500ce400
2880206d
02bf7c1b
0281040e
0014edbb
5c00636e
0280c00e
2901d06e
0281840f
0281e00e
580009af
0281600e
2901d46e
02818c0e
03800af7
640225da
02800744
2980a06c
57f077ff
00150098
2880a06c
5c021880
2a40332c
0381018c
2940332c
2a40332c
0341018c
5bf8e180
53f8d7ff
02bffc0e
5801ff4e
02811c0e
00150016
5c00136e
5c000f40
00150356
0280041a
038402ed
2981206d
2880c06d
6401e1a0
1500001c
0015b79c
0280b40d
2981306d
0281040e
5c02176e
2880906f
0281e066
00150385
001501e4
2981606c
54146800
1c00014e
029a91ce
288001c6
288011c7
54812400
00150006
00150007
2980a064
2980b065
547e3000
2881606c
5c000c80
0280040e
2981e06e
2880206d
0281840e
1c00015c
0292939c
58000dae
1c00015c
0292b39c
1c00014e
029961ce
288011cf
288001ce
02bfff5f
0015031e
2981406e
2981506f
28814066
28815067
2880a064
2880b065
2981706c
028007de
5480a800
2980a064
2980b065
5490cc00
0015009d
54915400
00150086
001500a7
2880a064
2880b065
54873000
0010778e
2a0001ce
2980a064
2980b065
2981607f
293fffce
02bffc0d
2881706c
58001fed
00150006
00150007
547d7000
02bfffff
2881706c
5fff8480
1c00015f
029703ff
288003e6
288013e7
2880a064
2880b065
2981406c
547dd400
2881406c
60002804
288003e6
288013e7
2880a064
2880b065
547d2800
2881406c
5c00b080
034007bd
5800aba0
28003f91
2982207e
0280c012
2882206f
02bffdee
2982206e
283ffdee
58005dd1
0280e411
5c005dd1
28002b8e
293ffdee
001503dc
0011639c
5c00f300
5bfe16c0
001502c4
57ec9fff
53fe0bff
00150016
02837078
53fe2fff
00150096
53fe27ff
00150016
0280181a
53fe1bff
2880c07c
29813060
53fe2fff
293ffdf2
53ff93ff
028005ce
2980a06e
2800a06e
53ffa3ff
0280079c
293fff8f
001173ce
67fff5c0
53ff97ff
2881606d
001503dc
0280c00f
001037de
53ffe7ff
0281180e
58001f6e
0281140e
0280075d
58000b6e
0015035d
02800806
50000c00
0015035d
02800c06
2880906f
0282206a
0281f069
0281e068
001503a7
001501e4
00150385
2980a06c
5418e400
00150098
5bff3480
02811c0e
2880a06c
5c012f6e
034006ee
5c0125c0
2882207c
0011639c
02811c0f
2881e07f
5c01ab6f
02bff40f
60000bef
64023b5f
2880206d
02bff9ad
2980206d
2880206e
02bfffed
02bf7c0f
2981e06d
0014bdcf
02810410
5801a5f0
2800206f
00150010
2902006f
0280ac0f
640011a0
0280040d
00117dad
0280b40f
2902046f
0280240e
6401b1cd
02823c6e
001501d2
02802811
02818c13
0020c5af
5c000a20
002a0007
0280c1ef
293ffdcf
002045af
5c000a20
002a0007
02bffdd0
60015a6d
0280c1ef
293ffe0f
02bff9ce
0282086f
680151d2
0282006d
001135ed
2981006d
0280040e
001071ba
60000ddc
034006ee
58000dc0
2880606d
0010375a
02affc0e
0014baf7
038402ed
2981206d
0015001d
0015001b
0015001f
2881306d
58000da0
0280b40f
2901cc6f
28812077
0015000f
53f933ff
0281180e
0010771e
5c004b6e
2800030f
0280c00e
5c0035ee
2880906f
00150006
00150007
001501e4
00150385
2980a06c
547aa400
2880a06c
58001080
0280040e
001175dd
2981e07d
2881e06e
00103bde
2880906f
00150006
00150007
001501e4
00150385
2980a06c
547a6c00
2880a06c
5c000880
2982207e
0280c00f
50001000
028005d0
29822070
290001cf
2882206e
6bfff1de
53fe4fff
0281180f
5ffe736f
034006ef
001569ef
64007c1f
5800e1e0
2880606d
001037ef
00103f5a
0281980d
2980206d
5000ac00
2880206e
02800410
02803dcf
2980a06f
2800a06f
53fe57ff
0015020e
001501ed
53fe7fff
028005ce
2a3ffdcd
028005ef
293ffded
53fea3ff
0282086e
5c001200
0280c00e
2902086e
02820c6e
0280c1ad
028005cf
290001cd
53fe83ff
580071e0
2880606d
028005af
53ff8bff
600023fc
034006ed
001503fa
58000da0
2880606d
001037fa
02819c0d
53ff73ff
2880606d
0010379a
02819c0d
2980206d
60000c1f
00117f4d
028005ba
035002fb
0015001d
5bfe6f60
0015001b
67fe641f
0281fc10
50003c00
001503fa
53ff2fff
0281980d
2980206d
0280041a
53ffd3ff
64002dff
2880306d
00113fff
280005af
580031e0
028005ad
0280077b
2980306d
2880306d
280001af
5fffd9f0
2880d06d
0010776f
001c35ef
001069fa
53fe07ff
028007bd
53ffdfff
0280136e
2980406e
034082ee
2880036d
580021c0
2880806e
298001ae
0048fdce
298011ae
2880407b
28805078
53f20bff
034042ee
580011c0
2880806e
298001ae
53ffe7ff
034102ee
580011c0
2880806e
294001ae
53ffd3ff
034802f7
5bffdee0
2880806e
290001ae
53ffbfff
038042f7
034082ee
580035c0
02801f7b
02bfe006
00149b7b
2880037f
28801376
0280236d
2980406d
02affc0e
0014baf7
0015000e
2901cc60
53f4c3ff
0280136d
2980406d
034042ee
58000dc0
2880037f
50001000
034102ee
580011c0
2a40037f
00150016
53ffc7ff
034802ee
5bffe1c0
2a00037f
53ffefff
0280136d
2980406d
140000ee
1c00014d
02ba21ad
03a0c1ce
2981106d
0281e00d
2941d06e
2880037f
00150016
03800af7
0280080e
2980206d
53ff87ff
28800378
0280136d
2980406d
2901cc60
5c003300
0280180e
6c0009da
0280181a
00150016
0015000f
0015001d
0015001b
0015001f
1c000158
02b93318
53f5e7ff
02bffc0e
2980a06c
58002f4e
00150346
00150005
00150304
54305000
00150096
2880a06c
5bf52080
0011609a
00150016
53f517ff
00150304
54306000
0015009a
00150016
0015000f
0015001d
0015001b
0015001f
2880a06c
53f58bff
038042f7
034082ee
580029c0
02801f7b
02bfe006
00149b7b
2880037f
28801376
0280236d
2980406d
0280040e
53febbff
0280136d
2980406d
034042ee
58000dc0
2880037f
50001000
034102ee
580011c0
2a40037f
00150016
53ffd3ff
034802ee
5bffe1c0
2a00037f
53ffefff
1c00014d
02b591ad
2981106d
034082ee
580061c0
02801f7b
02bfe006
00149b7b
2880037f
28801376
0280236d
2980406d
034006ee
580021c0
00155bee
580019c0
2880206d
0280c00e
2901d06e
2901d46d
03800af7
02affc0e
0014baf7
0280080e
53fe1bff
1c00014d
02b3b1ad
53ff9fff
0280136d
2980406d
034042ee
58000dc0
2880037f
50001000
034102ee
580011c0
2a40037f
00150016
53ff9bff
034802ee
5bffe1c0
2a00037f
53ffefff
001502ef
0280040e
53f297ff
0280040f
580bf9cf
0280080f
580145cf
0285006e
0040f6d0
03401fef
00448fff
0280c1ef
00157e1f
00448ed6
293ffdcf
00155bf0
02bffdd8
5c003e00
034006f0
58001600
0280c010
58000df0
293fff10
02bff9d8
0285006d
0015034f
00150016
001161ba
0015001d
0015001b
0015001f
53f3f3ff
0015030e
53ff9fff
0015001c
0285006e
035002fd
0281fc1e
0280241b
02802806
00150007
001503e4
001502c5
2981206c
02bffdd8
2980a06e
54468c00
2880a06e
0280c084
0280079c
293ffdc4
2881206c
58005ba0
2880306d
280001ae
5c004f8e
58004b9e
5c000ac0
6c00437f
2980a06c
2880d06c
2880f065
0015001c
00113318
00150186
00150304
542e3800
2880306c
2800058e
2880a06c
580011c0
2880306d
028005ad
2980306d
02802806
00150007
001503e4
001502c5
2980a06c
5440c800
2880a06c
5c000ac0
6fff1b7f
0015009f
001500b6
0015030e
53ff47ff
02850078
2881106d
03403fee
02bfff18
001039ae
2a0001ce
004493ff
2900030e
0040f2ce
00157ddf
004492d6
00155bee
5fffd5c0
53fed3ff
02850078
5ffec9c0
034005ef
5bfec1e0
0280c00e
2904fc6e
500a7000
2880206d
580a35a0
2903706d
2901cc60
2980407b
53f067ff
02804252
29801186
29826072
29825071
640038f1
02824065
00150324
2981606f
29813070
542fd000
5ff74c80
2881606f
28813070
02827073
02801c07
1c000154
02b14294
02804006
02bfc210
0015026c
53f2b7ff
02804231
29801193
29826071
29825070
64003290
02824065
00150324
2981206f
542f8000
5ff6fc80
2881206f
02827072
02801c14
1c00014d
02afd1ad
02804013
02bfc3de
0015024c
53f393ff
028041ef
29801192
2982606f
29825070
64002a70
02824065
00150324
542f3800
5ff6b480
02827071
02801c13
1c00014d
02aec1ad
02804012
02bfc3de
0015022c
53f3b7ff
2880206e
0281940d
6406c1ae
2880906f
2880c06d
00150006
00150007
001501e4
001501a5
2980206c
54734000
2880206c
5c017480
1c00014d
02a7d1ad
2980018d
0280040d
2980118d
2882506d
028007de
2982607e
028005ad
2982506d
02801c0e
0280218c
640019cd
02824065
00150324
542ea000
5ff61c80
0282706c
2881e06d
60000dbc
034006ed
58009da0
2880e06d
2880606e
0280218c
29bfe18d
2880606d
29bff18d
2882606d
001039ad
2982606d
2882506d
02801c0e
028005ad
2982506d
640019cd
02824065
00150324
542e4400
5ff5c080
0282706c
02bfff98
64004818
0280401b
1c00015a
02aad35a
02801c1d
2882606e
2882506d
2980019a
0280218f
028005ad
60006f78
29801198
00103b18
29826078
2982506d
02801c0e
001501ec
63f30dcd
034012f7
5c0776e0
2880707a
2880a06c
64000b4c
0015019a
2880806c
0010698c
2980806c
2882606c
58001580
02824065
00150324
542db800
5ff53480
29825060
5c07cec0
0282706c
53f93bff
028041ce
2980119b
2982606e
2982506d
64001bad
02824065
00150324
542d8400
5ff50080
0282706f
02bfc318
001501ec
53ff53ff
2881e06d
6001540d
1c00014d
02a1f1ad
2980018d
0280040d
2980118d
2882506d
028007de
2982607e
028005ad
2982506d
02801c0e
0280218c
640019cd
02824065
00150324
542d2800
5ff4a480
0282706c
2881e06d
034006ef
2882606e
0015378d
00153dad
5bff1da0
2880e06d
0280218c
29bfe18d
2880606d
29bff18d
001039ad
2982606d
2882506d
02801c0e
028005ad
2982506d
640019cd
02824065
00150324
542ccc00
5ff44880
0282706c
2881e07a
64006340
0011681a
0015018e
0280401d
1c00015b
02a4d37b
02801c1e
2882606f
2882506d
298001db
0280218c
028005ad
600047ba
298011da
00103f5a
2982607a
2982506d
02801c0e
640019cd
02824065
00150324
542c6800
5ff3e480
0282706c
2882606d
29800198
2980119c
001071ad
53f14fff
028041ef
298011dd
2982606f
2982506d
64001bcd
02824065
00150324
542c2c00
5ff3a880
0282706c
02bfc35a
0015018e
53ff7bff
001503fa
64000b9f
0015039a
6400401a
2882506d
00107b5e
29800198
2980119a
028005ad
2982607e
2982506d
02801c0f
0280218c
640019ed
02824065
00150324
542bd400
5ff35080
0282706c
64000b40
0015001a
00116bfa
64005c1a
0280400e
1c00015e
02a0f3de
02801c11
2882606f
2882506d
2980019e
02802190
028005ad
600199da
2980119a
00103f5a
2982607a
2982506d
02801c0f
0015020c
640019ed
02824065
00150324
542b6c00
5ff2e880
0282706c
035002ed
00107f1a
58002da0
0010730d
02801c1e
2980206d
1c00013f
029f43ff
5c018360
5c0183a0
0010730d
6c0009ba
001501ba
2881e06d
60000dbc
034006ed
580051a0
2880e06d
2880606e
0280218c
29bfe18d
2880606d
29bff18d
2882606d
001039ad
2982606d
2882506d
02801c0e
028005ad
2982506d
640019cd
02824065
00150324
542adc00
5ff25880
0282706c
00107318
00116b0d
2881e078
00116398
640009b8
001501b8
64004418
2882606d
2980019a
29801198
02801c0e
0010370d
2982606d
2882506d
0280218c
028005ad
2982506d
640019cd
02824065
00150324
542a8000
5ff1fc80
0282706c
0015030d
64000b00
0015000d
2881e078
00116398
00113718
67fc7018
0280401b
1c00013a
029b735a
02801c1d
2882606e
2882506d
2980019a
0280218f
028005ad
67fc2f78
028041ce
2980119b
2982606e
2982506d
64001bad
02824065
00150324
542a1400
5ff19080
0282706f
02bfc318
001501ec
53ffbbff
028041ef
2980118e
2982606f
2982506d
6400222d
02824065
00150324
5429e000
5ff15c80
02827070
02801c11
0280400e
02bfc35a
0015020c
53fe1fff
5800e3a0
02bfffbd
2880f06d
2880d06e
0280218c
29bfe18d
2880d06d
29bff18d
2882606d
001039ad
2982606d
2882506d
028005ad
2982506d
64001bcd
02824065
00150324
54297c00
5ff0f880
0282706c
2880206d
001169ae
2880306d
280001ad
640009cd
001501cd
6400480d
2882606e
2980019a
2980118d
0280218c
001039ae
2982606e
2882506e
028005ce
2982506e
640023ce
02824065
00150324
2981206d
54292000
5ff09c80
2881206d
0282706c
001501ae
640009a0
0015000e
2880306d
02804011
280001ad
001139ad
6000640d
2880306d
280001ad
0010375a
53fda7ff
2880306d
02bfff7b
02bffdad
2980306d
53ff1bff
028041ef
29801191
2982606f
2982506e
640027ce
02824065
00150324
2981206d
5428ac00
5ff02880
2881206d
02827070
02804011
02bfc1ad
0015020c
2882606f
2882506e
2980019f
02802190
028005ce
63ffb22d
2980118d
00103dad
2982606d
2982506e
0015020c
67ff77ce
02824065
00150324
54285800
5fefd480
0282706c
53ff5fff
2882506d
0280040e
29800198
028007de
028005ad
0280219a
60000ddc
034006ef
5801a1e0
0280040e
2980118e
2982607e
2982506d
02801c0c
6400198d
02824065
00150324
54280400
5fef8080
0282707a
2880e06c
2880606d
0280235a
29bfe34c
2880606c
29bff34c
2882606c
0010358c
2982606c
2882506c
02801c0d
0280058c
2982506c
640019ac
02824065
00150324
5427b800
5fef3480
0282707a
2880906d
2880c06c
00150006
00150007
001501a4
00150185
02bfff9b
546be800
58008880
2882606c
2882506d
02800718
02bffd8c
0010718c
028005ad
29800358
2980135b
2982606c
2982506d
0280235a
02801c0c
6400198d
02824065
00150324
54274c00
5feec880
0282707a
0282006c
2980034c
2881006c
2881006d
2980134c
2882606c
0010358c
2982606c
2882506c
02801c0d
0280058c
2982506c
63ec2dac
0280234c
53f91fff
67ffc41b
0280401d
1c000138
028e1318
02801c1e
2882606c
2882506d
29800358
0280234e
028005ad
600023bb
0010336c
2980135b
2982606c
2982506d
001501da
02801c0c
53ff6bff
0280418c
2980135d
2982606c
2982506d
64001bcd
02824065
00150324
5426a000
5fee1c80
0282706e
02bfc37b
001501da
53ff9fff
2980118e
2982607e
2982506d
02801c0c
53ff23ff
2880706d
2880a06e
001139b7
67f88417
0280401a
1c000138
028be318
02801c1b
2882606e
2882506d
29800198
028005ad
60003357
29801197
00103af7
29826077
2982506d
02801c0c
67f8498d
02824065
00150324
54262000
5bf83880
53ed9bff
028041ce
2980119a
2982606e
2982506d
0280218c
64001b6d
02824065
00150324
5425f400
5fed7080
0282706c
02bfc2f7
53ff93ff
001502c4
57da03ff
53f833ff
2882606c
5beb6580
02824065
00150324
5425c400
53eb57ff
02bffc0e
5ff3ff4e
5ff482c0
0280240e
6bf479df
0280c3ff
2904fc7f
0284fc78
53f443ff
02bfc063
29801078
14fffff8
29803061
29802077
03bfff18
0014970c
298000c0
14ffe010
0015008f
001500ad
64000d90
00151191
5c002e20
001501e6
001501a7
001501e4
001501a5
54581800
28803061
28802077
28801078
02804063
4c000020
0014c0b0
001500d7
001500ae
5c002e00
1c00012c
0287a18c
28800186
28801187
546c5000
02bf280d
0015008f
001500ae
0014970c
298002ed
288002ed
0048d18c
02b0098c
001031ac
298002ec
15001fec
03bffd8c
0014b1ce
147fc00c
001531cc
001501e4
00150185
53ff87ff
14ffffec
02bf8063
03bffd8c
29806077
29807061
29805078
29804079
2980307a
2980207b
2980107c
2980007d
0014918c
14ff000d
00150097
00150085
6802a1ac
0044fc9c
5c00398d
58000b80
00150017
28807061
001502e4
28806077
28805078
28804079
2880307a
2880207b
2880107c
2880007d
02808063
4c000020
148562ed
03885dad
640031a4
28807061
28806077
28805078
28804079
2880307a
2880207b
2880107c
2880007d
00150004
02808063
50033400
64003c80
14859fed
0386d5ad
6c0031ac
28807061
28806077
28805078
28804079
2880307a
2880207b
2880107c
2880007d
00150004
02808063
5002b800
147d62ed
038861ad
1c000139
02b71339
6c01adac
147f0a2d
039645ad
00408b98
680129ac
1c00012c
0282218c
0010618c
28800185
001502e4
544d6c00
1c00012c
0281a18c
0010618c
2880019b
02800418
00117318
0015009a
00117318
00150365
00150344
544d4000
00150097
001502e5
001502e4
54497000
1c00012c
0281518c
28800185
0015009c
54495c00
1c00012c
0281118c
28800185
544d0c00
00150385
54494400
1c00012c
0280c18c
28800185
543db400
00150385
54492c00
1c00012c
0280718c
28800185
544cdc00
00150385
54491400
1c00012c
0280218c
28800185
543d8400
00150385
5448fc00
00150085
001502e4
544cb000
00150085
0015009c
001502e4
5448e000
0015009d
1c00012c
02bf518c
5c00ef00
28800185
00150384
544c8400
00150085
001503a4
54427800
001502e5
544c7000
00150085
28800324
544c6400
5000ac00
1c00012c
02bdd18c
28800185
001502e4
54488c00
1c00012c
02bd618c
0010618c
28800185
543cf800
5451a400
00150098
54522c00
1c00012c
02bd118c
28800185
0015009b
54485800
00150085
001502e4
544c0c00
1c00012c
02bca18c
28800185
0015009a
00150364
54483400
0015009b
53fea7ff
1468000d
6c00398d
1c00012c
02bc118c
28800185
001502e4
543c9000
28800325
54460800
64001804
28800325
001502e4
543c7800
00150097
53fd6fff
00150018
53fe73ff
28800184
00150385
544b9c00
00150085
001503a4
54419000
00150085
00150364
544b8400
00150345
544b7c00
00150085
28800324
544b7000
02be0c0c
6000130c
0040df18
00101317
53fd1bff
0281930c
0040dd8c
00101184
1c00012c
02ba318c
28800185
54478000
53ff8bff
14ffffec
03bffd8c
0014958c
0015118d
580031a0
14ffe00e
001495c5
02800c0d
580018a0
0280100d
6800118e
0015000d
5c00098e
0240048d
001501a4
4c000020
0280080d
53fff7ff
02bfc063
29803061
1c00012c
02b8c18c
58002480
1c00012d
02b881ad
288001a5
28800184
54470c00
28803061
02804063
4c000020
28800185
001500a4
53ffebff
02bfc063
29803061
1c00012c
02b7e18c
58002480
1c00012d
02b7a1ad
288001a5
28800184
5446cc00
28803061
02804063
4c000020
28800185
001500a4
53ffebff
02bf8063
29806077
2880308c
288030b7
29807061
29805078
29804079
2980307a
2980207b
2980107c
6001a197
02bffef7
00408af0
028040ba
0010435b
02804099
00104330
2880036c
2880020d
0280058c
002131b8
5c000980
002a0007
680091ac
140001f1
00150352
00150333
00150014
00150006
03bffe31
02801252
28bff24f
02801273
0014c5ed
001c61ad
0044c1ef
001c61ef
001051ad
0044c1ae
0014c5ac
001130cc
001039ef
28bff26e
0044c1f4
0014c5ef
0014c5cd
0010358c
0044c1ce
0048c18d
00113dce
001035ce
0048c1c6
0014c58c
0040c1ce
001531cc
29bff26c
6fff9b72
2880020c
5800b580
0015009c
54199c00
60007480
140001ef
02800718
00150330
00150011
03bffdef
0280135a
28bff352
2880020d
02801210
0014be4e
00113a31
0014bdae
00103a2e
0044c1ac
0044c252
0048c1cd
0011498c
0010358c
0048c191
0014bdce
0040c18c
0015398c
29bff20c
6fffbb7a
00408aec
0010332c
2880018d
580055a0
00150304
28807061
28806077
28805078
28804079
2880307a
2880207b
2880107c
02808063
4c000020
2880020c
5c001180
02bffef7
02bff210
6bfff330
29803097
53ff47ff
2880018d
5c0011a0
02bffef7
02bff18c
6bfff32c
29803397
53ffa7ff
00150004
53ffa3ff
02bdc063
2981f079
2981e07a
29823061
29822076
29821077
29820078
2981d07b
2981c07c
2981b07d
2981a07e
2981907f
29803066
29805067
29810068
2980706a
0015009a
00150099
6400a0a0
14fffffc
0280040c
03bfff9c
2980012c
0014979c
14ffe00c
0014b38d
5c008dac
2881006d
14001fe5
1400004c
03bffca5
039c3d8c
0014979c
298001ac
00156b9a
580ff740
2880706d
1c00012c
02adb18c
2980106c
580011a0
02800d8c
2880706d
298001ac
28823061
28822076
28801064
28821077
28820078
2881f079
2881e07a
2881d07b
2881c07c
2881b07d
2881a07e
2881907f
02824063
4c000020
001500bc
29800120
53ff73ff
00150006
00150007
00150344
00150385
2980b07a
2980e07c
54622400
5c003480
2881006d
0280040c
298001ac
2880706d
1c00012c
02a3318c
2980106c
5bff81a0
2880706e
0280058d
298001cd
53ff73ff
02816067
02817066
00150344
00150385
54192000
29801060
00150097
5bff5080
0044d398
035fff18
2881607d
5801a700
2880e06c
14001fe5
03bffca5
2880b064
0014b0a5
147fe00c
001530a5
02b00718
29812060
1c00012c
02a9c18c
28800186
28801187
546b1800
1c00012c
02a9918c
28800186
28801187
54645400
1c00012c
02a9618c
28800186
28801187
544fd000
0015009a
00150304
001500bb
5474f000
1c00012c
02a8f18c
28800186
28801187
54641c00
00150086
001500a7
00150344
00150365
544f9800
0015009a
001500bb
54742c00
00150096
00150006
00150007
00150344
00150365
5462b400
64002080
001502c4
54749800
00150346
00150367
5460ec00
58000880
02bffed6
0280040d
0280580c
2980f06d
68003596
00408ecd
1c00012c
2882318c
0010358c
28800186
28801187
2880b064
2880e065
54626000
64000880
02bffed6
2980f060
001163b8
02bfff0c
2980206c
0015001a
64001180
0280041a
0011635a
29802060
6000b6c0
2880206c
2980a076
0015001b
0010598c
2980206c
2880306d
0280240c
68013d8d
0280140c
02800418
6400118d
02bff1ac
2980306c
00150018
2880306d
02800c0c
5800f5ac
60007d8d
0280080c
29806060
5800b1ac
0280040c
2980606c
50008400
28817078
0280800c
001063b8
0290cb04
64003584
00111004
02904b0c
00171384
0017b35a
00156884
5474c400
15fc200c
00101585
0280040c
02bfff18
2981206c
53fe47ff
00111184
00171344
53ffdfff
00115b5a
0011581b
2980a060
53ff5bff
2880306d
0280100c
580031ac
0280040d
2980606d
2880306d
0280140c
58005dac
02bffc0c
2980406c
02bffc1f
02804804
29805060
50002800
0280040c
2980606c
2880506c
6000600c
0280040c
2980406c
0280041f
02800404
2980506c
540d9c00
29801064
5c005480
001502e4
540e8000
53fccfff
29806060
2880506c
001032cc
0280059f
2980406c
001503e4
63ffd01f
02800404
53ffcbff
02800418
29803060
53fef7ff
2880506c
2980406c
0015019f
00150184
53ffabff
0280380c
6802499f
58024700
6400cc16
03403ecc
00408d8d
004892dd
1c00012c
28baa18c
0010358c
034043ae
2880118d
02800818
2880018c
580041c0
1c00012e
28ba41ce
288081c6
288091c7
2880b064
2880e065
2980806c
2980906d
03403fbd
54566400
2880806c
2880906d
00150099
001500bc
02800c18
1c00013e
28b953de
50003400
034007af
580025e0
288003c6
288013c7
00150184
001501a5
54614800
02800718
0015008c
001500ad
004887bd
028023de
5fffd3a0
00150186
001501a7
00150324
00150385
5455fc00
00150099
001500bc
50005800
02800818
580052c0
0011581d
03403fac
00408d8d
1c00012c
28b7618c
0010358c
28800186
28801187
2880b064
2880e065
004893bd
1c00013e
28b703de
5460d000
00150099
001500bc
0015000d
5c01b3a0
5fffa5a0
2880f06c
5801cd80
1c00010e
029b21ce
288001c6
288011c7
00150324
00150385
29808079
545f6400
6401a880
5801b3e0
2880406c
6400e40c
1c00010e
029a81ce
2880806d
288001c6
288011c7
00150385
001501a4
54606400
2880407e
02bffedd
00150099
001500bc
02800718
00150304
29811079
29808079
2980907c
2980c07c
5470f800
2881106e
2880c06d
15f98018
001501c6
001501a7
54602000
1c00010f
029911ef
288001e6
288011e7
544b9c00
00150099
00101718
5c0133c0
1c00010c
0298b18c
2881106e
2880c06d
28800186
28801187
001501c4
001501a5
54668c00
00150326
00150307
29808064
29809065
545d7800
60078c04
1500000c
28808064
28809065
0015e18c
00150326
00150187
545e7800
60076080
2880b079
2880e07c
2881706c
60043580
0280380d
60042db6
00408ecd
1c00012c
28b1918c
0010358c
2880019a
2880119b
2880506c
6402c580
6002c01f
5c0723e0
1c00010c
0296418c
28800186
28801187
00150344
00150365
545f4800
00150326
00150387
545cec00
0015001a
00150018
6406b480
2880106c
2880106d
028006d6
0280059e
0280c40c
290001ac
5006a400
034007ae
580019c0
288003c6
288013c7
02800718
545efc00
0280040d
004887bd
028023de
53fe2fff
001502dd
001503fe
53fe97ff
001502dd
0015001e
53fe8bff
2880106c
02bfffcd
00408dae
0010798c
2981106c
2880606c
1c00012d
28ae61ad
001039ad
288001a6
288011a7
5800fd80
1c00010c
0290818c
28800184
28801185
2980c078
1c000118
0292b318
54536400
2880c06f
00150326
1c000119
02924339
001501e7
54651c00
2880107e
2980c064
2980d065
28808064
28809065
028007de
546e8000
0015009c
546f0800
00150086
001500a7
28808064
28809065
0280c39c
5464e000
2880c066
2880d067
293fffdc
29808064
29809065
545ce800
60013c80
28808066
28809067
28800324
28801325
5464b000
2880c066
2880d067
545cc400
60022080
2881106c
5bfe4bcc
28800306
28801307
2880c064
2880d065
545dd400
2980c064
2980d065
28800306
28801307
28808064
28809065
545db800
29808064
29809065
53ff53ff
00150305
545da400
2881107e
2880107c
2980c064
2980d065
28808064
28809065
0280079c
546db400
29813064
546e3c00
00150086
001500a7
28808064
28809065
54641800
2881306d
2881106c
00150098
0280c1ad
293fff8d
001500b9
5c00878c
1c00011c
028b239c
28800386
28801387
2880c064
2880d065
5448c000
00150086
001500a7
00150304
00150325
545acc00
60014804
2880c066
2880d067
28800384
28801385
5463b400
00150086
001500a7
00150304
00150325
545bc000
0280c00c
67fd4880
283fffcd
02bfffce
58000dac
001503b6
5000d800
001501de
53ffebff
1c00010c
028ba18c
28800186
28801187
545cb800
29808064
29809065
53ff1fff
2880106c
0015038e
001501dd
0015033c
02800598
00107d9f
00150346
00150367
00150384
001503a5
54516000
546cac00
00150099
546d3400
00150346
00150367
545c6800
00150086
001500a7
00150384
001503a5
54630400
0280c32c
293fff0c
00150086
001500a7
0015031e
5c00abf8
5447c800
00150346
00150367
0015009c
001500bd
5459d400
60004c04
00150346
00150367
00150384
001503a5
54592c00
5c000c80
03400739
5c002f20
001502e4
54084800
2881006d
028006cc
290003c0
298001ac
2880706c
5bf68180
2980019e
53f67bff
001502dd
0280e40d
283fffce
02bfffcc
5c0019cd
2880106e
5c0021cc
0280c00d
028007bd
290001cd
2a00018d
028005ad
2900018d
53fecbff
0015019e
53ffcfff
1c00010c
0286d18c
28800186
28801187
02800718
545b8000
00150006
00150007
0015009c
001500bd
54588c00
5ffed880
53ff6bff
2880606d
580279a0
2880306e
0280040d
600229ae
2881206d
0290cd8c
5c0011a0
2881606d
0280d80c
0011358c
0015037e
0015035d
2880206d
0010335a
02800404
001031ac
2980206c
5409a400
00150098
6400301d
2880206c
6400280c
2880206d
001503ac
640009bd
001501ac
2880206d
0011335a
001133bd
001131ac
2980206c
58005360
2880606c
58020580
6400301e
001503c5
00150304
540b6c00
001502e5
00150098
54098000
29808064
001502e4
54070000
2880806c
00150197
00117b65
580010a0
001502e4
540b3c00
00150097
02800404
54091800
2880a06c
0015009b
6400100c
00150185
540b1c00
0015009b
5804d760
2880306d
0280040c
0015001e
60003d8d
5c003b20
14001fec
03bffd8c
0014b38c
0015033e
5c002580
14ffe005
0014979c
58001b80
2880206c
0280075a
0280041e
0280058c
2980206c
2880a06c
02800404
58002580
2880336c
02800d8c
0040898c
0010336c
28800184
54075c00
0280800c
00111184
2880206c
00101184
03407c84
58012880
0280800c
0011118c
0280100d
640111ac
0280700c
00111184
2880206c
0010135a
001013bd
0010118c
2980206c
6400141a
001502e4
00150345
540b2400
00150097
2880206c
0015037a
6400140c
00150185
00150364
540b0800
0015009a
2880f06c
5800cd80
00150345
001502e4
540c2800
6400bc80
001502e4
00150006
02802805
5405bc00
2880606c
02bffed6
00150097
5803e580
00150304
00150006
02802805
54059c00
2880406c
00150098
6001200c
2880306d
0280080c
6401158d
50008400
02bffffe
60001b7e
00117b7e
64002fe0
00117f5d
0015000c
53fde7ff
2880a06c
00116fdb
00106d8c
2980a06c
001503db
0015001e
53ffdbff
0015035d
001503ec
53fdbfff
0015037e
0015035d
00150018
53fdcbff
00150365
53fe37ff
5bff118d
00150184
02807084
53fef3ff
6000941f
2880306d
0280080c
6400898d
2980407f
2880406c
5c002980
02801405
00150344
00150006
5404e800
0015009a
00150085
001502e4
540b3000
63f95404
2880506c
2880107e
00143016
0015001b
00150344
5404b800
5bfc6b00
58001360
58000f78
00150364
5404a400
00150304
54049c00
53fc4fff
0015001a
00150018
53ffc3ff
001503b6
0015001a
00150018
53f903ff
2880606c
2980407f
5802c180
6400141d
00150304
001503a5
54098400
00150098
00150304
58004bc0
28800304
5403f800
0015009b
5c001480
00150304
54043c00
29801060
53f287ff
28803306
02802305
02802084
028008c6
004088c6
57cc9fff
02800405
00150364
54093400
2880106c
2880406d
0015031b
0280059d
0010358c
2980506c
0340072c
00150098
2980406c
02bfffac
2980206c
0015001f
58001ae0
58001740
00150345
001502e4
57ef9fff
0015009f
00150365
001502e4
540a1800
0015009c
00150305
00150344
540a6800
2880208f
0280c3f9
0015009e
0280040d
5c0015e0
00150085
001502e4
5409e800
0015008d
001503c4
2980606d
54037c00
2880306c
2880606d
001503be
0015358e
2880406c
001531ce
5c0021c0
0280e40d
5800672d
6400081c
0280c7f9
2880206c
29000199
53fe8bff
60001b80
2880306c
0015719c
2880406c
0015339c
5c005f80
67ffdc0d
02800405
001502e4
54084000
00150345
00150097
54096c00
60001004
5fffbc80
0340072d
5bffb5a0
0280e40d
5fffab2d
2880206d
0280e40c
290001ac
0280e40e
283fffcc
02bfffcd
5800d18e
0280058c
50001800
64001c0d
0280e40d
5bffd72d
2880206d
0280072c
290001ac
53fdffff
2880506c
293fffb9
5800619d
00150006
02802805
001502e4
5402a000
00150097
00150006
02802805
00150364
5c001b78
54028800
0015009b
00150098
028007bd
53fe8fff
54027400
0015009b
00150006
00150304
02802805
54026000
00150098
53ffdfff
0015001b
02800405
001502e4
54076800
00150345
00150097
54089400
63ff4c04
5c000c80
0340072c
5fff4180
0280c00c
283fffcd
02bfffce
5ffd5dac
001501de
53fff3ff
2880106c
5c00158d
028006d6
0280c40c
2880106d
53ff3fff
001501be
53ff0fff
2880107e
0015001a
53fd2bff
2880706d
1c00010c
02adc18c
2980106c
0280218c
5ff015a0
53f01bff
2880406c
6000100c
2880306d
0280080c
63fcbd8d
2880107e
00150004
580016e0
58001340
00150345
001502e4
57ed6bff
2880106c
028007de
0280c099
001133cd
2880406c
293fffd9
67ff2dac
001502e4
00150006
02802805
54017000
00150097
53ffbbff
02bfc063
29802077
1c000117
028ab2f7
288002e4
29803061
58001880
57c1e3ff
1c00010c
028a418c
298002e0
29800180
28803061
28802077
02804063
4c000020
1c00010c
0289b18c
2880018d
5c0019a0
0280040d
1c000004
02beb084
2980018d
500a4c00
00150004
4c000020
1c00010c
0289118c
2880018d
640081a4
02bfc063
29802077
29801078
29803061
00150198
29800079
00150097
57ffabff
0015000c
5c003c80
1c00010c
0288418c
28800184
00150199
58000880
57c147ff
001502e4
57c307ff
29800324
58000880
29800317
1c00010c
0287918c
2880018c
28803061
28802077
28801078
28800079
00150184
02804063
4c000020
1c00010c
0286f18c
2880018c
00150184
4c000020
02bfc063
29802077
02800417
001712f7
028012e5
29801078
004088a5
00150098
02800404
29803061
57c09fff
58001480
29800098
29801097
29803080
29802080
28803061
28802077
28801078
02804063
4c000020
53c09fff
02bf8063
29806077
29807061
29805078
29804079
2980307a
00150097
58008880
28803098
140001ef
001500d9
0280408e
00150010
03bffdef
288001cc
028011ce
02800610
0014bd8d
001c15ad
0044c18c
001c158c
001065ad
0044c1b1
0014bdad
0010458c
0044c199
0040c18c
0010358c
29bff1cc
63ffc618
58002f20
288012ec
60006b0c
288002e4
02800484
57ff1fff
0015009a
5c003080
001502e4
57bfffff
00150017
28807061
001502e4
28806077
28805078
28804079
2880307a
02808063
4c000020
288032e6
028022e5
02802084
028008c6
004088c6
57c7a7ff
001502e4
57bfbbff
00150357
0280130c
0040898c
001032ec
29800199
02800718
298032f8
53ffa7ff
15fffe0d
0014b48d
0015008c
00150004
5c000da0
0040c18c
02804004
15fe000d
0014b58d
5c000da0
02802084
0040a18c
15e0000d
0014b58d
5c000da0
02801084
0040918c
1580000d
0014b58d
5c000da0
02800884
0040898c
60001980
1480000d
0014b58c
02800484
5c000980
02808004
4c000020
2880008c
03401d8d
58003da0
0340058e
0015000d
5c0019c0
0340098d
580019a0
0044858c
2980008c
0280040d
001501a4
4c000020
0044898c
2980008c
0280080d
53ffefff
02bfc063
2980306c
2a40306e
0015000d
5c000dc0
0044c18c
0280400d
0343fd8e
5c000dc0
028021ad
0044a18c
03403d8e
5c000dc0
028011ad
0044918c
03400d8e
5c000dc0
028009ad
0044898c
0340058e
5c0015c0
0044858c
0340058e
028005ad
580015c0
2980008c
001501a4
02804063
4c000020
0280800d
53fff3ff
02bfc063
29802077
00150097
02800404
29803061
57fd5fff
58001080
0280040c
29804097
2980308c
28803061
28802077
02804063
4c000020
5c003080
00150004
4c000020
00150004
28807061
28806077
28805078
28804079
2880307a
2880207b
02808063
4c000020
02bf8063
29804079
29807061
29806077
29805078
2980307a
2980207b
001500b9
5bffbca0
2880308d
288030ac
00150098
64000dac
001500b8
00150099
2880331b
2880333a
2880130c
28800304
00106b77
64000997
02800484
57fcb3ff
5bff8080
02804090
00408af2
00104a12
0015020c
68003592
0280430e
00408b71
02804325
00408b53
140001ef
001045d1
00104cb3
03bffdef
68001cb3
60010417
29803097
53ff43ff
29800180
0280118c
53ffc7ff
288000a7
0014bce7
580068e0
00150206
001501c8
0015000a
2880010d
288000c9
028010c6
0014bdb4
001c1e94
0014bd2c
0044c129
02801108
00103294
0044c1ac
001c1d8c
00102a94
0044c28d
0014be94
0010258c
0010358c
0044c18a
0040c18c
0015518c
29bff0cc
6bffb111
298000ca
2a4008a8
58006d00
2880020c
00150214
001501c6
00150007
288000cd
2a400a89
0014bd8c
0014bdad
001c21ad
02801294
028010c6
001025ad
00101dad
0040c1a7
001530ec
29bff28c
2a7ff8cc
28800287
0044c1ad
001c218c
0014bce7
00101d8c
0010358c
0044c187
6bffb0d1
2980028c
028010a5
02801210
53feffff
02bff252
2880024c
5ffef980
02bffef7
53feefff
02bf8063
29806077
29807061
29805078
29804079
2980307a
03400cac
001500b7
58002580
02bffd8c
0040898c
1c0000ed
0295a1ad
001031ac
28800185
00150006
57fb73ff
00488af7
00150099
580066e0
0289c404
57fd97ff
00150098
034006ec
58002180
00150305
00150324
57fdb7ff
0015009a
00150324
57bbd3ff
00150359
004886f7
580026e0
00150305
00150304
57fd93ff
0015009a
00150304
57bbafff
00150358
53ffbbff
00150304
57bb9fff
28807061
00150324
28806077
28805078
28804079
2880307a
02808063
4c000020
02bf8063
29806077
29807061
29805078
29804079
2980307a
2980207b
2980107c
00150097
5800bc80
288032fc
004894b8
28800084
288012ec
0010731c
001500b9
0280079a
6000c59a
57fa43ff
0015009b
58008480
0280408c
0015018e
0015000d
028011ce
6000b1b8
64000b00
00150018
288032ee
00408b18
0010618d
004089ce
028042ec
03407f25
0010398e
580094a0
02808011
00111631
0015000f
28800190
028011ad
0280118c
00171610
00153e0f
29bff1af
28bff18f
0017c5ef
6bffe18e
298001af
580009e0
02800b9a
02bfff5a
2980337a
001502e4
57baa3ff
00150377
28807061
001502e4
28806077
28805078
28804079
2880307a
2880207b
2880107c
02808063
4c000020
02800484
0040858c
53ff37ff
29bff1c0
028005ad
53ff47ff
0280118c
28bff18f
028011ad
29bff1af
6bfff18e
53ff9bff
0015000c
58004c80
580048a0
2880308c
288030ad
0011358c
5c003980
004089ad
02804084
028040a5
0010348e
001034a5
02bff1ce
02bff0a5
288001cf
288000ad
580019ed
02bffc0c
680009ed
0280040c
00150184
4c000020
6bffd88e
53fff7ff
02bfc063
29802077
29801078
29803061
29800079
00150098
001500b7
57ff87ff
5c003080
57f8cfff
58001080
0280040c
2980308c
29804080
28803061
28802077
28801078
28800079
02804063
4c000020
02800419
60001480
001502ec
00150019
00150317
00150198
288002e4
57f887ff
5bffc880
288032f2
28803311
028042e5
00408a53
02804310
00408a31
140001f4
29802099
00104cb3
00104611
0280408e
00150006
03bffe94
288000ad
28800207
028011ce
0014d1af
0014d0ec
001019ef
001131ef
0044c0e7
0044c1ac
00111d8c
0048c1ed
0010358c
0048c186
0014d1ef
0040c18c
00153d8c
02801210
29bff1cc
028010a5
6bffb611
140001ef
03bffdef
680018b3
02bff1ce
288001cc
58004580
29803092
53ff27ff
288000ac
028011ce
028010a5
0014bd8d
001019ad
0048c1b0
0044c18c
0010418c
0048c186
0014bdad
0040c18c
0015358c
29bff1cc
53ffb7ff
02bffe52
53ffb3ff
02bf4063
2980707a
0015009a
02800404
2980a077
29809078
29808079
2980b061
001500b7
001500d9
001500f8
57f76fff
0015008f
58008480
14001fec
0044d2e5
03bffd8c
035ffca5
0014dd8c
5c008ca0
2980206c
58009b40
02803064
2980307a
57f90bff
2880306e
58007c80
2880206d
0011100c
001731ac
0015398c
001791ad
298041ec
2980206d
2880206e
298051ee
0012b80e
028005ce
298031ee
580074a0
02af34a5
001010a5
0280d40c
29800325
00111184
29800304
2880b061
2880a077
28809078
28808079
2880707a
001501e4
0280c063
4c000020
1400200d
0015358c
53ff73ff
298041ee
53ffa3ff
02802064
57f87bff
2880206c
02808084
0280040e
298041ec
0280040c
298031ec
53ff93ff
004089cc
02af3884
29800324
001031ec
28803184
57f7d3ff
004095ce
001111ce
2980030e
53ff87ff
00150085
00150006
02800804
50000400
1c0000ee
029ff1ce
0015000c
001501cd
02808010
288021cf
5c0029e0
0040858e
001031cc
0040898c
001031ac
29800185
29801186
29802184
001501e4
4c000020
0280058c
028031ce
5fffcd90
02bffc0f
53ffebff
02bfc063
29003c65
2a003c65
00101886
5c001086
00150004
02804063
4c000020
2a00008c
5bfff585
02800484
53ffe7ff
0015008c
2800018d
5c000da0
00111184
4c000020
0280058c
53ffefff
0015008c
58001cc0
028004a5
283ffcad
0280058c
02bffcc6
293ffd8d
5fffe9a0
00101986
5c000986
4c000020
0280058c
293ffd80
53fff3ff
1c0000e4
289a5084
0283c084
4c000020
1c0000ec
2899918c
2980808c
1c0000ec
2899318c
2980908c
1c0000ec
2899218c
2981808c
15ffff0c
001530a5
1c0000ec
2898418c
2980a08c
1c0000ec
2898c18c
29800080
29801080
29802080
29814080
29403886
29804080
29805080
29806080
29819080
2981a080
29807084
29403085
2980b08c
4c000020
1c0000e5
029100a5
1c0000e4
28974084
50010c00
1c0000ec
0290a18c
28800184
02bfc063
29802077
29803061
1c0000f7
029fe2f7
58000897
5406d800
1c0000ec
028ff18c
28800184
0281c2ec
5800088c
5406c000
1c0000ec
028f818c
28800184
028382f7
58001497
28803061
28802077
02804063
50069c00
28803061
28802077
02804063
4c000020
02bfc063
1c00010c
02a3a18c
1c00000d
02bdb1ad
00150006
02801005
1c0000e4
029e0084
29803061
2980018d
57fed7ff
1c0000ed
029db1ad
02800406
02802405
0281c1a4
57febfff
28803061
02800806
02804805
028381a4
02804063
53fea7ff
1c0000ec
029cd18c
2880018d
5c0025a0
1c00000d
02bc71ad
2980018d
1c00010c
02a1c18c
2880018c
5c000980
53ff77ff
4c000020
02bf8063
29806077
29804079
2980207b
2980107c
2980007d
29807061
29805078
2980307a
0015009b
001500b7
00150019
0280041c
02bffc1d
288022f8
288012fa
02bfff5a
64003b40
288002f7
5fffeee0
28807061
00150324
28806077
28805078
28804079
2880307a
2880207b
2880107c
2880007d
02808063
4c000020
2a40330c
6c001b8c
28403b0c
5800119d
00150304
4c000361
00151339
0281c318
53ffa7ff
288020ad
02bfc063
29802077
29803061
001500b7
5c001da0
298010a0
00150004
28803061
28802077
02804063
4c000020
54059000
298022e0
298012e0
53ffe7ff
02bfc063
29802077
00150097
28403884
29803061
540e6800
60003880
288162ec
288172ee
0048fc8d
0010118f
0012b1ec
001035cd
0010358c
298162ef
298172ec
28803061
28802077
02804063
4c000020
2a4032ec
15ffffcd
03bffdad
0014b58c
294032ec
53ffdfff
02bfc063
29802077
00150097
28403884
29803061
540ec800
02bffc0c
2a4032ed
5c00248c
15ffffcc
03bffd8c
0014b58c
294032ec
28803061
28802077
02804063
4c000020
1400002c
001531ac
294032ec
0048fc8c
298162e4
298172ec
53ffdbff
28403884
500e3000
1c0000ec
288cb18c
2880018c
02bfc063
29802077
29803061
00150097
5c000980
57fdffff
284032ec
0340218d
5c0075a0
0340418d
5c0025a0
1c0000ed
288b21ad
0280240e
298001ae
0381018c
294032ec
02bffc04
50009c00
0340118c
58003980
2880c2e4
58001480
028102ec
5800088c
57b2a7ff
2980c2e0
2a4032ec
02bf6c0d
298012e0
0014b58c
294032ec
288042ec
298002ec
2a4032ec
0380218c
294032ec
288042ec
5c001d80
2a4032ec
0288000d
034a018c
58000d8d
001502e4
5408d000
284032ec
0340058d
580039a0
288052ed
298022e0
0011340d
298062ed
288042ed
00150004
5c000da0
0342018d
5fff5da0
28803061
28802077
02804063
4c000020
0340098d
0015000e
5c0009a0
288052ee
298022ee
53ffcbff
02bfc063
29802077
00150097
28403884
29803061
540d7000
02bffc0c
2a4032ed
5c00288c
5c0024a4
15ffffcc
03bffd8c
0014b58c
294032ec
28803061
28802077
02804063
4c000020
1400002c
001531ac
294032ec
298162e4
298172e5
53ffdfff
2a40308c
02bfc063
29802077
29801078
29800079
29803061
0344018c
00150097
001500b8
001500d9
58001980
28403884
02800807
00150005
00150006
540ce800
2a4032ec
15ffffcd
03bffdad
0014b58c
294032ec
28403ae4
28803061
28802077
00150326
00150305
28800079
28801078
02804063
500b0400
2840308c
02bfc063
29802077
29803061
29801078
29800079
0340218d
00150097
5c01d5a0
2880108d
6000280d
2880f08d
6000200d
00150004
28803061
28802077
28801078
28800079
02804063
4c000020
2880a2ee
5bffe1c0
1c0000f8
2882e318
0044b18d
28800319
034005ad
29800300
5800f5a0
288162ec
288172e6
284032ee
034011cd
580045a0
288012ed
0048fdb0
0011358d
0012b58f
001501ac
2880c2ed
001140c6
00113cc6
580021a0
2880f2ed
0048fdb0
0011358d
0012b58f
001140c6
001501ac
00113cc6
288072e4
640101c0
288182ed
00150007
00150185
4c0001a1
02bffc0c
2a4032ed
5c00288c
5c0024a4
2880030e
0280740c
6800ed8e
1440800c
0380058c
0017b98c
0340058c
5800d980
288042ec
298012e0
298002ec
1400002c
0014b1ad
580021a0
02bffc0c
5c00108c
5c000ca4
2880030c
5c000d80
298162e4
298172e5
2880c2e4
29800319
5bfee880
028102ec
5800088c
57afcfff
2980c2e0
53fed7ff
288072e4
64004d80
288182ec
00150006
02800407
00150005
4c000181
0015008c
001500a6
02bffc0d
5ffef18d
5ffeeccc
2880030d
5bfee5a0
0280740c
58000dac
0280580c
5c0091ac
29800319
53fe87ff
02800406
00150005
4c0001c1
0015008c
0048fc86
53ffc3ff
2880a2ed
00150185
00150006
4c0001a1
0048fc85
53ff03ff
038101ad
294032ed
02bffc04
53fe4bff
28804099
5bfe3f20
28800098
03400d8c
29800099
00116718
0015000d
5c000980
2880508d
298022ed
5bfe1b00
288092ec
288072e4
00150306
00150325
4c000181
60001404
2a4032ec
0381018c
294032ec
53ffabff
00101339
00111318
53ffcfff
5c001880
1c0000e5
28bbc0a5
1c000004
02bfd084
53f9fbff
1c0000ec
28bb418c
2880018c
02bfc063
29802077
29803061
00150097
5c000980
57f9a3ff
284032ec
58001980
28803061
001502e4
28802077
02804063
53fd5bff
28803061
28802077
00150004
02804063
4c000020
288020ac
5c001180
0015000c
00150184
4c000020
2a40308c
02bf0063
2980d077
2980907b
2980f061
2980e076
2980c078
2980b079
2980a07a
2980807c
2980707d
2980607e
2980507f
0340218c
001500bb
00150097
5800dd80
2880408c
5800d580
284032ec
2880037a
0340098d
5c015da0
0340058c
58020980
0015001d
00150004
0015001c
00150019
58036720
5c002480
00150326
02802805
00150384
57f6dfff
0280073d
58000c80
02800484
0011709d
001503be
6c000b3d
0015033e
288002e4
288042ec
288052e6
6c033984
288022f8
001060d8
64032f1e
00150306
00150385
5406dc00
288002ec
001502e4
0010618c
298002ec
57fea3ff
5c017080
001163bd
02800404
5c0013a0
001502e4
57fe8bff
5c015880
2880236c
0010639c
00116339
00116198
29802378
5fff6300
50006000
001502e4
57fa1fff
02bffc0c
5bff2480
50005000
28800359
28801358
0280235a
5bfff700
00150306
6c000b98
00150386
288092ec
288072e4
00150325
4c000181
6400f804
2880236c
00101339
00111318
00111184
29802364
5fffc880
0015000c
2880f061
2880e076
2880d077
2880c078
2880b079
2880a07a
2880907b
2880807c
2880707d
2880607e
2880507f
00150184
02810063
4c000020
14fffffc
00150019
00150018
03b0039c
53ff7bff
2880035c
28801358
0280235a
5bfff700
284032fe
288022ec
288002e4
034803ce
58015dc0
6800d30c
035203ce
5800c9c0
288052ec
288042ee
00408596
001032cc
0044fd96
00113899
001032d6
0280072c
004886d6
0010618c
6c000acc
00150196
035003cc
5800e980
001502c4
2980306e
57ade3ff
2880306e
5c004080
1c0000ec
28afe18c
0280300d
2980018d
2a4032ec
0381018c
294032ec
02bffc0c
53ff1bff
14fffffd
0015001c
00150018
03bfffbd
02adfc1f
53ff5bff
00150326
001501c5
29803064
57b3abff
0014ffcd
2880306c
038201ad
294032ed
298042ec
298052f6
0010658c
001166d6
298002ec
298022f6
0015030c
00150319
6c000b0c
0015030c
288002e4
00150186
00150385
2980306c
5404d000
288022ed
2880306c
001131ad
298022ed
288002ed
001031ac
298002ec
2880236c
0010679c
00116718
00116599
29802379
5ffecb20
53fe6bff
001502c5
001501c4
54028c00
0015008c
5fff7c80
288042e4
57ab27ff
2a4032ec
02bdfc0d
0014b58c
294032ec
53ff07ff
288042ed
68000da4
288052ed
6c004b0d
00150199
6c000b0c
00150319
00150326
00150385
54044000
288022ec
288002ed
0011658c
001065ad
298022ec
298002ed
5fff7580
001502e4
57fbf7ff
5bff6880
53fec3ff
14ffffee
03bff9ce
0015030c
6c0009d8
001503ac
00203586
5c0009a0
002a0007
001c34c6
288092ec
288072e4
00150385
4c000181
00150099
63ff2804
53fe83ff
2880035c
28801359
00150004
0280235a
53fc8fff
600023c6
288092ec
288072e4
00150385
4c000181
00150098
63fce404
53fe4fff
001503c6
00150385
54039400
288022ec
001503d8
0011798c
298022ec
288002ec
0010798c
298002ec
53fcb7ff
02be0063
2981c079
00150099
28403884
2981e077
2981d078
2981f061
001500b7
001500d8
64001c80
2a40332c
29800300
0342018c
5c003980
0290000c
50003400
02802065
54050400
63ffe080
2880506d
140001ec
0014b58c
15ffffcd
0010358c
0240058c
2980030c
53ffd3ff
0281000c
2881f061
298002ec
2881d078
2881e077
2881c079
00150004
02820063
4c000020
2a40308c
02bf8063
29806077
29807061
29805078
29804079
0340098c
00150097
58003180
02810eec
298002ec
298042ec
0280040c
298052ec
28807061
28806077
28805078
28804079
02808063
4c000020
02803066
02802065
57ff1bff
28802079
00150098
00150324
57aaebff
5c002480
284032ec
0348018d
5fffc1a0
02bff00d
0014b58c
0380098c
294032ec
53ff9bff
2a4032ec
298002e4
298042e4
298052f9
0382018c
294032ec
2880306c
58002580
28403ae4
54028800
58001880
2a4032ec
02bff00d
0014b58c
0380058c
294032ec
2a4032ec
00153318
294032f8
53ff5fff
5c000c80
001500a4
53aa6bff
02bf8063
2980307a
29807061
29806077
29805078
29804079
2980207b
2980107c
2980007d
001500ba
5c000ca0
57a873ff
50002000
02bfac0c
6c004585
1c0000ec
28a1318c
0280300d
2980018d
0015001a
28807061
00150344
28806077
28805078
28804079
2880307a
2880207b
2880107c
2880007d
02808063
4c000020
00150099
02801cb8
02bfe004
28bff337
00149318
02802318
02bff33b
6c008ef8
00150305
00150364
00105f7c
57a92bff
5c006480
1c0000ed
28a051ad
288001ac
58003180
5c008f8c
2880039d
2880138c
00150005
00150384
298001ac
001503a6
001076f7
57afc7ff
29bff337
6c003ef8
00150344
57a977ff
0015009a
5bff5880
02bff2e6
00150325
57af7fff
00150324
53ff23ff
00115f06
00150005
00150384
57af8bff
00150317
001162f7
02801c0c
0015033a
6fff2197
00106364
29bff338
29800097
02801084
57a75bff
53ff0bff
6bffa36c
0280118d
2880118c
53ff67ff
5c003880
02bfc063
02803064
0015000c
58001ca0
02bff80c
580014c0
2a0000ac
2980008c
2a0000ac
0012b00c
00150184
02804063
4c000020
0015000c
58001ca0
02bff80c
580014c0
2a0000ac
2980008c
2a0000ac
0012b00c
00150184
4c000020
58003080
0283fc0c
6c001d85
1c0000cc
289b018c
0282280d
2980018d
02bffc04
4c000020
29000085
02800404
4c000020
00150004
4c000020
6c0054a4
001018ae
6c004c8e
0014180f
0015000c
02bffd8c
5c0009ec
4c000020
001031cd
280001b0
0010198d
0010348d
290001b0
53ffe3ff
001030ad
280001ae
0010308d
0280058c
290001ae
5fffeccc
4c000020
0015000c
53fff7ff
0280080c
6c001d84
1c0000cc
2898c18c
0280240d
2980018d
02bffc04
4c000020
02800404
4c000020
0280080c
68006184
1c0000cc
2898118c
2880018c
02bf8063
29806077
29805078
29804079
2980307a
29807061
001500d8
001500b7
001018b9
0280281a
58005d80
58005ef9
2a0002ec
5c000d9a
02803404
54019c00
280002e4
028006f7
54019000
53ffe3ff
1c0000cc
2896b18c
0280240d
2980018d
02bffc04
4c000020
2a0002ec
5c000d9a
02803404
54015000
280002e4
028006f7
54014400
5fffe737
28807061
00150304
28806077
28805078
28804079
2880307a
02808063
4c000020
5c006480
1c0000cc
2895318c
2880018c
58006d80
02bfc063
29802077
29801078
29800079
29803061
001500d8
001500b7
001018b9
5c0022f9
28803061
00150304
28802077
28801078
28800079
02804063
4c000020
54010000
290002e4
028006f7
53ffd7ff
1c0000cc
2893c18c
0280240d
2980018d
02bffc04
4c000020
4c000020
1c0000cc
2893518c
0280240d
2980018d
02bffc04
4c000020
0280080c
68001584
1400004c
298030ac
00150004
4c000020
1c0000cc
2892918c
0280240d
2980018d
02bffc04
4c000020
0280080c
6c001d84
1c0000cc
2892118c
0280240d
2980018d
02bffc04
4c000020
00150004
4c000020
0280080c
6c002184
1c0000cc
2891718c
0280240d
2980018d
02bffc04
00150085
4c000020
00150004
53fff7ff
1c0000cc
0290a18c
2880018c
29000184
4c000020
1c0000cc
028a118c
2880018d
028015ae
2a0001cc
0340818c
5bfff980
290001a4
4c000020
1c0000cc
0289818c
2880018d
02bfc063
028015ae
2a0001cc
0340058c
5bfff980
2a0001a4
29003c64
28003c64
02804063
4c000020
00000000
02bfc063
001500ad
5c0220e0
001500ef
001500ce
00150091
6c0108a6
1400020c
6c02a8cc
0283fc0c
001500d2
6c000d86
0044a0d2
0280200f
1c0000cc
288f018c
0010498c
2a00018c
02808010
00103d8f
00113e0c
58001980
001731ad
0017bc8f
001730ce
00173091
001535e5
2980306e
2a403070
0044c1d2
0044c22d
0021c8af
5c000a40
002a0007
002148ac
5c000a40
002a0007
0040c1ef
001535ed
001c320f
6c0019af
001039ad
02bffd93
680009ae
680471af
0015026c
00113dad
002149a4
5c000a40
002a0007
001c1210
29803071
0021c9af
5c000a40
002a0007
2a403071
0040c1ef
001545ef
6c001df0
00103dcf
02bffc8d
68000dee
02bff884
680009f0
001501a4
0040c18c
00150005
0015118c
00150184
02804063
4c000020
03400000
5c0014c0
0280040c
0021198e
5c0008c0
002a0007
1400020c
680179cc
1402000c
0044c1d2
0280400f
68000dcc
0044e1d2
0280600f
1c0000d0
288a9210
00104a10
2a000210
0280800c
00103e0f
00113d8c
5c02a180
2980306e
2a403070
001139ad
0044c1d2
02800405
002149ac
5c000a40
002a0007
001c4193
0021c9af
5c000a40
002a0007
0044c22d
0040c1ef
001535ed
6c0019b3
001039ad
02bffd8f
680009ae
680371b3
001501ec
00114dad
29803071
002149a4
5c000a40
002a0007
001c4091
0021c9b0
5c000a40
002a0007
2a40306f
0040c20d
00153daf
6c001df1
00103dcf
02bffc8d
68000dee
02bff884
680009f1
001501a4
0040c18c
0015118c
00150184
02804063
4c000020
00150005
0015000c
6bfee1a7
1400020c
680058ec
1402000c
0044c0ee
02804011
68000cec
0044e0ee
02806011
1c0000cf
288691ef
001039ef
2a0001ee
02808010
001045ce
00113a10
5c007600
00150005
0280040c
6bfe94ed
0012988c
03c0058c
53fe8bff
03400000
0283fc0c
001500ee
00150011
6fffb987
0044a0ee
02802011
53ffafff
03400000
0283fc0c
001501d2
6ffe9d8e
0044a1d2
0280200f
53fe93ff
1402000c
0044c0d2
0280400f
6bfd64cc
0044e0d2
0280600f
53fd5bff
0017b8cc
001740e7
00151d87
29803067
0017b9af
2a403071
0017b88e
001741ad
0044c0f3
001535cd
0021cdee
5c000a60
002a0007
00214df2
5c000a60
002a0007
0044c1ac
0040c1ce
001531ce
001c4a2c
001740c6
6c001dcc
00101dce
02bffe4f
6801d5c7
6c01d1cc
02bffa52
00101dce
001131ce
00214dd4
5c000a60
002a0007
001c5231
2980306d
0021cdcf
5c000a60
002a0007
2a40306d
0040c1ee
001535cd
6c001db1
00101dad
02bffe8c
680179a7
6c0175b1
02bffa94
00101dad
0040c24c
140001f2
03bffe52
0015518c
0044c0d3
0044c18f
0014c98e
0014c8c6
001c19d2
001145ad
001c19e6
001c4dce
001c4df1
001019ce
0044c24f
001039ee
6c000dc6
1400020f
00103e31
0044c1cf
001045ef
680101af
5800ddaf
00150005
00150184
02804063
4c000020
03400000
001731ce
2980306e
0017bdb4
2a403070
001731ad
0017bc8f
0044c1d2
001535ed
00214a93
5c000a40
002a0007
0044c1af
00173091
0021ca8c
5c000a40
002a0007
0040c18c
00153d8c
001c4e0f
6c001d8f
0010398c
02bffe74
6800a98e
6c00a58f
02bffa73
0010398c
00113d8f
002149f4
5c000a40
002a0007
001c5204
2980306d
0021c9ec
5c000a40
002a0007
2a40306d
0040c18c
0015358d
6c001da4
001039ad
02bffe8c
68004dae
6c0049a4
02bffa94
001039ad
0040c265
001111ad
001550a5
53fcbbff
140001ef
03bffdef
0014bdce
0014be52
0040c1ce
0017408d
001049ce
6fff0dae
02bffd8c
00150005
53ff07ff
00150194
53ffc3ff
00150194
53fe97ff
00150293
53ff67ff
001501f2
53fe3bff
02bff98c
001039ad
53fb93ff
03400000
02bff98c
001039ad
53fc93ff
03400000
02bfc063
5c01e4e0
001500ef
001500cd
0015008c
6c00fca6
1400020e
001500b1
680278ce
1402000e
0044c0d2
0280400f
68000cce
0044e0d2
0280600f
1c0000d0
28b9f210
00104a10
2a000210
0280800e
00103e0f
00113dce
580019c0
001738a5
0017bc8f
001738cd
0017388c
001515f1
2980306d
2a403064
0044c1b3
0044c18f
0021ce30
5c000a60
002a0007
00214e32
5c000a60
002a0007
0040c210
00153e0f
001c4890
6c0011f0
001035ef
680009ed
680441f0
001141ef
2980306c
00214dec
5c000a60
002a0007
001c3084
2a403070
0021cdec
5c000a60
002a0007
0040c18c
0015418c
6c001584
0010358c
68000d8d
6c000984
0010358c
00111184
0017b884
00150005
02804063
4c000020
03400000
5c0014c0
0280040e
002119cd
5c0008c0
002a0007
1400020e
680159ae
1402000e
0044c1b1
0280400f
68000dae
0044e1b1
0280600f
1c0000d0
28b5d210
00104610
2a000211
0280800e
00103e2f
00113dce
5c0151c0
2980306d
2a403073
001134a5
0044c1b2
002148af
5c000a40
002a0007
001c4df1
0021c8b0
5c000a40
002a0007
0040c210
0044c18f
00153e0f
6c0015f1
001035ef
68000ded
6c0009f1
001035ef
001145ef
002149e4
5c000a40
002a0007
001c4c84
2980306c
0021c9ec
5c000a40
002a0007
2a403070
0040c18c
0015418c
6fff1984
53ff07ff
0015008d
6bff18a7
1400020c
001500b0
680068ec
1402000c
0044c0f1
0280400e
68000cec
0044e0f1
0280600e
1c0000cc
28b2918c
0010458c
2a00018c
0280800f
0010398e
001139ef
5c0131e0
680008e5
68001486
0011188d
00111ca5
0012b490
001140b0
001501a4
00150205
02804063
4c000020
03400000
0283fc0c
001500f1
0015000e
6fffa987
0044a0f1
0280200e
53ff9fff
03400000
0283fc0e
001501b1
6ffebdcd
0044a1b1
0280200f
53feb3ff
0283fc0e
001500d2
6ffd9dc6
0044a0d2
0280200f
53fd93ff
001739ad
2980306d
2a403073
0017bcb4
0044c1b2
00214a91
5c000a40
002a0007
001c4671
001738a5
0021ca90
5c000a40
002a0007
0017bc8f
001515ef
0044c1f4
0040c210
00155210
0017388c
6c001611
00103610
68000e0d
6c000a11
00103610
00114610
00214a05
5c000a40
002a0007
001c1671
2980306f
2a40306f
0021ca05
5c000a40
002a0007
0040c0a5
00153caf
6c0015f1
001035ef
68000ded
6c0009f1
001035ef
001145e5
53fe1fff
03400000
0017b8cc
00173ce7
00151d87
29803067
0017b8b1
0017b88c
00173ca5
2a403072
0044c0f0
00151585
0021c22d
5c000a00
002a0007
0021422c
5c000a00
002a0007
0040c1ad
0044c0b1
001545ad
001c3251
00173cc6
00173c84
6c001db1
00101dad
02bffd93
680125a7
6c0121b1
02bff98c
00101dad
001145ad
002141b4
5c000a00
002a0007
001c5252
29803065
0021c1b1
5c000a00
002a0007
2a403065
0040c231
00151631
6c001e32
00101e31
02bffe8d
6800d227
6c00ce32
02bffa94
00101e31
0040c18c
140001f0
0015518d
03bffe10
0044c0d3
00114a25
0014c1b1
0044c1ad
0014c0d0
001c4232
001c41b0
0044c24c
001c4e31
00104231
001c4dad
0010458c
6c000d90
14000210
001041ad
140001f1
03bffe31
0044c190
0014c58c
0014c652
0040c18c
0010360d
0010498c
680038ad
580030ad
0011308c
0012b084
001134a5
001110a5
001738a4
0017bd8c
0017bca5
00153084
02804063
4c000020
03400000
6fffd48c
00111986
00129990
00101e07
001500cc
00111dad
53ffbfff
03400000
001501b4
53ff3fff
0015026c
53feebff
001035ef
53fbc3ff
03400000
03400000
02bf8063
29806077
0044dc97
0044dcac
29803077
2a003077
2980306c
1400ffee
2a003073
03bffdce
001495cf
29805078
29807061
0044fc98
29804079
001491c4
0044fca5
0015008c
00408c91
00408df2
001502ed
00114ef0
5800ab05
64006c10
5c011660
5802a240
02bffe10
58045e00
0283fc0c
5c0112ec
5802dc80
1400800c
1400ffed
03bffdad
0015308c
0014b58c
0283fc0d
1400ffe4
28807061
03bffc84
0040ddad
00149184
0040ff18
00153484
00156084
28806077
28805078
28804079
02808063
4c000020
5c019e00
028006f0
0343fa10
5c02de00
5c041ae0
5803c620
58015240
00114a24
1408000c
0014b08c
58043980
00114644
001500b8
5000f400
6401b810
58019660
0283fc0c
5bff6eec
1408000c
00153252
0011400d
0017364d
0017c244
0012b40d
02806c0c
00153484
60034190
00104484
1408000c
0014b08c
5801b980
028006f7
0283fc0e
0283fc0d
0015000c
5800deee
14fbffed
0044848c
03bffdad
03400484
0014b58c
00151184
50008000
0283fc0c
5bff02ec
1408000c
00153252
0011400d
0017364d
0017c244
0012b40d
02806c0c
00153484
60011590
00111224
1408000c
0014b08c
58014d80
1407fff9
03bfff39
0014e499
00150324
5442b000
02bfec84
00171339
6001c497
00115c84
0280048c
00113004
00171324
0017b32c
00129004
00150017
00151184
03401c8c
58001580
03403c8c
0280100d
5800098d
02801084
1408000c
0014b08c
5800f180
028006f7
29803077
0283fc0c
2a00306d
580132ec
0040988c
0044a58c
1400ffe4
28807061
03bffc84
0040ddad
00149184
0040ff18
00153484
00156084
28806077
28805078
28804079
02808063
4c000020
00115e6e
5c0192e0
58021620
02bffdce
00114644
001500b8
00150277
5bff25c0
0283fc0c
5c01826c
001500b8
001501e4
53fde7ff
58006e40
02bffe10
5801da00
0283fc0c
5ffe72ec
53fdcfff
02800404
53feefff
5c011e00
028006f7
0343faee
5c020dc0
5c01c9a0
58025620
5bff6240
00104a24
1408000c
0014b08c
00150017
58001580
15f7ffec
03bffd8c
02800417
0014b084
03401c8c
5ffefd80
00448c84
0283fc0c
5bfd72ec
29803077
1400ffec
2a00306d
03bffd8c
0014b08c
1400ffe4
28807061
03bffc84
0040ddad
00149184
0040ff18
00153484
00156084
28806077
28805078
28804079
02808063
4c000020
1400ffe4
28807061
0283fc0d
0015000c
03bffc84
0040ddad
00149184
0040ff18
00153484
00156084
28806077
28805078
28804079
02808063
4c000020
15f7ffec
001112f7
03bffd84
00149324
03401c8c
5ffe5580
53ff5bff
03400000
00114a39
1408000c
0014b32c
5c014d80
5ffdff20
00150018
0015000d
0015000c
53fe63ff
00115e6d
5c005ee0
5800aa20
02bffdad
58007da0
0283fc0c
5c005a6c
001501e4
53fc87ff
0283fc0c
5bfe926c
1408000c
00153231
0011380f
00173e2c
0017ba24
0012b00c
02806c0d
00153084
6000f5ae
00111244
001500b8
00150277
53fd77ff
0283fc0c
5bfe5a6c
1408000c
00153231
0011340e
0017b624
00173a31
0012c411
02806c0c
00154491
60005d8d
00104a24
00150277
53fcd3ff
03400000
02800404
53fcc3ff
00104a24
53fcbfff
001500b8
001501e4
00150277
53fe7bff
5ffbea20
001501e4
53fbe3ff
03400000
00150018
0015000c
5bfd8a40
001500b8
001501ec
53fd7fff
02800411
00104a24
00150277
53fc77ff
00114a24
53fcdbff
0283fc0e
0283fc0d
0015000c
5bfd56ee
00104a2d
004485a4
53fe13ff
03400000
5ffb8a20
5ffd9a40
00150018
001501cc
0283fc0d
53fb93ff
00114659
001500b8
53fcafff
02800404
53ff0fff
03400000
001501ec
53fd0fff
5ffdd080
00150018
0015000c
53fcffff
03400000
03400000
02bf4063
0044dc8c
2980306c
2a00306c
2980a077
1400fff7
2980607b
03bffef7
2980b061
29809078
29808079
2980707a
2980507c
2980407d
0044fc9b
001492f7
58011180
0283fc0d
5801498d
00408ef7
1408000d
02be059a
00150018
001536f7
0015001d
0044dcac
2980306c
2a00306c
1400fff9
03bfff39
0044fcbc
00149739
5800a580
0283fc0d
5800418d
00408f39
14080005
02be058c
0015000d
00151739
0011335a
001561b8
1c0000ac
02bee18c
00408b18
00106198
2880030f
0015f36e
00103d8c
4c000180
02bc075a
5c010720
0280080d
50005800
0283fc0d
0015000c
1400ffe4
2880b061
03bffc84
0040ddad
00149184
0040fdce
00153484
2880a077
28809078
28808079
2880707a
2880607b
2880507c
2880407d
00153884
0280c063
4c000020
5c008f20
0280040d
001561b8
1c0000ac
02bdc18c
00408b18
00106198
2880030f
0015f36e
00103d8c
4c000180
02801018
0015001a
0280041d
5bff0ae0
001502e4
29803065
543dc800
02be280c
02bfec8d
00150018
0015001d
0011119a
001736f7
28803065
53fedfff
03400000
02803018
0283fc1a
02800c1d
5ffecae0
02802018
0280081d
53febfff
03400000
00150324
543d7c00
02bfec8e
0010134c
0015000d
00173b39
0281d99a
53fedbff
02800c0d
53fed3ff
0015036e
0280080c
5bfefbac
02800c0c
58023bac
0280040f
0015000d
0015000c
5bfeebaf
0281ff4f
6401700f
03401eec
58001580
03403eec
0280100d
5800098d
028012f7
1410000c
0014b2ec
58001580
15efffec
03bffd8c
0282034f
0014b2f7
0283f810
0283fc0d
0015000c
63fe9e0f
00409af7
2980306f
2a00306d
0044a6ec
53fe8bff
03400000
1400ffec
0015000e
03bffd8c
0283fc0d
53fe73ff
0015000d
0015000c
53fe67ff
1400800c
1400ffed
03bffdad
001532ec
0014b58c
0015036e
0283fc0d
53fe47ff
0015038e
00150337
001501bd
53ff33ff
140001ed
00409731
03bffdad
0044c230
0014b62d
6c011ef9
002142ef
5c000a00
002a0007
001c35f2
001502f3
02bfff5a
00150017
0021c26c
5c000a00
002a0007
0040c18c
00155d8c
6c001d92
0010458c
02bffdf3
68011591
6c011192
02bff9ef
0010458c
0011498c
00214184
5c000a00
002a0007
001c3497
0021c18d
5c000a00
002a0007
0040c1ac
6c001d97
0010458c
02bffc8d
6800cd91
6c00c997
02bff884
0010458c
0040c1ef
0015dd97
001511e4
0012dc17
00155c97
53fe97ff
03400000
02800410
00113e10
580019e0
02806c0f
0015000d
0015000c
63fd59f0
03400000
02827b4f
00173eef
0017c2f0
0012bc0f
00153e0f
03401dec
58001580
03403dec
0280100d
5800098d
028011ef
14080010
0014c1f0
0280040d
0015000c
5ffd1600
004099ec
0015000d
0044a58c
53fd07ff
004486f3
0040fef7
0021426f
5c000a00
002a0007
001c3db2
0044c2f7
53feebff
0015038e
001501bd
00150017
53fdd3ff
001501a4
53ff43ff
0015026f
53fefbff
1400800d
1400ffef
001536ec
03bffded
0014b58c
0283fc0d
53fcabff
03400000
02bfc063
0044dc8e
2980306e
2a00306e
0044dcaf
1400ffec
03bffd8c
2980306f
0283fc10
0014918d
0044fc91
0014958c
2a00306f
0044fca4
580059d0
580035f0
5c0059c0
024005b0
5c0009e0
58005980
5c003200
58005e24
02bffe24
03400884
02bffc84
02804063
4c000020
03400000
5c007580
5fffe1c0
024005b0
5bffda00
5fffe480
02bffc04
53ffdfff
03400000
5c0055a0
5bffddee
5fffbde0
5fffb980
53ffbbff
00150004
5bffbda0
53ffafff
600021ee
63ffcdcf
6c00358d
02400484
00111004
03400884
02bffc84
53ff9bff
02400484
00111005
034008a4
02bffc84
53ff87ff
02bff804
53ff7fff
6bff95ac
00150004
53ff73ff
03400000
03400000
02bfc063
0044dc8e
2980306e
2a00306e
0044dcaf
1400ffec
03bffd8c
2980306f
0283fc10
0014918d
0044fc91
0014958c
2a00306f
0044fca4
580029d0
58002df0
5c0071c0
024005b0
5c002de0
5c002980
00150004
580041a0
50002400
03400000
5c0031a0
5c004dee
5c002980
5c000dc0
024005b0
5c002e00
58004a24
02bffe24
03400884
02bffc84
02804063
4c000020
02800804
02804063
4c000020
03400000
5ffff480
02bffc04
53ffefff
03400000
5fffc9e0
5fffc580
53ffc7ff
03400000
640019ee
02400484
00111005
034008a4
02bffc84
53ffc3ff
63ffc9cf
6c00198d
02400484
00111004
03400884
02bffc84
53ffa7ff
6bffadac
00150004
53ff9bff
02bf4063
0044dc8c
2980306c
2a00306c
2980a077
1400fff7
2980507c
03bffef7
2980b061
29809078
29808079
2980707a
2980607b
2980407d
0044fc9c
001492f7
58012980
0283fc0d
58015d8d
00408ef7
1408000d
02be059a
00150019
001536f7
0015001b
0044dcac
2980306c
2a00306c
1400fff8
03bfff18
0044fcbd
00149718
5800d980
0283fc0d
5800498d
00408f18
1408000d
02be058c
00150010
00153718
0010335a
02803c0c
0015f78e
0280074f
68018199
1c0000ad
02a7b1ad
00408b39
001065b9
2880032c
001031ad
4c0001a0
0283ff5a
5c010f00
03800b39
02800810
53ffc7ff
001503ae
00150317
0015021b
02800810
0283fc0d
0015000c
58001b70
02800c0d
5802976d
02800410
0015000d
5c01b370
1400ffe4
2880b061
03bffc84
0040ddad
00149184
0040fdce
00153484
2880a077
28809078
28808079
2880707a
2880607b
2880507c
2880407d
00153884
0280c063
4c000020
5c006b00
03800739
02800410
53ff43ff
02801019
0015001a
0280041b
5bfef2e0
001502e4
29803065
54377000
02be280c
02bfec8d
00150019
0015001b
0011119a
001736f7
28803065
53fec7ff
02803019
0283fc1a
02800c1b
5ffeb6e0
02802019
0280081b
53feabff
00150304
54372c00
02bfec8d
0011134c
00150010
00173718
02be299a
53fecbff
03800f39
02800c10
53febfff
03400000
0015038e
53feffff
1400ffec
0015000e
03bffd8c
0283fc0d
53ff0fff
03400000
1400800c
1400ffed
03bffdad
001532ec
0014b58c
0015038e
0283fc0d
53feebff
140001e5
03bffca5
0044c2f0
0044c30d
001496f7
001c3604
00149718
001c5f11
001c5dad
0044c22c
001c6218
001061ad
0010358c
6c000d98
1400020d
00103484
140001ed
03bffdad
0044c197
0014b58c
0014b631
0040c18c
001012f7
0010458c
00409ae4
00409997
0012dc17
0044e98c
001532ec
14100010
00153097
0014c2ec
5800e180
004486ec
034006f7
00155d97
0281fdf0
64005c10
03401eec
58001580
03403eec
0280100d
5800098d
028012f7
1410000c
0014b2ec
58001580
15efffec
03bffd8c
028201f0
0014b2f7
0283f80f
0283fc0d
0015000c
63fe0df0
00409af7
29803070
2a00306d
0044a6ec
53fdfbff
02800411
00114231
58001a00
02806c10
0015000d
0015000c
63fdde11
03400000
028279ef
0017c6f1
00173ef7
0012dc17
00155e37
03401eec
58001580
03403eec
0280100d
5800098d
028012f7
1408000f
0014beef
0280040d
0015000c
5ffd99e0
00409af7
0015000d
0044a6ec
53fd8bff
0015034f
53ff2fff
1400800d
1400ffef
001536ec
03bffded
0014b58c
0283fc0d
53fd67ff
03400000
03400000
03400000
02bf8063
0044dc8e
0044dcaf
2980306e
2a00306e
2980306f
1400ffec
2a003072
03bffd8c
29805078
29804079
0044fc98
29807061
00149184
29806077
0014958c
0283fc0d
0015008f
00408c91
0044fca5
00408d90
001501d9
001149d3
58014a4d
03c004a5
58016305
64010013
5c014640
5802b600
02bffe73
0011422c
58002e60
0283fc0c
5801ddcc
00114c0c
0017320c
0017ce04
0012b00c
02806c0d
0015308c
600231b3
0011322c
1408000d
0014b58d
580269a0
1407fff7
03bffef7
0014dd97
001502e4
54346c00
02bfec84
001712ec
6002e099
00116484
02800484
00111017
00179184
00175d8c
0012b00c
00150019
0015308c
03401d8d
580015a0
03403d8d
0280100e
580009ae
0280118c
1408000d
0014b58d
58020da0
02800739
29803079
0040998c
0283fc0d
2a00306e
0044a584
5802472d
1400ffec
28807061
03bffd8c
0040ddce
0014b084
0040ff0d
00153884
28806077
28805078
28804079
00153484
02808063
4c000020
5c00d260
028005cd
0343f9ad
5c025da0
5c0389c0
58033620
5bffb600
0011422c
1408000d
0014b58d
5803b9a0
0011460c
001500b8
00150019
53ff57ff
5bfebe00
58013305
67ffbc13
0283fc0c
5800adcc
1408000c
00153210
53fecbff
64011413
5800ea40
0283fc0c
580091cc
1408000c
00153210
00114c0c
0017320c
0017ce04
0012b00c
02806c0d
0015308c
600295b3
0010458c
1408000d
0014b58d
580115a0
02800739
0283fc0d
0283fc0e
00150004
5bff1f2d
14fbffee
0044858d
03bffdce
0340058c
0014b9ad
001531ac
53fec3ff
00113a4d
001500b8
5c01d9c0
58024e20
02bffdad
5802e5a0
0283fc0e
5c01d64e
0015018f
03400000
580115e0
14008004
1400ffec
001511e4
03bffd8c
0014b084
0283fc0e
1400ffec
28807061
03bffd8c
0040ddce
0014b084
0040ff0d
00153884
28806077
28805078
28804079
00153484
02808063
4c000020
58007600
02bffe73
0010422c
5bff4260
0283fc0c
5fff19cc
53ff9bff
03400000
0280040c
53fdd3ff
5c011e60
028005d9
0343fb2d
5c0205a0
5c01b9c0
58025620
5bfe4600
0010422c
1408000d
0014b58d
00150019
580015a0
15f7ffed
03bffdad
02800419
0014b58c
03401d8d
5ffde1a0
00448d8f
0283fc0c
5bff3b2c
29803079
2a00306e
1400ffed
03bffdad
1400ffec
0014b5e4
28807061
03bffd8c
0040ddce
0014b084
0040ff0d
00153884
28806077
28805078
28804079
00153484
02808063
4c000020
1400ffec
28807061
0283fc0e
00150004
03bffd8c
0040ddce
0014b084
0040ff0d
00153884
28806077
28805078
28804079
00153484
02808063
4c000020
15f7ffed
03bffdad
0014b58c
03401d8d
00111339
5ffd39a0
53ff5bff
03400000
00114237
1408000c
0014b2ec
5c014980
5ffce2e0
00150018
0015000e
00150004
53fd47ff
00113a4d
5c0059c0
58009620
02bffdad
580159a0
0283fc0e
5c00564e
0015018f
53fe4fff
0283fc0e
5bfe3e4e
1408000c
00153231
0011340e
0017b62c
00173a31
0012c411
02806c0f
0015458c
600089ed
0011320c
00150259
53fc5fff
0283fc0e
5bfe064e
1408000c
00153231
0011340e
0017b62c
00173a31
0012c411
02806c0f
0015458c
600061ed
0010418c
00150259
53fd7bff
0280040c
53fd6fff
0015018f
00150259
53fe8fff
03400000
5ffdc220
0015018f
53fdbbff
03400000
00150018
00150004
5bfc7e00
001500b8
00150184
53fc73ff
0280040c
0011320c
00150259
53fbd7ff
0280040c
0010418c
00150259
53fd1bff
0010422c
0283fc0e
00150004
0044858c
5ffe232e
53fc3bff
5ffd6220
001500b8
0015018f
5ffd5600
1400ffe4
00150018
03bffc84
0283fc0e
53fd5fff
00114617
001500b8
53fb97ff
0011460c
00150259
53fb73ff
03400000
00150184
53fbf3ff
00150019
5ffdcd80
00150018
00150004
53fbdfff
0010422c
00150259
53fc9bff
03400000
03400000
02bfc063
0044dc8d
2980306d
2a00306d
1400ffec
03bffd8c
0281f80e
0014918c
6c0051cd
0044fc8f
14ffffe4
03bffc84
0282740e
001011e4
680031cd
14010004
0282580e
0015118c
001135ce
02825410
0017b98e
64000e0d
02bda9ad
0017358e
00113804
58001de0
02804063
4c000020
00150004
02804063
4c000020
03400000
001501c4
02804063
4c000020
03400000
02bf8063
29805078
29807061
29806077
00150018
0015000d
0015000c
58005080
0048fc8c
00159197
001132f7
0044fc98
001502e4
542efc00
0282780d
0282580c
001111ae
60005d8e
2980306e
0280200c
2a00306d
6400fd84
02bfe084
1400ffee
001712ec
03bffdce
0014b98c
1400ffe4
28807061
03bffc84
0040ddad
00149184
0040ff18
00153484
00156084
28806077
28805078
02808063
4c000020
03400000
0282640c
6400218e
0280140c
02806c8d
001736ed
0011118c
0017b2ec
0012b417
00155d97
0280140c
64000d84
02bfec8c
001732f7
15f7ffec
03bffd8c
03401eef
0014b2ed
58002de0
03403ef7
0280100f
580022ef
028011ad
1408000f
0014bdaf
580011e0
02827c0e
0014b1ad
001111ce
2980306e
004099ac
2a00306d
1400ffe4
28807061
0044a58c
03bffc84
0040ddad
00149184
0040ff18
00153484
00156084
28806077
28805078
02808063
4c000020
1400ffec
03bffd8c
1400ffe4
0014b2ec
28807061
03bffc84
0040ddad
00149184
0040ff18
00153484
00156084
28806077
28805078
02808063
4c000020
03400000
0015000d
0015000c
58011880
02bf8063
29806077
29807061
00150097
542d8400
0282780d
0282580c
001111ad
60004d8d
2980306d
0280200c
2a00306d
6400fd84
02bfe084
1400ffee
001712ec
28807061
03bffdce
1400ffe4
03bffc84
0014b98c
0040ddad
0014918c
28806077
00153584
02808063
4c000020
0282640c
6400218d
02806c8c
0280140e
001732ec
001111ce
0012b00c
0017baf7
00155d97
0280140c
64000d84
02bfec8c
001732f7
15f7ffee
03bffdce
03401eef
0014baec
58002de0
03403ef7
0280100f
580022ef
0280118c
1408000f
0014bd8f
580011e0
02827c0d
0014b98c
001111ad
2980306d
2a00306d
28807061
0040998c
1400ffe4
03bffc84
0044a58c
0040ddad
0014918c
28806077
00153584
02808063
4c000020
03400000
1400ffe4
03bffc84
0040ddad
0014918c
00153584
4c000020
1400ffec
28807061
03bffd8c
1400ffe4
0014b2ec
03bffc84
0040ddad
0014918c
28806077
00153584
02808063
4c000020
03400000
03400000
14001ff0
03bffe10
02bf8063
00149613
00149e12
0044d0f1
29805078
29804079
0044d0b8
0044f48d
0044f4d4
00408e73
00408e52
0044fcb9
29807061
29806077
2980307a
0044fce7
035fff18
00154db3
00408c85
035ffe31
00154a92
00408cc8
5801c727
00114714
64017c14
58026620
1401000d
029ffc0c
00153652
58045b0c
00152257
0280e00c
0012dc17
60003594
02807c0c
60058d94
0280800c
0017d10d
0017d24e
00115194
00175257
00175114
001536f7
0012d014
00113a73
001552f7
00115cb7
0012dcae
00113a6e
1401000c
0014b1cc
5802fd80
1400ffed
03bffdad
0014b5da
5803b340
00150344
542b4400
02bfe08f
00113c0c
00173f4d
0017b2fa
0015375a
00173ef7
6003b1f8
001161f8
02807c0c
0280070f
6004d98f
0280800d
00113dad
0017beec
001736f7
0017374d
001531ad
0012dc17
0017bf4e
00150018
00155db7
03401eec
58002180
03403eec
0280100d
5800158d
028012ec
0012dd8d
001035ce
00150197
1401000c
0014b1cc
58026980
02800718
029ffc0c
035fff10
5802870c
15feffed
03bffdad
0014b5cd
0040f5af
00448ef7
0040a5ad
00155def
0044b1ac
14001fed
03bffdad
28807061
0040d210
0014b58c
0040ff25
0015418c
0015158c
28806077
28805078
28804079
2880307a
001501e4
00150185
02808063
4c000020
5c010e80
0280070c
035ff98c
5c030180
0015166c
0015224f
5c058700
58051980
5c05ade0
143fffec
03bffd8c
0040f66e
0014918f
00448e6d
001539ef
5001d000
0011470c
6401ec0c
58014620
1401000e
029ffc0d
00153a52
58029b0d
00152257
0280e00d
0012dc17
60002dac
02807c0d
64044dac
0280800e
0017b24d
5800118e
0011300c
00173257
00155d08
0012a017
001536f7
001016f7
001296ee
00104dce
1401000c
0014b1cc
58014580
02800718
029ffc10
0015000c
0015000f
5bff0710
15feffed
03bffdad
004486ec
0014b5cd
034006f7
00155d97
0040fdaf
004485ae
00155df7
53fe7fff
03400000
0015224c
58025180
02bffe8c
58046980
029ffc0d
5801f28d
00150194
53fd97ff
0011622c
5c02cf00
0015166d
5803f9a0
02bffd8d
580541a0
029ffc0e
5802c58e
001501ac
00151677
0280e00d
0012dc17
600035ac
02807c0d
6004bdac
0280800d
0017b26e
0017b0b7
001131ac
00173273
001730ac
00155e77
0012b00c
00113a52
001532f7
00115d17
0012dd0d
001500f9
00150238
0011364e
53fd67ff
03400000
0015224d
5803eda0
001020b7
00104a70
001296ee
02bffd8d
00103a0e
580351a0
029ffc0e
5804758e
001501ac
53fea7ff
029ffc0d
5800618d
001020a8
0012950e
00104a77
00103aed
00448508
0040fdb7
00150198
004485ae
001522f7
03400000
03401eec
5ffd7980
00448eef
0040f5cc
00448dcd
001531ef
029ffc0c
5800870c
14001fee
03bffdce
035fff10
0014b9ac
53fda7ff
029ffc10
0015000c
0015000f
53fd97ff
5c013180
0280070c
035ff98d
5fff81a0
0015166c
58021f00
58025580
00152257
0040f66e
143fffec
5803f6e0
03bffd8f
001491ec
0015398c
02bfe00d
0044f58e
0014b66d
001539ad
0014bd8c
0040f5af
001531ef
00448dad
03400000
001535ec
5804c980
1400100e
14001ff1
001539ac
03bffe2d
029ffc10
0014b58c
53fd17ff
001502e4
54279800
02807c0c
0280608f
67fc518f
02bfe09a
00176afa
00150017
67fc59f8
15feffed
03bffdad
03401eec
00113f18
0014b74e
5ffc8180
53ff0bff
143fffec
03bffd8c
0040f66e
0014918f
00448e6d
001539ef
53ff87ff
001120b7
00114a7a
0012dcad
1401000c
0011375a
0014b34c
5c029180
00156aef
5ffbd5e0
0015000d
00150018
00150019
53fed3ff
143fffec
03bffd8c
0040f66e
0014918f
00448e6d
00150298
00153dcf
53feabff
0011622c
5c012b00
0015166d
580361a0
02bffd8d
580175a0
029ffc0e
5801218e
001501ac
00151677
0280e00d
0012dc17
600035ac
02807c0d
600369ac
0280800d
0017b26e
0017b0b7
001131ac
00173273
001730ac
00155e77
0012b00c
00103a52
001532f7
001022f7
0012a2ed
00150238
001049ae
53fccfff
03400000
1401000e
029ffc0d
00153a73
5ffd4a2d
143fffec
03bffd8c
0040f64f
0014998c
00448e4d
001500f9
001531ef
53fe87ff
02bf8718
0280800d
0017e34c
580011ed
00113c0f
00173f5a
00156af7
0012dc17
0015000e
00150018
001532f7
53fdb7ff
0280800d
0017d24c
5800128d
00115014
00175257
00155d08
0012a017
001532f7
53fa83ff
58021d80
0015224c
5c023580
143fffec
03bffd8c
0040f66f
0014918c
00448e6d
001531ef
53fd8bff
03400000
1401000e
029ffc0d
00153a73
5ffeee2d
143fffec
03bffd8c
0040f64f
0014998c
00448e4d
001531ef
53fddbff
03400000
0280800d
0017b10e
0017b24f
001131ac
00173257
0017310c
00153af7
0012b00c
00103e73
001532f7
53fbb3ff
001020b7
00104a70
0012a2ed
0010360e
1401000c
0014b1cc
02800418
5bfce980
02800818
53fbb7ff
143fffee
03bffdce
0040f64f
001499c6
00448e4d
001500f9
00150198
001519ef
53fcd7ff
0015000d
00150019
5bfcd1e0
143fffec
03bffd8c
0040f64f
0014998c
00448e4d
001500f9
00153d8f
53fcb3ff
001120b7
00114a70
0012dcae
02800418
00113a0e
53f977ff
03400000
143fffee
00150198
03bffdcc
0040f670
0014918f
00448e6d
001541ef
53fc6fff
5c00a580
5ffe4de0
00150019
0015020d
02bffc0f
53fce7ff
00111517
00114e50
0012dd0d
001500f9
0011361a
53f93bff
001120b7
00114a6d
0012dcae
1401000c
001139ae
0014b1cc
58010980
00111517
00114e50
0012dd0d
001500f9
0011360e
53f967ff
0280800e
0017b26d
5800118e
0011300c
00173273
00154ca5
00129417
001536f7
53fb53ff
143fffec
03bffd8c
0040f66f
0014918c
00448e6d
001531ef
53fc53ff
0040f66e
5c00e1e0
143fffec
03bffd8c
0014918c
00448e6d
0015398f
53fc33ff
00111517
00114e50
0012dd0d
001500f9
02800418
0011360e
53f873ff
143fffec
03bffd8c
0040f64f
0014998c
00448e4d
00153d8f
53fb7bff
03400000
001020b7
00104a70
001296ed
1401000c
0010360e
0014b1cc
5bfb3980
15feffec
03bffd8c
02800418
0014b1ce
53fb27ff
143fffee
00150198
03bffdcc
0040f64f
0014998c
00448e4d
00153d8f
53fb1fff
00153aef
5ffafde0
0015000d
00150019
53fb13ff
0280800e
0017b26d
5800118e
0011300c
00173273
00154ca5
00129417
001536f7
53fca7ff
143fffef
02bfe00c
03bffdef
0014b26d
001491ec
0015398c
0044f58e
0014bd8f
001539ac
0040f58e
00448d8d
001539ef
53fb3bff
0015000f
029ffc10
0015000c
53f85fff
03400000
02bf0063
2980d078
2980a07b
14001ff8
0015009b
0044d0a4
2980807d
03bfff18
2980f061
2980e077
2980c079
2980b07a
2980907c
2980707e
035ffc84
00149718
0044fcbd
58021c80
029ffc0c
58026c8c
0044f77c
00408f18
1401000d
00156398
00408f7a
02b00499
0015001b
0015001e
0015371c
14001ff7
0044d0ef
03bffef7
035ffdef
0044fcf8
00149ef7
580185e0
029ffc0c
580051ec
00408ee4
0044f4d7
14010007
02b005ef
001512f7
00408cd1
00113f39
0015000d
00151ef7
02803c0c
0015e3b0
6802959b
1c00006f
029021ef
00408b6e
001039ee
288001cc
001031ef
4c0001e0
00151af1
02a00739
5c01ea20
03800b7b
00150017
0280080d
53ffc3ff
001503b0
029ffc0f
0015000c
0015001a
14001fee
03bffdce
2880f061
0040d1ef
0014b98c
0040fe10
00153d8c
0015418c
00150344
2880e077
2880d078
2880c079
2880b07a
2880a07b
2880907c
2880807d
2880707e
00150185
02810063
4c000020
0015031d
001502fc
0015023a
001501be
0280080c
5bff8fcc
02800c0c
580697cc
0280040c
028fff33
001503b0
580077cc
64005813
03401f4c
5c04fd80
00448f4e
1402000c
0014b38c
58001580
15fdffec
03bffd8c
02900333
0014b39c
029ff80d
029ffc0f
0015000c
0015001a
63ff45b3
0040f79a
0040a78d
035ffe6f
00153b5a
0044b1ac
53ff2fff
5804ee60
0280040c
0280e00d
00114d8c
640569ac
03400000
0015000f
0015000c
0015001a
53ff07ff
00151af1
5800e620
5803dee0
001502e4
29802066
5420bc00
28802066
02bfd48d
0280740c
02bfe091
0011358c
001746f7
001744d1
0017b0c6
00155cd7
00106484
0015000d
028fcc99
53fe67ff
03400000
00156f1c
58008380
29803067
29802066
58035700
00150304
54206800
28802066
28803067
02bfd48e
0280741c
02bfe08d
00113b9c
00173718
0017377a
0017f36d
001561bc
02b03419
0015001b
0015001e
00111339
53fdc3ff
00156f1c
5c004f80
0015001a
0280201b
029ffc19
0280081e
53fda7ff
03800f7b
001500d1
02800c0d
53fddfff
0015001a
0280101b
00150019
0280041e
53fd83ff
0380077b
00150017
0280040d
53fdbbff
0015037a
0015031c
0280301b
029ffc19
02800c1e
53fd5bff
14001fed
00150010
02bffc1a
03bffdac
029ffc0f
53fddfff
1400100d
14001fee
0015378c
03bffdcd
001503b0
0014b58c
029ffc0f
53fdbfff
68030afc
5802fefc
02bfff39
00150398
00150012
0044e22c
0040a2f7
00155d97
29802077
2a402064
0044c2f4
0044c34e
0021d313
5c000a80
002a0007
0021530f
5c000a80
002a0007
0040c26c
001531ce
001c3c8c
0040a231
6c0021cc
00105dce
02bffded
680395d7
6c0391cc
02bff9ef
00105dce
03400000
001131ce
002151d8
5c000a80
002a0007
001c608d
2980207a
0021d1cc
5c000a80
002a0007
2a40207a
0040c18e
00153b4e
6c0021cd
00105dce
02bfff0c
68034dd7
6c0349cd
02bffb18
00105dce
03400000
0040c1ef
140001f3
001561fc
03bffe6f
0014bf93
0044c225
001135da
001c4cac
0044c38d
0014be2f
001c3e66
001c3da7
0044c0ce
00101d8c
001c15b3
001031cc
6c000d87
1400020d
00103673
140001ee
03bffdce
0044c18d
0014b98c
0014b8c6
0040c18c
00104dad
0010198c
6801a74d
58019b4d
0011324c
0011374e
0012b24d
001135ce
028fff33
580212ee
002151cd
5c000a80
002a0007
001c3486
0021d1d2
5c000a80
002a0007
0044c18e
0040c252
001549ce
6c001dc6
00105dce
02bffdb2
6802f9d7
6c02f5c6
02bff9ad
00105dce
001119ce
002151da
5c000a80
002a0007
001c6884
2980206c
0021d1d2
5c000a80
002a0007
2a40206c
0040c24e
0015398c
6c002184
00105d8c
02bfff4e
6802a597
6c02a184
02bffb5a
00105d8c
03400000
0040c1ad
001569ba
2980207a
2a40206d
0044c34e
001c3dd2
0011118c
001c38ae
001c3daf
001c34a5
0044c1ed
001048a5
001015ad
6c000db2
14000212
001049ce
140001f4
03bffe94
0044c1b2
0014d1ad
0014d1ef
0040c1ad
00103a4e
00103dad
6c00d98e
001032ec
02bfff4f
68025d97
6802318e
58027d8e
001501fa
0380075a
53fbd3ff
00150364
541d1800
02bfe08d
0280548e
0280700f
0015001a
02808084
0017377c
28802066
28803067
63fcb9ee
53fc9bff
001500c4
29802066
541ce400
0280548d
0280700c
00150087
28802066
02808084
67fc1d8d
02bfe0e7
00150011
00171cd7
53fc2bff
6ffe6e4c
03400000
00104652
0012c64e
00105dce
00103b5a
02bfff93
6c0042fa
68016f4d
580165ba
0015027c
53fe43ff
6bfd0b51
03400000
0040ff8f
0044874d
0040ff52
00448798
001535fa
53fcfbff
5fff458e
5bfb15a0
53ff27ff
5fffcefa
6fffc251
0015027c
53fe07ff
03403f4c
0280100d
5bfb018d
027ff34c
0280134d
03c0058c
00448dae
0010339c
53faefff
0015000e
0280040c
63fff013
02bffc1a
5ffb2660
02b00419
02bffc1a
0280040c
02907b24
0017b351
00171398
0017135a
00154711
0012e81a
00156a31
0017b38e
03401e2c
58002180
03403e2c
0280100d
5800158d
0280122c
0012c58d
001035ce
00150191
1401000d
0014b5cd
0280040f
0015000c
0015001a
5ff9e1a0
0040a5cd
0044b1ac
0040f5ce
00448e3a
0015000f
00153b5a
53f9c7ff
001501af
53fc7fff
00150198
53fcc7ff
02807c0d
67ff75ac
02bf8411
00114e31
0280800d
0017c791
5800118d
0290fb2d
0017378d
0015375a
0012e81a
00154751
03401e2e
0015000c
5bffa9c0
03403e2c
0280100d
0015000e
5fff658d
53ff8bff
6ffea24c
00104652
0012c64e
00105dce
02bffb9c
00103b5a
53fccfff
03400000
001501da
53fd6fff
0015024d
53fd17ff
00408632
0012c64f
00105df7
02bffb5a
00150251
00105d8c
5ffdc58e
5bf9962d
0380075a
53f98fff
001501fa
53ffefff
1400100e
14001fed
00153b8c
03bffdad
001503b0
0014b58c
029ffc0f
53f8e7ff
6bffb22d
001501fa
53ffc7ff
03400000
0044d0ad
14001fec
03bffd8c
0044d0ee
035ffdad
029ffc0f
00149591
00150090
00149d8c
00150092
0044fca5
001500d3
035ffdce
0044fce7
580019af
02800404
58000dcf
5c0009ae
5800222c
4c000020
0015122f
02800404
5ffff5e0
5ffff1cd
0015198c
5fffe980
02800404
5fffe253
00150004
5bffd8a7
02800404
5fffd1a0
00154230
0012c004
4c000020
03400000
0044d0ad
14001fec
03bffd8c
0044d0ee
035ffdad
029ffc0f
00149590
00150091
00149d8c
0044fca5
001500d2
035ffdce
0044fce7
580061af
580039cf
5c0065a0
00151204
0240048f
5c000dc0
00151986
580060c0
5c0035e0
580068a7
02bffca7
034008e7
02bffce7
001500e4
4c000020
00151986
5c0084c0
5fffe1a0
00151204
0240048f
5bffd5e0
5fffe0e0
02bffc07
53ffdbff
0015120f
5c0061e0
5bffd5cd
5fffb9c0
00151986
5fffb0c0
53ffb3ff
00150007
5bffb480
53ffa7ff
03400000
600025cd
63ffc5ae
68003990
5800460c
00150007
6fff960c
5bffb4a0
001500a7
53ff8bff
024004e7
00111c07
034008e7
02bffce7
53ff77ff
02bff807
53ff6fff
02bffca5
034008a7
02bffce7
53ff5fff
6bfff251
00150007
6fff5232
53ffbfff
0044d0ad
14001fec
03bffd8c
0044d0ee
035ffdad
029ffc0f
00149590
00150091
00149d8c
0044fca5
001500d2
035ffdce
0044fce7
58002daf
580035cf
5c0085a0
00151204
0240048f
5c0039c0
00151986
5c0030c0
00150007
58004c80
50002c00
0015120f
5c003de0
5c0059cd
00151986
5c0030c0
5c0011a0
00151204
0240048f
5c0031e0
58004ca7
02bffca7
034008e7
02bffce7
001500e4
4c000020
03400000
02800807
001500e4
4c000020
03400000
5ffff4e0
02bffc07
53ffefff
03400000
5fffc5c0
00151986
5fffbcc0
53ffbfff
640019cd
024004e7
00111c07
034008e7
02bffce7
53ffc3ff
63ffc9ae
68001d90
58002a0c
00150007
6fffae0c
5bffb8a0
001500a7
53ffa3ff
02bffca5
034008a7
02bffce7
53ff93ff
6bfff251
00150007
6fff8632
53ffdbff
03400000
03400000
02bf0063
2980e077
0044d0ad
14001ff7
2980d078
2980807d
03bffef7
2980f061
2980c079
2980b07a
2980a07b
2980907c
2980707e
035ffdad
00150098
0044fcbd
001496f7
580145a0
029ffc0c
580205ac
00408ee4
0044f717
14010005
001512f7
00408f1a
02b005bb
00150019
0015001c
001516f7
14001ff8
0044d0ed
03bfff18
035ffdad
0044fcfe
00149f18
580175a0
029ffc0c
580055ac
00408f04
0044f4d8
14010007
02b005ad
00151318
00408cd0
0010377b
00150012
00151f18
02803c0c
0015fbaf
02800771
68024199
1c00006e
02a491ce
00408b39
001065d9
2880032c
001031ce
4c0001c0
00151b10
029fff7b
5c01ca00
03800b39
00150018
02800812
53ffbfff
001503cf
00150317
0015021a
0015025c
0280080c
58015b8c
02800c0c
58056b8c
0280040c
5c03b78c
0015000d
00150017
0015001a
14001fe5
03bffca5
001496f7
2880f061
0040d1ad
0040fdef
001536f7
00153ef7
00150344
001502e5
2880e077
2880d078
2880c079
2880b07a
2880a07b
2880907c
2880807d
2880707e
02810063
4c000020
001512fa
58011b40
29803067
29802066
5803e2e0
001502e4
54162000
28802066
28803067
0015008d
02bfd48f
0280740e
02bfe1ac
00113dce
001732f7
0017331a
0017bb18
00155f17
02b0341b
0011377b
14001ff8
0044d0ed
03bfff18
035ffdad
00150019
0015001c
0044fcfe
00149f18
5ffe99a0
03400000
00151b10
58007e00
58034300
00150304
29802066
5415ac00
28802066
0015008d
02bfd48e
0280740c
02bfe1b0
0011398c
00174318
001740d0
0017b0c6
001560d8
0011376d
00150012
02b035bb
53fe73ff
001512fa
5c003f40
00150017
02802019
029ffc1b
0280081c
53fe0fff
03400000
029ffc0d
00150017
0015001a
53febfff
03800739
00150018
02800412
53fe33ff
0015009a
02803019
029ffc1b
02800c1c
53fdd7ff
00150017
02801019
0015001b
0280041c
53fdc3ff
03800f39
001500d0
02800c12
53fdfbff
001503af
53fe4bff
14001ff7
0015000f
02bffc1a
03bffef7
029ffc0d
53fe57ff
14001005
14001fec
001516f7
03bffd8c
001503af
0014b2f7
029ffc0d
53fe37ff
140001ed
03bffdad
0044c209
0044c348
0014b610
001c2514
0014b74c
001c4193
001c4112
0044c26e
001c312d
001049ad
001035ce
6c000dd2
1400020d
00103694
140001ed
03bffdad
0044c305
0014b718
001c3306
0014b673
0044c1da
0014b5ce
0040c1ce
00104dd3
001c30ac
0044c0cd
001c6112
0010498c
001c150e
001031ad
6c000db2
1400020c
001031ce
0044c1ac
00103988
140001ee
03bffdce
0014b9ad
0014b8c6
0040c1ad
0014baee
0044c2f7
001019a6
00101b5a
001c41cd
001c392c
001c42f0
001c5d24
0010418c
0044c1a9
00103129
6c000d30
1400020c
00103084
140001f0
03bffe10
0014c1ac
0014c12d
0040c1ad
0044c129
00101129
001031ad
001c3b0a
001c38b2
001c62f8
001c5cb7
00106250
0044c145
001040b0
6c000e18
1400020c
001032f7
140001ee
03bffdce
0014ba0c
0014b94a
0040c18c
0010535a
0010298c
00129b54
0010218c
00105185
0010375a
0012b74d
001024b2
0012a18c
0012d0a5
00103654
00151585
0044c210
0012a649
0012b68d
001040a5
00153529
0040a74e
001024a5
00154dd3
00105ca5
0044df5a
0012cc13
0044de84
0040a4a5
0040a68c
1402000e
00156a7a
001510b7
0015335a
0014baec
5801c180
0044874d
0340075a
0040feec
001569ba
0015335a
004486f7
028ffe2d
6400c40d
03401f4c
58002180
03403f4c
0280100e
5800158e
0280134c
0012e98e
00103af7
0015019a
1402000c
0014b2ec
58001580
15fdffec
03bffd8c
0290022d
0014b2f7
029ff80c
63fd498d
00448f4c
0040a6e5
0040f6fa
035ffdad
0015335a
0044b0b7
53fbf7ff
001500c4
29802066
54127000
0280700c
0280548e
0280808d
28802066
67fcc18e
02bfe084
00150010
001710d8
53fccfff
54124800
0280700c
0280548f
0280808d
28802066
28803067
67fc258f
02bfe084
0015001a
00171317
53fc33ff
0280040c
0011358c
5c007da0
02907a31
0017b350
0017475a
001746f1
0012e81a
00154230
00156a10
0017b2ee
03401e0c
58002180
03403e0c
0280100d
5800158d
0280120c
0012c18d
001035ce
00150190
1401000c
0014b1cc
0280040d
00150017
0015001a
5ffb3180
0040a5cc
0044b197
0040f5ce
00448e1a
0015000d
00153b5a
53fb17ff
0280e00e
63fb01cc
02807c0e
67ff7dcc
02bf8410
0011360d
0280800e
0017b6f0
5800118e
0290fa2c
001732ec
0015335a
0012e81a
00154350
03401e0e
00150017
5bffb1c0
03403e0c
0280100d
0015000e
5fff6d8d
53ff93ff
00150371
53fe5bff
1400100d
14001fec
001536f7
03bffd8c
0014b2f7
029ffc0d
53fa9bff
03400000
03400000
03400000
14001fed
03bffdad
02bf8063
0044d0ec
001495ae
00149dad
29805078
29804079
2980307a
0044d0b8
0044f49a
0044f4cf
00408dce
00408dad
29807061
29806077
035ffd8c
029ffc11
035fff18
0044fcb9
00153b4e
00408c92
0044fce7
001535ed
00408cd4
58022d91
03c004e7
0011330f
58018327
64022c0f
58026980
1401000c
001531ad
5804b311
001551b7
0280e00c
0012dc17
6000358f
02807c0c
6005858f
0280800c
0017be90
0017bdb1
00113d8f
00173db7
00173e8f
001542f7
0012bc0f
001145ce
00153ef7
00115e57
0012de51
001145d1
1401000c
0014b22c
58033580
1400fffa
03bfff5a
0014ea3a
58037740
00150344
54101c00
02bfe08e
0011380c
0017b2ec
00173b5a
00173af7
0015699a
600331d8
001161d8
02807c0d
0280070c
6004d1ac
0280800d
0017b2ee
0017b351
001131ac
001732f7
0017335a
00153b5a
0012dc17
00150018
00155f57
03401eec
58002180
03403eee
0280100c
580015cc
028012ec
0012dd8d
00103631
00150197
1401000e
0014ba2e
5806bdc0
02800718
029ffc0c
035fff0f
5802ab0c
15feffed
03bffdad
0014b62d
0040f5b0
00448ef7
0040a5ad
00155e10
0044b1ac
14001fed
03bffdad
28807061
0040d1ef
0014b58c
0040ff25
00153d8c
0015158c
28806077
28805078
28804079
2880307a
00150204
00150185
02808063
4c000020
03400000
6401180f
5801d180
1401000c
001531ad
58033711
001551b7
0280e00c
0012dc17
60002d8f
02807c0c
64045d8f
02808010
0017bdac
580011f0
00113c0f
00173db7
00155e94
0012d017
001532f7
00104af7
0012caf1
00103a31
1401000c
0014b22c
5801c180
02800718
029ffc0f
0015000c
00150010
5bff4b0f
15feffed
03bffdad
004486ec
0014b62d
034006f7
00155d97
0040fdac
004485b1
00155d97
53fec3ff
001551b3
02a0070f
58006a60
58006f27
5c00a9e0
0280070c
035ff98c
5c01d980
001549cc
001551b0
5c04c300
58042980
5c04e200
143fffed
03bffdad
0040f5d7
001491b0
00448dcc
001542f0
5001f800
001551ac
5801d180
02bffdec
58042580
580455f1
0015018f
53fd93ff
03400000
03c004e7
5fff9f27
5c0249e0
0280070c
035ff990
5c00ce00
001549cc
5c01cf00
58054980
001551ac
5c055d80
143fffed
03bffdad
0040f5d0
001491ad
00448dcc
001541b0
50019000
0011618f
001500f9
5c027300
001549d0
58037200
02bffdf0
5804f200
029ffc11
580269f1
0015020f
001549d7
0280e010
0012dc17
6000360f
02807c10
6004520f
02808010
0017bdd1
0017be57
00113e0f
00173dce
00173e4f
00155dd7
0012bc0e
001145ad
00153af7
00115e97
0012de91
00150198
001145b1
53fd17ff
001551ac
58036180
02bffdec
5802d180
580425f1
0015018f
53fe2bff
029ffc0f
58004d8f
00105254
0012ca91
001035da
0010474d
00448694
0040fdb7
00150198
004485b1
001552f7
03400000
03401eec
5ffd4180
00448ef7
0040f62d
00448e2c
0015030f
001536f0
5000a000
029ffc0f
0015000c
00150010
53fd73ff
15fefff1
03bffe31
03401eec
00113b18
0014c751
5ffd0180
53ffc3ff
03400000
001502e4
540cac00
02807c0c
0280608e
67fc8d8e
02bfe09a
00176afa
00150017
53fc93ff
00115257
001135da
0012de50
1401000c
0011435a
0014b34c
5c02c580
00156af0
5ffc4a00
0015000c
00150019
50002400
143ffff0
03bffe10
0040f5d7
00149210
00448dcc
00155e10
029ffc0d
580041ed
14001fee
03bffdce
035ffdef
0014b98c
53fccbff
5800e980
001551b7
0040f5d0
143fffed
5c0456e0
03bffdad
001491ad
00448dcc
001541b0
03400000
0015320d
580451a0
1400100e
14001fed
0015398c
03bffdad
029ffc0f
0014b58c
53fc7fff
143fffed
03bffdad
0040f5d7
001491b0
00448dcc
00155e10
53ffc7ff
0011618f
5800f300
14010011
029ffc10
001545ce
58006d90
001549d7
0280e010
0012dc17
6000360f
02807c10
60036a0f
02808010
0017bdd1
0017be57
00113e0f
00173dce
00173e4f
00155dd7
0012bc0e
001045ad
00153af7
001052f7
0012d2f1
00150198
00103631
53fc93ff
03400000
14010011
029ffc10
001545ce
5ffda590
143fffee
0040f5b0
00448dac
03bffdcd
001499ad
00153610
53ff2bff
03400000
02bf8718
0280800d
0017e34e
5800118d
0011300c
0017335a
00156af7
0012dc17
00150011
00150018
00153af7
53fdf7ff
02808010
0017bdac
580011f0
00113c0f
00173db7
00155e94
0012d017
001532f7
53fa8bff
001549d0
58026e00
00105257
001035da
0012d2f1
02bffdf0
00104751
58005200
029ffc11
5bff69f1
0015020f
53fefbff
0280800c
0017be90
0017bdb1
00113d8f
00173db7
00173e8f
001542f7
0012bc0f
001045ce
00153ef7
53fba3ff
00105257
001035da
0012caf1
00104751
1401000c
0014b22c
02800418
5bfd5580
02800818
53fba7ff
143fffee
0040f5b0
00448dac
03bffdcd
001499a6
001540d0
53fdefff
00150019
5bfdee00
143fffee
0040f5b0
00448dac
03bffdcd
001499ad
001500f9
001541b0
53fdcfff
03400000
00115257
001135da
0012de51
02800418
00114751
53f9b3ff
143fffed
03bffdad
0040f5d7
001491b0
00448dcc
00155e10
53fd8fff
143fffed
03bffdad
0040f5d0
001491a4
00448dcc
00151210
53fdb7ff
00114a97
001139ba
0012de94
001500f9
0011535a
53f97bff
5c009d80
58018e00
143fffee
0040f5b0
00448dac
03bffdcd
001499ad
001500f9
00153610
53fd77ff
00115257
001135da
0012de51
1401000c
00114751
0014b22c
58011980
00114a97
001139ba
0012de91
001500f9
00114751
53f97fff
02808011
0017bdd0
580011f1
00113c0f
00173dce
00153a52
0012c817
001542f7
53fbbfff
143fffed
03bffdad
0040f5d0
001491ad
00448dcc
001541b0
53fd03ff
0040f5cf
143fffed
5c010200
03bffdad
001491ad
00448dcc
00153db0
53fce3ff
00448ef0
0040f62d
00448e2c
0015030f
00153610
53fc87ff
03400000
00114a97
001139ba
0012de91
02800418
00114751
53f873ff
143fffee
0040f5b0
00448dac
03bffdcd
001499ad
00153610
53fc57ff
00105257
001035da
0012caf1
1401000c
00104751
0014b22c
5bfb7580
15feffec
03bffd8c
02800418
0014b231
53fb63ff
143fffee
0040f5b0
00448dac
03bffdcd
001499ad
00153610
53fc03ff
001546f0
5ffb3e00
0015000c
00150019
53fbf7ff
02808011
0017bdd0
580011f1
00113c0f
00173dce
00153a52
0012c817
001542f7
53fca7ff
14001fec
00150019
02bffc10
03bffd8c
53fc03ff
02bfe00c
03bffdad
0014b1ce
001491ac
00153d8c
0044f58f
0014b58d
00153dcc
0040f590
00153610
00448d8c
53fbcbff
02bfe00c
03bffdad
0014b1ce
001491ac
0015418c
53ffd3ff
00150010
029ffc0f
0015000c
53f83fff
03400000
03400000
03400000
14001fec
0044d0ad
03bffd8c
028ff80e
035ffdad
0044fcaf
0014958c
64001dcd
0290740e
64001dcd
14ffffe4
03bffc84
001011e4
4c000020
00150004
4c000020
14002005
0290cc10
02904c0e
0015158c
001135ce
02807c11
00113610
0017b98e
60001630
02afb5ad
0017c084
0017358c
0015118e
00113804
5fffc5e0
001501c4
4c000020
03400000
03400000
03400000
02bfc063
29803061
29802077
29801078
58008880
0048fc8c
00159197
001132f7
0044fc98
001502e4
5406d800
0290780d
001111ad
0280280c
035ffdad
6000a584
02802c0c
0011118c
14001fef
03bffdef
0017b2ec
0014bd8c
14001fef
03bffdef
28803061
0040d1ad
0014bd8c
0280548e
0040ff18
0015358c
00173aee
0015618c
28802077
28801078
001501c4
00150185
02804063
4c000020
14001fef
0015000d
0015000c
03bffdef
28803061
00150018
0040d1ad
0014bd8c
0040ff18
0015358c
0015618c
0015000e
28802077
28801078
001501c4
00150185
02804063
4c000020
02bfd48c
14001fef
001732ec
03bffdef
0014bd8c
14001fef
03bffdef
28803061
0040d1ad
0014bd8c
0040ff18
0015358c
0015618c
0015000e
28802077
28801078
001501c4
00150185
02804063
4c000020
02bfc063
29802077
29803061
00150097
0015000d
0015000c
58003c80
5405b400
0290780d
001111ad
0280280c
035ffdad
60005184
02802c0e
14001fef
001111cc
0017b2ec
02805490
03bffdef
001742f7
0014bd8c
14001fee
28803061
03bffdce
0040d1ad
0014b98c
0015358c
001502e4
00150185
28802077
02804063
4c000020
02bfd484
14001fee
001712ec
03bffdce
0014b98c
14001fee
28803061
03bffdce
0040d1ad
0014b98c
00150017
0015358c
001502e4
00150185
28802077
02804063
4c000020
03400000
03400000
03400000
02bf8063
0044dc8d
2980306d
2a00306d
29806077
1400fff7
028005af
29805078
03bffef7
29807061
0343f9ef
0044fc98
001492f7
58004de0
00448eec
028e01a4
0040f6f7
14001fef
03bffdef
0040d08d
28807061
0014bd8c
0040ff0e
0015358c
0015398c
001502e4
28805078
28806077
00150185
02808063
4c000020
03400000
5c0085a0
00150004
0015000c
5bffbae0
001502e4
54046c00
0280280c
6000c984
02802c0d
0280548c
001111ad
0017b6ed
001732f7
028e240e
14001fec
001111c4
03bffd8c
14001fef
0014b1ac
035ffc84
03bffdef
0040d08d
28807061
0014bd8c
0040ff0e
0015358c
0015398c
001502e4
28805078
28806077
00150185
02808063
4c000020
029ffc04
0015000c
5bff3ae0
00448eed
14001fee
1400100c
001531ac
14001fef
03bffdcd
0014b58c
03bffdef
0040d08d
28807061
0014bd8c
0040ff0e
0015358c
0040f6f7
0015398c
001502e4
28805078
28806077
00150185
02808063
4c000020
02bfd48d
001736ed
00150017
53ff47ff
03400000
03400000
03400000
2880308f
28800090
2880108d
02bf8063
28802094
140000f2
2980306f
03bffe4e
0044c1f1
2a403073
03bffa44
00408e8c
0044f5b2
0014ba31
00408dad
0044f60e
001539ae
00153252
00408e06
02800625
0044f694
00408e6d
29806072
2980506e
29804066
001490a4
0044fdef
001551b3
58005080
15ffff8c
0390018c
029ff80d
00103231
6400e1b1
029ffc14
0015000c
00150010
14001fed
03bffdad
0040d291
0014b58c
0040fdef
0015458c
00153d8c
00150204
00150185
02808063
4c000020
001549d0
00154e10
00151a10
5c003620
00150014
0015000c
0280140e
5bffba00
00448dd0
0040a58d
0040f58e
035ffe34
001541d0
0044b1ac
53ff9fff
03400000
5bff8a00
0044f24d
00409273
1400800c
00154dad
001531ad
0040f5b0
00448dac
14001fed
0044f1ce
00409252
029ffc14
03bffdad
001549ce
0040d291
0014b58c
00448dce
0040fdef
0015458c
001541d0
00153d8c
00150204
00150185
02808063
4c000020
6000ec11
02bf300c
60018a2c
0280f40d
001145b1
1400100e
00153a6d
0280406c
00489633
0015018e
00408a70
00150014
2980706d
00104192
028011ce
03407e31
00151a94
5800164e
288001c6
028011ce
00151a94
5ffff64e
02800c0e
00114dce
58015e20
02808064
00104084
28bfc084
02808005
001144a5
00171484
02800412
00151294
58004dc0
02bff006
001c1a66
00104dc4
00408884
0010418d
00101184
288001b0
288011b2
001019a7
028011ad
0017c610
00171652
00154a10
298000f0
5fffe08d
2880706d
02801012
00114e52
004089ce
02808070
0017c5ad
00103a0e
29bfc1cd
5000fc00
03400000
004091d0
00409254
0044f1ce
00151a10
0044f24c
0040926d
001551ce
0012c010
0015358c
00153a0e
03401dcd
580011a0
03403dcd
02801010
5c0079b0
1401000d
0014b58d
5bfe4da0
02800631
029ffc0d
5bfdea2d
15feffed
03bffdad
0014b58d
00448dd0
0040f5ae
0040a5ad
0044b1ac
14001fed
035ffe34
03bffdad
0040d291
0014b58c
0040fdef
0015458c
001541d0
00153d8c
00150204
00150185
02808063
4c000020
0015000c
0280040e
00150011
027ff1d0
03c00610
1401000d
0010418c
028011ce
0014b58d
53ff7fff
03400000
0015018d
001041b2
28800252
028011ad
02800631
29bff1b2
67ffedd1
02801012
00114e52
00408a52
0280418d
0010498c
29800180
0280118c
5ffff9ac
2880406d
2880506c
0012d00e
00150011
001535ce
53ff0bff
03400000
03400000
03400000
1400020c
6c004c8c
0283fc0c
0280800d
68002184
1c00002c
2894d18c
0010118c
2a000184
001111a4
4c000020
03400000
0044a084
1c00002c
2894518c
0010118c
2a000184
0280600d
001111a4
4c000020
1402000c
6800248c
0044e084
1c00002c
2893b18c
0010118c
2a000184
0280200d
001111a4
4c000020
0044c084
1c00002c
2893318c
0010118c
2a000184
0280400d
001111a4
4c000020
03400000
03400000
202d2d2d
6265445b
205d6775
28207325
657a6953
7a25203a
2d202975
000a2d2d
6e6f7246
30352074
0000203a
00206425
6361420a
3035206b
0020203a
2d2d2d0a
2d2d2d2d
2d2d2d2d
2d2d2d2d
2d2d2d2d
2d2d2d2d
2d2d2d2d
2d2d2d2d
2d2d2d2d
00000a0a
64616f4c
20676e69
65666572
636e6572
6e692065
20747570
6d6f7266
32434220
46464f5f
65532820
726f7463
7525203a
2e2e2e29
0000000a
75706e49
52282074
66206665
206d6f72
29324342
00000000
5f314252
766e6f43
754f5f31
74757074
6f722820
29657475
00000000
5f314252
766e6f43
754f5f32
74757074
6f632820
5f33766e
5f74756f
666c6168
00000029
5f314252
766e6f43
754f5f33
74757074
6f632820
5f33766e
5f74756f
6e6f7266
00002974
5f314252
766e6f43
754f5f34
74757074
65662820
00297461
5f314252
616e6946
754f5f6c
74757074
756f2820
00002974
64616f4c
20676e69
65666572
636e6572
6e692065
20747570
6d6f7266
31425220
46464f5f
65532820
726f7463
7525203a
2e2e2e29
0000000a
75706e49
52282074
66206665
206d6f72
29314252
00000000
5f324252
766e6f43
754f5f31
74757074
6f722820
29657475
00000000
5f324252
766e6f43
754f5f32
74757074
6f632820
5f33766e
5f74756f
666c6168
00000029
5f324252
766e6f43
754f5f33
74757074
6f632820
5f33766e
5f74756f
6e6f7266
00002974
5f324252
766e6f43
754f5f34
74757074
65662820
00297461
5f324252
616e6946
754f5f6c
74757074
756f2820
00002974
64616f4c
20676e69
65666572
636e6572
6e692065
20747570
6d6f7266
32425220
46464f5f
65532820
726f7463
7525203a
2e2e2e29
0000000a
75706e49
52282074
66206665
206d6f72
29324252
00000000
5f334252
766e6f43
754f5f31
74757074
6f722820
29657475
00000000
5f334252
766e6f43
754f5f32
74757074
6f632820
5f33766e
5f74756f
666c6168
00000029
5f334252
766e6f43
754f5f33
74757074
6f632820
5f33766e
5f74756f
6e6f7266
00002974
5f334252
766e6f43
754f5f34
74757074
65662820
00297461
5f334252
616e6946
754f5f6c
74757074
756f2820
00002974
6f6c6c61
61662063
64656c69
206e6920
6f6c6f79
7365745f
00000a74
64616572
706e6920
69207475
6567616d
69616620
0a64656c
00000000
6f6c6f59
69545f34
635f796e
74616572
61662065
64656c69
0000000a
6f6c6c61
70662063
62203233
65666675
61662072
64656c69
0000000a
74207449
206b6f6f
75207525
25202c73
00000a73
3d3d3d3d
3d3d3d3d
3d3d3d3d
3d3d3d3d
3d3d3d3d
3d3d3d3d
3d3d3d3d
000a3d3d
7261485b
72617764
42205d65
626b6361
20656e6f
61746f74
7369206c
20752520
28207375
66362e25
0a297320
00000000
7261485b
72617764
49205d65
7265666e
65636e65
746f7420
69206c61
75252073
20737520
362e2528
29732066
0000000a
666f535b
72617774
50205d65
2d74736f
636f7270
69737365
6920676e
75252073
20737520
362e2528
29732066
0000000a
69736142
6f432063
0031766e
69736142
6f432063
0032766e
62736552
6b636f6c
00000031
62736552
6b636f6c
00000032
62736552
6b636f6c
00000033
69736142
6f432063
0033766e
766e6f63
726f665f
00003550
6f6c6f79
6165685f
2b355064
69736162
6f635f63
0000766e
61737075
656c706d
6e6f635f
00000076
61737075
656c706d
00000000
6f6c6f79
6165685f
2b345064
69736162
6f635f63
0000766e
74736f70
6f72702d
73736563
00676e69
00000000
00000001
00000002
00000003
00000004
00000005
00000006
00000007
00000008
00000009
0000000a
0000000b
40011414
40011420
4001142c
40011438
40011444
40011450
4001145c
40011468
40011480
40011490
4001149c
400114b4
44a64000
3b000000
3e99999a
3f000000
00000000
00000000
412e8480
000a0a0a
6f206f6e
63656a62
65642074
74636574
0a216465
00000000
3a786f62
2c642528
252c6425
64252c64
73202c29
65726f63
342e253a
70202c66
3a646572
000a7325
73726570
00006e6f
79636962
00656c63
00726163
6f746f6d
6b696272
00000065
6f726561
6e616c70
00000065
00737562
69617274
0000006e
63757274
0000006b
74616f62
00000000
66617274
20636966
6867696c
00000074
65726966
64796820
746e6172
00000000
706f7473
67697320
0000006e
6b726170
20676e69
6574656d
00000072
636e6562
00000068
64726962
00000000
00746163
73726f68
00000065
65656873
00000070
00776f63
70656c65
746e6168
00000000
72616562
00000000
7262657a
00000061
61726967
00656666
6b636162
6b636170
00000000
72626d75
616c6c65
00000000
646e6168
00676162
00656974
74697573
65736163
00000000
73697266
00656562
73696b73
00000000
776f6e73
72616f62
00000064
726f7073
62207374
006c6c61
6574696b
00000000
65736162
6c6c6162
74616220
00000000
65736162
6c6c6162
6f6c6720
00006576
74616b73
616f6265
00006472
66727573
72616f62
00000064
6e6e6574
72207369
656b6361
00000074
74746f62
0000656c
656e6977
616c6720
00007373
00707563
6b726f66
00000000
66696e6b
00000065
6f6f7073
0000006e
6c776f62
00000000
616e6162
0000616e
6c707061
00000065
646e6173
68636977
00000000
6e61726f
00006567
636f7262
696c6f63
00000000
72726163
0000746f
20746f68
00676f64
7a7a6970
00000061
756e6f64
00000074
656b6163
00000000
69616863
00000072
61666f73
00000000
74746f70
6c706465
00746e61
00646562
696e6964
6174676e
00656c62
6c696f74
00007465
6f6d7674
6f74696e
00000072
7470616c
0000706f
73756f6d
00000065
6f6d6572
00006574
6279656b
6472616f
00000000
6c6c6563
6f687020
0000656e
7263696d
7661776f
00000065
6e65766f
00000000
73616f74
00726574
6b6e6973
00000000
72666572
72656769
726f7461
00000000
6b6f6f62
00000000
636f6c63
0000006b
65736176
00000000
73696373
73726f73
00000000
64646574
65622079
00007261
72696168
69726420
00007265
746f6f74
75726268
00006873
40011584
4001158c
40011594
40011598
400115a4
400115b0
400115b4
400115bc
400115c4
400115cc
400115dc
400115ec
400115f8
40011608
40011610
40011618
40011770
4001161c
40011624
4001162c
40011630
4001163c
40011644
4001164c
40011654
40011660
4001166c
40011674
40011678
40011684
4001168c
40011694
400116a0
400116ac
400116b4
400116c4
400116d4
400116e0
400116ec
400116fc
40011704
40011710
40011714
4001171c
40011724
4001172c
40011734
4001173c
40011744
40011750
40011758
40011764
4001176c
40011774
4001177c
40011784
4001178c
40011794
4001179c
400117a8
400117ac
400117b8
400117c0
400117cc
400117d4
400117dc
400117e4
400117f0
400117fc
40011808
40011810
40011818
40011820
40011830
40011838
40011840
40011848
40011854
40011860
4001186c
400115a4
4001158c
40011610
400115c4
400116fc
400115b0
40011594
40011618
4001178c
4001162c
400117ac
40011770
4001161c
40011598
40011584
4001179c
40011624
40011794
400115b4
400117c0
c2c80000
42c80000
4021ff2e
40870069
412c0000
40240000
40a8ff97
411f8034
3f800000
41500000
3fb80000
40140000
40a20000
3fd80000
40680000
40a40000
41d00000
69204453
6c61766e
61206469
6d756772
3a746e65
63657320
5f726f74
206d756e
30207369
0000000a
44204453
6520414d
726f7272
5453202c
303d5441
38302578
00000a58
74204453
6f656d69
77207475
656c6968
69617720
676e6974
414d4420
6e6f6420
00000a65
74204453
6f656d69
61207475
72657466
73657220
000a7465
64616572
7261705f
20736d61
61766e69
2064696c
75677261
746e656d
0000000a
64616572
7261705f
20736d61
61726373
20686374
6f6c6c61
61662063
64656c69
0000000a
00464e49
00666e69
004e414e
006e616e
33323130
37363534
62613938
66656463
00000000
33323130
37363534
42413938
46454443
00000000
6c756e28
0000296c
00000030
40006f44
4000802c
4000802c
40006f58
4000802c
4000802c
4000802c
40006ef4
4000802c
4000802c
40006f60
40006f80
4000802c
40006f78
40006f88
4000802c
40006ff0
40006ff8
40006ff8
40006ff8
40006ff8
40006ff8
40006ff8
40006ff8
40006ff8
40006ff8
4000802c
4000802c
4000802c
4000802c
4000802c
4000802c
4000802c
40007184
4000802c
40007090
400070c4
40007184
40007184
40007184
4000802c
4000802c
4000802c
4000802c
40007038
4000802c
4000802c
40007c14
4000802c
4000802c
4000802c
40007cc8
4000802c
40007d64
4000802c
4000802c
40007dd0
4000802c
4000802c
4000802c
4000802c
4000802c
4000802c
4000802c
4000802c
40007184
4000802c
40007090
400070c8
40007184
40007184
40007184
40007040
400070c8
40007080
4000802c
40007068
4000802c
40007ba8
40007c18
40007c8c
40007080
4000802c
40007cc8
40006f3c
40007d68
4000802c
4000802c
40007e34
4000802c
40006f3c
30303030
30303030
30303030
30303030
20202020
20202020
20202020
20202020
00000000
3fc00000
00000000
40300000
00000000
3fe00000
00000000
43500000
3717f7d1
b717f7d1
3f317180
bf317180
3f000000
bf000000
3fb8aa3b
3f317180
3717f7d1
7149f2ca
3331bb4c
35ddea0e
388ab355
3b360b61
3e2aaaab
40000000
0d800000
80800000
00800000
ff7fffff
7f7fffff
69666e49
7974696e
00000000
004e614e
00000000
00000000
3ff80000
636f4361
3fd287a7
8b60c8b3
3fc68a28
509f79fb
3fd34413
00000000
3ff00000
00000000
40240000
00000000
401c0000
00000000
40140000
00000005
00000019
0000007d
00000000
97d889bc
3c9cd2b2
d5a8a733
3949f623
44f4a73d
32a50ffd
cf8c979d
255bba08
64ac6f43
0ac80628
37e08000
4341c379
b5056e17
4693b8b5
e93ff9f5
4d384f03
f9301d32
5a827748
7f73bf3c
75154fdd
00000000
3ff00000
00000000
40240000
00000000
40590000
00000000
408f4000
00000000
40c38800
00000000
40f86a00
00000000
412e8480
00000000
416312d0
00000000
4197d784
00000000
41cdcd65
20000000
4202a05f
e8000000
42374876
a2000000
426d1a94
e5400000
42a2309c
1e900000
42d6bcc4
26340000
430c6bf5
37e08000
4341c379
85d8a000
43763457
674ec800
43abc16d
60913d00
43e158e4
78b58c40
4415af1d
d6e2ef50
444b1ae4
064dd592
4480f0cf
c7e14af6
44b52d02
79d99db4
44ea7843
00000043
49534f50
00000058
0000002e
00000000
00000000
00000000
00000000
00000000
00000000
00000000
00000000
00000000
00000000
00000000
00000000
00000000
00000000
00000000
00000000
00000000
00000000
00000000
00000000
00000000
00000000
00000000
00000000
00000000
00000000
00000000
00000000
00000000
00000000
00000000
00000000
20202020
20202020
28282820
20202828
20202020
20202020
20202020
20202020
10101088
10101010
10101010
10101010
04040404
04040404
10100404
10101010
41414110
01414141
01010101
01010101
01010101
01010101
10010101
10101010
42424210
02424242
02020202
02020202
02020202
02020202
10020202
20101010
00000000
00000000
00000000
00000000
00000000
00000000
00000000
00000000
00000000
00000000
00000000
00000000
00000000
00000000
00000000
00000000
00000000
00000000
00000000
00000000
00000000
00000000
00000000
00000000
00000000
00000000
00000000
00000000
00000000
00000000
00000000
00000000
ffffb250
ffffb078
ffffb214
ffffb240
ffffb214
ffffb200
ffffb214
ffffb240
ffffb078
ffffb078
ffffb200
ffffb240
ffffb178
ffffb178
ffffb178
ffffb220
ffffb038
ffffb038
ffffb1d4
ffffb360
ffffb1d4
ffffb1c0
ffffb1d4
ffffb360
ffffb038
ffffb038
ffffb1c0
ffffb360
ffffb138
ffffb138
ffffb138
ffffb1e0
ffffb790
ffffb648
ffffb648
ffffb644
ffffb650
ffffb650
ffffb758
ffffb644
ffffb650
ffffb758
ffffb650
ffffb644
ffffb750
ffffb750
ffffb750
ffffb770
ffffce88
ffffcc34
ffffcd30
ffffcc90
ffffcd30
ffffce50
ffffcd30
ffffcc90
ffffcc34
ffffcc34
ffffce50
ffffcc90
ffffcca0
ffffcca0
ffffcca0
ffffce68
ffffd918
ffffd718
ffffd718
ffffd714
ffffd724
ffffd724
ffffd8e0
ffffd714
ffffd724
ffffd8e0
ffffd724
ffffd714
ffffd8d8
ffffd8d8
ffffd8d8
ffffd8f8
02020100
03030303
04040404
04040404
05050505
05050505
05050505
05050505
06060606
06060606
06060606
06060606
06060606
06060606
06060606
06060606
07070707
07070707
07070707
07070707
07070707
07070707
07070707
07070707
07070707
07070707
07070707
07070707
07070707
07070707
07070707
07070707
08080808
08080808
08080808
08080808
08080808
08080808
08080808
08080808
08080808
08080808
08080808
08080808
08080808
08080808
08080808
08080808
08080808
08080808
08080808
08080808
08080808
08080808
08080808
08080808
08080808
08080808
08080808
08080808
08080808
08080808
08080808
08080808
1f20e000
01f78a40
1f000000
40012800
40012780
40012710
400126a0
00000000
00000003
400126a0
00000043
00000000
00000000
00000000
00000000
00000000
00000000
00000000
00000043
00000000
00000000
00000000
00000000
00000000
00000000
00000000
00000043
00000000
00000000
00000000
00000000
00000000
00000000
00000000
00000043
00000000
00000000
00000000
00000000
00000000
00000000
00000000
00000043
00000000
00000000
00000000
00000000
00000000
00000000
00000000
00000043
00000000
00000000
00000000
00000000
00000000
00000000
00000000
00000043
00000000
00000000
00000000
00000000
00000000
00000000
00000000
4000bd7c
4000bd1c
00000000
40011f5f
40011edc
40011558
40011558
40011558
40011558
40011558
40011558
40011558
40011558
40011558
7f7f7f7f
7f7f7f7f
7f7f7f7f
00007f7f
53410001
00494943
00000000
00000000
00000000
00000000
00000000
00000000
53410000
00494943
00000000
00000000
00000000
00000000
00000000
00000000
00000000
bfe001e0
bfafff10
00000000
4000b0e0
400122a8
40012508
400122a4
40011e08
4000b58c
40011de0
4000b2c0
400122b4
4000b260
4000b078
4000b140
44c00000
40012698
400121a0
40012800
400122bc
40012504
400122c8
400122c8
