    -3      2     -2     -8     -2     -1     -1    -10     -1     13    -27    -20    -17    -98    -83     -6 
   -74    -79     -3      7     15    -11    -15     15    -12    -12     -4     -1     -8    -23      7    -12 
   -26     12     11     -2     -4    -34    -13     -7    -26    -11     -7     12     -2     19    -40    -18 
   -11    -90    -78     23    -52    -56     -3    -37    -20      6    -56    -56      9    -49    -36      2 
     4     -2      5      0      1     -2      1      5      2      6      8     -5      5      3     -5      1 
    -2      6      7      2     15    -14    -18     -7    -14     -9      0    -15    -12     -1      1     -4 
    -5      7      8     -8    -17      4     -3     -5      0     -6     -1     -3     -4     -5      2      4 
    -2     16      3      6     10     -2     20      4     12     12     14     10      1     -1    -39     15 
    23    -44    -28     -8    -50    -67    -52    -22    -70    -51    -32    -92    -82      5    -40    -33 
    -2      3      9      4     -3    -19     -8     -3    -22    -27     12    -12     -6     71     31    -10 
    41      8    -13     11      7    -10     -3     10     -7    -21    -15      3     12     21     17     -7 
     3     32     15      6     -4      2     -4     -6      1      5     -9     -7     -2     -8      0     -6 
     2      6     10     -5     -6      4     15    -12    -15      6    -20    -44      3      8    -32     -9 
    14      9    -12     10     -3    -13     -2     -6     -8     14      4     10     44     42     16     21 
    33     -5      5     -4     -8      3      5     -7     -2      5      1     -7      3      4    -25     -3 
     6     -9      0     -7     -1      5     -5     10      4    -17    -10    -11      0    -14     -5      0 
     5      2     -2     -3      1     -1      0    -22      4     -3    -41      2      7    -12    -10     11 
     2     -7     -1     -9     -5     -1    -19     -4     14      2    -10     10      5     -1      4      8 
    -7      3      9     12     16     16      4     -1     -6     -4      9     -5     -8      1      9    -15 
     1      0    -10     17      5    -16      3    -12    -16     -1      0     -5    -10     15    -10    -43 
    -9    -15    -32    -13    -20    -26      4    -23    -19     10      8      5     35    -17    -18    -20 
     8    -57    -65      2    -20    -39     -2     15      3     -2     14      2     -7      1      9     -2 
    -4      6      3      3    -10     -4      7      3      3    -21    -22     23    -31    -41      6    -15 
   -37    -11    -51    -29     -1    -65    -47     36      7     -8      5     -7      9     15    -18    -12 
    21     -1    -13     16    -47     18    -26   -138    -76     19    -77    -37     18     19     14      0 
    -7     -8      2    -16    -10     -1      3    -11     -4      2      0      0     -1      0     -5     -2 
     4      1     -2      4      7      5     -2     -4     62     34     32     87     40     -3     51      8 
     4     17     13     28     35     26    -15      7    -25      6     -8      4     -1    -64    -49     12 
   -30    -21      6     -4      5     10     13     10      5     -5     -8      5     -6     -6      9      3 
    -4      2    -10     -4    -10      6      6    -13      4    -10    -10    -11    -14      3      4      5 
    -7     -8      2     -4     -5      2     -5     -2      1     -9      5    -10     -7      0     -3     -3 
     2      3     -3      6      1    -11     -1     -5     -4      9     -8     -8     -3     -1     -8      3 
     2    -13    -42    -36    -10    -32    -28     -4      0    -20     -2     -7      7     -8      7      2 
     1     -4     -9     -9     28     22      0      7     26     -6    -23    -14     -8     -1     15     11 
    24     23     15     11     18      6    -51    -57      2    -72    -64      6    -63    -63     18     -9 
   -34     13    -14    -30      4      2     -6     -3      3      7     -5      2     11    -13    -10     -4 
    19     44     16     15     26    -82      0      2    -12     11    -41     -5     22    -52     37     47 
     3      8      4     20    -39     13    115   -187      5     16    -33     31     22      3     24     23 
   -67     32     41     21    -33     46     36     32    -26    -89    -12     12    -13     31     -6    -15 
    36    -61     39     42     -5    -13     11     52    -30     10    -35     38     -4    -17     30      0 
     0    -11     14    -14     -1     14      4     -5      4     15    -92     12     20     -1     23    -46 
   -12      3      8    -26     -6    104    -30      8    -18    -10     -9    -54    -45    -36    -86    294 
     5    -14    -33    -19   -225     -6     14     26    117    -21      3     -8      9     43     47     -9 
   -79     72     -4      5     17     14    -20    -14      7    -35   -118     11      2    -31     40    -25 
     9    -83     91     25     -5    -87    -50    -47     30    -52    -13     29    -45     27     69     22 
    14     73    -43     19    -23     -3     -7    -13    -31     -3     34    -70    -17   -223    308     25 
     5    -30    -18     38     54     15    -31   -340    -15      0     49    -21    -33    -41    -23    -13 
    23     16    -21    -14     -7     -5    -53      0    -52    112      2      0    -22     -4    -45     -5 
    -8    -48    206     12      3    -43     28    -57     43      2     32    -64    -10     -7    -34      9 
   -59     40     18     14     96    -15    -17    -34     19    -34      5    -14    -60      2    -16     -5 
    65     17    -18    -38      2    -90      1      7    -15      1     -5     30    -24    -18    -46     68 
     4    -16      4     11    -36     -1      2    -46     12     -8      5    -37     16    -70    -63    -10 
    59    -25     37    -53    -42    -13     95    -36     -6     85     69     10     26    -18     18    -63 
   -79    -25    -33     43    -11     22     37      9      2     -9    -17    -57     16      6    -29     15 
    26    -87     27    -14    -66    -23     11    -12     36      0     -4    -34     -3    -34    205     18 
    -7    -77    -15     11     44     -5    -17     42     -7    -17     27    -10     40     47      0   -191 
    70    -19     48     21     36    -20    -40     35     92   -133     21     57     14      8     60    -46 
   -30    -51     29     15    -13     -6      6    -11     -2    -16    -63    122    -17    -29    -14    -55 
    87    -20    -21     51   -120    -23     66    -62     13    -17     67    -12     64    -58    -10     31 
    19     15    -79     70    -23     24     44     12    -15    -36     16    -83     16    -19    -42     60 
   -13      8     31    -30    -12    -54    -24    -38      3      2     29     11     -9    -16    -59    -76 
   -63   -125    -18    -51    -51    -10    -11    -59    -13    -29    244     -6     34    -32    -15     26 
    18     -1     27     27    -20    -11     16    -14     21     30    -13     15    -19    -12     28    -10 
   -66     53    -30    -46    -79    -14     18     11      4     14      7    -15    -11    -60    -26     17 
    -6     -9     -1    -22    -46    -16    -18     -7      5     13    -33     -1    -68    -50     -2   -155 
    89      3    -16    -48      6    -13     -6      3     30    100      6     -4    -24      4      4    -13 
   -18     -6     27     -2     -8    -19     10     -7    -48    -24     -4    122     -1    -10    -24     30 
   -39    -32     -6    -35    -21     -7     -1    -13      1    -12    -25    -11    -38    129    -14     -6 
    -1    -17    124    -12     27     19    -56     -5     44     49      4     -4    -37      2    -10    104 
    17    -15    -48    -14     19    -41    -37    -31    -11    -18    -29    -15     -5     10   -203      4 
    65   -134      4     16    -42     30     -9      3      0    -42      5     23    -39    -23     31      6 
  -184     -6     45     84      2    -19     15      3     40   -129      7    -68    -21     25    -22    -42 
    11    -40      9    -47     42    -24      8      8     -1    -17    -10      1      0     -6      8     -2 
     0     12    -37      7    -24      3     -2      7      2     -3     23      4    -12    -13    -17      8 
   -18     -4     28     -7    -12     39     -2      5     13     -8     17    -26     14     -3     -2     31 
    -2    -29      2    -11    -11     -8     21      7     -4    -13    -31     -1    -15     -7      4     -7 
     5     -6      1     21     -6      4     14     -6    -33    -22     -4      9    -59      4     -5    -33 
     3    -22     14     -7    -23     13      4      2    -27     18    -23     27    -19     21    -12     12 
     6     -8     17   -137    119    -23    -60    125    -52     -2     20    -10     46   -147     12    -30 
    47     -7    -30     87    -31     29    -85     52    -28     48    -42     -9     46    -69     -5     51 
   -14      3     12    -16     18     -1     11     -1      2      2     -2    -16     -6     -3     12      3 
     6     16      6      4     -9     10     -8      4     -3    -19      7     33     22    -14     -6      3 
    -8      0     50    -63     38    -36     55    -44    -51    108    -67    -14     13    -21      0     -8 
     1     -9      5      1     -1    -47      0     -5    -39    -12      6    -34    -20    -15      9      1 
   -18    -33    -44      0      6    -12    -32    -30     13    -17     29      8      8      5    -20     -5 
   -44      9    -20     -8      4      2     -9     11      4     -5    -33     23    -73    -15      6    -42 
    10      8    -41      2      5    -14     -3    -13    -27     -3      0    -18      1      0    -17      7 
    -7    -17      4     -4    -18     -4    -33    -50    -30    -18    -36     11      6     30      0    -37 
    52     -2      0    -29     -5      2     35    -11    -24    -38    -10     -3    -45     10     18      3 
    11     34    -42     12    -10     -1    -18      1    -32     12      5      2     20    -19     14     -1 
   -19     -1     28     26     19    -60     11    -62    -28      1    -15      1      8    -28    -19     -6 
   -16    -16      5    -35     -1     -6    -13     -4     -7      2     -6     74    -63     13     78   -128 
     9      6    -40      1      4     13     -5    -19    -18     10     -9     14     20    -18    -13      9 
    -3     12     14      1     11    -12     -1     22      5      4    -18      1      0     -5      3   -109 
   197    -39    -12     19     21     80   -170     37     -3    -20      0    -18    -12     -9      2      0 
   -17     30    -16     11     34    -50     13     -1      0      9     -9      9     -3     -9    -23     -4 
    11     -7      8     -3     19     13    -19     35     -2     -1     -1     -6     -1    -36     -6    -12 
   -55     -1     -6    -13      1    -19    -12    -42     21      9      0     -1    -44     47    -16      0 
     3    -13     45    -28     21    -11     15     -6    -14     14    -10     23    -19      5     26    -23 
     7     13     11    -18     16     13     -9     14     29    -20     -9      2     -5     28      8      9 
    -8    -19    -56     75     36     41     92     -4     37     13    -17      0    -41    -25    -25    -67 
    16      7      9     34    -17    -44     14    -50    -12    -12     -9    -11     -4      0     -7      9 
     5      2     10      0     -3      3    -13     29    -22    -10    -22      0      3    -35     18     32 
     3     -4    -25     14    -19     -7    -19     -5     10    -53      3     -6    -11    -14     -2      5 
    -8     -2    -14     18    -22     51    -26    -21     46    -23     -4     59     32     22     48    -13 
     1    -38    -11      5    -12     20    -14     -2     -5    -16    -10    -25      7     39    -22     17 
   -88    -12    -16    -39      9    -15    -14      9      4    -21     11      2     -5     10     -1    -55 
    17    -18    -15     33      8      2     10    -27    -41    -21     -2    -50     -4     13    -65    -11 
   -16     12      4     -8    -14     -4     -9    -12    -15    -34    -22    -34    -32     24      5    -24 
     6     -5    -23    -31    -34     15    -24    -46    -14     12     -8     -1    -36    -24     11     26 
    12     50     18      4     26     16     -2     -6     30     12      2    -38    -30     23     50     20 
     9     31     27    -46    -28    -27    -18     37    -15     15     22     27     15     45    -10     -8 
     9     -2    -13    -13    -12     -6     -8     -2      5      2     -3      5    -15      1    -13     -5 
    -8     14     20    -29    -99     38     88     25   -157    -53      7      4     23     -3     -6     -7 
   -12      0     10    -15     -2      7     -1    -14     17     -4    -14     10      0    -19    -12     -6 
     5    -16    -17    -15     -6    -46    -40    -25    -39    -28      8    -33    -17    -14    -28    -31 
   -42      6      8    -67     -8     66    -34    -51    -26    -41    -11     97     53    -41     39      3 
   -13     12    -42    -14    -70    -12    -31     -1     -1     36     16     30      5    -93    -70    -15 
   -71    -50    -10    -13    -27    -28     -6    -16    -14     11      9    -37     -1      1      4     15 
     1     -3      9     -1     15      3     -7      5     -6     -5     -1     -8     -6     -1     14      4 
    -2      0    -11    -11     -1      3    -13     20     42      1      2    -15    -35    -42     -7      6 
     6     -6     -2     -3     -3      7    -10    -15    -15    -31    -37    -19    -39    -42    -15    -27 
   -22      0     -2     -4     10     -8    -14    -19    -30    -24     17     31     -5      5     50     13 
   -10     -2     13      2      0    -11      7    -12      3     -5    -17    -21      2     -6     17     -1 
   -25     -2    -14    -14     -6     -2     25     23      3     33     27    -27      3     16      2     -6 
   -13      6     -6     -9     -3      6      0     10     -6     -8      1    -11    -38    -18    -36    -33 
     0    -10     -8     17     -9    -15      1     -4     -4      8     13      8     -7      5     10     -5 
   -10     -4     -1     17     11     10    -12     -4      3     -9    -16    -19    -24    -14      9      5 
     0    -11     15     -2     20     49      9     27    -58    -26    -11    -33    -53     36    -56     47 
   -25    140    -35     60    -50    -99     10     12      6     -2     11     -2     -8    -22     -7    -19 
    -8      2    -27     13     22    -38    -10     15    -25    -16    -22    -20     17    -17     12      3 
    -9     -6    -13    -26    -15      9     -1     -9      1    -12    -12     12      8     -3     35     42 
   -23     24     -2    -59    -42    -85     11     46     13     20     93     43    -35    -35    -47    -22 
   -33    -84    -36     13    -38    -14     -7    -11      3    -12    -13     -7    -15    -12    -26    -35 
   -25    -13      0     -4      3     32     33     -6    -31    -16    -31    -77    -43    -45    -40    -27 
    28     15     21    -23    -52    -39    -49    -84    -56      3     12    -12     30     31     32      8 
    18     13     -8     -8      2     -2    -15     10     -4     -3     -3    -10     -8    -13     -8    -19 
    -6    -14    -15     -5     10     14      9      3     -5     15     16    -12      4      2     -1      1 
    -3     10     -3    -10    -13     -8     -1     -8      0     10      3     -7    -15      1    -14      1 
    -2     -3      4     -9    -14    -10    -12    -12     -2    -12     -4     -4      3    -12     -6    -18 
    -6     51     66     57     18     18     12    -11    -19    -20      1     -9      8      1    -28     -3 
   -12    -14    -19     31     15     24     12    -20    -31     14     11     -5      7      6    -33     16 
    10    -40    -11    -21    -54    -62    -36    -24    -22     12     -4     -1     18      9    -26    -17 
   -33    -50    -32    -24    -23      6     -2     17      3    -13     16    -11    -20     -6    -20    -16 
    -8     12    -10    -20      5     -9    -18    -28      6      5     -8    -10      0     -3    -24     -4 
     2     -5    -10      1     15    -25    -37      8     -9     -6    -27     12     -1      2      7    -41 
    21     10    -23     24      9     -5     10     13    -15      7      9    -21     13    -11    -24    -11 
   -10    -12    -19    -18     -7    -18     -3    -17      5     16    -13     17      2     15     11      8 
     2     -2     -2     36     -3     -6     19      9      5     35    -34    -37     66    -21      2    -23 
    -4      8      9     12     -9    -15     -9      3    -11     -5      0    -52    -11      2     -4    -69 
     4     17    -59     12     31    -27      8     74    -40    -46     76      6    -28    -23     30    -27 
   -19     13      6     30    -55      9    -82     42      3    -25     42    -27     27     -6     19    -15 
     5    -11    -21     -1    -27     36    -16    -23    -39     13     -7    -74     11      5    -31     13 
    21     28    -14     -6     49    -19      7    -17     -3     14    -33     36      8    -24     25    -38 
    41    -43    -12     56    -42     -5     11      2     11    -16     -1    -17     15     -5    -19     34 
   -13    -13     18     -1     21    -12     30     29      0      6      8     31    -29      7    -38     15 
    11     33    -43     -1     44    -23     15      2      5    -12    -27    -14     -3    -29      1     -4 
    20     10      5     24     24      2     16     12      0    -24     -1     16    -34     -8     -7    -26 
    -8     -9    -12    -33    -42     15    -45    -14    -46      1      2     14     21    -23    -13     23 
     4    -24     -7     -2      1      5    -10      7     -6    -14    -15    -12     -2     17     -5    -42 
    90    -15    -18    -41     17     18     -4     23     -6    -42     12     18      0    -40      8      2 
     3     12     -3      9      1    -17     13    -24     -9    -28    -45    -25    -44    -19    -44    -10 
    39     33     15     -7     -9     23    -11    -54     -5     -6    -36     23     -6     -8    -25    -23 
    35    -31     -2     32     12     19     33     17     20     17     13      1    -59      0     31    -52 
     3     37    -33     10     19    -44     48     -2    -65      6    -13      5      6     22    -34     24 
    15      8      8    -22     42    -10    -10    -10     -1    -13      6     -8     -6    -12    -18    -14 
    31      1     22    -91     22     37    -56     30    -10    -18    -11     15    -10     10      8     11 
     1     22    -61     51     46    -50      6    -20     63    -42     13     10     13     14     32     -2 
     1     -8     18     17      2     11     32     26     37     32     62     52     10    -24     -3    -17 
   -25    -36     -8    -35    -21      7    -51     34      0    -36      3     12     40    -78     -1      2 
     4     -3      0      3      8     -4     -1     -2     15    -12     -5      5    -14     19    -20    -18 
    16     55     -2     22     36     -4     32     13     10     21    -24      8    -15     39    -25    -15 
   -22    -22     -7    -52    -23    -29    -26    -22    -29    -32    -17     28      3     -5     -1     68 
   -49    -13     20     26     17     17      1     16     44      4     10     23     11     -5    -11     -2 
     3      1     -2      3     -3      3     -3    -16      4      0    -13    -45     -5    -10    -19    -14 
   -18    -17    -26      3    -22     -5    -29     -9      9    -16     12      5      8    -14    -19    -13 
   -31     20    -18     45     67    -92     85     34     29      5     -4    -33     -6     -8    -16    -42 
    -3     -2    -19     -5     25      1    -19     41    -27     -5      8    -17     -3    -15    -16     -8 
    -8    -34     11      6     12      0     -4     -2    -18    -23    -34      1    -26    -13    -20     48 
   -28      2    -49     47      4    -38     29     22     24      7      5     73     16     14     14      6 
    17     -9     -4    -53     28    -14    -33     11    -10    -19    -13     -3    -24     12      2     -2 
     2      5     -8      3    -10    -13     12     -7    -19     18     -2      8     -9    -21     19     -1 
    -2      7     14      9     35    -16      1    -28     14    -11    -48      9     -2     -5     -3     11 
     2      7     26      7      8     23     -4     -1     -2    -10     24      3      3      2      6      0 
    10      7     28     -9      8     16     -6      6    -13     -4    -14     64    -52     -3     -8     -8 
     2      0    -11     -6     -1      0    -16     -6     -4     -1    -25     19    -11      2    -85      0 
   -42    -61    -13    -75     52      1    -67      5    -13     44    -20    -16     58    -23     16    -75 
    70     25    -37    -16     32     13    -66      5    -63     24     -7    -29     36    -24     -2     -6 
   -21      3     -2    -16     -6     14     -4      1     -9    -18     20     25      7     -4     26     -4 
   -66     64      8     -9     22     16     68    -57     12      5    -32     -8    -46     31     -4     -4 
    23     -2    -18     21    -19     38    -83      3     58    -82     14     16      0      5     17    -11 
    -3      0    -29     -3    -15     20    -16     10     42     -2     51    -43     32    -49     22    -16 
    -9    -75     20     34    -35      4     10    -15      2     -7     -9     -2    -22     -4    -15     19 
     2     10     10     11     -6    -10     17     -2     31    -46     -6    -20     29    -32    -34     44 
   -25    -71     -4    -20     22   -108     -1      4    -31     -4    -18     19      6     62    -20     -9 
    38     -2      3     17    -22     -2     15    -18    -12    -26     36    -19     19    -41      7     30 
   -46     -3    -45      7    -14     15    -14     -2    -12     55     -8    -25     -6     12     -1    -19 
   -13     14    -12    -16     10    -21     -5    -47    -14    -19     21   -101    -13    -22     -9    -13 
    19    -64     36     58    -51     13    -16     60      5    -22      0    -13    -51     22    -15     25 
   -74     12     23     11      3      5     26      1      8      2     -1     43    -35     -8     59    -57 
    -1     24    -22      7      2    -16    -13    -18     31      1    -17     27      0    -18     33     -8 
    -4      3     17     33     -1     -5    -11      4     -2     -8      4     -4    -16    -14     -8    -10 
    20    -23     46    -47    -10    -38     -8    -10     10    -19     10    -17    -22      8    -29     16 
     4    -50     50     -3    -66     31      5     28    -57      5     34    -35     12      2     -7      7 
   -30     24      3    -10    -39     -2    -33    -55    -10    -57    -22    -16     13    -39     -9    -19 
   -54      1    -65     -9     -4     -5     24    -28     11      3    -11    -19    -54     33     10    -33 
    -3     24    -40      2     -9     10     11     48    -22     10     28    -20     11      2     27      1 
    10    -21    -10    -29     -4     -9    -17    -16     -4    -48     31      5      9    -16      7     53 
   -16    -12     -4    -35     -4    -39    -36    -11    -44     -6    -23    -13     31     -5    -29      3 
     9     42    -40     20      8      1      0     29     -6      2    -10     30    -11     -6      4      0 
     1     -1     -3      3      0      2      6     -6      1     35    -74     21     -8     15    -15     35 
   -33      2    -20     27    -11    -28     20     -3    -15      3     -1    -23      7     -9     47    -53 
    13     68    -73     11     -2     54     -3    -30     62    -14     19      1     -6     25    -71     18 
   -22      5    -17     20    -11    -16      2     13      3     -3      9      7    -19     57      3     14 
   -41     22     42    -42     32     -7     -9     -4    -27      2     -9    -11    -15    -13      6    -19 
   -18    -19     30    -26    -16     24     10     -2      6    -12    146    -23      3     23     -7     22 
   -14    -13     -1      0    -17      4      6      5     -1    -36    -90    -39    -70   -199    -84     54 
   -49     46     -6    -27      2    -14    -19      6    -20      7    -12      3     54      0      4     62 
    14    -29    -18    -33     -7    -10     -7    -10    -46      8     26     27     29    -10     21    -55 
    52     73    -47     -5    -12    -78      2    -26    -13    -27    -95    -33     -3    -49     15      6 
   -14      4      6    -23      6      0     -9      3     -6    -18     -5     -5    -12     -1     -2      9 
    -2     -4    -21    -16    -13    -30    -16     -6    -38      6     14      0      8     10     -5     -8 
   -17     -8     -5    -11    -29      9     24     39    -17      5      9    -20    -11      0      8     13 
    23      6     15     -1     -5     11     10     -9    -21      6      8     -9    -33      1    -27     22 
    -4    -80    -41    -41    -69    -91    -52     -2     -1    -44     28     26    -28    -26    -13    -59 
   -10    -34     -3    -26    -33     25      4     29     -6      8     49    -26     14     46    -50    -14 
    -8    -56      7     53     30    -12     53      2      6    -19    -10     16     -5     17     -3    -58 
     9     57    -15     54     -1      2     -6     -6    -16      2      8    -11      4     18     19      5 
     6     -2      9     -2    -19    -10    -18    -44    -23    -47    -50    -53     -4     -7    -22      8 
    47     21     -6    -12     -2     -7     -7    -15     11     35      0     11     83     32      8      1 
     3     -9     -1      1     -7     -9      0     -8     13      7    -35    -73    -23    -37    -66     -4 
   -12      5     10     -5     -5     -3      2      8    -10      0      9      7     16      1      7      9 
   -16     -1    -16     -8     -9      1     -6    -24    -13     18    -21      6     20      8     10     47 
     9      2     42      6     -3      0      2     -2     24      6     -2      5     -6     -3      5     -6 
     5     22     18    -11     23     14     -8      0     -2      0      1    -15    -15    -28    -11      9 
     0      7     -4     34     -3    -12      5     -4     -7     11     -8    -22    -20     13    -23    -35 
   -11    -40    -20      2     42    113      7     58    183     31    -39      1    -32    -22    -71    -13 
   -29    -86    -12     15    -25     -1     -1     32     14      2      9     -6    -10     -5     -7     -9 
   -11    -20     27     -6    -30      3    -11      6     -8    -53    -42     23    -18    -20      3      9 
   -28    -26    -70    -25      1    -31      9     14      8      8    -15    -64    -17      9   -104    -59 
    14      4    -16    -70   -105    -25    -92   -191    -40     27    -54     30     29      2     19    -27 
   -87    -10     17    -15     -8     13     30     18      4     14     -4    -24      2     -1     -7    -23 
    14    -22    -68      0     25    -12     37     58     57     -7     60     44    -20     23     23    -11 
   -48    -84    -27    -22    -63     43    -25    -30    -13      1    -53    -35     -1    -47    -62     -4 
    -3    -19      1    -13      1      9    -35     -8     -6     -4      1     19     11     14      3      7 
     2     -7      6      1     -6     13      3     -8    -13     -1      0      1     -7     -4     -2     -2 
    -4    -11     -2      4      0      0     -1     -6    -10      8     13     -6     -4     11     -6     -2 
    -7    -13     -1     -5     -7      5      0     11      0      6     -6    -15    -26     -4      7      0 
    11    -12    -18    -27     10     29     12    -18     34    -40     -4    -10      3      4    -12    -19 
    -1     14     -4    -35    -15    -16    -49    -81    -16      6    -75     24      2     22     -4      3 
    48      4      2      5     -5    -65    -91    -49    -78    -90    -48    -33    -75    -28    -20    -24 
   -25      1    -10     -4     -7     -8     -7      6     11     13     -8    -13      5    -10      0     -8 
    -3     11     -3     15      7      0      6     -2     -6     -6    -19     -6    -15    -31     -1      4 
    -4     14      0      3      6     -7     -6      0    -14      1     -4     -5      2      3     12     18 
    12     15     18      8     12     14      2     15      2     24     18     33     12      1     -5     -3 
     5     -2     -4      0     -4     -1      2     -2      6      3      3      7     -4     -3      2     -1 
    -4      3     -1      1      1      2      6      2     15    -13     -1     17      7      5      6     12 
    -3      4      6     10      3     14     -3      0     -3      7     -6    -12      4      6     15      8 
     2      6      3      6      9     -2    -25    -11     -6     10     -5      0     11      6     -4     17 
     1     -5      6     -5     -1      7     16     -2      2     -4    -14      2      6    -13     -7      7 
   -12    -16     -5    -10    -29    -25    -14     -8    -12    -15      7      9      4      8      7      3 
     4      2      4     -5     -5      9      0      6     -7      1      8     -6     20      8     -7      7 
   -20     -9      4    -15     -3     10     16     -2     19    -16      3      3     -1     -5     -4     -6 
     5     -2      0      1      6      1     -4      3     17      9      0      8      6      1    -10      1 
     5     17     13     -3      3      3      3      3     -4      5      1     -7      4      4     -5      2 
    12     -5      5     20     -3      2      5      3     12     30      7     37     34     18      8     -1 
     1     13      2     -4     21     17      3      2     12     -8      4      2      4     -3      4      5 
     1      8     -5     -8      8     -5      3     17     -4     11     -4     -5    -13     -6     -4     15 
    16      2      7     -1      1     -2     -7     -8     -1    -26      0      5     -1     -8      4     16 
    -3      8     14    -10      7      6     -5     11      6     -2     17     15     -3      2     11    -10 
     6      8     -6     15      9      1      1      6     -3      7      2      0      9     18      3      9 
    12      2      3      9     -8     14     11     -3      2      6      1    -10      1      4    -19    -14 
    -1    -27    -16      0      6      4     -9     19     23      4     -2      3     -9     -5     -5      1 
    -2      1     -2      7     -4     -7      1      3     -5     12     11     -8      3     11     -4     -1 
     8      4      5    -12      7      3      1     11      8     -2      3     10      1      6     10      8 
     7    -15    -11     -1    -20    -15      3     -1      4      4      8      4     -3      9     -1     10 
    10     -2      8      3      6     11      5     13     21      5     10     16      9      6      6    -17 
   -21     -3    -15    -19     -5     -1    -13     -3      9     13     15      1      4      8     33     28 
    20     18     -5     13     21      6     10     26     16      5     58     38     10     25      9     -1 
   -27    -19     -8    -27    -16      3    -28    -24    -22    -10      6     -3     -1    -16     -1     10 
     4     -7     -7      4      1     11     15     -2      7     -8      0      1      0      4     15      4 
     1      1     -6      4      2      9     -1      0     12     -2      1     -2     -5     -1     -1     -3 
     2      5     -2     -3     -3     -2    -10      3     -7      5     10      0      6      1     -3     -9 
     6     -6     10     11     -1      4      0      0     11      0     -6      9     15      7      5     11 
     5     -1     -9     -2    -20    -27     -3     -6     -4      3     -9     -1      1      2     20     -5 
     8     -4      1     16     14     10     -7     -5      4    -15    -10      1      7     19      8     12 
    22     14     13     28      7    -15    -20     -9    -23    -29      2     -2     -4      8      1     -3 
    -3      4    -28    -13      4    -10     -9      9    -16     -7      8     13      2      0      6      0 
   -21    -56      0    -10     -1     -9    -15     -6      2     -9     -7     -8     -2     -6      0      3 
    -3      0    -62    -89    -90     86    124    101    -22    -40     -2    -10    -10    -13     14     18 
     7      5     15     12     20      9      5      3     16      4     -4      0     23    -28    -34    -17 
    13      5      2     15     21      7     20     26     14    -33    -27    -15     -9    -13    -23    -13 
    -1     -9    -15     10     -4    -10     12      3    -25     17    -18    -22      3    -11    -17     -4 
   -11      4     -5     -2     -1    -16    -12     -3    -16    -18     -8      0    -33     -1      7    -60 
    -7    -15    -45      4     13      3     -8      4    -32      8     48    -11     12      3     34     -2 
   -27     -3     22    -15     -2      7    -32    -24     18      6     -8     -8      5    -23    -19    -42 
   -42    -15    -51    -49    -15      5    -21    -17    -29    -16      9     -7     -5     23     19      1 
    17     14     -4      3     11    -16      9     -1    -25     -9    -21    -10     18    -13    -32      2 
    14    -13     28     47     24    -19    -18    -20     -5      9     -3    -10      1     -6    -35    -20 
   -40     19     29     13    -12      7    -13    -23      4    -62     -4     30    -34     -3    -16    -53 
    12     20    -32      9     -7    -26     16      7     12      9      8     -9      4      3     -3     40 
    38     28     -8      3      7    -25    -17    -38     43     23     25      7     20     16      2    -24 
    -5     -8      2    -24    -22     28    -13    -18      6    -11      7     -2    -11     -6     13      8 
    -8      5     -3     -5      8    -16    -43    -48    -54    -13     39      7    -13     -5    -28      5 
    19      9    -12    -20     14     27     19     39    -29   -125    -85     29     41     30     37     23 
    26    -19     -1    -13      2    -13    -14     -2     -1    -22    -13     33      4     -9    -12     -9 
    14     45      0    -18     39      2      2     16     11    -13      1    -13    -39    -34    -82      0 
    26    -35     22     -4     -2     -2      1      4     -1    -24    -10    -53    -30    -20     65     97 
    16    -13      4     -4      9      7      8    -14    -21     10     10     10     25      3      7     -3 
   -12      2    -17      5     15     -6      9     28     17    -38    -44    -39     26     28      0    -38 
    -4     14      4      2     -8    -22     16      3      8      5      1      9      6     -8    -14    -38 
   -35     21    -53      9     -1    -28     -8      5      1    -33    -10      0     -2    -24    -10    -17 
   -16     -6     -9    -19    -19    -20      1     11    -11    -17    -18     -7     -6    -24     -2    -14 
   -54     -6     -1    -34      4    -10      2    -27     18     15    -23    -18     -3    -50    -19     -5 
   -17      6     16      1    -10     -5     -9    -45    -29    -30    -16     -1      5     -4    -11     -1 
     1     11    -21      4      0     -5    -12    -30    -31      2     29     -1      2     47      4     -4 
    21     11     -4     10     -5      1     34    -27    -11     21     -9     -8     20    -20     28     64 
    25     -6     22      6      8     -1     -2    -50    -67    -68     -4     31      7     -4     -3      5 
    -7      8      1     -5     -8     -8    -17    -17    -28     -2     18    -55     -5     -7    -32    -12 
   -21     -8      0      4    -18    -21    -17    -14      0      4     -9    -40    -21    -58     -6     36 
   -45      3      2     -5     30      2     18     28      8     14     -7     -3    -27     -6      2    -64 
    -8      6    -31    -22    -27    -16      9      9     16    -12     -3     -4      9      2    -22     14 
    26    -25      5     23    -26     -8     -6      6    -13    -15     -3     11     21     19     -6    -14 
    44      4    -51     67      4    -32     29    -24     12     -6    -30     21      6    -11     11     -6 
     8    -24    -37     12     23    -40     -4     24    -11    -10    -14     24    -11      9     22     -7 
     8      5      4      8    -31      3     17     -5     15     26    -20     18    -32      3     18    -30 
    11     22      0      5      0    -22     30    -13     13     -3      1      3    -11     -2      5      7 
     0     -4      9      4     -9      9     10      5      1     25     -9     13      9    -11    -10      9 
    23    -18     31     33    -20     18     30    -20     17     45     -8     36    -21    -30     34    -40 
   -17     -1    -27     16     15    -56     18      3     -6     -1    -22     13     -2      9     31    -19 
    25     49     14     16     25      3     21     -8     14     17     -8    -16    -12    -25     21     -8 
   -53     28      2    -23    -16     -9    -36      1    -51   -105     12    -60    -78    -21     37     18 
   -13     34     22    -20     23     -5    -23      5    -26      9      0    -31     29     13    -23     30 
     3      7      2     -2    -39     17     -9    -35      1    -26    -14      3    -32    -15     10     -5 
   -26     11      3     18    -17     22     -1     -4     18     10    -13     48     24    -23     25     11 
   -28     28     16    -30     10     33     10     37     49    -39     28     30    -69      3    -17    -11 
    22     77    -11     46     29    -21    -22      2     -4    -25    -30     15    -22     -4      4     21 
   -15     14     59      3     18     29     -1     -1     -4    -19      0      9    -34     23    -25    -39 
    14     -5      0     17      5    -27    -18     -6    -31    -14     15     22     16     24     -2      8 
    24    -12     -3      0    -17    -28    -21      0    -45    -26     -6    -11     11     10    -18      1 
    16     10     23     36     -6     -1     -3      9      4     14     -7     24     21    -29     13     -6 
     3     22     12     31     25     13     13      7      1     24      7    -29      3     -1    -46     -7 
    -3    -35      1    -40    -50      9    -49    -36    -22      5     21     29     23     21    -19     13 
    -9    -51     32    -14     -9     55     11      4     44      2     -1    -17      9    -14    -14      5 
    22     18     16     -4     20     11     22     -3      1      3    -20     -5     -3     10    -19     29 
   -14     21     12      6      2      5      2     -2     24     10      5     29      0      1      2    -10 
   -17      7    -83    -29     53    -63    -20     29     -1     -8    -13     -1    -23      0    -21    -30 
    10    -47    -35     62    -68    -54    100    -13    -10     64     13      0    -27     -3     -1      0 
   -13     -2     -3    -15    -19      4     -8    -13      3      3      4      6     -8    -15     29    -15 
   -49      7    -36    -67     21      2      3      5    -11      3      5      2     11      8      5    -30 
    25     -9    -35     29     -3    -23      3     65     38    -31     96     40    -25     55     11    -38 
    28     -6    -33     38     19      1     23     10     -1    -11     12    -10    -14     -1    -10     16 
   -10     -4    -16    -14     11     10     19    -21     -1     39    -22      4     -3      8    -21    -12 
    30    -27    -22     15      3    -26    -15     26     -9    -34      2      3     -3      5      3     12 
    -1      3     -5     -4     -5      0     -9      5    -60    -17     24     -9    -17    -12     -1     12 
   -22    -33      5     27    -27    -15     10     -9     -2     10     11     24     10     -7      6      0 
   -55     -2    -19     37    -56    -52     36    -29    -14     22      2    -13    -32     -7     29    -28 
   -17      4     38     23     -1     16     25     -2      6     15    -16    -16     19     -5    -22     -8 
   -77      1    -36    -69    -17      8     -7     31     -6     -3     35    -11    -19      8    -17   -102 
    37    -22   -127     84     -1    -36     52      6     28      2     37      5    -12     45     -1    -33 
    -2     -7      0     -1    -10     -1     -2     -7    -10      1     14      4      1      9    -21     -7 
   -20    -32      0      4      7      0     -6     -8     -3    -17     -6    -19    -11     -9    -21    -18 
     0    -22    -11     -3     -8    -39    -32     -4    -30    -11      3     12     13    -20    -13    -10 
   -18     21     21    -15    -10     -3    -10     42     13    -32     53      7     -7     29     23      3 
     6      4      9     13      9      1      3      6     -6      1      1     -9     -7      2     -6     -5 
     1    -13    -16    -19    -12    -14    -15      0     -2     -4      3      6      5      5     15     -2 
     0      5      8    -19    -15     -2    -13    -19     -6    -16    -21     -5      2     -1     -6      3 
    -9    -16     -6     -7      1      2     11    -10      3     -6    -15     -1     -1     -5    -25    -12 
   -26    -30     39     -5    -21     14     -8     -9    -15    -16    -14     -4     -9    -19    -26    -30 
    17     19    -12      7     32     26      0     -6     12    -38    -60    -45    -30   -167   -104    -14 
   -33    -15     -7    -16    -24     -9    -23    -25     -5     -9    -10      1     -3     -6     13     15 
    -5     -6    -12    -16     -8     -8     -5     -4     -8     -9     -2      3     -5     -1     -2     -4 
     0     16     -3      1      3      0    -17     -7      3    -10     19      9     10     -6    -15     -7 
     2     -1     -7    -10    -15    -12      1     -8      6      8      7      4    -19    -12     -3    -43 
   -32     -5      3      1     -4     -5      2     -2      2     -6      3     20     -4     12     48     18 
    -4      0      8     -4     -2     -7      5    -10     -7     -3     -4     -7     -3     -7      0      1 
    -9     -4     -1     -9     -4     -4     -7     -5    -10    -13    -17     -8    -12    -10     -2      4 
   -11     -3    -37    -24     -6     -3    -15     -4      2      0     -3     -3     -1    -13     -5     -2 
     3     -2     -2      8    -13     -4      4     10      5     -7      0      3     -6      2      5     -4 
    -4      1     -1     10      0     -1     -2    -12     -8      6     -1    -15    -17     -6    -21    -40 
    -8    -11    -34     -8    -30    -20    -12     -9     28     15     -3    -10      7     -1     15     14 
     8     19     36     -1     16      7      6      9      2      0     10      7     -8      9      0     -4 
    -4     -1     -7    -18    -13     -3    -18    -15    -12     17     40     -4     42      2     -4     24 
    10     -5    -16    -10     -6    -29    -32      6    -12     -4     -9     19     11      5     60     19 
    -3     15     -4      9     -8    -12      5    -12    -29     -4    -17    -10     10     -3      1     -6 
   -22    -36     -9    -11    -20     -4      1     -3      0      3     -9     -2     -3     -1    -20    -42 
   -35    -17    -47    -43     -6    -18    -11    -17    -16    -13    -15      3     20     -9     17     12 
   -17    -20    -22      3    -12     -7    -18    -22    -16      3     -9      3     29     67     59    -20 
     3      5     -6     -6      5      8     -8      0      2     -4     -7     -1    -12    -11     -2    -24 
   -16     -2    -23    -18     -3     -3     -7     -6    -13    -12     -3     -9    -14     -2      9      4 
     3     10      6      3      9      5      0      0      1      3    -10     -5     -2      3     -4     -2 
    -2      0      2     -1     -1      1      1      0    -10     -4     -2     -3     -5     -9     -5     -1 
    -9    -10    -15    -14    -15    -27    -13     -1     -8     13     -2     -4     -4     -4    -13    -13 
    -1    -12    -10      1     10     10      9     -6     13     -7     -5      5     -7      5     10     -6 
   -13     -9      0     10     13     -8     12    -12      8     44     10     -1      7    -12     -5    -17 
   -22     -9    -31    -37     -3     -2    -10    -10     -9     -7     -8     -6     -2      0     -2     -3 
   -14    -82     -6     58    -54    -40     33     17     -3      2     -9     15    -13      1     -3    -23 
   -15     -7     51     16     27     32     35     20    -12    -66    -36     31     40     36     11    -16 
    -3     13    -26    -16    -35    -19    -30     20    -25    -17     38     40     40    -11     19     21 
   -16     49     52    -25    -11      2    -14     38     22    -50     13     -7    -37     -5    -17     16 
   -38     21     23    -46     23     21    -28     11    -13    -86     10    -39    -44     44     -2     16 
    14    -26     24     21      0    -78     -1     10     21    -12     17    -40    -12      4    -36    -34 
    21    -19      3     65     75     17    -23    -36    -14    -50    -62    -39    -10     70     12    -37 
     1    -27    -10      0     -8     17     69     12    -18     53     37      4    -33    -52     -7    -68 
   -37     55     40    -14     34     36      8     33     56     18    -31     16    -22    -59    -56    -58 
    13     16      4     -6     22     22    -26    -23     -2     25     -4    -31     -2    -45    -24     34 
    10     37      9     40     25    -14    -13    -27     -8   -103    -63    -22    -31    -38     -9     -6 
   -18     23     14     20     18    -59    -18    -26   -102     -2     13    -13     24     -1    -26     10 
   -13    -24     -1     12    -22     10    -10     20      6      5     22    -33     -7    -27    -23    -44 
   -22    -27    -21    -22    -34    -10     16     42     27     51      8    -41     29    -40    -42    -89 
   -84    -37    -79    -17    -42    -35     37     39     24     14    -13     -5     -6    -47     30     26 
   -16     11     10    -24    -50    -29     32    -43    -65     52     38      2     18    -44     -2    -11 
   -33    -19      9     -9      9     56     71     49    -32    -67    -26    -38    -89    -39    -16    -13 
   -12    -18     27      7      0    -54    -14    -48    -79    -43    -53    -34     12     21     17     -8 
   -10     54      4    -36    -12    -21     -5    -11     14      1    -60    -45    -43   -104      0     35 
    32     51    -71   -101    -61     -8      4    -23     21     32     34     65     58     45     24     53 
    36   -123   -147    -48      1     21     -8     -2     -3    -41      6    -16    -15     25     39     -4 
     4    -19     43    -43      6    -25    -45    -23    -28    -69    -59    -29     34     28     19      1 
    65      3     34     43    -32    -14    -10     -8      8      6    -10     15     30    -51     -2      5 
   -17    -16     47    -40    -27     26    -46     -2    -16    -20      3      9    -11     20     39    -43 
    -4     11    -10     23     67      3     -8     54     -6    -58    -68    -60    -18     12      1     11 
    50     23    -21     -9      1     14     -3     11    -16    -20    -31    -11      0    -22     11      4 
    -7     -1      8     -6      5    -22    -19    -89   -126    -36     15     -5     82     70     90     83 
   -10    -18    -29     23     10     37    -56    -62    -12     10      8     22     14     31     13    -44 
   -16    -32     12    -29     21      0    -53    -34     16    -26      4     11     18     -2    -14     18 
     5    -23    -31    -23    -41    -25     -8     -9    -49    -63     42     21     14    -22    -49    -36 
    -3     -7     -7     38     56     43     18    -46    -53     36     16    -61     30     22     13     15 
   -81    -36     41    -43    -27     38     30      6      8    -40    -21    -38   -111     -3     19     -5 
    30    -22     31    -17     -9     32     22     13     13      7      7    -54    -14     30    -25    -86 
    32     13     -9    -54    -69    -21     -7     -2     13     12     -7      0      2     54     39     -3 
    48     -3    -45    -39    -40     19     39     30    -15      7    -24    -25    -32    -25    -71     19 
   -21    -24     62     14    -20     -8    -22    -20    -26      3    -51    -32     33      7     -3     35 
    26    -78     37    -39     64    -31    -11     49    -17    -11    -40      8     -1    -27     31    -14 
     0    -20    -30    -11    -16    -18    -58     22    -19     15      6     20      1     -3     -5    -13 
    -2    -10     12      1      7     -1      3     -6    -19      6     -6    -15     11      3      3    -17 
     1    -14    -25      5    -11     -6      4     24     12      5    -63     32     -1    -31     26    -12 
     7      1     -1     32     -8      9     16     -1    -31     47     -9     -3     -4     -4     -1    -44 
    11    -16     -1     -3     -1      1     -2     -2     15    -24    -15     71    -11     34    101    -90 
    30    -59      5     17    -24     12     40    -62     -6      9    -82     26     34      0     -8     -2 
   -65     41    -44     13     23      4     12     19    -14     76    -37     -2    -12    -46     21     -4 
   -41    -10    -68     16     -7      0     38     -7     23    -35      5    -51    -11     -5    -44     35 
     5     29      4      6     16    -15     11    -33      1    -20     30      3     18     24    -22     18 
   -76     13    -13     69    -18    -13     -7     22    -19     -3      5      5      3     -5     -6     -4 
   -14    -41     31     -9     -5      8     18    -16   -106     -9    -36    -24    -21    -14     -3    -38 
    -2     21    -98     30     -2    -13    -12    -60     26    -35     85    -21     17     34    -33     25 
   -15     -8    -15    -19    -13    -20    -16      6      8    -68     60      6     -8     39      2     16 
    -5     -4     41     -3      9    -12     31      9     -2     14      5     21     14      1    -11     20 
     8     -6     -6     -3    -25     28    -31     61    -90    -20     -2    -32     -8   -105     17    -62 
    68    -12     -2     76    -25      4    -55     37    -20      0     44     -4     60    -18     11     20 
   -12      8     -4     10     18    -12     -2      0     52     -2     38     27     37     24     16     21 
    13     -7    -40    -33    -13    -12      6     21     -7     -1      2      9     -6    -30      8    -15 
   -13     -4     24    -20    -19     -8    -16    -33    -18    -25     12    -13    -11     31    -22     55 
   -28    -31     27    -24     -1      5    -29     -2    -59      5     -5     38      9     10     13     14 
    -7     15     -9     -4     -3     -9      5     17      9     21     15     26     43     31     45      3 
    23    -10     49    -96     10     -7    -42     10     -4     40    -41     20     43    -71     15    -47 
     7    -16    133    -91     78   -132     22      7    -91     64     -1     20      9    -13     81    -72 
     6     17    -18    -11      1      4    -32      0     -9     -8    -18      1      9    -52    -40    -16 
   -83    -11    -11    -64     22    -16     16    -46     28     56   -141     22    -95      9    -16     26 
   -35      7      5    -13     -1    -20     21     -3     23      0    -22     23    -50     -5     -3      2 
   -37    -23    -26    -43     11    -28    -15    -12      9     19     -5     40    -30     62    -29      0 
     9     -6    -14     -5     59      4    197    -60     29     70    -65    -28    -29     33    -51     24 
   -42     17     18    -32     -3    -46     -1    -34     10    -63    -58    -29    -33      1     -4    -11 
     2      1      7      3      9      8      1     53    -56      7     34   -116     -3    -65     34     21 
   -71     14    -33     77    -41    -16     20      0     -6      6     28    -11    -28     14     -9    -19 
   -21      8     71      4     47    -19     54     40    -21     49     -8     49    -14      6    111    -94 
    -2    -24     43    -24    -20    -19     -3      3    -28     -3      5    -21      3      4     36    -20 
    51    -80    -23    -26    -24    -11      0      1    -19    -36     -4    -25    -24      0     31   -187 
   123    -33    -20     96    -11     81    -46    -32     -6    -17    -17    -89      4    -16    -51      7 
    31     69     -9     61   -126     -5     13    -51    -11     -9     25      5    -11     31     19    -21 
    -9      7     -5    -52     23    -21    -67    132     12   -109     61     -6    -44     -5     -3    -24 
    16     -9    -48      2    -22    -22      5     51    -15     16     20      6     -7    -14     -1    -25 
     4     31    -31     27     15    -19     -3    -62    -63    -58     39    -87    -37     77     42      8 
    12     10    -23      7     12     -8    -35      8     27    -36    -63    -47    199    -20    -91     24 
     1     14    -37     21     25   -116    -32    -20    -45     12     -7     12     47     55    -17    -41 
   -14    -73    -81    -90    100     33   -205     83     46    -12     50     31     27    -32     -6    -16 
   -36      6      1    -36     16    -28    -60     13      3    -79    -27     24     15     18     41     92 
   -11     63     76     -5     43     -7    -69    -23    -41     58     13     12      0     10     45     35 
   -17    -54    -35    -62      0     34      7    -21     18    -14    -44    -37     31     99     46    -10 
    -6     16      2    -43     39     28     43     39     -7     36     -2     76     21    -17     43     -2 
   -59    -45    -71    -22      4    -12    -50    -58    101     77    -67    -52     52     34     32     43 
    -5    -91     43     -3   -148    -41      9     96     57     27   -169    -46     57    -63    -20     50 
    62    -43     62    -36   -144     59    -36    -49    -27     18      1    -71   -134    -23     -8     43 
    54     19    -32   -105    -15    183    -47    -18     74      4      2    -38    -54    -53     99     -6 
   -17     43     28    -15     74      5     66     22    -36     28    -25    -66      4     64     36     38 
   -55      1    -31   -106    -31      2    -47     87     34   -138     81     31    -77     -1    -14     22 
    -9     19     37    -50     41     79    -41     30    -14    -91    -17    158    -53     -4     75     -6 
     6     31     38     54    -12    -39     36    -11    -27      5    -27    -93    -20     94    -24    -60 
    26     53     57     26    -45     76    -75   -157     34     16    -53    -97     47    -27   -110    184 
    49    -50     42     33      5     10     44      6    -45     37      6    -52      4    -12    -87    -20 
   -55     47     31     11    -12     16     31     20    -46     20     33   -176     54     85    -65    -28 
   -45     -5    -41     35     -2    -12     13      2     -8    -17     15     15   -115   -116     37     -3 
   -21    -92   -108      2    103      8    -14     29     67      2     -3     54     15     17   -112    -54 
    37    -36    -29    -42    -10     -2    -37    -28     31     18    -11     33     12    -33    -56    -58 
  -122    -61     37     -3    -39      2     -3     -5     61    -19     66      4    -77   -101     -5    -23 
    -4     22     -1     19     14    -24     -7     95     74     43     20    -58    -72      2    -27      3 
    78     64     29    -57    -95    -66      2      0      3     22     -5     24    -29    -35     54     -2 
   -54     -2    -12     57     16     31   -134     -9     48    -72      3     23     -6    -18     -4     52 
    82     14    -66    -20     12     54     -6     52     -1    -54     37   -105    -85      9    -12    -37 
    20     17    -22     -1     25     17    -17     55     43     57     38    -89    -17    -16    -61     16 
    78     -4     76    -91    -52     -6    -36     -1      0    -34    -79    -10     99     22    -67     30 
    93    -48    -45      1     36     93     48     24    145     41    -35     66     18     53     10    -71 
     7    -55    -61      7     31     25    -33    -57    -22     -7    -20     -2    -27    -29    -17     31 
   -33     76     49    -48    -25    -46    -16     27     -4    -11     14     30     31     21    -36   -150 
   -75     49    160     42    -14     19     39     35     -3    -43    -65    172     20    -97    -19      2 
    -6      5     -2      7    -19     -6      6      1     -2     -5     -3    -16      0    -30     11      7 
    -3     21     -9      6      9     11     -1    -10     -5      8     16     -4      9     21     10     18 
    -7     18     18     -9      3    -16     21     28    -42    -17     -9     -9      2    -21    -24     -6 
   -28     43    -11     35      0    -33      2     -3    -21    -13     71   -128    -29    -60     16      0 
     1      3      0      4      1      4     12     -4      6     -8      2    -20      7    -24      8     -2 
     1     -5      0      2      4     -1    -19    -15     31      0    -10    -14     11      4     -2      4 
    -8    -10    -16     13    -22      3    -53     31     -5    -27     22     15     31    -62     -9    -21 
    21     25     -6     24    -10     24    -38    -22      2    -53     15    -23     33    -16     -8    -13 
   -18    -43     20      4     -1    -18    -16    -16    -17      0    -14     44    -38      2      8    -46 
     2    -61     30    -11   -124     37     -2     48    -45    -30     88    -21     44     53   -104     43 
  -150     39     -6     47    -26      9     38    -69      0     -8      9    -19     -2      0    -24     14 
   -36     -8    -23    -39     -6      9      5      4    -21      5     -1      9      1     10    -10      6 
     4     -3      4     -5     21      2      5      5      7      3     15     -9     10     43     14    -13 
    16     -8      7     -6     20     -1     -2      0      0     -9      2      7    -57     50     15     -4 
    -1     -5     -9     -4      1     14    -22     -6    -11     16     29   -102    -17    -63     20    -33 
   -32     23    -59    -19     13      4      9      7     12      4     -8     23      4     21      1     16 
    -9     -8     -8      6     -3     20    -21     -2      0      0     19     -7      5      3     -7     -3 
   -16     -9      7     21      8    -14      1     -5     28      6      0    -23     -6     12      2     15 
    -5     11    -16    -13    -59      8     -9    -48      1      2    -16     -4     -9    -13      0    -11 
     0    -17    -19     11     -6     -2      2     20     -8    -12     -6     -6     20     -9     11    -20 
   -31     22    -52     -4    -23    -21     -1    -25     65    -69      6    -14    -43     -1     22      4 
     2     28     -4      1    -20      3    -12      1     -3      1      5     -4      2    -11      9    -16 
    43    -22      5    -45    -15     11    -65     -3     14    -29     -9    -17     -4     12    -22    -14 
   -15      4     18     24     12     23    -13      9     20      3    -10    -20    -19    -28    -68    -28 
   -11    -19    -17    -26     20     21     -6      4    -10     24    -11    -30     13     -9    -10     -5 
    -1    -10      5     -6     -2     -3     12     31     19     -8     17     -5     22      0    -20     13 
    -5     10      6     13     13      2     -6      2      5      5      9    -26     23      0     -4      3 
   -11      8      6     23    -29    -21      2    -31    -10     -8     53    -14     -6     51      1     22 
   -89     29    -12     -5    -14     -2    -27    -15      3    -10     -8     17    -20     11     15     22 
    -2    -10     45      1    -14      8     -1      0      9     -5      3    -12      4     -2     -6     -3 
     0     -4     11      0      2     -4     -8     10      6     -1     11     -7     -7     -7     16    -15 
     9     -2      8    -20      9     -3      9      0     -7     12      7     -1     -2      6      0      5 
    -7     18    -23      3      3    -92     49     -8     42     18    -16     -4      2      6      3    -24 
     8     -9     -2    -27      5    -39     19    -64     10    -11    -13      1      3     17    -11     23 
    64    -37     -4    -24     40    -31    -18    -39    -12    -39    -21     -8      1     11      2     15 
   -14     10     -1      1     -1    -11     28    -12     13     21      1    -27      3      5     18     -2 
   -11     25     21     19    -40     10      0      0     18     -4     -2    -20      2    -10     -3      2 
    -5      0      9      5     23      7     42    -31      2    -17     23    -30    -10    -10    -11     -4 
    -6     -4     -7      1     -5      2     -4     -5    -28     17     -5     -1     -1      2     14     -3 
     5      1     -9    -14     -4    -18     12     -6     -3      5    -22     58     -7     24     -5      2 
    -4     -6     -6     -7     -8    -15      3     -1     20    -29     42    -27    125     54     -7     40 
    10      6     11     -2      3      1     -7     -8     -3      2      3    -12     -5    -10      4    -88 
     3    -14    -52     -6     16      7      8    -44     37     -5     34    -13     -1    -21     -3    -20 
     6     34     17     -2    -26     -2      9     -2      7    -26    -11      2     -4      7    -23     -4 
     7    -15    -12     -4     -7    -28     -8     -6      8     -3      3     -6    -15      0      7     14 
    -6    -10      0     -6     -4     14      4      8    -15    -10     12    -15      4     -6     21     12 
    11     16      7    -22     40    -21     24      5    -22     10    -27     -4    -32    -11    -14    -19 
     9     -2      9    -15      5     49     15     14     -3    147      0     48     56     -2     12    -11 
     7    -33    -62     -2    -17    -62      6     13      6     13     -7    -24      8     -8      0     -8 
    14    -31      0    -30    -74      0    -22    -22    -15     27     -7    -14     -6      9    -15    -10 
    14     10    -44     59    -24     67     60     -4     18     10      6    -44      8    -16     30     42 
    -4     29      3    -17    -16     13     -6     28    -17     -3    -20     -2     -2    -17    -18      2 
   -43    -40     14    -33    -39      2     24      5     20     -3     30     12     -6     10      3    -11 
    10    -25    -11    -25     -4    -17    -34     23    -64     23    -31     55     28      3     -2    -20 
   -21    -13    -20     -7     -7    -55    -13     -7    -18     10     36      3      5    -18    130      5 
    57     56     -7     11    -20     -5    -37    -67     -3    -13    -31    -10     23     -7      4    -16 
   -33     -5    -12     12     11     21      6      5     -7     30     -1     -8     14     -7      3     -8 
     8    -30     27     -4     30    -11     -4    -11    -11    -19    -30    -32     -4    -19    -40      6 
    13      7     10     29    -17      7    -38     -1      5     22      8     -3     12    -16     -7    -10 
    -6    -20     56    -29     19    -37     20     13     32     -3     -7     29     10      2      5     -8 
    -1    -18      5      8      2     -9     12    -16    -16     15     -5    -13     -8     -5     -3      1 
    11    -58     10    -16      9     -1     -4    -33    -11     -9    -41      1     -1    -49     11      0 
     4     10     -6     -2      5    -12      0      0    -10    -11      3    -30    -30      0    -15    -24 
    -1     -9     -1      3     -4    -14     -6     -7    -18      8    -18      7     -5     -7      8      3 
     4    -37     -6      9     -8      7    -27    -52      7    -13      2      1    -10     -1      9    -30 
     1      2    -17    -32     -2      5      8     15     33    -23     14    -15     -9      5      3     -9 
    -2     -8     10      6      7      3     -2     -9     26     -2     32    -54    -10      0      8    -13 
    25     -2      8    -15      1     -3     -3     18      9     13     12     16    -24    141      7     66 
    92     -2      8      5      1     20      5     13      3     24      0    -13     35     -4     42    -65 
     0     -4      8    -17      0     -1    -11     -9     10    -11     -5    -14     -3     -4     -1     -3 
    12    -10     -5     12    -29      1     12    -21      8    -10      6      6     15     31     12     15 
    -6     16     -3     12     16     -8     -1      5    -13     14    -14     58     37    -10     22     13 
    -7      9     12     31    -14     11     45      1     -4    -15     -9    -12      1     -5      1     10 
     5     -8      9      8     12     -4      7     -2     -7    -21     13    -11     -4     -9     -9    -20 
   -10      7     -5     -3      9    -20      3     30    -15     13     35     27     17     18     25     -6 
    -5     13    -14     -5     -1    -27     -8     17      5     -6     37     30    -17     25     22      6 
     9      4      3      4      7     -1    -12     -5     18     15     -9    -16     39    -19    -26     25 
     7    -18     24      0      6      2     -9     23    -15    -15     11    -21     20    -11     32    -19 
    -7    -29     -8     18      1     -1     -3     38      1    -14     14    -13     33     -1    -15    -33 
   -13      5    -17    -19     16      3      0    -24     -3     -4     -1     -7     22     33      1     28 
    -5     -5     10    -23    -52    -14    -60      8     23      3     -6     -8    -11      9     10      6 
    18     22     -4    -12     28      8    -18    -35     18     13    -11    -13    -16     -9     -5     -5 
    -2    -10     -3     36     -4     20    130     32     29     91     43    -22    -34     10    -10    -15 
    -6     12     10    -18     -1     19     -5     18     14     19      5     11     53      2     -1      2 
     0    -18     50    -22    -35    -26      8     -8     -5     27     -6     -9      9    -20    -21    -95 
  -118    -98   -108   -150   -124    -84   -121    -89     32     48     21     68     66     42     22     62 
    18     -1    -36    -51    -49      5    -45    -10    -11    -17    -15     14    -13    -28     23     12 
   -20      9     33    -16      2     11     -2    -17      5     21     29    -21      9     14     14     23 
     2      2    -25    -17    -11      2     22    -16     18    -41    -11    -19    -30    -22    -53    -74 
   -48    -43    -22    -60    -40    -16    -39     -9    -35    -58    -40    -30    -45    -20     -2    -17 
    17     -6     -7     -2     32      9    -29    -16     -3     21      7    -24     13    -10    -20     -5 
   -12      9   -123   -127    -86   -118   -164   -124    -72   -112    -86      7     11    -17     38     38 
   -11      6     26      0     18     12     12      2    -11      0    -10     -8      8     22      3    -11 
   -15     -5     22    -39      1     12    -56    -74    -82   -111   -142   -124    -91   -117    -84    -25 
    21     -2     24     15    -35     69    -29    -14     18      1      3     26     20    -13     29     14 
   -16      5    -14     17    -10    -25    -10     -2     28    -10     15     16      8     23     14    -24 
    19     27    -20    -13     -5    -16    -13     -5     -7     -5    -20      4    -12     -7     -4    -29 
   -22    -20    -12    -42    -19      5     13     16     -5     20      2      0    -30    -19     -7     -3 
   -13      4    -21     -6     40    -10     30     10     23     21      5     17     12    -23    -20    -21 
    25     16     26    -13    -15    -13    -20    -14     -1      4     11     -1      7     36     10    -26 
   -43     13     16      3     16     22      2      3     18    -29     -3     -1     -2    -14     17     20 
    19     -4     19     14    -29    -13      2    -59    -59    -34    -26    -53    -54     -3    -15     -3 
    -2     -3    -15     10    -16    -11     -7      0     28     23     37      2      4     59     -4     -5 
    17      7     28     18     14     26     24     -4     15     12     -7     21     22     10     25     24 
    42      7     19    -21     12     11     -8    -16     20      8      1     33     16     12     51      1 
    31     52    -12      3     -2     21    -22    -12      9    -13    -16    -15     -8     27     12     17 
    20     13      7    -13     11    -16     -2     17      0      9     20     -5     -1      0      1     -9 
    14      8     -6    -12    -16     32      4     11     23      1    -11     79      4     -5     27     15 
     3     41    -22    -18    -22    -72     23     23     -5      3     -9     14     20      6     33      3 
   -21     14     14    -21    -23     11      7      5     -4    -22    -29     -6      5      6     -9     15 
     2     -2      3     -4      5     35      1     13     14     -8     -6      5      0     21     19    -15 
    20     11    -16      1      2    -13     22     24     23     25      8     -9     39     19     15      8 
    -2      0     -4     -1     -6     -1     -6      3     12     27     -3    -21    -30    -43    -14     15 
     0      1      7     -7      1      7     -3     -3    -17     -1     -9    -37      8     -3    -40     48 
   -14    -49     15      6    -58     20     -6     12     -1    -35     39    -29     -8     84   -120    -25 
   113   -117    -21     58    -68    -19     12   -123    -13     54   -206    -11    -37   -108    -42     -3 
    19    -39     -8     19    -30    -27      2      5     -1     -5     13     -2      5      3      2     12 
     3    -13    -21      8    -28    -21     14    -21    -11     -3     20     19     -8    -31     25    -29 
    -3     -5     -8     -3     62    -22    -20     33    -22     -3    -14      2      2     33    -27    -27 
    11     -2     -5     23     -2    -14     52     -4    -72      5      6    -28     19    -18    -27      7 
     8     10     57     -5    -20      9     -5     -1    -36      1    -18    -33     -3    -16    -11    -11 
    28    -10    -19    -23    -16    -25    -11      2    -21     41      0    -29    -28    -33    -15     22 
    38     -2     -3     14    -20    -42    -45      0     -1      6     18    -14      4      6    -36    -25 
    10      2     -4      1     20     -1    -18    -23    -67     -5     -2     -7    -19     40    -11     25 
    81      8    -10     29    -15     -3     -7    -25      2     14      0     12     25     18    -15     -1 
    18     -6    -19     -6    -16    -15     -1     -3    -28      4    -18    -25    -54    -10     18    -10 
     8    -18    -10     18    -29      3     20      3    -16      0     -4     43    -23    -72     -6      4 
    -4     13     -9     39    -11    -15    -12     -7     -9     -4     -9    -32     64    -49      3     29 
   -14    -11    -71    -11      2    -16      9     -8    -19      7      4      4      9      2    -35     -6 
    16    -26    -26      8      3    -20     -1     -1    -19     -5    -19      1      9     -6      4     36 
  -152     64     -5   -238    100      5   -139     47     17     44     18      1      9    -26      9      8 
     1      5    -62      6     39    -59     49     28    -37     15     16     26    -13      3     -2    -42 
     6      9     -5     20     27     14      5     -1    -10     -1      3      0    -26    -19    -32    -53 
   -61   -104    -16     -5    -42     11    -43     51      6    -18     91      8    -65     52    -18     -9 
    16    -32     -2     30    -36     -2     15     -6     33    -28    -18     19    -56     -2     27    -22 
   -22      5      0    -27     14     -1    -15     52      7    -10    -44    -58     13    -20    -58     -6 
    -7    -19     10     31     21     14     14    -24     19      9    -18     18    -10     41     51     35 
    62     16     -2      8      9     23    -12    -17    -31    -45      1     -2    -11     -4      5      6 
    -1     -8     -4      7      4      8      1      5     -6     -4    -38    -44     11     12     -3      2 
    16      4    -14    -42    -49     14     11     -8     -4     -3     42     -4    -86     -2     -2    -29 
    26      3     67     15     -8     88    -22      0     55    -15      8     17      8    -25    -63    -56 
    13     -8      6     -4     12     -2    -35     22    -21    -23     37    -11    -12    -74    -25     -3 
   -65      2      0    -62    -28      4     -4     10     14    -16      5     13    -12     14     -7     29 
    -7     13     42      1     -9     -7    -40     21     16     -3     -8      2    -40     -6     -3      2 
    -6     -5      0    -14     -6     -1    -12    -10      8      0      3     -1     19      0    -18    -20 
    17     30      0     -3     -2    -25     59      4    -12    -68     13    -13    -18     -7    -11     -7 
     8     13     -9      0     17     -4     -6    -26     23    -11     10    -32     -8     -5      1      0 
     0      1    -16    -38    -22     -1     11     18      3     -5     -6     21     17    -48     19      5 
    -1      0      6      6      7      3      0     -1     -3    -10     -7    -20     11     19     -7     -8 
   -15     -5     -2     -2      3     13     -7     14    -12    -11      5      6      7      7      9      9 
    11      7     -1    -28     19     19    107    -13    -50    -54    -14     21    -23    -24     -4     53 
    48    -29    -46     -6     12    -12    -11      7     32     47     24    -48    -72    -11     -1      4 
   -10     45     36    -12    -14     -3     24    -18    -25    -14    -11      9     19      4      7      7 
     4     16      4     -1    -46     -3     20     34      6     -1      5    -10      0     33     -3    -11 
   -23      7     21    -10    -30    -19   -111      6    -29     70     -4     -1      2     12      0     -1 
    -3      8     11     12      4    -12    -14    -32    -48     -8    -14     -9    -17     -2      0      6 
     3    -15      1     -9    -12     -7     -8     -2     -5      3     -3    -10      2     16      7     -4 
    -9     -2    -36    -50      2     28    -18    -47    -16    -12      0    -10     14    -26      4    -54 
    10     10     11     -3      6     11     21     66     34    -27     21     13     -2    -52     -9     25 
    21    -11     -6    -15     -8      7     -9     -3      4    -17      7      0     -2      3     -1     -4 
   -12      3      6      8    -17     -3      2     11     42      1    -38    -21     27     19     13      4 
    -6      7    -16    -18    -36     55     23     40     28    -10    -35     12     53     59    -17    -13 
    -5      2      9     15     -1     -9     -7    -22    -12      0     -3     -7      3    -27    -21     -2 
    62    -16     -3    -11    -18    -58    -29     30     10    -21     -4     -7     -7     14    -28    -11 
     3     -1     36     32     -4      5      8     26     10      9     12      5     -6    -10      4     13 
     9     18     11     26    -12      8     -2     -3      0     28    -10    -33     49     64     -7     12 
     2    -25    -77    -55      1     69     33    -20      3      6      1    -10     -4     10     11     -3 
   -19    -10     -4     12     30    -33    -28    -12      7     -8    -12      1      3      9      2     -1 
   -14     -5     -7      5      1     11    -11      9     19      3    -23    -21    -10    -17     -5    -30 
   -16     -1    -47    -44    -16     -1      3      3     -5    -12      2     17     -4     -6     16      3 
     8    -21     25     41     34     -2    -11      9     -2      9    -26     24     17     21    -34    -32 
     2     -2      9     29     19     -6     -4     -5     -1      8     15      2      7      1      5    -23 
     8      0      5      1      1     33     15     16     19     15     -4      6     19      7    -16    -22 
    -6     -9     -3    -13     -8     -5     -2    -16    -26      3    -55    -28    -11      0      0     -5 
   -14     -4      7     15      3     -8    -10     -5      1    -25     -6     -6     -5    -13     -3    -15 
   -13     -4    -19    -12      4      4      2    -10      7      5     -4      2    -58     -9      1     54 
    -6     -3    -21    -18     -1     38     32      8    -37     -2     -7     -6    -11     -8     -8     -7 
     3      1     -2      3     -2      1      5     -1     -9    -16    -10     -5     12      4     -2    -13 
   -34    -12     17     10     -1    -10     -1    -11     23    -23    -32    -32     27     26     10      4 
     2    -15     -7     -4    -14     -8    -13      0    -12     -9    -65     -9     -3      4    -50    -24 
   -54    -41     13     18     -5    -32    -32      3     20      6     19      7     -8     18     40     10 
     1     -7     10    -57     -9    -61    180     89     86    -68   -143      0      7     11     -7    -25 
    12     15     18     -3    -17      2    -14     44    -26    -51    -12     -9      3     20      8     -1 
     3     11      4     -2    -14    -41    -19      6     19     38     -7    -36      2    -24      2      5 
    -7      3     -1     -7     10     -6     13      7      8    -11     -4      7     -2     -7     15     -1 
    10    -16     -3      7     30     16    -21      9     -5     11     13     -4     11     30     14    -22 
     3    -23     -4     44     -3    -20    -69     -3     43     36    -39    -23     11     22    -18     -5 
   -33     11    -14    -14     -8    -23    -60    -44     11     35     58    -10    -53    -52     23     32 
   -26    -27   -102     60     -7     37     45     -4    -13     -6      4     -5     -9     -7     -9     -5 
   -18      1    -27    -25    -42      0     -3    -33    -34      2     -9    -26    -15     20      9     10 
   -13      4    -10    -12    -27      4     35     14    -12     10     24     -2     -3     39     23    -21 
   -29     22     44     13    -10     -3     14      9     28     24     20      9     26     22     31     19 
    23     33     50      5     -5     -8    -31     -8      5     48    -33    -69    -29     -5     50    -26 
    11     36     41     31    -42    -19      0     10    -41     -7     25     53    -61   -102    -42     22 
    32    -13    -16    -21    -37    -47    -17      1    -22    -20    -15     -3     -7    -26    -12     -1 
    -4    -22    -15      2     12     12      0   -110    -62    -36     69     49     13     10     13     25 
    11      1     -7      3     18     45     65    -79    -74   -239    119    -23    114     26    -32    -14 
    32     27      4    -93    -30    -23     28    -22    -24     -6    -16    -64    -50    -25    -38    -40 
    29     24     -6    -15    -11     14     12     -4     -4     -6     -3     -7    -12     -5      8      5 
   -17      0    -52    -15     28     50     69    -54    -21    -12     49     26    -55    -35     14    163 
    12    -30    -58     -2     25     23    -21    -25    -35     21     -2     29    -26     -1     -2     12 
    -8    -18      0     11    -26    -23    -11    -14    -22     -5    -75    -32    -32     -1    -26    -10 
    16     14    -96    -64    -32     20     49     -8    -44    -45     14     45     44    -66     -7    -35 
    14    -25    -17    -23     26    -17    -13    -28     -8     -7    -23    -18     24     22     15    -72 
   -34     17     33      5     27     -6     17     20     34     19     12    -10    -26     -1    -50    -51 
   -44     -5    -18    -39    -51      8     22     -4      1     26     42     13    -17    -13     13     -1 
   -18     -3     -3     -8     11     -5      0     28      1     -1    -17    -19    -23    -18      0      8 
   -39    -10     15     20     -7    -79    -56    -24     53     10     -7     -1      0      0     25     -4 
   -32    -22    -17    -14     19    -12    -39    -55    -29    -14      8      3     -2    -16      5     40 
    13     20    -20     -9     10     46     17     33    -84    -42     -5    122     74     -1     -3     21 
    10     20     -8      2      0     11    -26    -37     27     13     69    -82      8    -31     11    -59 
   -35     28     34     16    -87    -34    -34     29    -13     -6    -15    -13     -6      6      8    -10 
     3     26    -13     -5     -8     59      2     54    -10    -24    -25    -52      1     -1    -10    -74 
   -20    -20      0    -12     -5      7     -9    -10     -5     16     11     -8      8     18     16    -22 
   -17    -33     26      3     19      6     19      9     11    -15     -9     16     24     17    -41      8 
    22     28     25    -60     -8    -52    -36     11     21     10    -16     38     34     34     22     12 
    -9    -15    -21     16      0    -54     -4    -26    -18     -4    -16     -5     -4     -6      0      1 
     5     10      1      3    -25     20      8    -39    -13     -5     38      0      4     -9     -3     -5 
   -21      1      1     -7     10     10     21     19     19      2      5     12     15     11      5      5 
    -4     -4      4    -10     -6     -2      4     -5     -3     -8     -5      0     -4      0      4      3 
     1     -6      1     -6     -1      1      2     -5    -16    -13    -14    -13    -38    -71    -21    -39 
   -13     -1     -1      8      2      2     -6      3      0      9     -7    -15     -6     -1      1     15 
     5     14     10    -12     -1     14    -10    104    -78    -10     -3      6      0     14     13     -8 
     1      3      6      6      3      9     18     13      6     -6      7     -2    -14      6     -6     22 
    36    -45    -22     54    -37    -34      6      4     -5     22     -2     -9      1     -2      7     -4 
     2      9      7      6      3      4    -11      1      2     -1     15     13      4     -6     -8     -7 
    -4     -7     11     26      6     19      8    -45     13      4     11     -5     -6    -12     -8      0 
    22     -4      2     14    -13    -18    -18     -8    -25    -29    -23    -27    -38    -11    -12     28 
     6     15     16     -3      1      0     -8     -2     -1     -7     -2     10      7      0     -5     27 
    -8    -29    -65    -20    -35      2    -30      8      5      3    -14     28     29    -17     25      6 
     4    -15    -61     17    -35    -48    -27     -6    -13    -23     16     -1      2      6     -5     -7 
    -7     -5      4    -14    -12     -4    -11    -28    -28    -24    -31     -3     -3      6      3      7 
     9     16      1     -3     16    -27    -23     38    -20    -26    -30      5    -14    -17     -8    -13 
   -25    -21    -42    -36    -17    -22     -1     -2     -5    -54      0     14   -122    -25    -23      7 
    -6     14      1      5      2     20     -4      3      9      1      5    -18    -18      6    -20    -17 
   -37    -19      2     26     22    -14    -18    -23    -15    -31      1    -16    -23     25    -22     44 
    45    -16     -1     26    -12      9      3     -2     -3     -2      0     -4     17     14      9    -11 
    12      5      6     -2     -4     17    -20     12    -33     34      6    -32    -57    -27     18     -9 
    -9      9      8      0     35     -6      3     -2      1      1    -12      6     -5      4      4     -5 
    -4      7     -5     14     -9     -9     -5     12     -2     -1     -4     -1      0     -3      3     -3 
     3     -4     -1    -12     -1     12     -7     -3     -5      3      1      0     -7    -20     -7    -11 
   -32    -18    -10    -34    -15      9     18     14      3      9     26      4      0      7      6     13 
    28      1      3     13    -13     -8    -14    -15    -14     35     12     16     47     11     13    -21 
    11      6     27     -3      3     15    -11      4      0      8      7     -3     -2      1     -3      0 
     7      6     -2      1      0     -4     -1     14      6     -1      1      7      9     15      5     14 
    13      5     23     16    -12     -3     29     14    -43    -73    -40    -25    -65     27     80     25 
   118    170   -826     46     71     33    -12    -36    -49    -15    -10    -43      3    -14     -6     -1 
   -25    -36    -28    -15     -8     15    -13    -15      5     12    -15    -26    -34     -2    -21    -33 
    -9    -16     -7     14     -5     -6     63     -8     -4     14     -3    -15    -34     -5    -15    -26 
    -7    -26    -17     -2     -1      5      3     16      8    -16    -22     -8    -13    -10    -11      4 
    -1     -9     12     21     24     -6    -17      0     -5    -11      8      3      0     12     -4      2 
    -1      8     19     14      9      6     13     -2     -1      3     -5    -18    -15     -5     -8    -19 
    17    -18     16      1      0     -1     -1    -10     -9     32     -4    -33    -25      8     30      4 
   -10      1    -38    147      2    -93   -161     74     21     10    -50     18     17      4      4     -4 
    -4     -3      5     12     -2    -29      4      4    -16    -15      2      9     12     34     17    -13 
   -18     12     10      9      4     15    -47    -19     71     69     17    -29      2     17     11     -9 
    -1      5      0    -10      7      0     -2      2    -62      9     27     54    -43    -40    -23     -8 
     5      6     11     -9    -12    -12     -1      2     -3     -8     -4     50     41     24     22     48 
     5     31     20     22    -71     -7    -32     95     24     33    -25    -19    -20    -13      3     48 
    29    -16     15     27     20    -24    -80    -69     -8     47     61     -5    -11     -7     20    -64 
   -27    -29      4    -19     -8    -21    -20     43     12    -11    -16     19      6     -4      5     12 
   -34    -17     24     44     -4    -36    -12    -17     -8     22     30    -29    -39      1     18     17 
     4      4    -20     31    -16      2    -53    -24    -17    -25     11    -18      6     19     25     28 
    -8     -5    -33    -13    -35   -104    -40     -7     21    -76    -33    -47     -7     -6     20     27 
     7     -4    -12      8      0      0      9    -17    -14    -35    -38     -4     -6     -9     -4    -70 
   -63    -34    -38    -73    -27    -32    -26    -14    -38    -72     45     14     48    -29     -4      1 
    -8    -32    105     59     51    -12    -13     10     16     13    -28     46     57     42      5    -26 
     1     -4     -4     18     -9      0      4    -32      3     10      7    -25     16     41      8     -8 
   -27     20      4     19     -1    159   -114   -123    -65    140     47      5     -6      2    -85    -49 
    14     35     18    -57    -29    -17      5    -25    126     90     73     -5    -16     19     35     18 
     5    -37    -29     -1     39     44     28     23      9    -13    -65     -7     23     77    -46     11 
   -44     -7    -47    -81    -47    -21    -30    -59    -44    -27     -6     71     41    -45    -70    -49 
    39     18     30     -8    -28    -45     30     12    -15    -27     -2     -1    -20    -50     -3     32 
    47    -14    -22     -9      1     -3    -23    -41      8     90     36    -29    -35    -36     -6     42 
    64     -5    -67    -58     -2    -59    -15     12    -33     -6     19      1    -27     15      5     16 
    13    -35    -27     19     49      1    -29    -31      2     27      6    -16      5     -5    -10     -2 
    -7     10     -2     14      4     -2     -6     -3     11    -15     10     17      5    -24    -48    -47 
   -48    -15     -9      5     22    -12      9     14      1    -35     10      4     26     10     -8     -2 
   -12      3    -14      0      2      2    -21      8    -28    -17      9     25     11      0     -1      2 
    20     26     15     40    -20    -46     15     20     -3    -47    -10    -11     11    -55    -24    -16 
   -12     -1     40     47     31     30      4     40     14     11      2     -6      1     -7    -31    -59 
   -24    -10      2     -4     -4    -32    -20    -41    -67    -38     -9    -22    -18    -15     -3     22 
    30     14    -12      0      6      8     15      3    -15      2     -5     -6     11      1     -2     25 
   -22     -2      2      7    -20      2     -1      2    -17    -52    -10     -3     71      3      6    -38 
   -11     52     28    -58    -12     62     73     32    -17    -10      2     32      9     16    -27     13 
    12      6     -8     36     11      8    -17     37     31     -4     -9      5     18     14    -17    -18 
   -62    -12     17     15      0     14    -23     -8     -7     19      2     -1    -14     16    -39      9 
    54    -20    -41    -19    -13     20     13    -18    -14    -15     -4    -31    -53    -28    -23     -8 
     1     17     16      0      7     17      6      9      1    -86    -36    -60    -11    105     50     -9 
    58     25     11      8     20    -15    -28     12    -10    -40     -8      7    -15    -29     24    -48 
   -60     37     30      5     29    -12      4     43    -25    -25     22     70     38    -10    -16     13 
     5     20     33     19     13     18    -10     -8     -7    -21      6     24     -4     16     -9     -2 
     2      7     10     22      4      0     10      6     21      9      2      2     -2     -6     -7     -2 
     5     34      1    -20     32      9   -199     24     94     -1     -5     -7      8     -5      2     -9 
    -5     -2      4    -12    -25      9    -23    -34      1    -18      9    -12      1      2     -7      6 
     9      5     -1     -9      2      2      5     15     16     15      2     -5    -23    -36    -26     -3 
   -20    -35    -19     16    -36    -74    -40     -2    -67    -20    -48   -213   -119    -22   -111    -53 
   -24      1      4     -5     18     15      2      3     -1      6     24     40    -23    -24     12    -49 
   -42    -38      2     14     13    -16     16    -12    -10    -38    -24     16      3      3     32    -27 
     1     19    -21      5    -10      4     -2      1      6      4      4      3      6    -31     -9    -19 
    -3      3      9     -2      8    -12     -5     -9    -13     -4     17    -37     -7      2     -8    -18 
    -1      0     -9     14      0    -13     -4    -24      6     26      5    -15     14      5      3    -15 
   -21     -3      5     -6     -7      6     12    -13      5      0     -7      1      0     11     36     13 
   -10    -17     -1     -4     -9     11     -7     -4     25    -14     12    -10    -11      1      3     -4 
    -7      4     13     -6     -8      4     14    -12     13      6    -48      5     41     22    -22      5 
    10     -6     22      0     -3     10    -10      2      0      3      0      8      1    -16     -3      9 
    -3     -1     -2      9      5      6     -6    -21      1    -10     -3     -3     -9     15      8    -11 
     1     13    -16      6     -2    -18     19      3    -15     -3    -30      8      8     18     20      0 
    23     15    -10     29    -23    -34      2    -25    -30     36     11     34     74    -21      3    -54 
    12    -48     11    -32     45     69    -13    -12      3      1     24      8    -21     12    -10      7 
    -4      6      6      3    -39     -5    -13    -15      5     -8    -32      6     16    -34    -15     13 
    23      8     -1      4     10    -41    -21     26     51     13    -15      0    -11     -4     25      8 
    -6    -16      9     26      8     49     10   -119    -19     50   -100    -19      7     17     15     14 
   -14      0     39    -20    -24     -4    -11     -4     -5     13     -7      2     -1     -7      9     13 
    26     10    -42    -15     27     -9      2    -46    -37    -61    -33    -21    -38    -36    -19    -61 
     4     22     27     12      4     35    -79    -76    -66      4     -8     -6     -2     11    -43     23 
    14     -1    -12     -1     16    -20     -5     19     -9     -9     -5    -11    -10      5     11      4 
    -8     13      3    -16     -2      5     -1      2     12      8     -1      3      4     -3     -5     -7 
    -2     12      3     -4     -2     -4     -4     -2     10      0     -2      8     -6     16     -5     -5 
     1      4      1      1     14      5     11      5     -9      7     -7     -3     10     11     -6      0 
    14     15      6      8     10     10     31    -17    -21    -10     -1      4     20      1     -1     23 
    -4     13     13    -47     -6    -26     -9     72     58    -16     58     31     -8    -11    -24      2 
     6    -12     -4     19     -3     -7    -59    -27     -5   -133    -71     66      6     37     13      4 
    -8     15     -1    -40     10      8    -18      5      5    -14     10     12     -2     -7     -3      0 
   -43    -21      6    -65    -10    -18      7    -26    -16     -5      3    -12     14      5    -10     15 
    -6    -24     17     -1      8     -9      7     14    -15     -3     12     -5      0     -3      6     -2 
    -1     -5      5     -5      2      1     -2      4      7     10      2      0      0     11      2    -15 
    12     15     -5     -6     -3     -6      2     -3     -1     -5     -4     -4     -7     -1      2     46 
    79     53   -848     86     94     65     80     48     18    -28    -23    -65    -19    -27    -19    -19 
   -11      9     -1     -3     -2     -1     -3     -6      1      2     29     44      6      0     42     -1 
    -4    -98      9     10     -4      5    -13      9     -4      7    -19     -1    -26     16      6    -50 
     4     21     17     18     20     32     -2     14    -18     -2     13    -15     12      3      6      8 
     1      2     23    -14    -11     -9    -15     -1      0     -8     -7     14     -6     -9      0     -1 
   -18     12      5      0     -7      7      1     -9     -1     10      9      0     -7     -7      8    -20 
     3      0      4     13     15      4     14      5     -6     13      5     21     -3      1     24     -8 
   -16     14     -7    -15     -2    -30    -15    -40     22    -34    -23    -40     -4    -36    -84     24 
   -27     43     33    107    109    -18     11      4      5      1     -5      2      2      0     -6     34 
    19      8     38     15      6      4      9     -3     -4      4     16    -13    -10     11      3     -5 
     7    -22    -29    -19    -52    -14    -11    -17    -10     -7     -3     10     10     -6     -7      0 
     1     -4     -3    -25    -19     -3    -50    -12     -7    -17    -12    -18     67     18      8    -11 
   -14     -1   -124    -31    -10      4     -3      7      9     -2     10      6      1     12     21     10 
     5     22     10     -5     16      5     -2     -1    -26    -12    -23     -4      2     -3      4     -1 
   -14      0      8    -17     14      3      0      9     -2    -15     -8    -12    -31    -32    -17    -44 
   -15    -12     17     28     10     10     26      9      2      9      3      1     -6      5     27     -8 
    -4      3     -2      4    -20     -7      5      6      0     11      3      0      6     -5     -6      0 
   -10     -8      4      4      0     -1      3      2      2      2     10     -5     16     12     -3     20 
   -18      3    -35     16      7     20     10      2      3     -1     -3     -2      4      1     -4      3 
     2     24     -8     -5    -16    -32     16    -12     -6      4     -9     -4      1    -10      2     -1 
    -3     -1      2      3     -1    -16     18      3     -7     13      7     -8    -62    -25     -4    -38 
   -51    -23    -57    -45     -3     29    -34    -22    -19    -21      2    -44     16     10     16     -3 
     6     -4    -16     -5      3    -12     -4     18     11    -10     17      2    -13      4     -4     -6 
    -8    -10     -3     -4     -3      4     17     -1    -11    -10     -4      1      6      2      1      4 
    -1      0    -10      2    -13    -15    -28     -3     57    -31     -6      2    -26      2    -10    -28 
    -7    -27      6     -2    -12      2      3    -10     -1      1     -2    -14    -11     -4     -2     -2 
    -4    -10     -8     -2      6     -4    -20      9     -7    -52    -48      1    -22    -22     -8    -41 
   -24     -8    -71    -18    -31    -26    -26     -3     -5    -24    -19    -32    -47     -5    -25    -20 
    -3     46    -19     -6     56     19    -17     31     11    -17    -46    -14    -10    -45    -48    -28 
   -33     -9    -11     -1      2     17     -3      1     11     -6    -15     -6      6     17      3    -23 
    -7     25     23      5      8     14      5     -3     13      6     -8      2     -1    -11     55      1 
   -22     73      5    -26    -13    -22     -3    -47      0    -11    -13    -49     -2     17      2      0 
     0    -17     10    -46    -10     20     -9      1      7     -5    -14      8     -1    -17     -3    -34 
   -36    -22      2     58     27   -117   -201   -125     26    -17     31     30     15     17    -39    -69 
   -51      5      1     10    -10    -39     -6     39     54     45    -14     -5    -16     22     19      7 
    -4     -9     -5    -23    -30    -21     -6    -14      5     22     -9      2      4      3      6     -9 
     4     10    -17    -16    -12      4     -6     -1    -24     -9     -3      7    -46    -23     35     -7 
     3     -8     -6     -2      9      1      7      4      0     -3      2     64     13    -18    -34    -34 
    20      3     47    -64    -67    -50      7      9     16    -27      2     -5      8    -26    -10     56 
    41     26    -23      2      5      8     14     -8     -4    -31    -24     -8     16    -33    -27    -26 
     3     -9      4     -2     -4    -27     -6     45     35     28     -5    -27    -25      5    -13    -16 
   -11     22     10     18    -14    -25      3    -11     14      1      5     19      5    -57    -43     12 
    18      7    -47    -15    -17    -56   -134    -93      9     12     23    -18    -19     -2     28     47 
    47     -6    -17     -6    -16     -1     14     19    -30     -6     46     11      7      6     85     45 
   -17    -61    -48     16     14     27     13     17      6    -16    -27     -5     23     13     -2      1 
   -25     -2    -20     28     17     -1     29    -14    -14    -36     -8    -10    -78    -39    -36      4 
   -22     -6    -35    -12     60    -19    -43    -15     -1     -3    -16    -12      1     22    -10    -23 
    -8      3     -3     -3     -2     -9    -32    -30     16     -9     -6     12     47     65     18    -64 
   -22    -23     27     61     26    -46      0    -21     63     19     52     59      4     34    -21    -68 
   -35     24     -7     -5     -3     71     25     -3    -32    -22     46    -19    -30    -38     -1      7 
    12     15     27      8     31     36    -16      5     -5    -11     -9     -1     35    -54    -28     26 
     4     -1     15     -6      6    -18     39     13     -2     32    -15     58     28      7   -109    -84 
   -58      3     23     15      2    -10      9     28     40     42    -26    -23    -27    -12      1      5 
    -1     -8    -12      7      8      0     -2    -23    -17     61     50     19    -36     15     -5     18 
     0      9     10     30      4    -37      3    -23     16      9      2     -1    -32      4     -8     -2 
    -2     34      3      8     13    -26    -18     17     32      5     22     19      9     -5      2     29 
    15      6      0     24     24     29    -50    -67    -50     -7      7      5    -21    -60    -38     -7 
   -72    -11    -36    -29    -16     -8     76     48    -26    -86    -45     38     41     63     67     73 
    70    -43    -83    -50     11     -5     -1     54     52     24     31     10      2    -12    -35    -37 
     1     15     20      5     -3      9    -28    -34    -41     -1     23     -2    -24    -14    -25      2 
    34     17     56     38      1    -26    -52    -24    -10     11     20     26     58     25    -39    -47 
   -27     29     58     24      1    -14     -3    -10     14     34     -2     21      3     -6    -11     -1 
     9      5     -5    -19    -18     -6      2     -6    -27    -23    -58     13      0      3      7      1 
   -33    -17    -33      0     29     -5    -20      7    -10    -11      7     12    -50    -18     39      7 
    -5     10     -2     27     65    113     82    -30     -9    -23     15     10    -13    -17    -60      5 
    12      4     26     12     -2     10     14     -6    -14    -18    -26    -18     17     60     23     -7 
   -25     -6     -2     39     11    -31    -36    -33     13      2     -6     -4     -9     10     75     64 
    58    -95    -32    -89      7     49     35     -7     31     13    -13    -40    -34     31      4      6 
    20     10      6     -4     21     -1     -5      5    -12     80    -23     23     23    -99    -38     35 
    23     43     -2     17     12    -22    -40      3    -26    -33    -12   -108    124    -69    -22    264 
    31    -89     10   -108     33    -94     -8    -26     31     18     17     77     30     89     20     78 
     5   -104     -9     27     22     59     -9     15     28     -2    -12    -50    -25    -37    -60      4 
    16      1     -5      5      3     -2      5     -1      0     54     15      8      8      6     -1     -9 
   -13    -43     84     75    -64   -294     10    -49    -92    -20     -1      0      5      4      9     -6 
     0      7     12     -3    -24    -12     -5     45    -33    -28    -25    -20     23      6      6     11 
   -16     26     10      1     24     15     40    -27      7     13    -58    -15    -24    -25    -25    120 
    30    -77   -151    -48    -42   -124    -77    -48      2     23     21    154     46     45     50    -19 
   -23    -55    -13    -10      9     -6     10    -14    -45     13      2     25      3     63    -45     -1 
    29    -10    -15     16     10      8     14      5     -9    -12    -41      9    -83     -4     11   -122 
    -4     34      5     53     -4      7     34     -4     14     13     -7     15     11     12     24     10 
     5    -12      1      1      0      4    -10      6    -31    -41    -68      3    -15    -43     -1    -19 
   -11    -10    -13    -14      1     -1      9     -3    -23     52     35    -18     -3    -13    -23    -62 
   -27     -1     14      0      1      3     17    -18      4     -4     -4      0    -13     -9      5     -8 
   -10     13      7      4      0     13      8     10      1    -12      8    -12      9     -1     -6      1 
   -39      1     -2     -5      2    -11     -4    -45     16     69    -14      9     32    -10    -18     28 
    -2     -9    -28    -29     -4     26     22     -7     -4    -12      3     13      1     -3    -10    -10 
    11     20      9     15     13     13     18     13      4      4     10     13      4     19     17     -7 
     2     -2    -17      4      9    -10     -6     -4      2      3     -8    -33    -48     -9    -36    -58 
    13      7     29     15     -2   -241    -60    -18   -191    -61     83     20     30      6     66    -62 
    12    -19   -190    -45   -111    -92     -1     -6    -18     -7    -11    -16      1     17      1    -14 
    -9     13    -18      3     31     -7    -19     14    -20    -23    -30    -12    -72     -9      4    -39 
   -38    -55   -101    -57      3    -51    -27      4      6     -7      7      1     23      1    -28     16 
     6     -2     26     46     18    117     -7   -127     37     28    -19     46      1    -43    -14    -19 
   -81    -31     11    -46    -30      4     10    -13     -1      1    -56     -3      4     -4     24    -67 
     4     16    -94    -24     19     22     22     42    138      6     74    123    -29     24     26    -26 
    55    121     62    -40      5    -42    -71    -48    -94     -6    -51    -64    -20    -51    -13     33 
    26     16     -2     25     -4     -2     17      0     -5      6     -7      9    -26    -16     15    -40 
   -15      3     -4     11    -21     -8      2     -5      9      6      7     13     -3     -1      3      0 
     3      6      3     -3      4      0      6     10     18      1     29     -2    -12      2      0     18 
     9     -1      2     23      4     -5     -9    -13     -3     10      6     -1     19     12     -8      8 
    -5     29     49     30     34     82     45     31     74     24     14     18      0      4     15     17 
    -4    -11    -12    -46   -204    -11    -96   -354    -63     21    -65     30      3    -13     24     -7 
     5     32      8     42     25      8    -40     20      3     47     55     10     38     22     -4    -52 
   -53    -18    -20    -70     -8    -20    -29      3     34     16      1     19     -1    -14      6    -19 
    20     43     10     14     66     16     47     -5     24     -2      3      7     12      6      9      3 
    13     14    -20     -7     -8      1     -5      7     14      8     14      6      3    -11     21      4 
     5     22     21     -4      7     -7     -1    -19      4      6      4    -14    -10     25     25     21 
    -1      6     -5    -19    -21    -14     32     -1    -17    -26     -9     -7    -13    -18    -24     -3 
     8      4     16      8      2     25      5     -5     20     30      9     40     10      6     -7     44 
     7     -8    -10     14     50    -55      8    -44     47    -15    -12    -36     -9     -7     -7    -29 
     6    -24     11    -13    -31     -6    -21     -5    -11     -3    -23      0     17     -9      1    -25 
   -30     -5    -12    -17    -17    -14     -9     10    -16    -25     -1    -18    -27     -2     16      5 
   -11     22     35     18     52     26     27     19     10     18     -1     -4     -9     18     -6      2 
    -9      0     -5      0    -68    -18    -30    -42    -24     -1     -3      7    -12     -4     -7      9 
   -19    -10    -21    -10    -12    -12    -23     -4    -13     -6    -19     -5      8     -2      1      3 
     4    -10     -7      4     20     12      2     35     22     13     17     33     26     -5    -38    -26 
   -37    -30     -3     -6    -31    -20    -20     -3     -7    -40    -19     12     -8    -42      0    -16 
   -38     -8    -44    -58    -36    -24    -41    -21     -8      3    -12    -32    -22    -24    -45    -25 
   -14      4     22      8      3      2     -5     -4      9     -9     17      4     -8    -12     18      0 
    -6    -24     -7     22     31     14     30     24      8     17     10     32    -37    -12     -2    -11 
   -59    -12    -30    -20    -11     -3    -24      5     -6    -28     -4     -8    -14      4    -19    -33 
    -7    -55    -68    -37    -46    -54    -26     -8     -2      6    -12    -22    -10    -22     -8    -14 
   -42    -45      2    -31    -54    -16    -31    -44     -1     12     18      4     35     66     15     18 
    40     26    -10    -18      6    -12    -36    -27    -13    -34    -27    -16    -22     -5    -17    -25 
    -4    -14    -12      7     15    -13      5    -22    -14     -4    -18    -23      4    -18     -4     22 
    -4      9    -24     18    -44     11    -12    -15     -7    -40    -43     -9    -27    -39    -19     20 
     4     -1    -38     -1     -9    -30    -18     -9     17    -43    -12    -23    -16    -20    -44      1 
   -11      2    -20      8    -39    -56    -17    -47    -58    -28     -3     15     -7    -13      6     -5 
    -8     -9     -2     10      1     17    -13      2     19     -1    -11     14      7    -12      8    -24 
   -43     -8    -36    -76    -12    -21    -43    -28    -22    -65    -36    -32    -50    -19      2    -11 
     8    -18     -1      1    -13    -35     -5     43     46     12     49     56      7     29     33      8 
    31     30     24     18     36     17     14     24     13     32     -7      3     -4    -42     13    -39 
     5     -7      8    -32     -3    -26     23     -5     15     -3     10    -15    -45    -14    -70    -93 
   -21    -55    -74    -31     17     -1      1     -5    -14      2      3     -1     -5      5     13      6 
     0     -6      3     10     10      6     13     24     21     30     18     41     11     47     18     34 
    33      7     28     56     33     49     28     26     18      5     -2     21     46     24     24     29 
    12      2     25     -4     11      9    -11    -12      2     -7     15     32      8     24     25     37 
    31     30     25     17      9      5     -3     -3    -15    -21    -29    -18      3    -12     -3     -5 
   -31     -3     -6    -28    -17    -22    -15      1    -13    -20     -9     -3    -15      1      0    -17 
    -6    -26    -78     -1    -24    -51     -8     22     -2      7    -22      7      5      6     17      2 
     6     20      8    -32    -13     25    -19    -21     20     19    -11    -22      2    -29    -21     12 
    16    -13    -12    -26    -26    -41   -113    -66     -1     10     47     13    -18    -28     15      7 
     4      1      3     28    -25    -21     -1     26     -7     44    -51    -79    -71     -4    -27    -33 
    13    -44    -79     36     26     13    -10     -8      4      4     29     -8      2    -10      6      1 
     1    -10     -4      2     -4      2     -3      0      1     17     19     18     10    -67     31    -12 
   -10     -1     12     -2    -13    -11     17      8     -6    -11      6    -10    -13    -10    -31     -8 
   -11     -1      0    -27      6    -26    -16   -105     -8     30     -7     35     -8      6     -6     13 
   -22    -28     -1     -8    -29      8     -2    -12     21     27    -80     -4     -3    -10      2     51 
    47    -43    -32    -36    -27    -47    -37    -33    -85    -68     -7    -39    -45     21     29     12 
    -6      1      1      0      7    -17     23     10     21    -18     15     21    -32    -21     -1    -32 
   -18    -50    -27     -8      7    -23     70     91    -14     63     44     42     27     26     11    -26 
    -3     12    -20      5     -3      1     13    -11     24    -46      7      8    -29     14     -2     -9 
    -4      0    -50      5     23      3     11     -6    -12    -15     -7     18      2      8      9     -3 
   -15    -15     10     22     27    -28    -33    -53      7    -24    -23    -17    -57    -40    -14     12 
    10    -11     11     22     21      4    -38     -1    -14    -30      6     11     15      6     -7    -39 
    13      5      5     15     23      4    -11      4     34    -17    -32    -21      7     -1    -13    -31 
   -29      5      6     24     10     -5    -21    -36     -1     41      7     23     16     -2     -8    -24 
   -29      1    -24      3    -10     20     31    -22     -6     33     25     12    -36     -5    -28    -39 
     3     -5    -24    -24    -16    -10    -10     10      2     -6     16     28      1     32    -26     10 
    -1    -47      6     19    -10    -20     -7     21    -24    -40    -52    -20    -78    -13     -5     20 
   -47      6     96     20     -3    -22     18      1      5      5    -14      4     26      6     -9      2 
     8     12    -46      1    -21     -7      5    -19    -17     25     22      5    -22    -55    -63     14 
   -39    -22    -17    -20     55    -12      7      0     -7    -12    -14     -8     11     34      2    -12 
    -8      0    -17    -21     18     36    -18     -8    -41    -22      5     20     -7    -22     -6     22 
   -15     -1      6    -30    -62    -54     29     20     18     12      6     -6     -3    -16      5      2 
   -41    -28      1    -20    -14     12      3    -14     -6    -16     -9     -2     26      2     22      5 
    -2     28     29     21     -7    -28    -38     50     85     14     37     88     27    -13      8    -17 
   -40    -39    -21    -98   -158    -78     -7     14     17      5     -8      0      5     -4    -37     18 
    14     31      4      1     -5    -34    -10     29    -23      4     16      2     -7      0     -5     -3 
   -21     -1     31     12     12      1     -1      2     27     16    -22    -43     -1     14     28     19 
     6      3     -8      0    -12    -18      1     18      1    -18    -42      4     -9    -13      8      5 
    35      1    -30    -52     27    -19     -6      4    -12      6      8     -5     25     10     12     17 
   -46    -16    -26    -14     -2     43     15     15     16     11      5      5      0    -13    -44     40 
   -12    -43     15     19     28      2      0    -25      3     10    -11     -2      1      8    -10    -42 
   -74    -21      5      5     10    -14    -93    -73     25    -40     -5     21     22     24     20     13 
    -8      2    -38    -22     14     -4      9     -8     -4     -3      4     31    -49     38      4    -26 
     2     -9    -11      9     29      7     12     35      3      6     14     -4     -9    -30     -2    -29 
   -52      5      1     11     15    -11     20      2    -14    -13      9      4     -3     11     11     12 
     7     -4     -2    -22     33     13     24     41    157     15     22     63     17    -19     -2    -10 
   -19    -69    -32    -42    -97    -60    -16      6     13     -5     -3     22      5      2     -2     -1 
     2      1      4     -6     12      2      6      5     -6      0     -6      3      5     -7      8     25 
     9     -3    -30     -6      7     34    -24    -17    -14     11     16      9    -11     15    -17     -8 
     3     11      1    -12      1     -4     45     59    -22     28     35    -12    -14     -5     -5     16 
    18     11     19     17      6     -1     -1    -27    -13     -1    -54     -7     11    -39    -44     55 
   -44    -31     72      4    -98    -75    -62     -9    -52     -3    -42   -124    -29    -25    -71     -2 
   -15     16     16     -5      2     19    -17     -8    -15    -54    -43    -36    -16     52      2     -2 
    18    -15    -35    -51    -30    -23    -71     -2    -30    -13    -45     28     26     15     12      5 
    16     27     19     37     -6     -2      5     -3     -3     14      1     24     23      9     28     -4 
     1    -24      5     -8     10     20     23     23     -3     17      0     -6     -2     -5     14     -9 
     6     -3     -2     -1      2     -2     16    -11    -17     -8    -29     -6     11    -38      8     35 
    -1    -17     -5     -9     12     17     -6     -4     19      2     -4     22     21     10     14     31 
     0      9     -2    -16      1    -14     -4      8     -4     -4     30     -2      9      3    -11     -3 
    -3      2     -1     32    -13     14      3    -19    -21      9    -26      2     22     -2    -17     27 
   -27     -8     17      4     -5      7     -7      3      6     -6    -10      2     -1     -4     19     -4 
   -16      1    -20    -14     26      2      5      7      3     -6      1     -2     -2     -4     -3     -2 
    23     -3     -9     12    -11    -13     -4    -13      4      8    -11     -7     -8      8     -6    -23 
    14     -8     -5    -13    -25      4     -6    -15    -21     38    -16      6     19      8     12     28 
   -35     -7     -2     10     -1     -8     -5     13     -9      2    -13      0      5    -14     -9      7 
   -11      8     12      1    -44     23     -1    -18      9      4    -25     14      0      3     -9    -10 
    12     -8      1    -12     -5    -14    -21     26      7     24     16     25      3     13     12      8 
     2     -8      4     52     58     33     13    -14     32    -20    -30      1     12     10      5    -10 
   -37     -2    -27    -39    -21     -3     21     -3     -1     -7    -21     -2      4      8      3    -26 
   -10     23     36     -2     14     45     16     14     41    -37     73     94    -13     21     46    -58 
   -79    -83    -52    -60    -95     -4    -41    -42     10     20     23     16     -8    -26      3     -1 
   -21      4      3     -6    -19     13    -24     12     -1     -1     -2      0      1      6     -2    -22 
   -13      2     19    -20     -5      9     -1     -2      1     10      6     12     -2     -2      2     -1 
    -6     -9     -1     -5     -6     -3    -20      3    -22      6      4     -1    -12     15     19     -9 
    -6    -12     -4     17     10      2     28     -3    -11     -4     -5      5      2      0    -16     25 
     4    -22    -33    -12      5     31      2    -24    -25     -3     -5      1    -21      2      5     18 
     4     25      5    -16      1    -47     39     65      5      2     30    -34    -13      6      4    -15 
    -4     14    -13     19     -5      6     -5     23     -6    -50     28    -27    -45      0      2     20 
   -10     -4     -1    -19      9    -13    -11    -15      9     -3      3     -7     13      8     19     18 
   -17    -29      4     -7    -17     19     12     -7      1     -6    -34    -40    -11     19     11      2 
    -6     -6    -24    -25     16      9     18      8     -7     -3     -1    -23    -27    -10    -15     -9 
   -13      1    -11     -2    -12    -31    -10      8     -7    -18     10     19      9     16     52     34 
   -27    -73    -16      0      5     -6    -35      1     54     27      5    -25     -2      7      7     -5 
   -10     -1     -3      0     -4      1      1      0    -10    -14      9      7      7    -11     -2     -9 
   -10    -20    -29     19     21     28    -42     13      4     17    -16    -16    -29      2    -22    -23 
   -10     -2    -11     24     18    -10    -14     15      8      4     -1     13      2     17      6     -1 
    20     22      5      9      1    -14    -47     -3     14     14    -61      5     -1      5     37      6 
   -28    -46    -13     31     -6    -12    -11      3     30     44      9    -43    -40     -4      2     18 
    -5    -16    -14     15     51      4     -8     -5     -5    -13    -68    -39    -15     75     40    -12 
   -54      0    -52    -52     45      8     11    -61    -12    -10     16      1     19     13     -8    -35 
     1     27     15      0      4      0     15     15      9      7      4     -2      8      3     -6     -8 
     5      9    -10     -5      3      4    -47    -36     36     47     56    -83     23      0     14    -10 
     8     28      9     12     10     13     -1     -6     43     30    -57    -45     -1     35      0    -20 
   -38    -11    -25    -18    -18    -15    -11     -5    -13    -18      1      1     -9      6     -8    -17 
   -20    -10     -4     27     41      1      9    -40     -5      0     15     13     -1      0     -3      9 
     0      0      4      9     -4     23     -6    -24     -1     -5     23     -3     -4      2     10     24 
    15    -11    -78    -31    -15     10     17    -10    -26     -2    -13     -9    -19      2    -13    -14 
   -14    -15    -10    -18    -19     -5    -19    -16    -10     -4    -10     -3      3      0    -10    -14 
   -13    -10      2     14     -2    -15     -1      9      3      5     -3    -33     20     45     30    -23 
   -40     -3     23     11     -1    101     85     20    -85    -22     17     25     14      2     -2     -4 
     4     25     11     -1      3    -10    -17    -20    -19    -13    -24    -24     -3    -13    -18     26 
     4      4    -29     -6     26      4    -26    -15     35     23    -40    -74    -67     45    -16     18 
   -32    -14     -1     -4      5    -10    -14     10      2     -1    -27   -103    -37    -44     34     31 
     9    -34    -31    -36    -29     17    -38    -57    -14     33     14     -1     10      2     -7    -26 
   -33    -20    -13    -13     -6    -11      6     -6     11      4     11    -11      8     12     17      0 
    41     -6      4     12      5    -14     12     16     10     -4      4    -22    -11     10     -9    -11 
   -25     20     34     29    -22      7     11     28     20     28     18    -25     -9      3     47     23 
    21     -4    -19    -31    -31    -27    -32     -2     -5    -17     -9     -3     14      5     20     11 
    13     -3     11     12     21     51     26     23     24     -4     18      5      3      1     -5     -3 
   -10     -8     -2     -2     -8     -4     -3     30     22      2      0    -42     -2      4      2    -10 
    43      6      0    -46    -11     -5      2     -7      8     -2      1      6      2      1     -4     -4 
   -12      0     -1      4     22     41    -22     20     17      3    -10    -19    -17     -2    -16     -4 
    12     -5    -23      2    -24     16      7     23     33     10     -9     12      9     21     -2     -9 
   -21     33      0     19      0     -5    -18     -9      1     53     61     13     24     35     -9      9 
     5      5     -8    -11      0     -2    -13     -5      8     16      8     12      1     -5     11      6 
    12    -15    -12     10     -1    -12     -9    -67    -43     18      3     -3    -19    -39    -24     -8 
    -2    -15    -16    -11     16     25    -78     56     23     41     97      6     25      5      6     14 
   -17     -1      1    -34     -5     -8      3    -21     10    -28     -1    -60    -48     -5    -18    -17 
   -19    -33    -24      9     25     20      2    -10     -7    -17     55      0    -15    -38    -44     -1 
    -9     -6      1    -12    -27     -8    -24    -19      1    -17    -12     13     10     -3     13    -70 
   -38     -2      1     -9     -9     29     14      7    -14     -7     -6      3     12     -3    -12      7 
    -8     16     21     17     40    -14      5      1      4     13     44     -8     15      0     -2     24 
    14     -5     19    -19      0      3     22     12     -3      3     -6     20     45     24    -26     -9 
    17    -13    -36     16    -12     26     45    -17     -3    -11    -24     -5    -23     -4      8      4 
     6     16     38     -7      8     20     11     17     40    -15      9    -16    -25    -15    -34     17 
     5      1      0     -5     -3    -10     34      8    -15    -90    -48     20    -14    -16      9    -11 
   -21    -27    -83    -76      4    -20     -8      4      7     -2     -1    -45    -80     -6      8     39 
     0    -27     21      0     51     44      3     -3     10     -4     25     -7      5      0    -11    -24 
     1     10    -10     57      7     -2     21     -3      7      5    -46    -18    140    -31      5    -64 
  -144      8     -3    -23     -9      8    -24      6    -39    -44     10      5      7     10     23     16 
    12      4     14     11      3     -9     -6     14     -4     -6    -47    -49      7      5      5    -10 
   -35     -9     20     27     33     21     19     44     24    -55    -26     -6     -1     83    -11     12 
   -21    -20     79    -11    -14    -23    -90     13     -1    -21      4     31     -6     -1    -46    -37 
     6      9     15      9    -18     -8     17     11     25      9    -13     -7      8      8     -9     -8 
   -42    -67    -11      5     15    -17     53     17     -6     -2    -14     17     11     -3    -42    -56 
   -12     59     60     -1    -29     -4     14    -27      1      0    -23     28     32     -9     -2     20 
     4     13     12      0    -22     11     -3      8    -10    -10     28    -12      0      3    -18     23 
    19    -17      8     32     13     28     39      2    -13     -8      1    -17     41      7      9    -14 
   -15    -30     29     13    -41     20      6    -55      7     -4     -3      3     -2      9     48     23 
    14     16     -2     10      1     18    -20    -14      0    -28    -33    -12     15     15     -7    -17 
   -34    -55    -33    -27    -64     -3     14     26    -13    -21     -7      6     41     55     32     52 
    -1     24     56    -18      9      6    -46     12      5     37     13     18     25    -10    -13     10 
   -15    -12     -4     -4     27     -6     21      1     13     11      3     27      8    -20      5     21 
    30     34      9     -7      2     -4      3     19      6     -5      3      9     12     14     -4    -31 
   -16     29     45     16      0     14      0     -4     27      7     -3    -12    -12     -1     -2     -3 
     2      4      0      1     -3     -9      4     -4    -26     -7     16      5     -4    -43    -77     -1 
   -25    -16      0      2    -16    -13    -70    -58      3    -17     -4     14      6    -22      4    -52 
   -62     -4     18      8     19     55     39     -7     39     28      3     -6    -22     -6     22      0 
     0    -61    -66      1    -20      3    -14    -10      5      2    -21     15      5     15     40      0 
   -12     24     21     17     44    -10      0     -8    -27    -26    -37    -23    -33    -42      7     30 
   -49     15     47    -49     28     30    -61     -1     -8      5     11    -16      5      5    -38    -24 
    34     36    -17    -47    -27      0     18     -5      2    -20    -20      2     21     15    -12      8 
     9     -1    -20     24     27     45    -14    -50     -6     14      8     19     13      4      3      0 
     1      7     -5     -9    -35     32      4     14    -39     -9      7     11     -7    -12      6      4 
     2      5      7     -5      5      9     -9     -6      0      8    -19     -7     -3     -1     -3     -4 
     3      2     -2      5      8      1      3      3     12     -3     -8     -5      1      9     -2     -8 
   -14    -31      9     33     12    -28    -31     -8     14    -18      0     10    -15      2    -15     -3 
     7     16     -4    -67     41     42     51    -57    -10      3     14     -6      6    -26    -25    -28 
   -11     10     -8    -21     -5     22    -40    -43    -29     17     26    -14    -33    -14    -17     -7 
     8     17     -1    -10     -1     13     14     -6      8      2      5     -7      9     -4     -3     -9 
    14     12     12     11      4     -3     -5      7      5      8     -9    -18     15     44     16      3 
    -2     31     56     16    -68    -48     28     27     11    -37     11    -12      9      2    -33    -18 
     3    -17    -30    -16     11     21     -5     -3     -2      5     -1      0     -6      7      9      5 
    15     20     16      6     13     17    -35     -2      4     12    -29    -59     -3     -3    -15     43 
     2    -38    -32    -31     38     -1     12      9    -43      1     10     21    -25    -74    -10     -7 
    -5     -7      0    -23     -9    -12     -4     -1     -7    -14     13     26      8      9     -1     14 
    -4      7      9     -9    -16      5    -23     31     39     19    -27     -9      3      2     -2     -1 
    -6     12     17     15      5     -8    -56     15     -6     19     15      4      7      0    -23    -47 
     9      4     31     -1     15     -4      3     -1    -36    -42    -15    -21      1      4    -16    -17 
     1      1     -5    -12    -26     17     -7    -14     -9      6      3    -11     -9    -13     13     -7 
   -13     -6     13     73    -19     -6    -31      9      6      6      2      9    -48     -9     34     46 
   -47    -23      8     29    -18    -10     15      1    -31    -11     16     -4     -8     -8    -12      0 
    -4     -7      5     -1     -3     -7     -3    -28    -35    -38    -20      0      6    -22    -28    -24 
    46     27     17    -57    -55      3     25     -4     49      8    -94    -45     -3     36      5     -4 
     0      3    -15     24      5     27      7      7     13    -10    -10    -69     32    -15     45      2 
    21     15     -3      9     18    -15    -40    -46     13     -8      2      0    -22    -20      4     -6 
   -20     -2    -13      8     11     13      7    -11      3     -2      3     -1     -3      6      0     31 
   -21    -20    -35     23     -5     -1    -12      0     17    -23     -4    -19     12      4      0      6 
   -15      1      2      3    -11    -14     -7      1      0      7    -18    -23    -24    -11     16     -2 
    -4      2     -4     25    -33    -16    -37     14     18      0     -2     11     -5     -6     -3     -1 
    -5     -5      0     11     39     -3     -9    -24     56     59     26     24     -8      3     11    -16 
    -3    -14     -1      1     12     -1    -11     36    -13    -14    -27     15      6      3      6     -4 
     9    -18    -24    -32      0      5      9      1     -3     14     -2     -4     -4     -4    -17     -4 
    -5     16      6     -9     16     12     32      2     -7     -1     16     34    -32    -25    -67      5 
     8      3    -11    -11    -15    -20    -24     -6     -7    -11    -18    -25      5      3     -1     10 
    -3    -43    -11     -4     -5     -3    -32    -10      5     14    -14     -1     -9     -8     12    -11 
   -20    -10    -13      2      1     -1     -9     16      7     10      6     24     15     -3      3     -5 
    -3      5     -8    -25    -53     10     -1      4      0     -1    -12    -14      4    -29    -22      5 
     4     22     -7      4      2    -13    -50    -43     -6     71     62     -3     -2     -6      9      4 
     4      4     -7      2     15     18     15     -7     10      8    -12     -9      5     -9     -2     -3 
    15      7      2     18      6    -20     -3      2     -3     -1     10      5      2     -6     24      4 
    -1      6      7     -2      0      9    -14      6     -5    -10    -11     -7     -3    -30      5    -41 
    -6     -5      4     -3     -5     -2      5      7     11     -8      1      0    -11     -5    -16    -23 
    -5    -12    -36    -18    -79    -26     27    103      8     25    129     10     -7    -18      5     -8 
    33     53     10     26     -9     14      5      6      3    -20     18      0     27     19      0      2 
     5    -16      9    -10     -8    -10    -40     -4     10      5      3    -11     -9     -3     -3    -25 
    -3     -6      5      0     15     11     -5     -3     22    -11     -9     -4    -14    -23      1      0 
    24    -39      3     43     37     22    -37    -64     16    -77    -78      3      2      1     -2     12 
     2      4      2     -1      2     -5    -20     -3     17    -27      5    -31    -41     -9     -3     -8 
    -4     -3    -37     -4    -12    -17     -1      4     11      7     -1      9      3      4    -23     -2 
     6      7     -7    -56    -33     -9    -49    -53    -10     -3    -12      3     27     37     -6     66 
    69    -10     -7     -4     -9     14    -80    -19    -73      7     -3      3      5     -9     10    -12 
    -1     -9      2     -7      2     -3     -1     13     24     -5    -64    -29     -3     -1      4     -2 
    -8    -13     -3    -38     -5    -13      1    -15    -12     39     55     -3    -25    -21     -2      5 
    -4     -1     28      7    -11    -64    -66     -8     -8     16    -12    -20    -43     -6    -25     15 
    -5     19      8     -5      2     13      2     -3     12     -4     -3    -14    -12     -6    -24     -3 
   -22    -71     -1      5     -5    -33    -61    -46    -11    -20    -32     15     27     17     28    -32 
    14    -27    -60    -13    -19    -17     -3    -22     -7    -18      2     11     40      3    -10      8 
     7     32     -1     -2     -6     19     -8     -9     -7    -20      2    -16    -30   -101    -72     25 
    23    -24     21    -20    -44      4      6      9      7     -3     -3     11    -18      3      5     15 
     1      1    -25      1     -2     43      2     -5     -8    -13     -9      4     -6      5      8     16 
     4    -10    -10    -10     18      9      0     -4     14      0     -1      2     16     15     15     14 
    24    -10     13    -39    -13      6      5      4     -7    -11     -9     -9      1    -44     17     17 
     8     -1    -21    -17     16     -1     14    -14    -11    -12    -18    -54    -17     28     31     30 
    10     12    -19     19     38     19      8    -20    -18     11      5      6     -2     17      6     -2 
    -4     11     -2     -4     -6     -5    -23      9     -1      5     -6      4      3      4     -5     12 
    -4      2      1    -11     -2     -5     -7     -7      1      4     -2    -46    -64      0      2     -5 
    -9    -23    -14      2     -8     -5     -4      3    -11     -2    -25     23      1      6    -42     -7 
     4     -3    -17    -30     14      2    -22     -9      0      0      0     -7     11    -27      6    -17 
   -25    -15     -3      3      7    -21     16     -4     52     32     -4     -4     -2     -6    -11      9 
    -4     -2    -22      8     19      1     11     16      9     15    -11     -6     -2     -8      2      3 
    35      0      5     10     -4     -5     -6     -3     -7     -5     14     -4    -15      4     -6     -2 
    -8     -2    -10     22      3     -3     -5     -1      8    -16     -4     -9    -16      9    -39     -8 
   -29    -19     -4    -49     12     10    -11     28     14     -3      8     -4      2      6      5     -2 
   -10      6      1    -30    -25     24    -12      9     15     19     22     -7     -6    -10      4      1 
     2     14      4     14    -11     28     -7    -22     41    -13    -15    -10     -7     -6     -6      3 
    10     -7      4      7     -4      4      6     14     -5      9     36    -12      4      4    -11     -4 
   -20      0     -3     -3     -7      1     20      7      4    -39    -17     27    -23    -26     31     23 
     5      3     -5      7      3    -11     15      0     -8     10    -12    -52    -25      1    -59    -18 
     7     46     58     -5    -14     -5     21    -28     18     16     17    -10      6     -2    -10      2 
    16    -17     12     -2      5     -6     -6     18     18    -25     19     -8     -1    -22     24      5 
   -13     29    -27     12     -7    -10     17     -2    -11    -13     15     -8      9      0    -18      0 
    12     -9    -10     17    -17    -33     11     14     -2     16     16      5     19     10      1    -21 
   -22     -9     12     -6    -14     17     -6     10      2     17     25     -4    -17      6    -16    -11 
   -10     -4     39      6      0    -10    -33      8     11    -57      1     56      3    -11    -54    -44 
    -1    -37    -38     18     81     60    -12    -36     15    -15    -41     18     -1      4     22     -5 
   -21     -9    -13      4      9     -6      8     13    -22    -11     -3    -19     21      6     10     26 
    18      8     -7    -14     15      8    -26      4      2     -4     11    -13     -4     21      7    -37 
     8      8    -15     -3     -4     -2    -17    -39     11     -5      2     29    -28    -73    -16    -33 
   -57      0     36     95     32      5     -4     11     18    -11    -21    -17     45    -12     -2    -14 
    -3     -2     26     13     -4    -11      1      6      5     -1      9     12    -21      9    -15    -11 
    -2    -64    -16      0    -14     19     14     43     12      1     -5    -15      5      8    -56      2 
    37     -1     -7    -22     -4    -19      6      8     -2      6      4      3    -14     -3     39    -19 
    37      2    -10     -1      9      0     -9      5     -1      4     -7     -7     -2     18    -17     -5 
    26     -8    -20     21     20     -6      1    -10     -5      0      6     -1     -3     -4    -15      1 
    14      8     10     -9     21    -16    -26     -6     -7    -13      6     -7      0     26     -5    -16 
    19     12     66      1      0     -4      0    -24    -62    -17    -11    -12      5    -28    -24     22 
    -8      6     17     17      2    -11     14      3     -7     -7    -12      5     -8    -30     -6     -8 
   -12      9    -28     10     -5      1    -48    -38      4    -59    -68      6     64     80      2      8 
    -5     -7      3    -10      4      5     -6    -14    -50    -13      7      7     -5     16     68      3 
   -16     -8     -8    -22      2    -12     -1     14      1      2    -38      0     14    -59    -15     22 
    31      8    -30    -48     -1    -30     -9     13     10     61     28    -13    -48    -18    -11    -45 
   -31     27     88     29      1     -2     -6    -10    -32     12    -19      7     27      7      2      3 
    -2      5     -4      0     -7     -6     -6    -18     -1      1    -62     29      3      1     24    -12 
   -26     -3    -31     -2     16     -2     17      8      0      1     -8      3     10    -65      2     44 
   -17     37     79     40     24     36     27    -21   -102    -55     -5    -24    -10    -12    -63     13 
     4      3     47      3     -6    -12      3     10    -16     -3      2      4     -5    -17    -22     21 
   -31    -17     22     27     34     -6     -3     -7     15      8      5      3    -14      5     15     43 
    60     -3    -33    -12     -6    -46    -33      9    -50    -30     34    -33    -38     20     50     15 
     0     22      1    -28     11      5    -10      0      5     17      8     -2     19      3     -8      7 
    -6     -6      3      3     -7     -8     42      4     20    -13    -23    -11      0      5    -21     -7 
    12     -6     -2      4     -7    -15     13    -40    -14     38      7     19     -4      5      1     -9 
    17     -3     -4      9     -7     -3      0     -7      4    -38    -27     32     -8     20     18      3 
    -1      5     -9     -4      4     -5      1      7    -13    -14     -3    -49     24      8    -14     15 
     6     -8     10      3     -6     -9     11      1     -7      0     -3     13      2     15    -45     25 
    13    -32     16      9     -6     -6     22    -33     -8      4     -3    -12    -13    -23      7    -38 
    24     33    -25    -22     24     -9      6    -20     -8    -50      0    -22     36    -28     14      9 
    18     35     -4    -23     -5      1    -11      8     -5     -7     14      4     -5      8     -4     10 
    -1    -21     -9     -2    -60     13      1     26      3     11     -8    -16     47     -4    -29     23 
   -37    -10    -10      4      7     -6     -4     -4    -14     -8     11    -30     -1     27    -88    -15 
    58    -50     33     52      5     -9     15    -14    -68     18    -24     15     -3      5    -16      5 
     6    -56     29     -8    -26     14     -6     25      3    -28    -18      8     -5     -7     -3     -1 
    13     16    -20     -4     31    -12     -7     21    -18     -5    -11    -37    -36     47     -7      3 
    26    -14    -26     -1    -25      8     15    -10     13      6    -20    -17     -3    -33      9     21 
   -16     24      9    -10     12      3    -19     -4     17    -16     -9     16     -7     18      7    -46 
    14      1    -43     19      4      8    -16      0     39     26    -54    -18      1     27     -4     -3 
     8    -19    -11     26     -2      0      2     -3    -22    -15    -33     17     27     -6     14     11 
    -1    -32     -2    -28      5     27    -15    -13     -7      4     -7      1    -10    -65     20    -18 
    13     13     -1     28     19    -18     10     21    -13     -6     17     -6     11      2     29    -36 
   -14     17    -51    -34     25     -9    -15      9     -7     -9      3      1    -17    -12    -15      4 
   -46    -18     21    -13     38      3     -1     -6      0     -7     14     11     -2     12     36     -4 
    -3    -17     -8     21      0     -7      2     -1    -13     13     14    -26    -38     25     -5     -8 
    18      1     25    -21     38    -72      5     19      2      5     -6      4      3    -27    -15     12 
   -15     -3     11    -24      7     10    -37      2     28    -23     12     27    -17    -36      2    -36 
   -26     13    -30      5     -3     -5     -2      8      4    -76     43      0    -58     24    -41      0 
    34    -57    -11     46    -37     17     42    -17     21     34    -35     12     35    -40      6      6 
   -12      2      0    -32     13      9      0     10     10    -10    -15     -9    -61     19      6    -34 
    43      0      5     15    -13     -9     -3      5      4    -15      2    -15     -3      9    -37    -17 
     6    -68     19     -1     -7     13     13    -15      4     15    -24    -14      9      0     10      5 
   -10     -4      6     -1      6      0    -11     15     16     -4    -24     21     -1    -12      8      1 
    21      4    -16     -5     16     -1      2      5     -1     -5      4    -15    -58     12    -34     10 
     0     15     24    -25     68     34    -55     68    -12    -50     -7     29     -2     -9    -31     22 
     6    -12     14    -31     -2     17    -39     -6     28    -36     25     16     -5    -20     -4    -13 
  -115     36      2     -2      9      5      6      1     18     19      6     -9     -4      2    -21     66 
   -30    -22     79    -43      2      1     -2     -9    -19      9    -36     16      0    -32     22      7 
     3    -45    -16    -31    -87    -62     -1    -36    -13     -7     -5     -5     -4     -2     15      0 
     1      8     -2      3    -11    -17    -28    -55    -26     51      3      3      1     15     -1    -23 
     1      9    -16     13      7     -6      4      6    -27      7     25     -3      8      9      9     -3 
     0      5     -5    -12     10      3     -1    -13      0      3    -18     19     10     -7     12      3 
   -13     -1      0    -34    -10      3    -33    -14      2    -47     -5    -20   -103    -46      3    -51 
   -12      2      1     -2      3      0     -8      0     13      3      4     17      5      9     36     48 
    -5     22     37      4     12    -10     -5     31    -27     -1     22    -21    -14     12      1     -1 
    32     12     -3     14      5     17     11      5      5     24     21     -2    -14    -13     28     10 
    26     10      6     13     14     20    -10     11    -14     -8     12    -23      1      6     -3     -2 
     8    -14     -3      3     23     22     -6    -13     -8     15     -4     13     -5      4      3     -4 
     0    -15     -5      9     -3    -10     26     41      5    -12     -6      4      6      1      4    -26 
   -16     18    -13     -1      0    -28    -33    -11    -69    -78      0    -53    -55      4     19      8 
    21     91     70    -10     31     26      2      3     -9     13     21      3     -2      4     -1      3 
    15     17     11     47     72      0     20     13     -5    -16     -5      2    -57      1     17    -29 
    23     -1    -32     11    -22    -67    -35      0    -19      3      1     -4      1      2    -11     -2 
     7    -11     -5      6    -12     -5     -1    -51    -50      9    -62    -41     12     10    -11     14 
    84     32     -2     84     24     -2    -28    -38     -4     72     45     -9    -60    -50      2     12 
     0     24     10     39     -1      1     13     -5    -17     21     -3    -38     -8      2    -18     22 
     3    -22     12      8     85     51     -4     13      5      4    -26    -19    -18    -70    -60     -4 
   -78    -68      8     18     16     11     37     69      1     16     23    -11      3     -4    -16      5 
   -34      2     72    -13     -6     -4      4      1     14      5      2    -16      0      3      0     -2 
     0      9     13     -3      6     18      2     -1     11     12     35     46      3     12     29     -4 
    17      1      4     15      7     -2     16     13      1     -3      0      5    -10     12      5      6 
     6     23    -15     26     13   -107     18     19      5     22      0     -9     -2     13     -9    -15 
     3    -10     -6     -8     -4     -2    -11    -19     -4     16     -5     11     -9    -33      4     15 
   -53    -17      8    -61     -3     10      7     28     10     49     85      0     22     37     -6     -6 
     9     10     -8      7     11    -16     -4    -12     -1    -14      6     30      4     -1     -4     -6 
    -2     -7    -11     -3    -22    -11     14     10     14     -2      2      0      4     31      6      1 
     9     -2      2     17     11      8     53    -12      2     10    -20      6     12      5     18     89 
    36      1     69     24      6     -7     -6      2      5    -15      6    -24    -29      4      5      5 
    -4     -8     -6      0     -2     -1      2    -28    -33     -6    -77    -90      7    -23    -20     -6 
   -47    -10    -35   -115    -66      7    -24    -19      4    -23    -15    -12    -66    -61      0    -86 
   -86      4     23     15      1     -8     34      3     17    -14      1    -18    -19    -12    -87    -81 
     7    -48    -40     -5      1      3    -21     -3     -7      4      1     10     -2    -11      0      8 
    46      4     -9    -10     11     -6     -9      2     -9      0     13      3      0      6     10     20 
    40    -19    -22    -24     -5     31     18      2    -12     -1     -5    -16    -20      1    -22    -19 
    -4     11      0     11      4      4     12     -9     -2     -5      9      0      3     26      1     12 
     6     -7      1     -5     -5     -6    -14      3      9    -17      7      2     -5    -14      5      2 
     1      7     -3      3      7     15    -24     -1      1     -9      5      4      4    -10      0     13 
   -12     -5     11      1      7     10      2     -4     -3     11    -11     -1     -2     26     -3      0 
     0     -2      1     -6     -2      0     -7      1      1    -10     -8      0    -12      4    -22     32 
    -3      6      5      4      5    -11      7     15     -6     -6      0     -6      5     -4    -11     18 
    -9    -23      2    -10      2      9     -1     -3      0    -12     -9     -8      4    -14    -16    -27 
   -31      4      3     -1     13    -10    -13      1     -7    -81    -43    -22    -30     -1      2      0 
     7     -2      8     -2    -23    -15      2     -8     -5     10    -16    -12      6     -2     17     16 
   -12      0    -10     14    -37     17      1     -6     12    -14    -12     -9      1     19      2      3 
     2      6     17     -8      8     19     13     29     -5     24     -4     -8      5    -11    -36    -18 
     5    -23      1     19    -10      3     -5      9    -11     -7     -1     -6     18     -3     -7      2 
     0    -46      8     -7    -45     10      3      5      6     13    -20      4     13    -16     -8      7 
    -3     12      1     14    -19     10    -14     -1      5     35      2     11     10    -10      0      7 
    10      3    -11    -12      5     -2     12      2     14      1     -1     -3    -13      4    -21     -4 
    -5     16      5      0     -3     -4     -3     12     23      5     -4     -7      1     -3      2      4 
     5     -9     -1    -17     -9     -8    -21      2      9      5      2      2    -36     13     13     12 
     0     12      3    -14      4     12     11      9    -10    -13      4      1     15      4     16      0 
    -5    -19      4    -10    -11    -15     -2    -14      8    -10      2     -3     11     -6     -7     -3 
    -4     29     11      3      8     -1      7    -20      2     -2      1    -10    -14     -1    -15    -17 
    23      2      2     13      1      0     13      7     -9      4     13    -12      5      3     -9    -13 
    15    -33     10     -5     15     -4      2     -3     10      5     -2    -17      0      4      6     -3 
     4     -2     21     69      8     18     16     -8      4      8      7     10    -11      4     10     -8 
   -11    -11    -17      0     15    -26     -1     -1    -19     14     -2      1      6      2     -1     -6 
     5    -15    -15      5    -12     -9      3     -3    -10      3     -7      6      2     -5    -11    -14 
   -13    -14    -13      3    -15     -2     -7     -3      6    -24     20     -4    -48     14     11     -1 
   -21     18      6    -22     14      8    -21     34     -6     -9     26    -22    -38     10    -26     -7 
   -30     -8     13    -35    -14     16    -12      6     15     -2      4     -6      7    -54     19     -7 
    -1      3      3      3     -4      6     -2     -4     14    -31     -3      0    -13     -6      7    -34 
     8    -12    -27      3      0     -3     -1     -5     19     15      7    -14    -14      0      3      0 
     1      0     -5     -1      2      1     -5      2      3      0      2     19     -9     10     -5     -1 
     9      4      5     10      5      7      1      2     -6      1     -8     11      1    -11      2     -8 
    30    -15      4     13     -5     32    -16     -6      0      6     -4     -1      1      4     13     23 
    -1     -1     -8     -9    -11     -1      5     12    -22     -6     -8      4     -1      5    -12     20 
    -3     71      9     -3     20      2      4     -8     11     19     -4      8     12      1     -1      1 
   -19      2     74    -38     -1      1     -8     -4    -15     -5     10     -6     -6    -13      6     -4 
    -2     -5     -1    -55   -119    -14      1     16    -11      1     -9     -5     11     -1      0     -3 
     4     -8      2     17     -1     -7    -24      6     -1     -7      5      4      8      7     -9     -5 
    12     -2     -2     -4     13     -2      1    -15     18     16     -5      1      1      3      7      0 
    12     -4    -15      6     -2     -5     -4     -3      8     22     65     25      7    -15     -4      6 
     4      1      5     -7      6      4      2      3     -8     19      7      9     32      9     -4      9 
    -3      5      7      1     -5    -32     -9     -1      5      8     -2     17     -5     11   -123    -83 
   -18    -64      6     -5    -20      7     24     -1      2     -7     10     -7     -1     -9     14     15 
    52    -16     -4    -16      3     -8     -2     -2      7      3     33      8     38      0    -19     18 
   -34     13     -6    -10    -15    -13     -7     10     -2      3      2     -8     -6    -19     -3     11 
    -8      2      4     17      1     21     10    -14     -2     -8     -4      3      5     12    -19     10 
   -37     12    -10     -1      6     14     41      4      7    -13     -9     10     17      4      5    -17 
    13    -18     -9     -3      0     -7      4      5    -19     12      5      2      7      0     -3    -11 
    -2   -145    -41     -3    -48     13      9     13     -2    -24   -115    -22     -5     14     14     11 
   -20      5     -1    -81     11     -1     -8     15      8    -13     24      1     16      3     16      3 
    -1     -8     33      8     42    100     29     -2      2     -5     -6      7     13     23     49     25 
     4     -4     -5      0     14      2    -10    -93    -42    -18    -24    -10     24      2     -2    -47 
  -204     -9    -51    -10    -11      5     -6    -10     -2      6     14      7     -9     -8     -2     -8 
    14     22      8     10      8      0      1     -6     40     13     48    117     19     -1     -8     -9 
    12    -34    -14      1   -133    -10      7     -9     -8     -4     -1     -2      6     52     19      6 
    22      0     10    -20      0    -28    -60      4      2      2     10      8     -7      5     17    -26 
    -6    -13     25     -3    -17      1    -10     -6      9     17     15      3      9    -15      5      4 
    14     11     22      2     -8     -3     -2    -12     -5     34     56     25      7     17      7      4 
    16     11     20     18     -5     -5    -18      5      1     13      1     -2    -39     -8     -2      5 
    10    -19     34    -13     26     15    -15      4    -31     22      1     16     -2    -14    -86    -10 
    -7      7      7     -8      2     12      5    -16      5     -6     -5      2      7     -3     15     -8 
   -83     21     13     -4     -8     -5     19     -4     10   -125    -81     -1    -84     15     -2     13 
    10     -3    -16      4     -6     -6      1     31    -19     -8     -2    -27     11      3     21      8 
     1    -10     -3     -9      7     27    -14     -2      4     -5      3     -6      4    -60      9     -7 
    18     -5      6     -4     14    -16   -155    -14     -3     -5     -7      2      7      8     -5   -155 
    -9    -16    -46      1     12     13     12    -17   -142    -38    -27    -40      1      1      0      0 
     0     18      5      0      2     -5    -10     20      3     -4   -117    -80     -8     10     13      4 
     4     -8    -33    -92    -19     -1     26     -8     -3     -1      3      3     47     22     12     31 
     4    -19    -28     -9     -8    121      3    -10    -10    -18     -9     24      0     -2   -113    -69 
   -14      2      0     16     -4      9      3      4     19      4    -10      2     -7     30     15      3 
  -102    -33     11      1     17      0    -26     -9     -4      6     10     -6      8      4     10    -18 
    33     -8     42    -26     -9     -2      0      4     -3     10     19    -41     23     -6     -8      2 
    10     -7    -10    -23     24     -3      0      2     -9     -6      2     10      1     -4     -2     10 
     3      0     -8      6      2     31    -41    -11     -6     13      2     -1     -5     10     -2      3 
     1      0     22     -1     -1     14     -6     39    -32    -17      5    -12      5     17      9      2 
     8    -27     -3     15     -3      7    -13      2     -2     15     61    -17     15    -10      3     -2 
     1      1      4     -4     -2      8     -4      0    -42      8     -3     84    -12     -9      7     -9 
    -5      2      1     -7    -11    -22     -8     -2     -8     -2      2     16     -1     -4    -30      8 
    -6     -8      1     59    -15     -5     30    -83     -1    -15    -16     -2      1     24      3     77 
  -108    -15    -16     19      8      8     15      9     15    -36    -11    -12    -35     -2      3     22 
     6     34    -12     15      5    -15      2     15     -6      4     -9    -21      1     10      6    -12 
     8     -9      0    -27     68      7      7    -17      9     -2      2     -2    -13     -4     -2     -5 
     9     13    -14    -12     -7   -107     76     22     -9     56    -12     10      2    -17     25     11 
    -4     -1     -4    -13    -14     -1    -12    -39    115    -14      9    -12     12      5     18     -7 
   -15      8      3     11    -24     16     -8    -10     -6    -18    -48     -3     -3    -11     -6     -1 
   -28     -3     -8    -15     21     -6     -7      6     12     -4    -12     40    -38    -21     -8     -7 
    -7    -26     20     -5     18     11     -8      4    -19      0    -18      3      0     21     17     -8 
     8    -19      4     11      2     -7     11    -34      1     -1     14      1      9      2     -2    -19 
   -15      3      9     -4     -1     -3     23    -20     -9     27     -3     11    -28     -9    -11    -17 
     1    -16    -44      6     -8      8      7    -27     11      4     25     12     -8    -10    -22      9 
    -1     23    -13      7     -3      9     -1    -28     -4     -4      5    -14    -22     77     -4      9 
   -33     -7    -13    -29      4    -18    -19     12     -4     -8      8    -15     -1      0    -34     28 
    10     51     16     -7      5      4     -5    -11     23     -7    -11      2     -2     -9     -6     -7 
   -21     79     -5     31    -17      3     -5    -14     -7    -24    -11     24     -7    -16     -3    -72 
   -22     -1    -19     74     -4     46     18      1     -1    -18     -6    -10    -14      2      2     -6 
    -8     41      5      4    -70     46    -10    -28    -22      8     13    -11     -5     -5    -39     -5 
    -2     -6     -9     -7     13      9     21     -4      7     -8    -32     12     -4      7      3     -1 
   -62    -14     -5    -21      5      0      8      0     -6    -34    -13      3    -14     10    -39     14 
     8      3     37    -18     19    -23      3    -12     -4      1     17     -6     21    -10    -12     22 
    -3     -2      3      1    -16      1      3      1     -6    -18     10     -1      9     -3      6     11 
    -5      4      2      8      0    -34    -13      8     -8     -3     -9    -15    -10     -9     -5     13 
     7     25     10      7      7      5     -2     -4    -29     11      2     17      3     -7    -11     -2 
    -2     12      1      2     -3      3      0      0     -3      6    -31     22     -1      7      4     12 
   -13     -1    -12     10      4     -6     13     -7     -7      0    -12    -51     60     -7     -9    -10 
    -2    -23     16     10     71      2      9      0    -30     12     19      5      2      8    -49     30 
     5     28    -12     -9      6     -3     15     -2    -15     -8    -31      0     21    -23      0    -30 
    37     17    -12    -13     12      8     -7     -5    -12    -13      8     20     11     -6     10    -13 
    14     17      4    -23     -3     -2     -1    -39      1      0     54    -27      0     28    -18      7 
     2     22      4     -4     31     17     -2      6     11      6      2    -13      5      5    -22      8 
     3     -5      1    -10     10      1    -12     35      0     -6     38      4      6    -19      2     27 
    -2     -4     10      8     -1     10    -18     -3     17    -38     -3      3      6      6     -4      1 
    12     -4     -9      4      0     -6     -4     -1     -6      5     -6    -67      2      9    -21      1 
    -3      0      0      7      6     -1      2      6      0    -12      3     14    -38    -17     -3      0 
    -9     -3      8     10     -3      1     24      1     -3      9     -1    -10     10     -1     -3     53 
    -5     13     18    -13     16      4      2     62     -2      5      8     -6     -3     -1      1     -2 
    19    -31     -1      9     -3     -1      3     24     -3    -11     27     -3     -1     -8      4     -2 
     6      4     -8     30      3    -19    -22     -2     -5      5      0    -14     -3     -4      6    -15 
     1     -4      4     -1      7    -23      5      5      6     -2    -17      4      4      3    -14      3 
    13    -17     -7    -15     14      2      3     12      0      8     -1      3      2      0      3      8 
     2     -4      5     -1      0     -3     -2      6     13    -76     -1      8    -27     -4    -17     -9 
    -3      5    -15      4      7     25     -4      4     18     -5      3     48     -5      7     23     -2 
    -2     -3     -6    -12    -58     -3      8     -6     -9     16      5    -13      6    -23     -2     17 
    13     -3     -3      6     -3     10    -49     -9     16     -7      4     -3     -3      9    -13    -54 
     3      2    -13      4      0      1     10     -4     32      5     -3      7      0     -6      4     -3 
    12     16      5      7     19     -1      3      7      6      5     82     -6      1    -12     -7      0 
     1    -10      7    -40     -9     22     -2     -3      5      2     -4      8    -34     -7     11     -4 
     4     -1     23      7      9     17     -1      7      9      1     -3      6      1     13    -52     -2 
     5    -31     -4     -6      4    -10    -17    -55     -3      7    -10     -4      1     13      2     32 
    13     15     17     21     -3      2      0     -7     -7     25     -5      1     17     -5     -1     -4 
     1     -2    -39      2     -5      8     -6     -6      1     -8     -9    -33    -11      5    -29     -1 
    -3      1      2      3      8      0      2    -11     -8      5     12     -4     -8     35     -4     -2 
    24      4     -4     -1     -5     -8    -22     11      0    -18      3      4     16     -1      2     39 
    -7     -2     14      7     -3     -2      2      3     -3     -3      3      2      5     19     15     -1 
     9    -46     -4      8    -14     -1    -17      0      2      4     15     -3     14     13      5      4 
    -3      1      6     -9     -2     12      6     -5    -28     -8      7    -12     13      4      9      6 
    -3    -11      1      0    -10      2      2     23     -5      0      4      4      7      5     10      0 
     4     23      2      8     -1     -6     35     45     -3     12     21      0    -11      6      5     10 
   -20      1     19      9      6     -1      0      0     -5      4      4     -9     -1      2      3      3 
     3     -2     -9      1      2      0      1     -2     31      9    -13     49      3      1     10      6 
    17     14      3     17     20     -1      7      7     -1      0      9      5     22    -54     -4     13 
   -34      4     -5    -10      5    -12     -9     -1    -16    -22      4      2     23      8      1     79 
     0      5     17     -1      1     -1      9     13      7      1      9     -5     -2     -2      5     11 
    -7     47      5      0     17      0     -3     -3      3      6    -21      6      7    -11      3      9 
   -21      2      5    -41      2     -1      0      1    -29      3     16    -23    -43      1      5    -10 
     6    -63      7    -35   -111     15    -21    -26      8     -7    -13    -18      9     19     -4     -5 
     2     -8     17    -20    -12    -39     39      5      3     63    -38      6     -1      5     -1     -4 
    17     -3     -2     -1      3     -6     11     -5    -19     25     10     18     -3      2    -11     -1 
    13     -2      4      6    -12      4    -12     21      0      9    -48     -5     -2      4      1      3 
     3      0      5     14      0      1      4     -1      0     25     -2     13     25     -8      1     20 
    -3      1    -10      1      2    -40     -1      1     -3      5      9     -3      4      2    -65    -15 
     4    -17     13     -4     28    -10     27     23    -11     24    -18      8     -4     20     10     -1 
    25     -5     12     17      8      8      3      7     -3    -11      6     -1    -11      6     -4     20 
   -12      1     51    -24     -7    -33     -5     14     16     23    -10    -10    -14     -9    -17     -2 
    -4     18     13     -9     26     -5     12     25     -5     -3     -2      5    -26     30    -27     23 
   -23     -7    -12      7      4     -3     15    -14      8    -10      8      9     11      7     -8    -28 
    -7     -7      2      3      5     15      5      9     52     29      2      6     -3      3     10     18 
    -3     31     19      8     30      8     16    -19      5      3    -71     13      0    -20     10      9 
   -27     -5     -1   -172    -10    -14    -27      2      8    -28     19      7   -170     14      9    -31 
    20     -2     15     -3     -4    -75    -15      7     14      2     -5     26      3     -4     32     -2 
     4     26     -6     -1    -14     -8     31   -117      6    -10   -106      4     12     -8      5      3 
   -33     12      1      8      3    -21     11     24     -5     91    -34    -19    -21     10      0     -8 
     0      0   -168    -16     -1    -23      7     -2     21     -4    -13    -76    -11      7     10     12 
     4      8     14     15      1     17     -1      4     15      4      9      4     -3     -1      0     -3 
    -5      3     11    -38     -2    -13   -166     -9    -14    -38      2      4     -4     -5     -5     81 
   -22     36    -22      2     -3     29     -5      2    -13     -2     -2     15      1     -2     21      0 
     0      4      5     -2     14     -3     -1      9      2      4   -103    -35    -13    -45     22     -7 
    13      3     19      0    -22     -6     -5      0     19    -29      2      8   -138      4     -2    -35 
    16      4      1     -9     -6     -2      3     -2    -10      4     15    -28     -5     10   -133      1 
   -11    -44     12      1     15     14      1     -1      2    -21     -9      0     -2      4      1    -27 
   -73    -23     -9    -30    -10      7     16     13     -2      6     11      3      4      3     -7      8 
    10     -9     -7      0     -3      8    -11      8      1      0     10    -10    -11    -27     15     22 
    21     -9     21    -12    -18      7     13     13      3      4     19     17      3     45      9     16 
    24     -2      2    -24     -1     -4    -94      8     -3    -32      7      0      5      8     -2     38 
    12     15     36     -7     -3    -15     -8     23   -114      1     -9    -80      6      4     -1      2 
    -1    -14      5      5      5      1     11    -19    -25     10    -91    -14      0    -47      5     13 
   -57     -4     -8   -116      7     -6    -26      4      3     11      7      1     30     13     -1      0 
    -3     -8      1    -22    -14     49     -8      2      6     -3     11    -18    -20      9   -128    -16 
    -5    -65      3      6     13      7      7     17      2     -1     -3      7     14     11     16      0 
    35     16      1     16      5     -4     -2      0      4      5      3     -4      3     -2     -4     11 
   -15    -21    -13      6     10     -1     -5     -3     46      0     22     88      3     11     40     -7 
    -5      5    -24    -22     33      8     -6    -27      4      7     -4     12      4    -23     -2     19 
     7    -21      5      5     -6      0    -20    -17      2     30    -26     -8      7     -7     -9     32 
    -2     -9      4     15    -33    -15     44    -12   -102     53     -4    -20    -20     13     -7    -22 
    15     -7    -32     13     19     17      4      3     -8     -5    -17     -3      3    -19     -8      4 
     6      0      0      4      4      1     -4      3      6     11      3      2    -24     11      4     -9 
     1     -4     18    -21     -9     33     24      0    -20     20      2      0     -5     -6    -13     17 
    -7     -2     23     10      0     12     16    -79     23     10     10      0     -1     15      9    -10 
     6     -1      3      1    -16     -1     26    -41     -6     65     71     -5    -67     16    -11      7 
    20     -6     -2    -13     -5     41     -6     -9     -2    -22     -2     23    -49     -5     27     13 
    -5    -11     -1      0    -36      0      6    -10     -8     -1      4      6      9    -45     30     17 
    19    -45     -6     21     -1    -20      9     35     -5    -46     35     -4     -9     14    -16      9 
    22    -22    -24    -10      2      1      9      3     -8     30      2      1    -12     -5      4     -2 
    -7      7     18      3      9     -7     -6     24    -17      4     46      9     -8     -4     19     -1 
    -1     -6    -14     17     18     -1     -4    -12      3    -12     -5      0    -30    -14     -4      3 
    -1     -1     12      4     -7    -30     29      7      4      3      1     -1      5     -2    -25     -6 
     2    -14    -19     -5      2      5     -2      9    -22     -6    -41     15     -8     11     -1     -5 
    18      1     10    -33      9    -11    -10      9      2     82    -40     -5    -12     -5     -9     -4 
    12     -9    -25     19     -8     -4     11      1      3      9     -2    -10      8     10     -2      5 
     0    -15     -6      4    -60     46     -7    -21      1      3     -3     -1     -1      1     30      1 
     1    -13      0      7    -10    -19    -16     47     -7      0    -13    -20     17    -14      4     43 
   -39     -3     49    -20    -10      0     -3     -7     43    -31    -16     13     16     -7     -3     -2 
    -7    -26     -3      0    -18      1      0      3     -2      8      0      1      3     -6     10     14 
   -13     19      9    -81      1     23     52      0     -7      1      2      2      5     32     -1      5 
    11     -4    -15     14    -11     21      6    -21      3     17      6     -4    -13      4     10     16 
    -5      8     14     -5      2     30    -34    -21     74     -7    -34     -7    -12     -5      1    -12 
   -12     -1      2     -1    -20      2    -12      4    -12    -13     46     -7     -7      4    -24     17 
    18    -40    -40     96      6    -28     17      6     32     23    -29     -8     65    -18    -29     11 
    16     18    -12    -10      3    -21     29     -2    -12     -4     -2     -4     12     -1    -16     -6 
     3     -2     10      5    -19      4    -27      3     -4     -5      5    -10      0      5     -2     30 
     9      7    -36     -4     -4     -7     -2      1     29     -6      1    -29      0      3      6      3 
     5      2     11      2      5     -6      1     -4     -7     -2    -20     53     -3    -25     -7     -5 
    -3     -1    -25      3     11     -8    -14     -3      1     -4      5     -6     -5     45     -3    -11 
    -2     -1     -9    -10      4     13      4     -4     14     24      1     -7    -11     -6    -31     33 
   -11    -16     18    -16     20     31    -50    -12     83    -18    -56     17      3    -21     17    -15 
   -19     29    -14     13    -33     -8      8     20    -13     -3     -2     -6     -5     -2    -11     17 
   -31    -10     52    -40      9      4     -5      9      0     10     15    -24     25      6    -17     -8 
     5      3      3      6      7      6      6      2      0    -75      4     65   -108     17    105   -102 
    24     88      1      2     -2      2     14      2      1    -12      5     66     -4    -76    138      9 
   -98     92    -25    -93      2     -3     -2     -1     -9      9      4     -4      7    -43     19     50 
   -80      6     66    -82      4     53     -2     -3      2      0    -23    -11    -16     -7      9     -1 
    -1      2     -3      5     -1      0      4      0      2      0     -3      0     22      4      9     -8 
     3     35      6     -5     33     49    -30    -30     37     33     -3      8      4     -9      5     -1 
     7      3    -10    -14      2     -2     -5     11      0     -1      2      5      7    -12     -4      4 
     2     -1     -5     -4     -8     -4     -5     10     25    -32      4     10     -7     -3     -2     -6 
    -4      9    -29     -4      0      7      1     98     -1    -99    177      8   -123    116    -30    -96 
     9     -7      4      1      3     29     30    -29    -15     -3     -6     11     -1    -51     12      3 
   -45     24     -5     -3     17      2     -8     -4      3    -13     -2     18     -3     -1     11     11 
   -14      6     -2    -20     -9      8      0      1      5      5      6      6      3      1      7      0 
     0     -2      3      7      0     -9     -2     -3     18      9    -19     22      5     -3      7      2 
    -5      6      5      1     -4      9      4      0      3    -11     17     20     -6     -3     10     -8 
     3      3      1     -1      5     17      9      4     -8      4      4    -12      2     -3      8      6 
   -11     -5     -4      4     -1     -2      7      0      6      5      9     -2      9      2      0      1 
     0     -4     -1      3      2     -2      3    -10     10    -22     13      6      8      2      6     -2 
     6      2     -8     -4     11     -7      2      9     -6      6      4      9      2      2    -11     -4 
     6     -4     -3     -9     14     -6     -6     -8     -7     -3      6      2      8     -2      4      0 
     8      6      2      0      5      0      1     -2     12      4      2     -3      1     -4     -9      5 
    -1     -8    -10      5    -11      5      9     -8    -25     13    -11     13     15     18     -8    -32 
    41   -110    -55    -42    -52      0      3     -3      7      7      2     -4      8      2      3      5 
     4     -1      1     -6      7      2     -2      3     -6     -7      9    -20    -20     -5     -7     -1 
     4    -13     10      6      4    -22     11      1      2     -9     -2     -3     -3    -16      6      5 
    -6      0    -11     40      0    -37     40      2    -52     28      4    -43     -6      5      1      0 
    13      9     -5      4      4     -2      8      4     -1     -3      4     11      0     -5      0      6 
     2     -5      9      1    -12     -2     -7     -3    -13      0     13    -13     -7     20    -16    -12 
    -3    -11      2     -3     14     10     -2     -6      6      7    -13      4    -19    -13      6     -6 
     2    -20     13     -1      0     -1    -10      5      3     -3     -1      0      0      8     -1     -3 
     0      5      1      2      1     -1     -1     -2     10      6      4      7     -1     -3      0      0 
    -1      2      3      2      2     -1      0     -2      2     -4      2      3      5      0     -2      6 
     0      2     -2      3     -1      5      4      1     -2      5      1      3     -2      4      1      8 
    10    -12     -2     -2     11      1      6      5      2      1      4      3      2      1      4      3 
     6      3     -6    -42      1     38    -69      2     57    -57     22     46     -2     -5      7      7 
   -32    -10      9    -15    -12      8      7    -22     11     25    -13      6      5    -10      0      4 
    -1     -2    -17      7      3    -13      4      2      1     -5      4     18     -4      6     -6      3 
    12    -16     -9      5      2      3      3    -17     -2      6     20     38     -8    -11      3     -9 
   -19    -10      6     29     23     -6    -15    -42      1     17     34      3     -1      3     10     -1 
   -15      5    -11      0      3     29     18      7    -59    -39    -19    -31     -9      8     11     11 
   -15    -23    -16      7     12      6     -7    -28    -11     10     11     15      5     -7      5      8 
     1      7      7     -3      3      1      0      6     -5    -11      1    -10     -4      0      6     -3 
    -3      4     -1     -7     -2     25      4     -3     -9     -4     -6     13      0     -4      9     -9 
   -10     -5     -2     48    113     36    -26   -200    -28      4     38      1      4      6     39      4 
   -31      6      4     11    -24      0     23    -18    -10     10    -15     -4    -20     14     13     57 
    18    -18    -89    -58    -10    -17     -3      1      9      2     -7      1     -6      3      9      2 
     3     -6      7     -3      6      2      4      0      2     -7     -5      0     -9     -7      4      4 
    15      1    -19    -67    -64     26     21     18    -10     -6    -13    -15    -12    -23    -11      9 
    -7      9     28     15      1    -10      0     -4    -10     10      1      1     -7     -8     11      6 
    -2     -3    -14     -3      8      3     -1     -3     -5     -1     -3      2     -3      2      0    -19 
   -34    -37      3     38     26     -5     -8    -15    -12    -40    -32     -1    -32    -22     -5     22 
    22      1    -30     -8     12     36     -1     -8    -17      0    -11    -24     -5      2     12     -7 
     5     -2      0     -2     -1     -1     11      6    -29    -10    -24     -2      3     10     -2     -6 
    -5      1     -5    -14     -3      0     63     47    -15    -49    -29    -10     -6     -1      0    -10 
   -15     11     63     45     -9    -12     -6    -10    -51    -18     11     53      7     -8    -13      0 
   -10     21     33    -12    -20    -21      9      0     -6      3     -5    -14     -1    -25     17      2 
     1    -14    -10    -39    -40     -5     51     43      0     -2    -10     31     37      6      7    -39 
     1     17      8     11     23     29     22    -22     -3    -27     -8    -12      2     -1     -9      6 
     0     22      0      9      3     -5     -6    -16    -30     -7     34      4     -5     -7     -6     10 
    -1    -38     17     24      7    -17    -19     11     -2    -14    -19      6     10     24     -7      3 
    -2     -6    -11     18      9     50     27      6    -10     -1     -1     -9     -8     -2     -3      7 
    -9     -9      3     10     48     31      0      8      4    -14    -47    -24     -1    -15     10    -13 
   -44    -41      6     10     12     -7     10      2     -4     -3    -14     -4     -3     -1     10     17 
    26      0     30     13     -7    -31    -37     17     40     17     -6     11      5     -9    -29    -24 
   -23    -30    -21     11     65     24      4     17      2      5     16      5    -17     -6    -18      6 
    -9      6      5      5    -11      0     -4      8     -3     -6     10     -1     20     -7     -1    -20 
     6     -7    -16      7    -14    -12     -3      6      7     -5    -10    -20     -5      1     -9    -10 
     1     16      9      0     -9     -5      3      2    -12      1      8     -9      0     -5    -14      5 
    -9     -7     -3      6      2      1    -19     -6      0    -12     -3      2    -10     17      7      3 
    -8      9    -23    -24     -1     16      0      5     13      7      0      3    -11      4      0      6 
    -3    -15    -10     14     30     11      3     34     -7    -17    -30    -22      3      1     28     -8 
    -4      9      3     12    -24     19     27     12     -3    -21     -9      0    -10     -4     -2    -11 
   -12     -8     17     37      2      5     -1     -8    -14      6     -1      1     -4      3     -5     -2 
    26      8      4     -4    -22      1      5    -23     -5     18     16     20     -1     -4      2    -10 
    -9    -11    -16     17    -21    -10    -14     -6      9      0     -1    -24    -22    -20     -1     11 
     6     13     24     21     22     -6      1     -8    -51    -17     -2    -23    -12     25     29     19 
    -8     -8    -16    -16    -18    -22     -2      5      5     16     28    -20     -3    -12    -22      2 
    10      3     -1      0      3      1     -7      2      5     17      6      5    -28     -5     -3    -16 
     0     19     18      9     16     24     13     -1     -4      0     -2     31      9      0     20      5 
     0     -5     -2    -14     -8    -14     -1     12      1     -3     -7      7      9      6     10      4 
   -11    -18    -15    -13    -15     11     37      3      0    -11    -16    -11    -46    -11    -18     17 
    -8     -6     45     19     19     22     25    -45    -30    -26     -1     20      1     19     32     11 
    -1     24     -3     -6     33    -21    -18    -34    -19    -28    -25    -12     -6     27      1     24 
    39      8     -5     20      0     -4     12      3      0      4      6     57     65     44      5    -24 
   -12    -27    -61    -40     11      4      7      2      3    -22     -2    -10      6     -3     26      7 
     0     27      3     -2    -14     -4     14     19      4      2    -17     16     -6    -31    -19     12 
     5     -1     -1      3     -1     -4      8    -20     40     11     20     18      0      1     -3    -17 
   -19      7     10      5      8    -10    -12    -11    -15      4     14     19      9      1     -5    -19 
   -11    -24     -4      3      8      3      0      9      2     -3    -22    -17      8     29      7     19 
    -9      9     -5    -35      2    -13     -9    -16     16     44     23      8    -19      7     10     10 
     4     12     -5     -1     -9      7     -5      4      5     15      7     -7    -14    -16    -16      3 
     1     36      7     -6    -18     -9    -12    -30    -18     11      3      9      3     11    -21     -1 
    -8      4     21      3     -4      1      0      3      0      2    -19    -19      3    -17    -12     19 
     0      6     34     15      0     16     -4     -9      8    -18    -10      7     -7      3     21      5 
    23     50     -8     14    -32    -12      6      0      6      8      1      0    -12     -2     -9     10 
    -5     -2     17     -9     -1     -9    -18      4      3      8     -3     -8      5     -1     -8     -3 
   -27    -13    -21     -2     -5     81    -34     -8     29    -13     18     14      5      7     -5      3 
   -12    -35    -16      3     19      7     -9      0      3    -14    -20     -7     20     20     21     -7 
   -24    -19    -18    -34    -22     -3     26      6      1     37    -10      0    -15    -12     29     57 
    30      5      9     -8    -19    -46    -45      5     29      5     -3      8      9     -4     -5      2 
    12     14     -1     -9    -28    -11    -20    -12    -13     20     47     15      0    -13     -4    -17 
   -66    -21     17     19      6      5    -10      9     -6    -28     -5      7     19      2      4     -1 
     0     -1    -44     -1     11     -1     -4     -1     15      0     -4    -15    -12      6      2      2 
     2     -5     -3      0     -1      2     -2     25      0     -9      0     -9      5      1    -18     12 
    17      4      1    -20     -7     11    -12     -5      8      2      6      2      7    -21     -2    -15 
     2    -28    -58    -17     -7      0     13     27     64     23      7     22      3     -6      4     -3 
    -4     -9    -11     52     50     28      1    -17    -12    -26    -48    -34     10     33      2    -19 
     1    -16     -8    -42    -25     -2      3      4     -3      1      4     -9     -7     -3      4    -47 
     4     -4     26      2      2      5      6      0     24      5      5    -11     -9     -1    -26      3 
     6      4      4      7     13     -3     -7      4     -3    -20     21      7    -36     34      9      0 
    32     -4     12      5     -5    -13     12     -7     -3      7     -2    -20     10     27    -62     11 
    32    -50      8     14     16    -10     -5      7    -16      1      9      1    -10     74    -27    -79 
   182     -9   -112    128    -35    -99     19     -5    -18     57    -32    -67    -26      7    -14      0 
     6      0      1      4     -2     -1      1     -3     -4      7     -1      2      6      4     13      2 
    -1     -9     -2     20      6    -57     20     30    -17     -9      1      6      5     -7     16      0 
    -2      5     -7     -1      1     -6     -3      8     -4     -7      4      0     14     -8      1      2 
   -18     -2    -10      1     -1     15      6     14     18    -61     12      4     -9     10     -4    -10 
    -3     12     -3     -8      0     -7     -2     44      5    -20     49     15    -21     43     -4    -27 
     5     10    -11     -9      2    -17     13      1     -5      4     -6     14    -40    -35     46    -45 
   -16     49      3     -3      5     13    -14     -3      3     -8      1     18      3     12     25    -26 
   -24     20    -26    -17      3      4      3     -2      5      6      6     10      7      2      3     -3 
     0     18      0    -10      0      0     24    -25      5     49     -4    -14     -8    -28     -1      5 
     1     -3     16      1      3      4     -1      1      4     -1     14     17    -19      4      2      9 
    10      9      0      1      2      1      8      5      1      0     -2    -11    -12     27    -20    -16 
    12    -14    -10      1      2      3      8      5      5      2      3      3      4     -2     -1      4 
    14      6     -4      4     -4     -2      1     -8    -14    -20      8     17     15     -5     13     -2 
    -1     15     -9     -2      3      4      1     10     -1      4      2     -5     -3      2      7     -2 
     0      2      5    -16     -4     -1     -3    -15     -8      3      3      0      4     -3      5      6 
     6      5      9     -3     -2     21      3      9      5     -5      1     -3     -9      0    -12      2 
    -6    -13      1      3     69    -48    -47    188    -63    -74     58    -53    -28     -9     -1     16 
   -19     -3      7     26    -23    -34      9     -2      3     11      3      0      4      2     -1      6 
     5      1     15     -4     13      7      4      6    -24     -2     24      0    -55    -38     48    -26 
   -29      4     -1     -3      0    -10      1     -1    -16      1     10     -5    -11    -17      1    -28 
    25    -31    -34     60    -20    -38     91    -25    -61     76    -22    -55      4      2      7     11 
    -7      2      2      4      0      3     -1     -5      3      5      7     -4      3      0     15      5 
    -8     -2     -7    -16      6     -6    -17    -16     -6     17      4    -12     11    -19    -17     12 
   -21      4     17    -20     11     24    -22     20     33    -12    -21      2    -10   -124    -94    -23 
   -24    -25      5      7      6      0     14     -1    -13      6     -1      9      1     -3      5      4 
     6      2      1      0      2     -3     -2     12     10      4      2      9      6      2     -1      2 
     4      3      1      0     -2     -1      0      3      2     -1      7      0      5     -1     13      4 
     0      4      8      6      1      2      8      4      5      9     -2      4     -7      5     -1     12 
     8     -9      1    -16     -8     38     -2      3      5      1      3      2      4     -1      8     -2 
     3     -2      6     10     -4     -1    -17      8      6    -10     11     -2     -2     -3      7     12 
   -54      3      1    -21      0    -84     33     80   -132     42    114    -78     44     64    -11      6 
     5      4      4      0     -9     -8     -9     -3      5     -4      4      2      1     13     -1      1 
    17    -22      1     -1     12    -26      3     10    -11      5      8     -3    -10      2     -3      3 
     4    -12      3     17    -21     -9    -43     47      6      7    -14     19     -6     -9     16     -8 
   -25      2     -6    -12     55     26    -89     35     25    -83      9      1    -32    -26    -14     17 
   -28    -10     27    -15      8     30      1    -10      0      4     16    -27     -2      1     -6      8 
     7     -3      3     15     -6      9      8     -1      6     17     -8     17      8    -21      3     -9 
    -3      6      3     -7     -4      8     -5     -2     -6     -1      3      7    -15      2     15    -15 
    -1      4      5    -17     -1      2     -6     10      8      2      1      0    -10      5      8      0 
     8      9      5     12     -1     -8    -25    -12     -2    -34    -47      7     -7     22     37     -6 
    13     13    -31     34      5    -20     35    -13      1     30    -16    -19     16     -2      0     13 
    -3     -1      2    -11     36     -5     -1      4     -3    -15      0     13    -16     26     25    -29 
   -16     11     -5     -8    -19      0     14    -28     -9      0    -13     21     -5    -19     50     35 
   -51     17     13    -22      8      2      6      2     29    -23      9      9    -11      3    -14     -9 
    -2     27    -27      1      8     -1     -4     17      1    -10     25    -18     -4      7     -4    -16 
    -7     13      2     24    -10      1     -3     -1    -23    -16      0    -13     36    -53      1     -6 
   -10     -3      2    -12     14     30    -36     -5    -13    -14      6      4     -1      9     30    -15 
     3      2     -9      1     -6     -2     17     26    -18     -8     -8     -3      2      1    -15      0 
    35    -33      0      9    -21    -14     -9     20     -6    -22     25     -3      8      1     -6     -3 
   -22      3     24    -40     -8    -14     -4     -8     -1    -10     17     35    -32     -3    -15     -9 
   -16     46    -18    -15     53    -18    -13      9     -9      2     -2      8      8     25    -22     11 
     5    -11      2     -8      7     -1      6     -5      3      4      7     27      7    -15    -24     11 
    19     -8     -3      5    -13    -15     25      3    -15     -1      0     -5      6     -2     -5    -12 
     7     19    -37      2      7    -20     -9     -5      6      8     20    -22      6      7      1     -2 
   -13     -9     25      4     -5     -6    -10    -28     -2     -2    -11     -3      3    -18      1     -1 
     0     -3    -10     42     -2      5     31      2      3     11      1      3     -1     -3     10    -11 
     9      2      5     41      3    -52     60     48    -77     29      2    -39     10    -26    -12     -5 
    -3    -17     -2    -26     11      0     -4    -15      1     15    -24      1      9    -13     25     33 
   -63     43     72    -68      8     25    -42     39      8    -26     70      3    -58     26     -7    -18 
    -2    -10     26     -7     -5      6      0     15     24     -5      6    -17      4     44    -26     -8 
    10    -11      5     -4    -22     -3     54    -56      6     17    -17      0     -8     -9      1     23 
   -27     -1      8    -22    -10    -14     11     18     29    -12    -13     -9      1      4      0      1 
     7      5     -4      0     -3      0     10      6    -14      2      9    -27     -2     -3      7     10 
     1     -6     -1      1    -23      6      5     -2      0     -3      1      4     30    -26     10     13 
   -22    -14      0     51    -24    -79     67    -21    -19     39      5     -2    -15      6     25    -44 
     0     -5      6     47     -7    -38     73     17    -75     24     10    -34      9     15     -3     -7 
   104     16      3     -7     -1     25     19    -19      3     -4    -33     15      6    -34     -6    -47 
    54      2     -5     37     -4    -13      3     -6     18    -19      3     26    -23     -1     -5    -10 
     6     -4      8      2      3      4     -3      8      1    -43    -75    -73     12     20     22     26 
    57     42      0      3     14      3      2     -2      5     18      2     11    -12      3      0    -21 
   -19      7     -4      0     10     -8      3    -14    -17      2      8    -20    -18     66    122     82 
   -18     30    -23    -82    -92    -97     -8    -51    -36    -41   -109    -95    -31   -109    -44      0 
     2      7     -2      5      7      1      2      1      8      1      6      6      0      4      9      3 
    -3     -1    -18     -4     -9    -13     -8      4     10     -2      2     17     23     -1     17      7 
    -2     10     -2      1      6      2     -4     -7    -10      6    -13     15      6     -4      4      1 
   -13     -9      2      8      3     -3     -7      1      5    -18      1     21     15      8     -5    -24 
    -5      7      2    -10      6     29     14     83    104     79      2      0    -31    -35    -47    -71 
    -3    -50    -23     15    -37     18     15      3     -9     18     59    -15      6     11    -51     22 
    33     37     -1     12     17     -8    -31    -39     -8     21     21      7     -5     17     -4    -38 
     5     10    -22     18     -5      3     10      2      0     16     -3      9      5      4     16     18 
     3      3      5     -1     12     11    -22    -49     -8    -19    -58    -18      8    -17    -10     -6 
     4     17     -4      0      2     -1      8     17      6      5     -4     -2    -48    -26      8    -11 
     0      9      3      6      6      4      4      4      5     -5     -7    -69     -4      5    -30     26 
   -19    -37    -15      1      6      5     -2     -2     -2      4      1     12      2      9     15    -12 
     2      0     -4      7      8     -4     -1      1     -8      9     10     -4     -3    -14     10      2 
     9      1     -3     18     -5      7      5     10      8     -3      5      5      0      4     -4     -3 
    -4      2     12      0      1     -6      2     21     10      2      3      2      2      9      4      3 
     7     -1      6      1     10     -5      6      7      4     15      9     -4      3      8    -16      7 
   -28      8      9     -7     44    142     44    -37     -5    -68    -21    -55    -60     14    -34    -26 
     8    -44     19      4    -30     10      2      6      2      4      5      4      0     11      2      0 
     4    -17      4     -7     -2      3      3      4      3     -9    -35    -23     39    -38    -36      8 
   -37     -4     15    -17     -1     28    -16    -15     -3    -19     -7    -46    -33    -14     -5    -35 
   -21    -14    -41     90     87     75      4      5    -28    -81    -88   -111    -22    -21    -16     -2 
    -4      0     -3     -3      4      0      6     17     -1      0     -2      0     12     -2      0    -16 
   -10     14     13      6     -4    -11    -23     10     26      1    -20    -10     -8      6      4     12 
    -8    -24      3    -25    -36      7     25     15     41     20     -8      9     22      2    -15    -13 
   -54     19      9      0     11    -13     10     -2     -7     22      9      5      6      4    -17    -10 
    13      1      2      4     -9     -1     10     -9     -6      8     -6      3     17     -1     -1      2 
     0      1      2      3      6      2      2     10      4     -1      2      2      6      2      1      2 
     1      4      0      7      0     -3      3      4      0      1      1     -2      1      8     -3     12 
     5      2     -4     -2    -12     21      2     -5    -10     -4      0      6      8      1     10     -2 
     0      6     -1    -15    -43    -20     11    -30     16     10     19     28      1      9     15     -1 
    -3    -18     10     24     -1    -68    -89    -89      3      6     15     46     90     78     -9     -8 
    -4    -11    -11     10      5    -22      3      2     -1      8      8     -5     12      1      1      6 
    12      1      5     11     17    -12     -2     13     -1     27     10    -32     47     21    -25     27 
     4    -18      8     17     -8      3     13    -11     10     -5      4     13      8     10    -13      1 
     3    -17     -7    -18    -14      3     10    -24    -19     -5     -4      5      3    -68     -5     34 
   -64     18     84    -48      8     65      3      9     13    -31    -14    -21     20      2    -10      0 
     6     -5     -1      8     -7      5      5      0      1      4     -3      3     23     -6     10     -2 
    -2     -6     -8     10     -2    -43    -13     12    -16    -12      5     18     -4     -2      9     -4 
     3      6      3      1     -4     -2     14     -7      2     -5      0     17     14      6     -7      4 
   -14      1      5     10    -13     20     -6     15     58    -52     32     11    -23      9    -10    -15 
     5      5     23     12      2      7     -9    -44     13     58    -42     25     73    -43     14     32 
    10    -34    -16     -6   -109    -36    -11    -65    -12      5    -13     -1     33     20     14      1 
     4     -8      4      3      6      7    -38     -2     -6      5      2     15     13     16    -15    -15 
   -11      4    -11    -15      0     -1     -1      0     19     13      7     13      4      7     14     -3 
    -5      8     -8      8      0     -1    -31    -27      9    -36    -80    -41      8    -14    -24     14 
    -7      4     14      6     -1      2      3     -1     16     -4     12      9    -34     -2      5     22 
    -1     11      3     -2      7     16     -1      6     -5     -3      0    -20    -21    -46     -9    -24 
    -6    -10    -11      8     -8      5     10     11      7      5      5     -6      7      6     -2      2 
    14    -11      8     -2     -3    -10      4     -9    -15     -8      2      5      9      7     13     -2 
     5      5    -10      0      6      0      4     17      4     -1      8      4     -3      7      0      0 
    12      4      0    -10    -16    -14      3    -15    -10      1      1      3      4     16      8      3 
     7     -1     19     -7      7     19      2     -5      2      2      4    -18      0     11    -13    -28 
     0      5    -22      7    -40    -10     35    -46      2     63    -29      1     31      8     -4     13 
    -6    -43    -17     13    -12     -9     15     -4      7     13      7      1      5     -6      5      4 
     2     -1     -2    -22     18      7      8      4      5      1     20    -36    -18    -35     -5     22 
     1      0     -3      1     23    -20      2     -4     -6     -6    -16    -20     14    -22    -20    -26 
   -16     11      1    -63      6     49    -90     11     73    -63     29     64      2     11     -4      0 
    -2      2     12      8      2      2     11     -4      0      8     -1      1      0      3    -11     -5 
    14    -28     -7     10    -23    -10      5      8     -3     14    -24    -13     15     -7    -10     11 
    23      0    -20     23    -11    -32     36      3    -10      6     -8      2    -14      1    -20     -5 
   -24    -23      6      7     -1     -3     13    -12      4     12     -7     10     -3     -3     -4     13 
    -6      4     -6     -6      5     -4      1      8      8      6      9     12      1      4      0      0 
     2     10      0      1      0      0      6     -2      3      8      8      6      4     -7      8      8 
    -4      6     10     17     -3     -3      4      0      1     -1     -4      3     16      9      0     13 
    -3    -28     -1      2     -8     24     14    -30      5      7      4      1     -1     11     11      1 
     5     -2      5     14     -2     -9     18    -15    -14     22     -5    -12     -5     -9      6     26 
   -97      4      1    -30      3     72     25    -40     84     13    -62     49      1    -50     -5      1 
     7      1      3      6     -8    -13      0      8     -2     -6     -2     13     -1     11     -5     -4 
   -32     31      1      9    -31      9     13     -8     -8      8     -4      2     -5      4     11     -3 
     8     21     -6    -43     10      2     22     -7     12    -16     -6     -6      3     -1     -7     -3 
    18      7     -9      8    -29     -8     17     23    -30     -1      3     -8     -9     -2    -20     -8 
    12     11      0     -1      5      4      8     -3     -8    -12      6      1     -4     11      0     -1 
   -15      1     -4    -18      4      8    -10      3     22    -12     -9     -9     -2      1     -8     14 
    -9     -9      5      2      7    -11      8     -2     -2      0      4    -74     11     -3    -82      4 
    -5    -33    -20      0      0      6    -10    -37      9     -1    -16      3     31     54     -9      3 
    77     14      9      8     -8      8     69     -7    -12    101     34      1     -2      3      2     29 
     3      6    -27      9     12     -1     12      4    -24      7      5     10     -3      4      2      5 
     7      8     -7      1    -13     10      2     17     -1     -5      5     -5     13    -11      3     -1 
     9      2     18     32    -23    -12     81     -3     -3     33     -2      7    -16     22     15    -46 
   -12     10    -20      5     -2      3    -10     -2    -15    -14     -4      0     15     -8    -71     -2 
   -14    -86      0     -4    -40     10    -14     35     -8     21     -6      7      1     -9     -6    -15 
    15      7     -6    -20    -10      1     -3     11    -17      9     30     22    -64      4     -3     -2 
     9     22     15    -19      1     29      5     -9      0     -5     11     -2    -14     -3      3     -6 
    -1      2     -4    -14      3     10     -2     -8     16     11      6    -32    -44    -22      1     -8 
   -96      5    -12    -46      2     10     31    -16     -9    -33      3     10     -4     -3     -1     -7 
    14     12     20    -16     -7     10      5     27      5    -13     -7     21     12     -9      0     -4 
    30     72     20     49     35     19     15     16      6      8     14     -8     -4     -4     -4     -3 
     7     11    -29     24      4      6    -29    -10      1     10      6      4    -52      2     26     35 
    -6    -17      1     10      2      8      3     -9     11      1     -1     -3      3     15     12     -7 
     1      3      1      1      2     -4     12     10     -6     -7     -8    -11     -7     -5     12    -38 
   -29     24    -38    -88      9      6    -24     -2    -12      7     -1      6      5      8      3     -1 
    -1      4      6      0    -36     29    -12     -3     11     -9    -21    -13     12      6    -18      3 
    12     -1     -8      3     14     -7     -3    -17      2     13     -1    -11      1    -19     -5     -3 
   -24      6      8     -9     -4      7    -43     -1     10    -46      1     -6    -19    -20     -7     24 
    13    -13     -8     19    -14    -12     -3    -16      2      8    -13    -26    -13     10      1     14 
   -20    -40     22     -9    -36    -10     -9     -6     39      8     27     -7     23     -5      3     -2 
     1     -1    -37     13    -11     21    -84     28     11    -45      3     -4     -7     -5     18    -37 
     3     -5    -10      5     -7      7     -3    -29    -21     18     18    -13    -24      5      7      3 
    -4     -8    -10      1      5      4     -7    -43     33      8     -2    -25     -5      7    -12    -31 
     4     19     19    -31    -16     -2     -4     -4     10     24     -6      7      2    -12     -5     11 
    11      7     24    -29    -16    113    -10     -2     21     -4    -12    -12     11     12    -59     23 
     2     10    -26      2     -3     -9    -10    -33      4      8     -4      0      0     14     20     32 
   -50     12     -2     16     -7      7    -11      3      3     11     10      1      8      0    -29     62 
   -35     -1      1      0     -1     -7      1     12    -16      1    -16     -3     -5    -15      6      2 
    21     -8    -21     17    166    -16    -17      7      1     -4     -8      6      2    -15     -4     -4 
     3     -5      1     18    -18      3    -40     36      0     23     -4      1    -15     -3      2      4 
   -24    -11     17     12      3     -3      6      3     43    -12    -10     11     -2      4      8     -2 
     2    -26      6      3    -14     -7      8      7      6     -6    -63      1      5      6      2      1 
     0      4      5    -30     -3     -4      3      0     -9     11     -5    -11    -78      4      0     -7 
     2      7    -12    -10     -1     58      1     -8     -2      3     12      9      5    -15    -58    -39 
     4    -30     13      5     34     -8     -4    -10      1     -3      7      6    -17    -16     23     19 
   -35    -12     -8     19     -9     -5    -13    -11     13     20     27     -1     -7    -22    -14     17 
    -6     -9     10     -6     -4    -32     16      0     16    -13     -1    -17     14      4     -7     -3 
     4      9     21     -2    -70    -10      9     -2      1    -10     20     31    -10    -28      4     23 
    -5     -7     -1      0     -6      4     -4     -1      9      1     -5     -9    -22    -18      7     29 
    -4     -7     10     -2     -9      6     -8     12    -64     18     -1      6    -18      7     14     11 
   -14   -135     -6      2    -22      1     19    -33    -12      0    135     -3     -8     -8      5      3 
   -17     -2      2     -1    -13      3     -7     -9      3     -5    -15    -36     91    -15     -8      6 
    -1    -10     -2     -4     16   -117      7      6     11      2     -5    -10     21    -11   -108      4 
     1    -10     -5    -12    -20    -10     12    162    -39     -8     54     20     18     -4     11    -24 
   -21    -15      3    -23      4     -9     13     19     21      2    -27    -10      5      4      5      7 
   -11    -15    -15     19     10     -8     -6     -7    -12     12     16   -105    -13     11     15     15 
    13     -5      8     10      9      4      9    -10     -6     -9      3     -1      4    -68      0     -1 
     8    -16     10    -22     -8    -15     31      1      0    -27    -10     16     19     -7    -33    -13 
    -3     31    -19      5      0     10     -7     15     -6     -1    -11     13     -7      6     -3     11 
   -11    -52     -4     -1      0     -7      5     17      6      1   -101      7     13    -45     -3      7 
    -1     -9     18     13     -7    -14     -1      2     23     -3    -25    -26    115     -5      2    -11 
     9     -4     46     -1      8    -39     15     -1     -9      4     14     -6    -23     -3    102     -6 
   -10     -9      2      2     -9      3      6      6    -11    -11      1     10    -12      8      8      2 
   -95     25     12     -3     -2      8     14     21     -4    -67    -49     11    -23      8      7     -9 
    13      0     14      1    -16     -7      8    -17     -9     12    -12    -31     -3     13      6      6 
     8    -14     -7    -19     34     18     20    -11    -20      3    -27      5      4     18      3      3 
   -13      4     11    -37     11    -21     57    -24    -18     -8     -6      4     -1     -2      1    -72 
    14     14     -1      3    -18    -30     -7     33     96    -25    -15     33     16     -1     -1     -3 
     1     -1     -3      0     -2      0     -1     11    -29    -18    131     53     -4     -3     10     14 
     1    -14      5    169     -2     -4     -2     -1     -7     -1     -2     10    -54     18      2      3 
   -21    -11      6     -6      0      1     22     10     10     -8     -8      0     -3    -11    136      5 
    -5     -8     18      5     -3      4      8      8     -8    -11     10      9      2    -31     -2      4 
   100    -10     -3      3      9    -14      0      5      0    -14    -12    -11     -2      7     11    -27 
    16     -5     38     -2      9     -2     10     -5     19      4      5   -112     36      8      8      3 
     3      0      5     -1      2      1     -4     11      7     38     48     37     19      4      6    -31 
   -92    -65     -4      4      9      0     10      5     12      3      7      9    -10      3     -9     -5 
    -3     -5      0     -4    -10     -9     -3     -2    -24     -6     -3     -2     11    -86    -99   -112 
   -15     -6    -35     80    132     83     -9     -4    -55    -46     14     -6     -7    -13    -22      1 
     4      4      1      3      4      0      0      2     -1      5      0     -1      9      0      4      1 
     4     -6     -7      0      4     13      8      1    -14     22      6      5     13     -2      7     11 
     6     12      0     10      7     -1     -2    -26      7     -7     15     -5      2      4      6     -8 
    -2      2      2      1    -13     10      5      2      1     -5    -11      7      6     10    -12    -19 
   -10      6     -2     -9     18     11     11    -44    -53    -76     -1     15    -27     62    124     65 
     9    -14    -33      7    -21    -13     -2    -76      7     21     45     31     14     24     13     15 
    33    -79      2     12     20     -2     -8    -14     -5     14     11     -6    -16     -9    -15     -7 
     8      7     10     22     -1      0      0     -1      6      3     -6      5      9      3      5      6 
     4     11      9      0      6     13    -11    -25     -4      2      5     23      3    -36     18     -3 
    -1     13     -2     14     10     -1     -1     13      2      5      6     -9    -24    -22     -5     -5 
   -24      0      6      1     -5     17      1      3      0      1     -2    -20      1    -35    -53    -15 
   -22    -27     12      0      5      1     -4     -3     -2      1     13      9     -2     -7     15      6 
    -1      7     -2     -1      8     -6      2      9      1     -4    -11    -10      5     -5      2      4 
     8    -10     15      8      2      5      4     -2      3     -9     -8     27      5     10     -1     -9 
     1      5      9      2     -2      3      0     11      7      0      3     -2      0      6     -4      0 
     3      5     -1     -3      5     -4      6     10     -6     11      8     -5      0      1      8    -19 
     4      7      6     -7    -33    -36    -59    -25     16    -46     37    127     35      2    -24    -15 
   -15    -12     -7     13     -5    -11      5      5      0     -9     11      4      6     14      2     -5 
    -7    -13     -2     -9      4      9      9    -11    -15    -66    -46    -39    -69    -86      0    -18 
   -69      7      6    -15      7      7     -7      3    -10    -16    -20    -58    -30      2    -35     18 
    12    -37    -18    -72    -92    -90      0      0    -35     79     88     45      6     -2     -1    -10 
    -1      1    -12     -5    -12      2      1      1     -1     11      3      5      7      4     -7    -13 
   -12      4     -2      3     10    -16     -1      7      1     19     -5      0      7    -13     -7     -7 
     8     11     29    -10    -27      8     -4    -55      0    -12    -52     -2    -12     -9    -16     27 
    29     10      0     -2     15      0     -2      8      5     13      7     -4     -3      1     -8     -1 
     6     -4      2      5     -6     -3      5     -4     -1      3     -6     -1     16      1      3      0 
     0      1     -1      3      4      2      1      8      3     -2     -2      7      0      6      3      2 
     8      2     -5     -1      1     -4     11      6      1      2      3      0      8     -5     -5      4 
     4    -18     -8    -19     -8     -9     -3      3      3      9     -3      3      8     -6      1      9 
     2      7      9      1     13      7     14     -3     23      8    -66      0      0      3      6      1 
     2     -4     13     17     12     60     58     59      5    -12      2    -52    -88    -74     -9     -9 
     2     -3      0      0     -7    -10    -14      2      3      5     -2      9      2     -1     -4     15 
    -2     -7     -3    -26     12      1    -11     13     -5      5    -18      2    -13    -22     11    -16 
   -11      2     -4     15    -14      6     12    -10     -3      8     -4    -19      4      7    -19      7 
    10     -3      5     -4    -42     22     21    -64     82     -3    -14     21      1     22     13      2 
    14    -15    -23      7     -5    -13     -6      2      7      2     43      1      4     -6      8     -2 
     0      1     -5      7      5      0      2      6    -15     12     -8    -11     25     -6      4    -24 
     1     -6     -5     -5    -21    -22      1    -11      2     -5      2     -3    -10      5    -22    -13 
     0     21    -21     -4     -4     -2     22     -1      3     -5      9      5    -29     11     -3     -1 
    -4    -17     -5     -8     -7     -2     14    -13      4    127     10     11     20    -12     -7     14 
    -2     12     21      9     14    -14    -13     -4      6     -3      5    -13     -8      2     -8     -7 
    -5     14      3     17     62     -8     -3     18      1     23     14     -1     19    -10     -2     -2 
    -2      3     -7     10     -6     14    -52     -4     14    -25      0    -11    -17    -22      4     26 
     1      4     11      3     -7    -14     -4    -14     25      9      5      7      3     -1     -2    -11 
    -3     17     -5      2     22     -2      1     -6     -8    -24    -23    -11     -8      2     -4      6 
    -7     -4    -13    -12     16     -4     17     -5     20    -23    -12     -8     32      4     -5      9 
    -3    -10      1     -4     -7      7     -3     -4     -9     -2     -6     20      4      9     49      7 
     4     11      6      0      7      3    -14    -21      2     -4     20     -3      3      2      3    -39 
    -1      5     -4     18      1      6      5     -2      0     18    -13     -9      2     -1     -5      0 
     1     -8      6     18     -4    -10      7     -5      7      2     -7     10     -5      1     -8     -2 
    -4     -5     -9    -17     42      2      5     12    -17     -5    -11    -10     -2     21      2     -4 
     5     -5     -6      2      0     -7     -6     13     -3      6     -6      2     22      0     14    -42 
     2      5    -15     14      3      1      0    -17     26    -12     -6     23     -7     -8     12     12 
     7     68     -2      9     12     -6      1      5     -3      3      0      9     -6     -7     -1     38 
    16     19     19    -60     11     13     18     17     12    -13     -9     -7    -25     -1     -7      0 
    -6     18    -17     -1     13    -28      4    -11     14      2     14     -8      2     -3    -20      3 
    -5      2     -3    -45    -19      0    -63     22     37    -21     15     23     -1      0     -2      0 
     4     -1     13    -17      2      7     -6      4      1      3    -12     -1     27     -7    -10     -8 
    10    -27     32     19    -16     21    -12    -35     -8      2    -38     44     38    -12     27      3 
    25    -11    -21     30    -13    -25    -11    -18     -7    -16     11     -6      8     56    -12      5 
     8     -1      7     -1      3    -19     -2      5      0     16     -2      1      1      5    -17     38 
    -3      5     19     14      5      6     -1    -14    -23      6      0     19      7      0      1      3 
    -3      3      5      1      4      0     -3      6     -9      0    -14      8      1     13      1     -2 
   -12      1    -22      4      7     -3     18     -2    -10    -12     -1     -6     16      6      8     13 
    -8     -7    -20     -3      1    -19      4     -7     -9    -14      5      4     -7     -6    -33      7 
    -4      4     -1    -16    -19     -4    -42     43     24     -5     18     -3    -17    -16    -23    -27 
   -50    -14    -14      0      1    -13    -12     -1    -16    -14      5     -4    -11      5     12    -10 
     1     10    -74     23      1    -21     15     -2     13     -6     -5     27      4      4     -8     11 
    -7    -10      3    -20     24      3     -7      7     -4      0      1     -8      7      6    -14     10 
     3    -12    -10      9      5     -3     12    -16     23      5    -22     -6     -3      3      2      0 
    -3     -3      3     -4      6      6      5     -9     16      7     11     -1     -9      0      1     10 
    -8     -6     23    -10     -8     -2     -3     11     11    -10      5     21     -9     -8      6      0 
    -1     -1      2      5     -2      2      1      0      3     12     10     -6     16      7     -8     -6 
     5     -5     -2     -2    -15     -5      7      5      3     -2     -5     -5      4     -1     -3      7 
    -4      7    -16     -1     -2     -4     40    -43      2     17    -11      5     15     25     -1    -22 
   -19     12    -10    -13     -3     -9    -17      2    -18    -46      1    -25    -18      2     14     -3 
   -27     38     -8    -29      4     39     20     -9      8     11     -8      2     20     -7     -6      0 
    -1     22      2     10     18      0    -10    -24     -4     11      4     -7      3     -6    -14      6 
     2      0     15      5    -12      9     -9     -5    -15    -17     13    -11     22     20    -32     41 
    56    -50     -2     15     -5      3      2      6     22      7     -5     -7      5    -10     -8      0 
     3     18      3      3      1     -6     -3    -18     -6    -12     -2      6     -1      3     -5      7 
   -20     -1    -21      2     19      8     13      5     -3     -2     14    -24     -3     22    -17      1 
     9      7     25     18    -20      2     11    -13     -3      3      1     19      8     -6     19      8 
    -9    -18      2      6      5      4     -3    -19      1     -8     24      3     -2     -7      3      2 
    16      3     -2      9     -1      2      6    -10     18     19    -33      0     -7     -1      6     -6 
    -3    -11      4     22    -11     -1      5     10     24     21    -22     -4      7    -10      1      3 
     5     -9      1      5     18     12    -14    -10     -7     -5      4      7     -2     30      5    -10 
   -16      3      1    -23     -6    -16     15     20     -2      7      8     -1    -11     -3     30    -48 
     1     21    -35     -3      2     -4    -14     10      4     -7     12      9    -10      7     18     10 
     3     13     18    -18     -8      0      1     -8      4    -11      6     25    -15     -6      6      4 
     5      0    -10     -6     11      3     10      8     -3     -7      5    -20     -1     14      1      8 
    -1      6     13     -2      2    -23      2     -4      6     -5     -8    -14      9    -10      5      7 
    -5     13     -2     -5      2      1     -7      5     13      1     -5      6     -1     14     10    -23 
    26     26    -23      2     13      2    -10     -3      1     10      5     -3      0     -6     -5     -2 
     6     -1     -5      3     -6    -10      1     13    -34    -28     -4    -22    -10     18     -1     -5 
    -6     24     29    -24     58     39    -10    -16     -8      0     18      4     12     13      5    -19 
   -23     -5     -6      4      8     -8     10      8     -7     11    -11      4     -9      4      2      8 
    14     -4     -9     13     12      6      2    -14    -23      6      3     29      6     -1     -4      1 
    -3      2      3     -2      0     -1     -3     -3      1      7    -12      8     -6     -2     -3      0 
    -9      3    -11     15      3    -11      3     -3     -2      4      7      1     31     12    -11    -13 
     1     13     -9     -3     25    -47    -35     28    -11    -26      0      2      2      1    -15     13 
    -5      6    -10     11      0     -1     -9     12      8    -15      2     15     -6     21      7     19 
    42     17      9     -2      6     -1     -1    -12      2     10     -8      6     -4    -11     -4    -19 
    24     -9    -15     22     -1      2      5      1     10      4      1     12     10     -5     -8     10 
    -2      5      3     -2      6     -3     -8      0      2    -66   -138    -89    -12     15     53     23 
   103     84      7     -1      2      2     19     15      0      0      6     45    178    133     17    -28 
   -64    -38   -179   -147     -4    -11      3     -4    -11      2      3      5     14    -22   -108    -72 
     1    -10     17     33    111     70     -4      5     -2     -9    -30    -50    -11     -2      3      1 
     3      0      3     -1      4     -1      2      0      8      4      4      1      4     -4      2     -6 
     0    -36    -61     21    -33   -176    -96      2     34    -59     -2     -2     10     -1     12     17 
     3      1     -8      4     -3      5      1      7    -10     -4     13      1     -4     -3      4      0 
     6    -10     -1     -3     -2      4      4      1      2     -6      0      3      5      1      9     15 
    11     -2    -29      0      3     -1     19     72    193    112     41     33    -35    -30   -154   -113 
    -2     -8     16      5     32      4     12     13     -3      7     18      6     19     12     11      9 
     4     20     10      1     12     -1    -22    -23      1     -1      5      7     14      3    -11      4 
    -4    -11      6     -5      3      3      5      4      3      7      3      5      0     -1     14      9 
     7      6      7     -3     -1     -7     -4     -6     -9     -5    -10      7      1      2     -2      5 
     8      5      2     -3     -5      3     -9     -1      4     -2     -2     -1    -26    -22      2      2 
     3      2      0     10      0      4      0     -3     -4     -3      0    -14     -4      3      2      5 
     9     13     -1      1     -4      1      1      3      0      1    -12      5     -2     11      4      7 
     6      7      1     -6      0     -2    -10     -7     -3    -14     11     -6     -5     -3      2     10 
     4      1      6      7     -7     -8     -9      1     -1      9      2     10     -4     -1    -11      4 
    -2     10     10     -3     -9     -5      2     10     -3     -1     -2      4      3     -1      1     -1 
     6     -4      3      9      4      1     -6     -8      3    -11     -9     -2     -8      2      2    -26 
    -8     -5      4      7    -28    -69    -34    -12     12      5     15     81     45      4     42    -65 
   -15   -166   -124    -61   -106     17      4      3      3     -1      2      3      0     -8    -11      2 
    -8     -5      2      5     -8     -2    -11     10     -4      3      9    -11    -44    -22     -2     13 
    16    -17    -31     -4     -4     11     -4     -2      2     -3     -2     -5     -3     -4     -8    -11 
     1     15     16     19     15     34      1     17     -7    -11    -40    -37     -1     -3      3    -11 
    -4     -7      0      8      8     -1      6      5      1     12      7     -2      0      0      5    -14 
   -14     -7     18     -1     -2      2     -1     15     48      1      8    -16     -2     -6    -24     -1 
    13     -1      9    -22    -21     -4     -9     12     22    -15    -36      3     -5     11     22     17 
    27    -22     -2      9      6      3      4      5     -1    -12     -5     -1     10      2      5     -4 
    -1      4     -1      5      3      5     -1      2      4     -7      2     -6     -1      0      4      3 
    -2      0      3      4      3     -2      5      0     -1      1     -4      4      3     -4      2      2 
     5     -3      0     -2     -1      4     -2     -3      3      4      0     -1     -1      7      2      4 
    -2      1    -15    -11     -1     19     30      7     27     15      2     -7      7      3      4      4 
     3     -5     -3    -25    -91    -49    -14    -12      5     25     75     56      0      3      4     -6 
    -3     -7     -1     -1      2     27     58     56      6     28    -11    -15    -80    -60     -1      0 
    -8     -7      2     24     -2     -1      4      7      7      8      8     12      3      1     -3      2 
    -3     -6      0      6      8     -2      0      2      1      2     -2      4     -1    -16     -4      7 
    -4      2      0     -5      4     -5      2     10      0    -30    -13      2      6      4      3     19 
     8    -10     -5     -8      4      4      0     -4     -1    -19    -22    -50    -34     -5    -14     -9 
    -3    -17    -13     13     17     21      4     -4      2      4     -8     17     -1      6      4      3 
    -1      0      4      2      1      2     -2     -2      0     -5      4     -2      3      0     -4      5 
    -3      1      5     -2     -6      8     -6     -1     -7      1     -3     -4     -3     -1      5      2 
    -4      6     -7     -3    -17     10     -4    -24      7      0    -34      7      2      2      8     -3 
    -6      1      7      4     15     -7      0     -4      1      7    -20      0    -13     -5    -14     -8 
    -8    -16    -26    -10    -11    -44    -18    -13    -16     -7    -13    -17     -9      4     16     16 
     3      7     13     -4    -10     15      2     -1      8      1      8      1     -6     13      0     -5 
   -10    -14     -1      5      7    -12     16     10     -5     23      2    -12    -17    -15      1     -8 
     2      7      9     15      3     -6      0      1     -4      5      4     -7      7     -7     -4     -1 
     2      7     13     -1     -5     -6      0     -1      0      3      5     -3     -6      1      5     -6 
     2      6      0     21      6     -8      3     -8     -4    -14    -11     -6    -11    -14    -10    -16 
   -10     -1      4      5     -4     -3      7     -4      4      1      1      3      5      1     -6     12 
    -2     -4      6     -1     -3      1     -4     -5     -3      0     16      0     -8     -2     -2      3 
    11     -1      1      8     -7     -1     -1     -5      4    -11     -2      9     -5      3     -3      6 
     2    -16      6     -2     -9     10     -1     -2      4      8     -6     -2     14     -5      6     -1 
     0     -6     -3      0     14      3      6     -1     -6      1     -2      0      5     -2      6      1 
    -7      7     -6      6      5     -3     10     -2     -8      4      1     11     12      1      7     25 
    -7      5    -14      9      2      0      5      1    -12      8     12      6     12      0     -1      4 
    -4     -5     12     -3     -3      4     -9      2     -1     -4     12      4     -4     10     11      0 
     1     -4     -8     -3      5     -9     -7     16     -2     -1      1     -2      5     -4     -2      2 
     0      2      6     10    -16    -21      0     10     14     20      2      1     -1      0      4     -4 
     0      6      2      5      9     11      6     15     11     -8    -20    -14      6      8      8      0 
    -2      3     -6     15      0     -4     -3      2      0     12     10      0     -1      4      7     30 
    23     -2     19      4    -25    -25    -36     30     45     25     19     57      7    -13    -12    -19 
   -22    -20    -17    -21    -16    -22      0     21     -1     -1     -3      7     -3     -9     13      1 
     5     12     -3     -3      0     -1      3     -3     -4     -1      0     -4      2      5      6      8 
     5      2      1      3      1      0      4     -6      2     -3      1     19      5     -1      1      2 
     0      0      1     -1      1     -1      1     -5      3      3      7     -2     -3      7      6      1 
    -6      0      5      7     -2      2      6      5      2     -2      2      2     -6      6      1     -9 
     7     -4     -3     -8     -6      7    -16     -1      0    -16      1     -5      2     -2      5      0 
     1     10      2      6     10     -5     10     28      3     -1     -3    -11      5    -11     13      1 
   -21     35      4    -10      5      2      1      5     -2    -11     -3      4      9      7      1      2 
    -5     -3    -13    -17      4     18      7      2     -9      1      1      3      0      0     -7     -3 
    -4     -9      2     -3     -6     -5      5    -16     -8    -10      9    -24      6     49      2      0 
    44     -6    -11    -12    -13     11     42     26     -9    -14     -5     12     37     31     -1      4 
    19    -12    -14     -2     -5    -11     -8     -8    -14    -21      2    -18     -7     -3      6    -12 
    16     51     29    -13     31      3     23     35      9      1     67      5     -3     21     18      3 
     1     -2      0      5      6      0     -4      8     -2     -8     -4     11      7      5     -6     -5 
     4    -17     15     14      8    -38      7      9     33    -27      8      6     -4      8     25     14 
     0      9     -3     -5    -25      2      8    -13     27     -6    -13     12     -5    -12    -15    -10 
    -7     -2    -19     -9      5    -17    -36    -18      6     -2      1     17    -18    -23     12      4 
    23     28     38     22     23     70     22    -19      9      2    -28      7     -3    -41    -19    -16 
    10    -12    -11     15     26     29     14      8     14    -10    -28    -14    -10    -41    -43     11 
   -25    -29     -7     -8      0    -15     -2    -19    -25    -20     -7     13      1    -10     12     14 
   -14    -14    -41    -41     -2     -6     -4      9      7      8     -6     -4     -3     -6      6     -6 
     2     28      0     -1      6     -6      2     14     11     -8     40     32     12     -7     -9      6 
    -4      0    -11     -5     -9      4      9      3     -9    -10     -7    -23      1    -15    -13     -1 
   -24      5     -7    -11    -13      2     -8    -10    -13     -3     16     14      6     29     51     21 
    14     18     -2     -3     -8     -8     -7     -3     -6      7     -8    -15     -6    -16     -2      7 
    16      6      8    -13      3    -10      7     13     13     22      3     -8     10    -11      0      1 
    -3    -18     -5    -21     -8      4     -4      6     -6     -3    -10     -6      7     -8     -3      9 
   -25    -40    -29      1    -18    -23     -7    -42     -1      4     -4      2      5      7      1     -2 
    -7      0      7     -1     -1     -6     -8     -7      8      5      6     -5    -21      5     18     -5 
    25     -1     -6      6     -6    -14     -4     20     40     -8    -10     12    -17     18     20      0 
    19     19     22      9     16     51      1      2      5     -7     -7     -4      2      3     16      0 
   -17      0     -7    -23     -1     11      0     -8     12     13      0     16     46      5     10     49 
     0     24     11    -28      4     17    -22    -10     23    -27     15     14     16      9     35     22 
    10     34      1      1     -1    -19     17     49      1    -13     13    -19    -18    -18    -34      7 
    41     -6    -21     -4    -24     -7    -16    -25      0     19      9      0     -5    -20     -9    -31 
   -16      3     -9      5     15      5     28      8      5     31     -6     -3     42      3     13     48 
   -17      6    -10     -9     19    -12     -9      0     14     -4    -24     -2     44     31      9     16 
    -3      6     -6    -11     -1      0      6      6      6    -16      0    -18    -38    -20     -4      2 
     2     -8    -41    -14      3    -17     -2     -9     -2     -3     11      0     -7      4     -3      1 
    -4     -9    -13     -1      2     -2     -5     -7     -4      8      3      1      6     -5    -11     -1 
    -6      2      4     -2      0      6    -15     -7      0    -10     -6      5     -1     -4     -5    -10 
    -5      7     23     26      0     -2      3      7     18     22      4     -4     -7      5     -5      0 
     6     -8    -13     10    -10     -1     -4    -12     -8      8     16      6    -11    -33    -34      1 
    -4    -21    -17    -53    -25      0     32     -6      6     48     -2    -18     19    -20    -15    -10 
    -2     -1     33     35     -9      3    -18     -4    -16     -8      1     12      0     -9    -10      3 
     2    -34     12      6    -41    -21    -10     16     -6      9     -4     -2      6     -8    -11      7 
    13     -2      6      0     -4     -4     15     -4     -8     -9      1     -1      6     -4      4     10 
    -4     -1      6     -2     -1      1      4      6     -9     -3     -3     -8      6     -2     -8      3 
     0     -9     -2      9      2      0     -2      7     14      5    -11      4     -1    -13     10      0 
     6     -4      3     -1     -7     -1     -2     -7      3     14     -6      7    -41     -7      1    -38 
     6     -1     -3      4      6      9     -5     -5     -4     -3      1     -9    -26      0     -9   -103 
     1      5    -93     -7      1    -11      4     73    -20     -3    -40     -4      8     -5    -44     26 
   -70    -80      9     -8    -12     -1     -7    -42      9      9   -194      4     23    -35    -20     25 
   -19    -25     14     28      4    -26     37     -5      7     18    -14     -9     -6     -9     -2     -2 
     5     -2      7     -1    -13    -15     -2      7      7     -4    -10      3      8     14    -31     18 
     8    -29    -17    -32      4      6     -5    -39      6     25     -7      8     13     23     -5    -41 
    49     11    -44     13     -2      4     -7     -1     37    -52    -10     -6    -22     -3     -8    -49 
     3    -13   -116      5     -1    -58     -3     -6      1     -7      0     -8     -3      8      7    -11 
    -7     14      9     -7     -9     -1      6     -5      0      0    -23      5     28    -34      5    -16 
    -3      2      4     -5     -2    -27     12     -5     -7      8      5      8     11      2     -9      8 
     5    -15      2      2      2     -2     -6    -50     21     -3     36    -46     -5    -20    -17      3 
  -108      5      1    -30    -14      5     14    -13    -21    -16     34    -10     20    -23    -10      2 
     3      9     -3     20     -2      4    -11     -4      6      0     -6    -32     17      4     -8      9 
    -3     -6    -32     15     12    -35     11     14     -7      5     -2     -7      2     14    -19    -12 
   -15     -9     -6    -10     22      8    -20    -11      4     -9     12     -4    -13     16    -24     -8 
   -33    -12      7     -3      2     -8    -10      3      5     24    -21     -2      9      0     11      2 
    -6    -12    -15     -3     -2      4      1      1      2      1    -12     28      0     -3     -9    -22 
    10      3    -43    132     79    -45     10     33     -5    -20     10     11     20    -46     -9     -2 
    24     -5     -3     17      9     33    -42     -3     -5    -27     10     -2      9      4    -32      1 
     6     18    -11     21      7     20      2     -3    -13     -1     -5      2      0      8     13     15 
   -21     -9      2     11     -3     -3     -3     -6      1      8   -114     -8     26    -81     11      0 
   -32     30     13    -38      1     -6    -10     31     11      7      4      0    -44      3     -6     -6 
   -24    -12     23    -12    -52     28      0      3     -3      1     10      2    -17     12     -5     -3 
    -4     15      3    -25      6     -3     10    -29    -10     14    -46      0    -15     31      3    -67 
    40      9      8     42      0      0      3     -5    -23      9      2     20    -27      1      6      4 
    -9    -10      0      2     -5      3     -1     -4     13     -5      1    -52      4      2     -6     -4 
    -8      5      2    -55     12     -4     13    -14     -3      1     -1      0     18    -18    -11      3 
   -23    -10     -4     10      3     66    -20      8     21     -4      3     -7     -5     -5      1    -56 
     3      9    -13      2      7     13      7    -20      2      2     -6     10     -7    -12    -15     -4 
    43     27      9    -12     31      4      5     14     -2    -25      5      3      5     18      2     -7 
    33     -9    -72    112    -12     -9     11     -6      5    -12     -1     -7    -18      5    -40      4 
    -4    -23      1     -1      1      4      4    -16      2     -2     -1     -2      6    -11     24      3 
   -12      4      5     50     63    -10    -58    -46      2     11     15     -5    -19     12      8      9 
     5      6      2      7     -6    -18      0     -8     98     31      3     -2     -7      5     16     17 
     1    -11      2     -9     -6    -13    -16    -20    -22      4     66     33      5     11     -6      5 
    -4      6      4      4      6      1     -3      4    -12    -43     -2     -4     37    -35      4    -14 
    -4     -5     14      1      2      1      3     -3     -7     -6     -1     10     -4      2      9     13 
    -2     23     19     19      4     14     28    -30     28      0    -30     -8     -3     -1    -18      2 
     5     -4     -1    -27     11    -13    -19     -6     -7     12     26      8     -3    -26     -2    -29 
   -25     18     24      7      4    -19    -18    -30     -1    -22     17      0     17     11      8     -1 
     8     16     -5    -13     -4     -6     -6    -11      0      7     23      2     -3     -1     -7     -4 
    -6     -4     -5     29     22      4     40      9     13     28     14    -21    -27    -20     -9     28 
    -5     -7      6      5     12    -18    -19      4      2     15      5      3    -11      1      8      3 
     8      4      3     -2     13     12      2      0     -5      0     -7      7      1    -13      3    -11 
   -19    -30      7     59     31    -10    -12    -19      8    -36    -20     22     79     55     -7    -14 
   -18    -26    -19     -2     -3     40      0      1      1     -4     -4    -13     -9      3     25     -8 
     2    -10      0    -10    -19    -12      1     -6      6     -5    -27    -10     -6      1      1     -4 
    -8      9      2     16      6     -7     30     12      7     10     37     15     11     -9     -8    -15 
   -18     12    115     65     11     40     18    -20    -28    -13      7     58      7     -2     -7      0 
     5      7    -16    -14    -18     21    -15     -8      4      1    -13    -19    -11    -10      5      1 
    -4     -7    -15    -27    -33     -6     39     13     -7     -2    -16     56     92     41    -67   -282 
   -25     23     57     30     -1    -25      1     19     11      0     -1     -3    -16     -9     -7     -2 
    -5     25      5     -2     -3     -2    -23    -22    -31     -5     58     57     -6    -15    -20    -15 
   -15     -7     14     24      8      1    -10    -21     -2      8     -2     16     27     23      0     -4 
    -8    -14      6    -28     10     39      2    -12     -2    -19     -3     13     -4     16     13     12 
    -7    -18    -10    -38    -52    -43     16     30     27     19      2     23     -6      1    -10    -20 
   -22    -34     12    -17    -15     -9      5      6      0     -2    -22     -3     23     15    -13    -55 
   -47      5     61     45     -2     10     -5    -29    -64    -43     21     67     48     -9      7    -19 
     2      7    -20     -5      9      3     -7     -9      0     14      3     12    -14    -35    -25     -9 
    -9     11     -4     -8     12      0     -5     19     -3    -11     14    -10     -3     17     -2    -13 
   -14     -4     19     10     -4    -17     -8     19     30      0    -11    -28    -21     -8    -26    -18 
    -7     -2     -3     -1     -3     -6     -2     -2    -29     -4    -21     11     -2      3      3      2 
   -14    -19    -13    -23     17      4     -4     -1      7     -7    -17     -1    -23     21      5      7 
   -12     -9      3     16     28     44     68    -11      7    -11     -2      0     -4      2      2     12 
    -1     -4     11    -16    -44    -23      2     46      4     -1      4    -13      3     48    -25    -16 
   -55    -15    -10    -42     24    -21    -16     -8      9     -6     18     14     -1      4    -10      1 
    25     -6     11    -12      4     -5      6     -7    -15     -9     15     34    -24      7      4    -14 
    10     -3      1     -8      0      2     -2     -1      5     13    -46    -22     87      0    -86      6 
    34    -38     13      0     -7     -2     12      0      1      0      1    -45     85     37   -136    -22 
    88    -65    -46     17      4     -8     15      8    -19     14     17      2     -4     50    -30    -40 
    69     -2    -73     32     27    -17      2    -18     -5     -4    -39    -13      9     -2    -16      0 
     0     -3     -2      1     -1     -2      5      0     -3      3     -3      4      4      4      6      1 
     3    -53     -3     32     40   -418     56     50    -27    -35     -2      8     -4      0      0     -8 
    -4     -7     -2      5      0     -3     12      2      0      6     -9     -5     -2      4      3     -2 
    -3    -12     -6      1     -1     -4    -12      2     -2    -70     -5     13      6     -2     17     13 
   -10      6    -16    -13      9    -12     -1    -15    104     38   -129     49    130    -39    -55     19 
     0    -24     -7      9    -85      4     -8    -29     -7     18     -2     19     14     16      6      6 
    14      7     -3     10      5     -5    -19     -8      1    -11      0      4    -15     15     23      5 
    -6     12     -2     -6      1      0      0      4      7     11      0      5      0      1      8      8 
    -9    -17     16     -7     -3     -3     11     24     -6     13    -25     17     -2      3     13     -1 
    14      1     -5      1      9    -10     -4     -1      2     -9     12     -3    -28     12     11     -4 
    -6     11      9      3      7     -8      2      4     -2      2    -11    -14    -10      8    -12     17 
    11     -3     -8      0     -2      4      4      9     -6      1      0     -1      8      5      0    -10 
     2      3     -2     -6      4     -3     -4     -1      1    -10     10      5      9     -4     -3      3 
    14     -1    -15      3      1     -8     -7      2      3      3      8     -1     -6     -1      1      1 
     0      6      4     -5    -12     -2      1      8      1      8      1     -5      6      6      3     10 
     1      2      3      6      3     -5     -1      2     -7     -2     -3      0      2      3    -21     17 
     8     -2    -13      1     31    -43    -27     37    -21    -39     20      9     -4    -17      0     -2 
   -33     15    -41     -7     -2    -26      2     10     -1      0     -7      0      2      3     -1    -11 
     4     -4     16      2      0      3     -4     -5      6     -9      1     12    -27    -32     18     -2 
    -6     -6     16      9     -4     -2     -4      1     -1      1     12     -6     -6     13     23    -19 
   -11      3      1    -26     -2     33    -48    -18     11    -56    -28      6     -5      0     -5     15 
    -8      5      0     -7      2      3      9      7     -7      3     -2     -4     -5     -4     10      6 
    -1      6     11     -8     -9     -7     10     14     35      0    -18     41      7      5     -5     -5 
    18    -13      5     17      9    -21     10     -1      1    -17     -7     -9     15    -37      7      2 
     8     -2      4    -11      8    -17      2      0     -4      2      4      0      3      4    -12      1 
     3     10      2      3      0      5      6      1     16     -3     -8      0      4      1      2     -1 
     0      2     -2     -2      0      0      0      0     -1     -5      7     -8      5    -12     -5      3 
    -2     -1     -5      3      0      5     -5      1      2      2     -4      4      4      5      6      4 
     1      6      0      0     -9    -17    -10      3     -6     -5      4     -4      6      3      8    -14 
     5    -12      3     14    -60    -18     79    -52    -44     56     11    -17     -1    -14     12    -16 
   -50      3      7     -3      3    -24     17     31    -34      1     22    -37    -25     19      1    -10 
     5     -3     -8     -3      9    -15      6     -4     11      2     -2      1     12      7     -7      3 
     8      9     -3     10    -15      1      6      8      9     -2      6      1     -1      3     -3     -2 
    -4     -1      5     -5      1      0    -18     -1      4    -48    -35     -7    -10    -13      7      1 
    -7     15     13     10     -6     -2      3      2     18     -1      4     27      2     10     13     13 
    -1      7      6    -19    -14     -8      1     -2      6      7     21     11      7      6      8      0 
     5      1      2      0      7     -1      6      2      3     12      4      5    -32      3      7    -11 
    -2      7      9      2      9     18     18      1     14     10     -6      4      0      4      5      3 
    -6      6    -13      5      6     -3    -16    -63      0    -10    -28      1      0     -4     -2     -5 
   -16    -15      6     19     -2    -15     -4     -8      8    -16     12     -2     -3      3     -4     -6 
    -1     -2      8    -19    -18    -45      5      3     -9     -7      6     20      0     -2      7      8 
   -10     -6      1    -10    -34    -14     -6     -6    -13     -4     -1     12     -5     16    -10    -16 
     1    -16      1     -1      3      1    -14     -4      6     -7    -10     -6      7     -3      5     -1 
    -1     11      6      4      3      7     11     -1     -7     -2      4     -1     -6     -6     -2      1 
    -2    -18     -4     -4      6     -5      3      4     -4      4    -18     19     -7     11      5     -2 
     1      1     -6     25     10      1     13      3      9     14      7      2     24     19     16     15 
     8      3      7      3     -1    -25     -2      8      0     -4     -4     -2      5      0    -18      1 
     6     -2     -6      0      4      3     12     -4     -3      4      1      7     -1      5     -7     10 
   -22     11      1    -27      7      3     -2      3      7    -67    -31    -11      4    -19      0      1 
     9     -6     15      7      0      8      1     -1      7      6      1    -15     -5      2      2      0 
    -3     16     -2    -10    -66      0     -3     15     11      4      6     10      3     -5     -3      2 
    -7    -20     -3     -8     -1      1     28     15      4     14      7      5     -4      1    -11    -36 
     5    -20    -62    -10      2     -2     -2     -2      9      3     -7      2    -11     -6      0     -5 
     7    -12      1      2      1      5     -3      5      4     -1     -2      8     -1     21      5    -11 
   -11     -2     -6      5     -9      9     13     -5      2     -2     -4      3     18     12      5     13 
     2    -19     -6      0     12    135     -8     -8     -2    -12      4      2     -6      6      3      9 
     4     14     10    -12     -1     -1      5     -4      2     10     -3     10      1      7     -5     -2 
   -45    -16     18     29     15     -9     -3     -4      4      1      4     -4     -3    -31     -5      0 
     0    -10    -13      1      5      2     11     -2     -5     -7      6    -16      9     11     27      7 
     2      8      7     -4     -1     -6      6     18      1    -12      7     -3      1    -76     -9     -5 
   -18     -1      6      3     -6     12    -35      9      3      3      8     -7     -3     -9      8    -20 
    12      2    -18    -10     -4      7      2      3     -6      0      4     20     14     -3     -1      0 
     1      3      3     -1     -1      1      2      5     11      8     -8      1      5      8     -3      7 
    15      2      9    -16     -2      6      2      7      2      3      5      7      0      3      2    -12 
   -21     -3     -8     -1     -8     52      4    -17     -3     -3      5     11     10     10     -7     -4 
     7      5     -3      1     10      6      0      1     -1     12     11     -6      1     16      3     -8 
   -61    -15     -9     14    -19     -3     -4     -5      1     -7     -7     15     13      0    -10     -7 
   -20     10     84     68      2    -59    -10     -6      2      2      3    -38      4      7     -5     -1 
    -1      0      4      0     -6      5      8     -2     -2      6     10      8      0      1      0     -9 
   -17    -10      5      0      1      0     -1     -8      3     -9      5      4      2      1      3     -7 
     2      4    -15     -4      0     -4      5    -11    -26      0      9    -11     -5     -9    -16    -12 
     9     13      9      8     15      7      3      7      3      1     -8     -3      0      7     -5      0 
     1      1     -2      0      0      0      2      1      6     -7      1    -13      1      2    -10     13 
     2      1      3      8     -4     -4      1      8      2     -8      2      1     -2      6     -2     -6 
    -2      3      0     -4     -4      9    -14    -23      4    -19    -26     -2     -4     -3      0     -9 
   -15    -10      3     -8     -4     -3      6      0     10     -8      4      0     -2      9     -3    -18 
    -3    -16    -39     -6      3      2      5     -3     -5     -2     15     15     13     10      2      6 
    -2      0    -11      7     -7     -8      1     -1     -1      1     -1     -6     -4     -1     -4    -12 
   -11      0     18     37     12      0     65     24     -8     33      4    -25    -22    -12      1      9 
    10     25     35     13      1      2      0      5    -12      6      0     -1      7     -2      1     -7 
     0      0     -3     -3     -3      1     -4      0      3     -3     -6      1      8     -2      1      3 
    11     -4     -5    -14    -19      8     -3      0      1     -9      0    -10    -42    -12      3    -14 
    -9      8     -2     -2     -6     -9     -5      3      6      5      0      4     -5     -3      2     -6 
     3      5      0      1      4      0     -1    -10      1      6      0     -8      1     -2      2     -3 
     5      1     -1      4     -1     -1    -10     -8      4      8     13     -2    -17      0     13      2 
     1      1    -14    -11     -1      7      2      7     -5     -7      1    -12     -9     -1      2      2 
    -2      2      2      1     -3     -3      9    -12      0     -1     -6      0      4     -8     -2     -2 
   -11     13     -4      7     -4     -1     -5     -7      7     -2     -3     -4     -2     -6     26     31 
    -3      8     22    -11      0      0      2      0     -9     -4     -4    -12     -7      4      0     -3 
     1     -2      2      6      8      2      0     -2     -4     -2     -6    -13      5      1      5     12 
     0    -12     -7     10     -9     -1      5      7      1     11      6      4     -6      2      5      6 
    -5      6      0     -6     19    -11    -19      3    -27    -10     -2      0      6      0     -8     -2 
     4      6     -3      7     11     12     -8     -9     -1     -9    -15     -7     -6     -8     -1     -2 
     6      1      0      8     -4      4      0     -8      1     -6     -5     -4     -9     -4     14     21 
    17      0     -3     -5     -9    -12    -12     -2      1      2    -36    -37    -25    -22    -15     -6 
    10     12     -7     41     51     13     36     38      6     -2      0     -5      7      4     -1      8 
     0     -1      7      9     -2     -3      1     -1      9      3     -1      5     -6     -2     -4      6 
    -1    -12      2     -5      2      3     -5     -8     -1     -2     13      3     -3     -3     -4      0 
    -3     -6     -5      2      3      3     -2     -1      3      8     -4     -2      0     10     -6     -5 
     1      6      3     -8     -1      4      2     -2      0     -5      1      7     -6     -4      0    -12 
     9     -1      0     10      4     -5      0      1     -9     -7      4      3      2      2     -9      1 
     1      6     -7     -8     -2      4    -10     -2      2      6      8      8     -1      6     -7     11 
    -1    -13     12      7    -10     -2     -4     -2      2      4      2     -4    -12     -6     -2     12 
     5    -23      4     -1      2     -6     -1      6      6      2     -5      4      2     -5     13      4 
    -6     17     -3      5     10     -2     -3     13      9    -11     -4      2    -13     12      9     -7 
     3     -6     -6    -16      8     -9     40    -65     -6     42     -4      2     -5      5     10      2 
     2     -2     -5     -2      3     -1     17      5    -10     11      9    -15      3    -26    -21      0 
    13      5     29      4     -3     14      8    -14      4      5   -103     25     10    -69    -17      3 
     3      5      2      6      6      5     -1      2      3    -18      4    -13   -112     26    -15    -94 
     4     -3      4     -4     -4     -2     -2      0      6      2     -1      9      3      3     19     22 
     6     23      9     13    -27      4      4     -1    -18     -4     43    -15      9     -3     14      6 
     8     22      7     18     -8      4      4    -16      6     36    -20      0     -6     16    -13     -1 
   -20     -1     28      3      5     -8    -11     -2     -1      2     12      2     24    -11    -18    -20 
     2     -4     19      8      3     18      2      5      0     -4     -2     -7      0    -10    -11    -13 
    29     -6      2     -4     -8     -6    -51     -1     10    -36      6     -1     15     -1    -22     -8 
     2      1     -1      4     -5    -15      4      7   -111      9      7    -78    -17      1      2      6 
     6     -6    -13      6     10      0      3     18     -9      1     10      0      0     15     13     11 
   -16      3    -26   -172    -18     10    -82    -28     28      7     -9     11   -103     -1     18    -53 
   -12      0    -46     10      0   -166     27      8    -84    -10     -4    -15     14      3    -84     16 
     3    -53     -9      6     12      1     -3     -5      0     -6    -19     10      0     32      4     25 
    26      0     -7     23     12      1     24    -18    -29    102     -8     -5    -42    -18     12    -21 
    -1    -18   -206     -4     10   -109    -30     -2    -28      6     -9   -154      4      0    -84    -12 
     5      7      0     -2     20     16     -9     44     10     -5    -13      1      8    -84     19      4 
   -68    -17     -2    -13     -7     -9   -162     -4     19    -66    -29      8     -5      4     29     18 
   -26    -17     73    -16     -1    -18    -10     10     26     -7      5     20     -3      1      4      7 
    13    -29     10      1    -13     -2      1    -21     -4    -17   -108      3     10   -115    -44     14 
     3     -8     -2     13     -6      8     17     -6     -2      6    -11      7    -19     10      2     17 
    -2    -15      0     -8     -7     47     -6     -1    -21      4     -1      1     -4      2     14     -7 
     7     13      6     -7      1     10     -6      4     22    -20     -3    -11     10    -16     22    -18 
   -92    -24    -11   -101    -20     -2      9     16      2     11     -1     -1      0     -2      3     18 
    13    -17     -5     10    -24    -12     -2      2     15     -4     -5      7     10     18      1     10 
   -18    -23    -14     39     13     41      9    -18     -6     -6      4     13     10      2      2      6 
     8     10     15     31     -3     12     65     -5      1     44     17      4      7     14     11    -17 
     0     -9     17      5     14     11     11    -11    -21     -7     10    -50    -14     -4     -2     -5 
    -3    -16     10      8     -2      1     -1     -1     -1      3    -14     16      0      9     14     -8 
     9     -3      2     -7     11     -9     16     10     -2    -12      3      4    -98     22      8    -88 
    -7    -11      0    -20    -12     22    -11     -9     37    -11     -4     12      2      4     12      9 
    -2     15     23     -3      8      0      6     28     20     -4      7      4     -2     15     12      6 
    36     -5     -1     59     31     -3      3      2      6     11     13     -3    -12    -14    -13     28 
     5     15     13     -8    -19    -10      1     -1    -20      9     -1   -123     16      5    -91    -10 
    13     24      0     13      6     13     -4      4      4     -5      1      3    -13     -3     -6     -1 
    11     -6      5     21      8      7     -9     -1     -6     -4      0     16      2      4     12     -4 
    -8      6     -1      3      7     -8      9      9     11      9     -3      1     -8    -15      2     10 
     0      0      5     -5      2      0     -4      4      4     -6    -15      0      8      0     -3     -3 
     7      0      3     -7      4      2     14     -4     -7     17      5    -93   -104     -7      0     14 
    -7      0     -3    -10     15     16     16     -5      5      0     -2     -1      5      2   -156    -27 
     9     -2    -23    -11      8     -9     19     10      9     -2     -5     -2    -10      1     19      5 
   -82    -15     16     18      8     16     25     15    -10    -13     16      6     10     19     -1    -10 
    -9    -48     46    -20     -7    -31     -6      5    -12      4      2      7      0     -7    -19    -12 
     9     19     21    -11   -133     -8      9      6    -12     -2     -1      5     13    -28     -4    -10 
    13      0     -2     15     -2     -4     30     14      1     -9     10     -3     30      7     -8    -27 
     0     24     -6     -7      0     22      7    -12   -111    -18     -7     16      4     -8    -20     14 
   -20   -168    -45      1      2     -9      0      8    -10     22     19     23      0      1      9      5 
     0     -4     39     53     13      0     -1      0     23      0      4     29     60     14     -2     -2 
    22     -6     11      6    -41   -116    -14     11      9     -6     -4     15     11    -33    -89     -5 
    15      9    -17      0      4      3     14     32      7     -3     27     17     -9     18      5   -117 
  -153     -4      5    -54     -9     -8     -4     -8      3      0     16    -10     13     -3     14     -6 
    -4     11     17     20      4     -4      3     -4     -6     12    -32   -100    -18     12     11     -3 
    -2    -38     14    -16   -197    -18     19      2     -6      0     23     10     -7    -98    -24     -7 
    11     -4      8     13     -4     27     54     25     -2     -6     -3    -19     13     -8      5      0 
     1      1    -12     12      3      1    -11     13     13     11     -1      2     -7      2     13      9 
    -5    -61     -1      5      5     -8     -8      3      8     -9    -44      3      1    -17    -16      6 
    -2      0     19     22      8     -3      1      9      7     -2     -5     30     40     24    -11      1 
     7     33    -36      9      2     39      8    -19    -12    -12      4      6     -4     14     21     26 
   -10      6     10     -6      2      3      9      3      0      4      1     -2      9    -17     10     -3 
   -88     -3      7     -3     13      7    -14     16    -12   -251    -50     -1    -25    -34     11     10 
    -3     -9    -21      0     12    -16     -8    -15     17     10     32    -21    -10      6     11     -5 
   -14     -6      2      7     -4     16     -3     -5    -11     13     26     12    -37   -132    -11     22 
    11     -3    -10     -1      2      5   -119     12      5     -1      5    -14     13      4    -86   -251 
    -7      7    -55     -6      0     -4     -9     40     52     16     -1     36     14     -2      5      1 
     0     -8     -3      3      5     -1      7     31      1      1      5     23     -1     -1      2     15 
    20      3     -2     -2     10     -3      5      8      8     22      2    -15   -104    -15     -3     -5 
   -11    -22    -29    -32     23    131     -4    -31    -30     -9     13     21      2     16    -38      7 
    -5      4      3     -5      1     18     25    -19     11      1     -5      2     25      4      2     12 
  -165      7      0     12     21    -10     -7      1     16      0     -9      4      1    -10     -4     31 
   -27    -25     -9     22     20    -16     -8    -18     15      5    -93   -176    -12      1      6     -9 
